node_id,station_code,station_name,latitude,longitude,epoch_ms,ts_utc,ts_eat,t_air_c,rain_mm,solar_wm2,rh_pct,wind_kmh,wind_max_kmh,delayed_metrics,quality_flags,first_seen_utc,last_seen_utc,revisions
29593,514561,Pallisa KasodoSC,1.2320044388064466,33.6019957700963,1790807400000,2026-09-30T22:30:00+00:00,2026-10-01T01:30:00+03:00,21.42,0.0,0.0,999.0,0.5520715,,,rh_sensor_suspect,2026-09-30T23:26:05Z,2026-09-30T23:26:05Z,0
19913,512648,Rubanda Kachwekano,-1.2492907374261277,29.94650239241936,1790808300000,2026-09-30T22:45:00+00:00,2026-10-01T01:45:00+03:00,14.49149,0.0,0.0,100.0,10.27237,12.38117,,,2026-09-30T23:26:05Z,2026-09-30T23:26:05Z,0
21602,44434,Mbarara NARO,-0.33912497379417256,30.53875374336554,1790808300000,2026-09-30T22:45:00+00:00,2026-10-01T01:45:00+03:00,15.65,0.0,0.0,999.0,0.0,0.0,,rh_sensor_suspect,2026-09-30T23:26:05Z,2026-09-30T23:26:05Z,0
23570,860744,Kabarole KyembogoNARO,0.7373272793620456,30.378182216821177,1790808300000,2026-09-30T22:45:00+00:00,2026-10-01T01:45:00+03:00,17.51278,0.0,0.0,99.99084,0.6509499,0.6715496,,,2026-09-30T23:26:05Z,2026-09-30T23:26:05Z,0
28465,518272,Nabilatuk NabilatukDLG,2.0853119097380035,34.60581875063605,1790808300000,2026-09-30T22:45:00+00:00,2026-10-01T01:45:00+03:00,24.14,0.0,0.0,49.38,13.31563,17.29961,,,2026-09-30T23:26:05Z,2026-09-30T23:26:05Z,0
28650,518275,Nakapiripirit NabulengerHCII,1.8399992209235494,34.569297846559095,1790808300000,2026-09-30T22:45:00+00:00,2026-10-01T01:45:00+03:00,22.5,0.0,0.0,55.75,14.81117,17.21721,,,2026-09-30T23:26:05Z,2026-09-30T23:26:05Z,0
29561,514560,Kikuube Hoima Airport,1.4920191900781956,31.31796244549898,1790808300000,2026-09-30T22:45:00+00:00,2026-10-01T01:45:00+03:00,21.3,0.0,8.42298,96.16,11.91897,,,,2026-09-30T23:26:05Z,2026-09-30T23:26:05Z,0
29823,860732,Kotido KotidoTC,3.007038604042491,34.10733499015392,1790808300000,2026-09-30T22:45:00+00:00,2026-10-01T01:45:00+03:00,23.54,0.0,0.0,70.41,0.0,0.0,,,2026-09-30T23:26:05Z,2026-09-30T23:26:05Z,0
30033,45670,Apac ApacTC,1.9892647841094635,32.531624149345156,1790808300000,2026-09-30T22:45:00+00:00,2026-10-01T01:45:00+03:00,21.45,0.0,0.0,100.0,0.0,0.0,,,2026-09-30T23:26:05Z,2026-09-30T23:26:05Z,0
30695,514556,EntebbeCity AirportNMC,-0.34891969990053573,30.46770493505511,1790808300000,2026-09-30T22:45:00+00:00,2026-10-01T01:45:00+03:00,21.02,0.0,0.0,89.77,6.561379,7.000839,,,2026-09-30T23:26:05Z,2026-09-30T23:26:05Z,0
32252,518843,Isingiro KabuyandaTC,-0.9482535956706091,30.623306857245286,1790808300000,2026-09-30T22:45:00+00:00,2026-10-01T01:45:00+03:00,15.23,0.0,0.0,98.56,1.583886,3.408866,,,2026-09-30T23:26:05Z,2026-09-30T23:26:05Z,0
33112,45718,Kaliro KaliroTC3,0.3200660892230024,30.52341859895648,1790808300000,2026-09-30T22:45:00+00:00,2026-10-01T01:45:00+03:00,0.0,0.0,0.0,0.0,1.046769,1.052873,,temp_rh_dead,2026-09-30T23:26:05Z,2026-09-30T23:26:05Z,1
12322,853288,Mukono MpomaNARO,0.4283966588777295,32.76213604190826,1790809200000,2026-09-30T23:00:00+00:00,2026-10-01T02:00:00+03:00,20.51728,0.0,0.0,93.62326,0.0,,,,2026-09-30T23:26:05Z,2026-09-30T23:26:05Z,0
18675,511038,Bushenyi KyamuhungaTC,-0.43140075953825036,30.06284619401695,1790809200000,2026-09-30T23:00:00+00:00,2026-10-01T02:00:00+03:00,17.6,0.0,0.0,100.0,9.411765,13.03426,,,2026-09-30T23:26:05Z,2026-09-30T23:26:05Z,0
18831,511028,Kibuku KadamaTC,1.230158490836445,33.75766971001673,1790809200000,2026-09-30T23:00:00+00:00,2026-10-01T02:00:00+03:00,21.88,0.0,0.0,95.96,5.178912,7.232776,,,2026-09-30T23:26:05Z,2026-09-30T23:26:05Z,0
19036,511025,Kumi Mukongoro,1.3213023670796662,33.886075111016034,1790809200000,2026-09-30T23:00:00+00:00,2026-10-01T02:00:00+03:00,22.64,0.0,15.50317,99.8,3.677424,14.02915,,,2026-09-30T23:26:05Z,2026-09-30T23:26:05Z,0
19410,511043,Rubanda KarengyereNARO,-1.500172417819356,29.80055712733001,1790809200000,2026-09-30T23:00:00+00:00,2026-10-01T02:00:00+03:00,15.68,0.0,0.0,32.65,8.095675,,,,2026-09-30T23:26:05Z,2026-09-30T23:26:05Z,0
19644,511034,Ntungamo RukoneEast,-0.9026492749586166,30.53713188060457,1790809200000,2026-09-30T23:00:00+00:00,2026-10-01T02:00:00+03:00,15.71,0.0,0.0,100.0,10.01144,,,,2026-09-30T23:26:05Z,2026-09-30T23:26:05Z,0
22531,514574,Ntungamo NtungamoTC,-0.8743084927533056,30.25887027699915,1790809200000,2026-09-30T23:00:00+00:00,2026-10-01T02:00:00+03:00,15.78,0.0,0.0,100.0,0.686656,,,,2026-09-30T23:26:05Z,2026-09-30T23:26:05Z,0
22745,860739,Tororo TororoMC,0.7363404161562512,34.16750975530811,1790809200000,2026-09-30T23:00:00+00:00,2026-10-01T02:00:00+03:00,21.42,0.0,0.0,98.12,0.1007095,,,,2026-09-30T23:26:05Z,2026-09-30T23:26:05Z,0
24597,511024,Kanungu KirimaSC,-0.8665190597972187,29.750001331073445,1790809200000,2026-09-30T23:00:00+00:00,2026-10-01T02:00:00+03:00,16.35,0.0,0.0,999.0,1.626612,3.274586,,rh_sensor_suspect,2026-09-30T23:26:05Z,2026-09-30T23:26:05Z,0
25494,45719,Wakiso KawandaNARO,0.5757356735589316,32.2094519796799,1790809200000,2026-09-30T23:00:00+00:00,2026-10-01T02:00:00+03:00,20.23652,0.0,0.0,88.78157,0.0,,,,2026-09-30T23:26:05Z,2026-09-30T23:26:05Z,0
27204,515136,Kirihura MburoNP,-0.32644602379535037,30.558912625750658,1790809200000,2026-09-30T23:00:00+00:00,2026-10-01T02:00:00+03:00,25.93,0.0,0.0,74.64,0.0,0.390631,,,2026-09-30T23:26:05Z,2026-09-30T23:26:05Z,0
27592,514557,Kampala MakerereUnv3,0.33461539452981,32.571512848339765,1790809200000,2026-09-30T23:00:00+00:00,2026-10-01T02:00:00+03:00,21.54,0.0,0.0,69.12,0.0,0.4638743,,,2026-09-30T23:26:05Z,2026-09-30T23:26:05Z,0
27630,514559,Gulu Airfield2,2.3315839569642756,32.403314261884674,1790809200000,2026-09-30T23:00:00+00:00,2026-10-01T02:00:00+03:00,21.22,0.0,0.0,86.04,3.869688,,,,2026-09-30T23:26:05Z,2026-09-30T23:26:05Z,0
28282,49381,Amolatar NamasaleHCIII2,1.890942556037648,33.03500809176537,1790809200000,2026-09-30T23:00:00+00:00,2026-10-01T02:00:00+03:00,21.76,0.0,0.0,100.0,8.145267,10.09232,,,2026-09-30T23:26:05Z,2026-09-30T23:26:05Z,0
28935,518278,Kaabong SidokHCIII,3.3616463406052675,34.12346082801267,1790809200000,2026-09-30T23:00:00+00:00,2026-10-01T02:00:00+03:00,22.15,0.0,0.0,57.56,6.921492,,,,2026-09-30T23:26:05Z,2026-09-30T23:26:05Z,0
29036,514566,Nabilatuk Nabuin ZARDI,1.716485049322414,34.51313788762028,1790809200000,2026-09-30T23:00:00+00:00,2026-10-01T02:00:00+03:00,22.93,0.0,0.0,51.57,9.331655,,,,2026-09-30T23:26:05Z,2026-09-30T23:26:05Z,0
29180,517853,Moroto RupaSC,2.582841223352566,34.66924742947938,1790809200000,2026-09-30T23:00:00+00:00,2026-10-01T02:00:00+03:00,23.01,0.0,0.0,52.75,8.014038,11.45953,,,2026-09-30T23:26:05Z,2026-09-30T23:26:05Z,0
29347,862041,Kabale KabaleMC,-1.2542908115437144,29.987880749577656,1790809200000,2026-09-30T23:00:00+00:00,2026-10-01T02:00:00+03:00,13.13,0.0,0.0,94.34,0.7745479,,,,2026-09-30T23:26:05Z,2026-09-30T23:26:05Z,0
29529,514573,Bundibugyo BundibugyoTC,0.8026268481642997,30.27578425237216,1790809200000,2026-09-30T23:00:00+00:00,2026-10-01T02:00:00+03:00,21.65,0.0,0.0,89.88,5.669032,,,,2026-09-30T23:26:05Z,2026-09-30T23:26:05Z,0
29756,862010,Nakasongola KalungiSC,1.2852342933913012,32.662599686414936,1790809200000,2026-09-30T23:00:00+00:00,2026-10-01T02:00:00+03:00,20.29755,0.0,0.0,99.28436,2.188144,6.289769,,,2026-09-30T23:26:05Z,2026-09-30T23:26:05Z,0
29892,516056,Budaka BudakaTC2,0.11576196513474404,33.453613566274235,1790809200000,2026-09-30T23:00:00+00:00,2026-10-01T02:00:00+03:00,22.29,0.0,0.0,96.35,5.004959,,,,2026-09-30T23:26:05Z,2026-09-30T23:26:05Z,0
29932,514577,Namutumba NamutumbaTC2,1.9758008082349363,33.56106699819666,1790809200000,2026-09-30T23:00:00+00:00,2026-10-01T02:00:00+03:00,21.48,0.0,0.0,100.0,0.0,0.4547188,,,2026-09-30T23:26:05Z,2026-09-30T23:26:05Z,0
30001,860741,Mbarara MbararaMC,-0.6104058469568668,30.637128687200217,1790809200000,2026-09-30T23:00:00+00:00,2026-10-01T02:00:00+03:00,17.46,0.0,0.0,91.82,4.939803,5.598993,,,2026-09-30T23:26:05Z,2026-09-30T23:26:05Z,0
30252,49521,Kyenjojo KyenjojoMC,0.6130612575199993,30.641008786833954,1790809200000,2026-09-30T23:00:00+00:00,2026-10-01T02:00:00+03:00,18.8983,0.0,0.0,81.61746,3.683528,5.490196,,,2026-09-30T23:26:05Z,2026-09-30T23:26:05Z,0
30381,45666,Mukono NtawoNARO,0.37885800528124053,32.7292665823493,1790809200000,2026-09-30T23:00:00+00:00,2026-10-01T02:00:00+03:00,21.98215,0.0,0.0,81.50606,1.367208,3.323415,,,2026-09-30T23:26:05Z,2026-09-30T23:26:05Z,0
30411,45716,Lwengo KamenyamigoNARO,-0.28429808513865706,31.664636340132986,1790809200000,2026-09-30T23:00:00+00:00,2026-10-01T02:00:00+03:00,19.89,0.0,0.0,56.8,0.5065995,0.5401694,,,2026-09-30T23:26:05Z,2026-09-30T23:26:05Z,0
30600,514575,Buvuma BuvumaCollege,0.20227217732623182,33.298299581212675,1790809200000,2026-09-30T23:00:00+00:00,2026-10-01T02:00:00+03:00,23.85,0.0,0.0,88.86,3.666743,,,,2026-09-30T23:26:05Z,2026-09-30T23:26:05Z,0
30757,860735,Arua Airfield,3.022727728757243,30.902049741391995,1790809200000,2026-09-30T23:00:00+00:00,2026-10-01T02:00:00+03:00,18.81,0.0,0.0,100.0,9.188983,12.24994,,,2026-09-30T23:26:05Z,2026-09-30T23:26:05Z,0
31567,518860,Bulambuli Bunambutye HCIII,1.456486355349107,34.36072118430061,1790809200000,2026-09-30T23:00:00+00:00,2026-10-01T02:00:00+03:00,26.0,0.0,0.0,42.81,9.942779,12.21637,,,2026-09-30T23:26:05Z,2026-09-30T23:26:05Z,0
31712,518846,Sironko SironkoTC,1.2330289483318788,34.24436423053502,1790809200000,2026-09-30T23:00:00+00:00,2026-10-01T02:00:00+03:00,20.82,0.0,96.80324,73.67,4.806592,7.162585,,,2026-09-30T23:26:05Z,2026-09-30T23:26:05Z,0
32414,518863,Sironko Bugusege NARO,1.3301129163684409,33.67749128727189,1790809200000,2026-09-30T23:00:00+00:00,2026-10-01T02:00:00+03:00,20.98,0.0,111.8791,59.79,5.758755,,,,2026-09-30T23:26:05Z,2026-09-30T23:26:05Z,0
33816,512617,Buyende Kidera1,1.1427018347181084,33.27926712214954,1790809200000,2026-09-30T23:00:00+00:00,2026-10-01T02:00:00+03:00,23.23643,0.0,0.0,92.55665,0.0,0.0,,,2026-09-30T23:26:05Z,2026-09-30T23:26:05Z,0
28210,514564,Kiryandongo KiryandongoSF,-1.338837687838001,30.43596025320078,1790809800000,2026-09-30T23:10:00+00:00,2026-10-01T02:10:00+03:00,21.31,0.0,0.0,81.95,5.111773,7.321279,,,2026-09-30T23:26:05Z,2026-09-30T23:26:05Z,0
30820,518844,Kanungu MatandaHCIII,-0.6465365596528061,29.742748867338342,1790809800000,2026-09-30T23:10:00+00:00,2026-10-01T02:10:00+03:00,18.73,0.0,0.0,95.47,5.929656,6.994736,,,2026-09-30T23:26:05Z,2026-09-30T23:26:05Z,0
31267,518847,Bukedea Kachumbala SC,1.2266404886375875,34.11571805530725,1790809800000,2026-09-30T23:10:00+00:00,2026-10-01T02:10:00+03:00,21.79,0.0,0.0,76.25,3.949035,6.192111,,,2026-09-30T23:26:05Z,2026-09-30T23:26:05Z,0
31441,518845,Kapchorwa KapchorwaTC,1.3911330664844062,34.44711975629734,1790809800000,2026-09-30T23:10:00+00:00,2026-10-01T02:10:00+03:00,24.18,0.0,,48.64,0.0,0.1281758,,,2026-09-30T23:26:05Z,2026-09-30T23:26:05Z,0
8765,45675,Serere Bugondo,1.1032982147304293,33.65208682230397,1790810100000,2026-09-30T23:15:00+00:00,2026-10-01T02:15:00+03:00,21.55642,0.0,0.0,90.8812,3.51873,6.359961,,,2026-09-30T23:26:05Z,2026-09-30T23:26:05Z,0
14926,45633,NARO NaFIRRI,1.2369277861017918,34.56704375600076,1790810100000,2026-09-30T23:15:00+00:00,2026-10-01T02:15:00+03:00,-39.9176,0.0,0.0,0.09918365,0.0,0.0,,temp_sensor_suspect,2026-09-30T23:26:05Z,2026-09-30T23:26:05Z,0
18638,511041,Rubirizi RubiriziTC,0.12326709721562841,30.33796491610475,1790810100000,2026-09-30T23:15:00+00:00,2026-10-01T02:15:00+03:00,17.19,0.0,0.0,999.0,5.664149,7.125963,,rh_sensor_suspect,2026-09-30T23:26:05Z,2026-09-30T23:26:05Z,0
19216,511040,Ngora Kobwin,1.3996404514823648,33.746259878723855,1790810100000,2026-09-30T23:15:00+00:00,2026-10-01T02:15:00+03:00,22.29,0.0,0.0,93.89,1.205463,3.219654,,,2026-09-30T23:26:05Z,2026-09-30T23:26:05Z,0
19560,511036,Rukungiri RukungiriTC,-0.7824612451972481,29.919168920717752,1790810100000,2026-09-30T23:15:00+00:00,2026-10-01T02:15:00+03:00,18.24,0.0,0.0,95.14,10.61296,,,,2026-09-30T23:26:05Z,2026-09-30T23:26:05Z,0
19689,511063,Isingiro Mbaale SC,-0.8229276501909935,30.80641202589177,1790810100000,2026-09-30T23:15:00+00:00,2026-10-01T02:15:00+03:00,21.03,0.0,0.0,65.54,2.887007,3.216602,,,2026-09-30T23:26:05Z,2026-09-30T23:26:05Z,0
20513,512647,Kitgum2 KitgumMC,3.329416943369524,33.176767183806454,1790810100000,2026-09-30T23:15:00+00:00,2026-10-01T02:15:00+03:00,20.93,0.0,0.0,999.0,7.272449,,,rh_sensor_suspect,2026-09-30T23:26:05Z,2026-09-30T23:26:05Z,0
22494,511046,Bukedea BukedeaTC,1.344383477320109,34.65405915348999,1790810100000,2026-09-30T23:15:00+00:00,2026-10-01T02:15:00+03:00,21.65,0.0,0.0,93.89,0.0,0.0,,,2026-09-30T23:26:05Z,2026-09-30T23:26:05Z,0
23068,44186,Hoima Bulindi,1.4649547824354439,31.438459956597924,1790810100000,2026-09-30T23:15:00+00:00,2026-10-01T02:15:00+03:00,20.85298,0.0,0.0,99.78638,14.39918,,,,2026-09-30T23:26:05Z,2026-09-30T23:26:05Z,0
25858,860733,Masindi MasindiMC,1.6873183106449883,31.720847713796427,1790810100000,2026-09-30T23:15:00+00:00,2026-10-01T02:15:00+03:00,21.31,0.0,0.0,100.0,5.304036,,,,2026-09-30T23:26:05Z,2026-09-30T23:26:05Z,0
25894,44432,NARO Serere2,1.5498464368665708,33.471426852949406,1790810100000,2026-09-30T23:15:00+00:00,2026-10-01T02:15:00+03:00,22.89,0.0,0.0,75.09,6.970321,10.35782,,,2026-09-30T23:26:05Z,2026-09-30T23:26:05Z,0
26314,511026,Buhweju BuhwejuTC,-0.36217852027400727,30.438745738821645,1790810100000,2026-09-30T23:15:00+00:00,2026-10-01T02:15:00+03:00,12.15686,0.0,13.97726,100.0,0.6042573,,,,2026-09-30T23:26:05Z,2026-09-30T23:26:05Z,0
26350,516055,Bushenyi PIBID2,-0.34476582916148607,30.12697463332902,1790810100000,2026-09-30T23:15:00+00:00,2026-10-01T02:15:00+03:00,11.21,0.0,0.0,99.77,7.870603,9.250019,,,2026-09-30T23:26:05Z,2026-09-30T23:26:05Z,0
26371,514572,EntebbeCity NMTS,0.002068145970468316,32.47029039760271,1790810100000,2026-09-30T23:15:00+00:00,2026-10-01T02:15:00+03:00,20.5,0.0,0.0,90.37,0.6805524,2.105745,,,2026-09-30T23:26:05Z,2026-09-30T23:26:05Z,0
26934,863098,Kampala LubigiNWSC,0.3440953682915257,32.54509647954191,1790810100000,2026-09-30T23:15:00+00:00,2026-10-01T02:15:00+03:00,20.79958,0.0,5.920501,89.26223,1.782254,3.488213,,,2026-09-30T23:26:05Z,2026-09-30T23:26:05Z,0
27429,853290,Tororo MoroTC,1.347804683283513,33.56157669447344,1790810100000,2026-09-30T23:15:00+00:00,2026-10-01T02:15:00+03:00,20.78,0.0,0.0,96.86,3.329518,4.342718,,,2026-09-30T23:26:05Z,2026-09-30T23:26:05Z,0
27651,514554,Lamwo LamwoTC,3.5293008898067413,32.800069272228264,1790810100000,2026-09-30T23:15:00+00:00,2026-10-01T02:15:00+03:00,19.44,0.0,0.0,98.44,3.927672,6.14023,,,2026-09-30T23:26:05Z,2026-09-30T23:26:05Z,0
28357,518274,Amudat KaritaHCIV,1.5419923880012918,34.82910539376184,1790810100000,2026-09-30T23:15:00+00:00,2026-10-01T02:15:00+03:00,24.03,0.0,0.0,46.27,10.60884,14.09842,,,2026-09-30T23:26:05Z,2026-09-30T23:26:05Z,0
28759,511035,Bududa BududaTC2,1.3553961749053598,33.64313201994342,1790810100000,2026-09-30T23:15:00+00:00,2026-10-01T02:15:00+03:00,16.9,0.0,0.0,100.0,2.804608,,,,2026-09-30T23:26:05Z,2026-09-30T23:26:05Z,0
28835,518279,Karenga KidepoAirfield,3.433006937417964,33.45274286601015,1790810100000,2026-09-30T23:15:00+00:00,2026-10-01T02:15:00+03:00,21.62,0.0,0.0,58.6,9.372091,,,,2026-09-30T23:26:05Z,2026-09-30T23:26:05Z,0
29306,514576,Butaleja ButalejaTC,0.6919682458015968,34.09885656329347,1790810100000,2026-09-30T23:15:00+00:00,2026-10-01T02:15:00+03:00,19.98,0.0,0.0,100.0,2.517281,,,,2026-09-30T23:26:05Z,2026-09-30T23:26:05Z,0
29366,860740,Kasese Airfield,0.16776145042270435,30.06946870555926,1790810100000,2026-09-30T23:15:00+00:00,2026-10-01T02:15:00+03:00,20.1,0.0,0.0,98.13,4.453651,,,,2026-09-30T23:26:05Z,2026-09-30T23:26:05Z,0
29432,514563,Kikuube Hoima Sugar,1.250555426321004,31.194469848676302,1790810100000,2026-09-30T23:15:00+00:00,2026-10-01T02:15:00+03:00,19.19,0.0,12.39033,94.28,1.028458,2.700847,,,2026-09-30T23:26:05Z,2026-09-30T23:26:05Z,0
29497,514558,Bulisa ButiabaHydro,2.1126939171888264,31.436768666464783,1790810100000,2026-09-30T23:15:00+00:00,2026-10-01T02:15:00+03:00,24.59,0.0,0.0,82.36,4.985122,,,,2026-09-30T23:26:05Z,2026-09-30T23:26:05Z,0
29787,862013,Kamuli Namasagali,1.0190806821802028,32.949594981070824,1790810100000,2026-09-30T23:15:00+00:00,2026-10-01T02:15:00+03:00,20.38,0.0,0.0,80.0,3.097582,4.043641,,,2026-09-30T23:26:05Z,2026-09-30T23:26:05Z,0
30143,860494,Lira NARONgetta,2.1557054334938868,32.88785061975556,1790810100000,2026-09-30T23:15:00+00:00,2026-10-01T02:15:00+03:00,21.59,0.0,0.0,100.0,3.316549,,,,2026-09-30T23:26:05Z,2026-09-30T23:26:05Z,0
30283,514568,Kampala KyambogoUnv2,0.3228582483254613,32.59455916940114,1790810100000,2026-09-30T23:15:00+00:00,2026-10-01T02:15:00+03:00,21.85,0.0,0.0,68.86,0.64271,0.6591898,,,2026-09-30T23:26:05Z,2026-09-30T23:26:05Z,0
30316,860746,Mayuge IkulweNARO,0.4388712184461232,33.476196856980515,1790810100000,2026-09-30T23:15:00+00:00,2026-10-01T02:15:00+03:00,0.0,0.0,21.78988,0.0,0.6550698,,,temp_rh_dead,2026-09-30T23:26:05Z,2026-09-30T23:26:05Z,1
30347,860738,Bulambuli BuginyanyaNARO,1.2292008829492236,34.512188495373756,1790810100000,2026-09-30T23:15:00+00:00,2026-10-01T02:15:00+03:00,15.92,0.0,22.64439,83.82,0.1029984,,,,2026-09-30T23:26:05Z,2026-09-30T23:26:05Z,0
30476,518276,Moroto Airfield,2.499539862843011,34.60336771655714,1790810100000,2026-09-30T23:15:00+00:00,2026-10-01T02:15:00+03:00,21.99,0.0,0.0,50.07,8.157474,,,,2026-09-30T23:26:05Z,2026-09-30T23:26:05Z,0
30518,45678,Kwania AdukuTC,2.0141834426175826,32.722869192593286,1790810100000,2026-09-30T23:15:00+00:00,2026-10-01T02:15:00+03:00,21.85,0.0,0.0,100.0,0.0,0.0,,,2026-09-30T23:26:05Z,2026-09-30T23:26:05Z,0
31495,518862,Kapchorwa SipiTC,1.2267354469379133,34.365906405123326,1790810100000,2026-09-30T23:15:00+00:00,2026-10-01T02:15:00+03:00,20.25,0.0,0.0,52.12,3.912413,6.573586,,,2026-09-30T23:26:05Z,2026-09-30T23:26:05Z,0
31809,518861,Bulambuli Bulegeni NARO,1.2990504672186247,34.322697246680406,1790810100000,2026-09-30T23:15:00+00:00,2026-10-01T02:15:00+03:00,21.46,0.0,0.0,56.15,4.641795,6.604105,,,2026-09-30T23:26:05Z,2026-09-30T23:26:05Z,0
28133,514567,Rukiga RwamuchuchuSC,-1.147093805481443,30.065473322928664,1790810400000,2026-09-30T23:20:00+00:00,2026-10-01T02:20:00+03:00,12.14,0.0,82.3682,94.82,0.6012055,1.693751,,,2026-09-30T23:26:05Z,2026-09-30T23:26:05Z,0
28247,853287,KaberamaidoTC,1.3267002801667445,33.24551213582627,1790810400000,2026-09-30T23:20:00+00:00,2026-10-01T02:20:00+03:00,22.72679,0.0,0.0,78.93797,6.500343,13.89181,,,2026-09-30T23:26:05Z,2026-09-30T23:26:05Z,0
28210,514564,Kiryandongo KiryandongoSF,-1.338837687838001,30.43596025320078,1790825400000,2026-10-01T03:30:00+00:00,2026-10-01T06:30:00+03:00,20.68,0.0,0.0,88.4,4.791333,7.925536,,,2026-10-01T04:56:04Z,2026-10-01T04:56:04Z,0
24597,511024,Kanungu KirimaSC,-0.8665190597972187,29.750001331073445,1790826300000,2026-10-01T03:45:00+00:00,2026-10-01T06:45:00+03:00,14.92,0.0,0.0,999.0,3.662165,4.596017,,rh_sensor_suspect,2026-10-01T04:56:04Z,2026-10-01T04:56:04Z,0
27651,514554,Lamwo LamwoTC,3.5293008898067413,32.800069272228264,1790826300000,2026-10-01T03:45:00+00:00,2026-10-01T06:45:00+03:00,18.96,0.0,0.0,97.74,0.6469826,2.734417,,,2026-10-01T04:56:04Z,2026-10-01T04:56:04Z,0
30252,49521,Kyenjojo KyenjojoMC,0.6130612575199993,30.641008786833954,1790826300000,2026-10-01T03:45:00+00:00,2026-10-01T06:45:00+03:00,17.40292,0.0,0.0,90.8751,3.637751,4.467842,,,2026-10-01T04:56:04Z,2026-10-01T04:56:04Z,0
30411,45716,Lwengo KamenyamigoNARO,-0.28429808513865706,31.664636340132986,1790826300000,2026-10-01T03:45:00+00:00,2026-10-01T06:45:00+03:00,16.6,0.0,0.0,86.15,0.5279621,0.561532,,,2026-10-01T04:56:04Z,2026-10-01T04:56:04Z,0
32414,518863,Sironko Bugusege NARO,1.3301129163684409,33.67749128727189,1790826300000,2026-10-01T03:45:00+00:00,2026-10-01T06:45:00+03:00,18.11,0.0,98.14603,83.65,4.141298,,,,2026-10-01T04:56:04Z,2026-10-01T04:56:04Z,0
8765,45675,Serere Bugondo,1.1032982147304293,33.65208682230397,1790827200000,2026-10-01T04:00:00+00:00,2026-10-01T07:00:00+03:00,19.54223,0.0,24.29236,100.0,0.5279621,0.561532,,,2026-10-01T04:56:04Z,2026-10-01T04:56:04Z,0
12322,853288,Mukono MpomaNARO,0.4283966588777295,32.76213604190826,1790827200000,2026-10-01T04:00:00+00:00,2026-10-01T07:00:00+03:00,19.56359,0.0,12.20722,90.89646,8.037994,,,,2026-10-01T04:56:04Z,2026-10-01T04:56:04Z,0
18638,511041,Rubirizi RubiriziTC,0.12326709721562841,30.33796491610475,1790827200000,2026-10-01T04:00:00+00:00,2026-10-01T07:00:00+03:00,17.22,0.0,7.171741,999.0,5.111773,7.724117,,rh_sensor_suspect,2026-10-01T04:56:04Z,2026-10-01T04:56:04Z,0
19410,511043,Rubanda KarengyereNARO,-1.500172417819356,29.80055712733001,1790827200000,2026-10-01T04:00:00+00:00,2026-10-01T07:00:00+03:00,14.81,0.0,6.775006,71.71,17.85992,,,,2026-10-01T04:56:04Z,2026-10-01T04:56:04Z,0
19644,511034,Ntungamo RukoneEast,-0.9026492749586166,30.53713188060457,1790827200000,2026-10-01T04:00:00+00:00,2026-10-01T07:00:00+03:00,14.72,0.0,0.3356985,100.0,9.166858,,,,2026-10-01T04:56:04Z,2026-10-01T04:56:04Z,0
20513,512647,Kitgum2 KitgumMC,3.329416943369524,33.176767183806454,1790827200000,2026-10-01T04:00:00+00:00,2026-10-01T07:00:00+03:00,19.73,0.0,22.70543,999.0,3.836118,,,rh_sensor_suspect,2026-10-01T04:56:04Z,2026-10-01T04:56:04Z,0
30283,514568,Kampala KyambogoUnv2,0.3228582483254613,32.59455916940114,1790827200000,2026-10-01T04:00:00+00:00,2026-10-01T07:00:00+03:00,17.99,0.0,15.77783,97.97,10.1474,15.02541,,,2026-10-01T04:56:04Z,2026-10-01T04:56:04Z,0
30347,860738,Bulambuli BuginyanyaNARO,1.2292008829492236,34.512188495373756,1790827200000,2026-10-01T04:00:00+00:00,2026-10-01T07:00:00+03:00,14.01,0.0,22.30869,100.0,0.1071183,,,,2026-10-01T04:56:04Z,2026-10-01T04:56:04Z,0
30518,45678,Kwania AdukuTC,2.0141834426175826,32.722869192593286,1790827200000,2026-10-01T04:00:00+00:00,2026-10-01T07:00:00+03:00,19.73,0.0,23.22423,999.0,0.0,0.0,,rh_sensor_suspect,2026-10-01T04:56:04Z,2026-10-01T04:56:04Z,0
31712,518846,Sironko SironkoTC,1.2330289483318788,34.24436423053502,1790827200000,2026-10-01T04:00:00+00:00,2026-10-01T07:00:00+03:00,19.28,0.0,97.16946,81.89,3.744564,4.950027,,,2026-10-01T04:56:04Z,2026-10-01T04:56:04Z,0
18675,511038,Bushenyi KyamuhungaTC,-0.43140075953825036,30.06284619401695,1790828100000,2026-10-01T04:15:00+00:00,2026-10-01T07:15:00+03:00,17.01,0.0,23.98718,100.0,3.830014,5.606165,,,2026-10-01T04:56:04Z,2026-10-01T04:56:04Z,0
18831,511028,Kibuku KadamaTC,1.230158490836445,33.75766971001673,1790828100000,2026-10-01T04:15:00+00:00,2026-10-01T07:15:00+03:00,20.37,0.0,87.06798,100.0,1.617456,3.189136,,,2026-10-01T04:56:04Z,2026-10-01T04:56:04Z,0
19036,511025,Kumi Mukongoro,1.3213023670796662,33.886075111016034,1790828100000,2026-10-01T04:15:00+00:00,2026-10-01T07:15:00+03:00,20.73,0.0,14.86229,100.0,0.5493248,0.561532,,,2026-10-01T04:56:04Z,2026-10-01T04:56:04Z,0
19913,512648,Rubanda Kachwekano,-1.2492907374261277,29.94650239241936,1790828100000,2026-10-01T04:15:00+00:00,2026-10-01T07:15:00+03:00,13.54391,0.0,22.30869,100.0,6.692607,8.120852,,,2026-10-01T04:56:04Z,2026-10-01T04:56:04Z,0
21602,44434,Mbarara NARO,-0.33912497379417256,30.53875374336554,1790828100000,2026-10-01T04:15:00+00:00,2026-10-01T07:15:00+03:00,17.0,0.0,33.44778,999.0,0.0,0.0,,rh_sensor_suspect,2026-10-01T04:56:04Z,2026-10-01T04:56:04Z,0
22531,514574,Ntungamo NtungamoTC,-0.8743084927533056,30.25887027699915,1790828100000,2026-10-01T04:15:00+00:00,2026-10-01T07:15:00+03:00,14.8,0.0,29.96872,100.0,1.333639,,,,2026-10-01T04:56:04Z,2026-10-01T04:56:04Z,0
23570,860744,Kabarole KyembogoNARO,0.7373272793620456,30.378182216821177,1790828100000,2026-10-01T04:15:00+00:00,2026-10-01T07:15:00+03:00,15.7412,0.0,16.96803,99.9939,0.6385901,0.6633097,,,2026-10-01T04:56:04Z,2026-10-01T04:56:04Z,0
28650,518275,Nakapiripirit NabulengerHCII,1.8399992209235494,34.569297846559095,1790828100000,2026-10-01T04:15:00+00:00,2026-10-01T07:15:00+03:00,20.82,0.0,138.1552,67.1,0.8281071,3.365988,,,2026-10-01T04:56:04Z,2026-10-01T04:56:04Z,0
28935,518278,Kaabong SidokHCIII,3.3616463406052675,34.12346082801267,1790828100000,2026-10-01T04:15:00+00:00,2026-10-01T07:15:00+03:00,20.01,0.2,73.3959,65.32,7.852293,,,,2026-10-01T04:56:04Z,2026-10-01T04:56:04Z,0
29432,514563,Kikuube Hoima Sugar,1.250555426321004,31.194469848676302,1790828100000,2026-10-01T04:15:00+00:00,2026-10-01T07:15:00+03:00,18.64,0.0,13.27535,99.42,0.9308004,3.308156,,,2026-10-01T04:56:04Z,2026-10-01T04:56:04Z,0
29823,860732,Kotido KotidoTC,3.007038604042491,34.10733499015392,1790828100000,2026-10-01T04:15:00+00:00,2026-10-01T07:15:00+03:00,20.09,0.0,58.89983,80.93,0.0,0.0,,,2026-10-01T04:56:04Z,2026-10-01T04:56:04Z,0
30316,860746,Mayuge IkulweNARO,0.4388712184461232,33.476196856980515,1790828100000,2026-10-01T04:15:00+00:00,2026-10-01T07:15:00+03:00,0.0,0.0,20.35553,0.0,4.606089,,,temp_rh_dead,2026-10-01T04:56:04Z,2026-10-01T04:56:04Z,1
30695,514556,EntebbeCity AirportNMC,-0.34891969990053573,30.46770493505511,1790828100000,2026-10-01T04:15:00+00:00,2026-10-01T07:15:00+03:00,20.58,0.0,51.05669,84.04,13.30281,16.87648,,,2026-10-01T04:56:04Z,2026-10-01T04:56:04Z,0
31809,518861,Bulambuli Bulegeni NARO,1.2990504672186247,34.322697246680406,1790828100000,2026-10-01T04:15:00+00:00,2026-10-01T07:15:00+03:00,20.1,0.0,0.0,69.4,4.470893,5.593957,,,2026-10-01T04:56:04Z,2026-10-01T04:56:04Z,0
28133,514567,Rukiga RwamuchuchuSC,-1.147093805481443,30.065473322928664,1790828400000,2026-10-01T04:20:00+00:00,2026-10-01T07:20:00+03:00,11.7,0.0,94.42283,98.09,0.0,0.4486153,,,2026-10-01T04:56:04Z,2026-10-01T04:56:04Z,0
31267,518847,Bukedea Kachumbala SC,1.2266404886375875,34.11571805530725,1790828400000,2026-10-01T04:20:00+00:00,2026-10-01T07:20:00+03:00,21.08,0.0,0.0,88.28,0.8728161,2.371252,,,2026-10-01T04:56:04Z,2026-10-01T04:56:04Z,0
19216,511040,Ngora Kobwin,1.3996404514823648,33.746259878723855,1790829000000,2026-10-01T04:30:00+00:00,2026-10-01T07:30:00+03:00,21.39,0.0,94.27023,99.54,1.770046,3.616388,,,2026-10-01T04:56:04Z,2026-10-01T04:56:04Z,0
19560,511036,Rukungiri RukungiriTC,-0.7824612451972481,29.919168920717752,1790829000000,2026-10-01T04:30:00+00:00,2026-10-01T07:30:00+03:00,16.68,0.0,46.29587,100.0,6.192264,,,,2026-10-01T04:56:04Z,2026-10-01T04:56:04Z,0
19689,511063,Isingiro Mbaale SC,-0.8229276501909935,30.80641202589177,1790829000000,2026-10-01T04:30:00+00:00,2026-10-01T07:30:00+03:00,20.35,0.0,71.71741,68.0,3.121996,4.019227,,,2026-10-01T04:56:04Z,2026-10-01T04:56:04Z,0
23068,44186,Hoima Bulindi,1.4649547824354439,31.438459956597924,1790829000000,2026-10-01T04:30:00+00:00,2026-10-01T07:30:00+03:00,20.06866,0.0,36.04181,100.0,1.392538,,,,2026-10-01T04:56:04Z,2026-10-01T04:56:04Z,0
25494,45719,Wakiso KawandaNARO,0.5757356735589316,32.2094519796799,1790829000000,2026-10-01T04:30:00+00:00,2026-10-01T07:30:00+03:00,19.78027,0.0,15.59472,93.80026,2.797436,,,,2026-10-01T04:56:04Z,2026-10-01T04:56:04Z,0
25858,860733,Masindi MasindiMC,1.6873183106449883,31.720847713796427,1790829000000,2026-10-01T04:30:00+00:00,2026-10-01T07:30:00+03:00,20.35,0.0,18.18875,100.0,0.0,,,,2026-10-01T04:56:04Z,2026-10-01T04:56:04Z,0
26371,514572,EntebbeCity NMTS,0.002068145970468316,32.47029039760271,1790829000000,2026-10-01T04:30:00+00:00,2026-10-01T07:30:00+03:00,21.31,0.0,0.0,79.57,5.200274,7.345693,,,2026-10-01T04:56:04Z,2026-10-01T04:56:04Z,0
26934,863098,Kampala LubigiNWSC,0.3440953682915257,32.54509647954191,1790829000000,2026-10-01T04:30:00+00:00,2026-10-01T07:30:00+03:00,20.07782,0.0,6.439307,96.88411,3.024338,5.932708,,,2026-10-01T04:56:04Z,2026-10-01T04:56:04Z,0
27204,515136,Kirihura MburoNP,-0.32644602379535037,30.558912625750658,1790829000000,2026-10-01T04:30:00+00:00,2026-10-01T07:30:00+03:00,25.93,0.0,0.0,74.64,0.0,0.3479057,,,2026-10-01T04:56:04Z,2026-10-01T04:56:04Z,0
27592,514557,Kampala MakerereUnv3,0.33461539452981,32.571512848339765,1790829000000,2026-10-01T04:30:00+00:00,2026-10-01T07:30:00+03:00,19.7,0.0,49.22561,83.11,4.525826,6.6804,,,2026-10-01T04:56:04Z,2026-10-01T04:56:04Z,0
28835,518279,Karenga KidepoAirfield,3.433006937417964,33.45274286601015,1790829000000,2026-10-01T04:30:00+00:00,2026-10-01T07:30:00+03:00,21.62,0.0,145.0217,61.19,4.559396,,,,2026-10-01T04:56:04Z,2026-10-01T04:56:04Z,0
29180,517853,Moroto RupaSC,2.582841223352566,34.66924742947938,1790829000000,2026-10-01T04:30:00+00:00,2026-10-01T07:30:00+03:00,21.43,0.0,130.7393,52.99,1.461814,3.424124,,,2026-10-01T04:56:04Z,2026-10-01T04:56:04Z,0
29306,514576,Butaleja ButalejaTC,0.6919682458015968,34.09885656329347,1790829000000,2026-10-01T04:30:00+00:00,2026-10-01T07:30:00+03:00,20.83,0.0,106.3859,100.0,1.825132,,,,2026-10-01T04:56:04Z,2026-10-01T04:56:04Z,0
29561,514560,Kikuube Hoima Airport,1.4920191900781956,31.31796244549898,1790829000000,2026-10-01T04:30:00+00:00,2026-10-01T07:30:00+03:00,20.43,0.0,8.1178,100.0,10.91783,,,,2026-10-01T04:56:04Z,2026-10-01T04:56:04Z,0
29756,862010,Nakasongola KalungiSC,1.2852342933913012,32.662599686414936,1790829000000,2026-10-01T04:30:00+00:00,2026-10-01T07:30:00+03:00,21.54269,0.0,51.39239,98.28793,7.302968,10.29679,,,2026-10-01T04:56:04Z,2026-10-01T04:56:04Z,0
29892,516056,Budaka BudakaTC2,0.11576196513474404,33.453613566274235,1790829000000,2026-10-01T04:30:00+00:00,2026-10-01T07:30:00+03:00,22.26,0.0,109.6208,98.26,3.579767,,,,2026-10-01T04:56:04Z,2026-10-01T04:56:04Z,0
30001,860741,Mbarara MbararaMC,-0.6104058469568668,30.637128687200217,1790829000000,2026-10-01T04:30:00+00:00,2026-10-01T07:30:00+03:00,18.48,0.0,65.91898,100.0,10.69123,13.42687,,,2026-10-01T04:56:04Z,2026-10-01T04:56:04Z,0
30381,45666,Mukono NtawoNARO,0.37885800528124053,32.7292665823493,1790829000000,2026-10-01T04:30:00+00:00,2026-10-01T07:30:00+03:00,17.72641,0.0,23.04112,100.0,3.796444,7.135119,,,2026-10-01T04:56:04Z,2026-10-01T04:56:04Z,0
30757,860735,Arua Airfield,3.022727728757243,30.902049741391995,1790829000000,2026-10-01T04:30:00+00:00,2026-10-01T07:30:00+03:00,17.23,0.0,11.81048,100.0,13.07088,19.58038,,,2026-10-01T04:56:04Z,2026-10-01T04:56:04Z,0
31567,518860,Bulambuli Bunambutye HCIII,1.456486355349107,34.36072118430061,1790829000000,2026-10-01T04:30:00+00:00,2026-10-01T07:30:00+03:00,22.92,0.0,0.0,60.84,8.081178,10.20218,,,2026-10-01T04:56:04Z,2026-10-01T04:56:04Z,0
32252,518843,Isingiro KabuyandaTC,-0.9482535956706091,30.623306857245286,1790829000000,2026-10-01T04:30:00+00:00,2026-10-01T07:30:00+03:00,13.76,0.0,0.0,99.1,1.110857,2.612345,,,2026-10-01T04:56:04Z,2026-10-01T04:56:04Z,0
33816,512617,Buyende Kidera1,1.1427018347181084,33.27926712214954,1790829000000,2026-10-01T04:30:00+00:00,2026-10-01T07:30:00+03:00,21.21462,0.0,57.00771,100.0,0.0,0.0,,,2026-10-01T04:56:04Z,2026-10-01T04:56:04Z,0
30820,518844,Kanungu MatandaHCIII,-0.6465365596528061,29.742748867338342,1790829600000,2026-10-01T04:40:00+00:00,2026-10-01T07:40:00+03:00,19.09,0.0,0.0,93.06,5.783169,7.196155,,,2026-10-01T04:56:04Z,2026-10-01T04:56:04Z,0
31441,518845,Kapchorwa KapchorwaTC,1.3911330664844062,34.44711975629734,1790829600000,2026-10-01T04:40:00+00:00,2026-10-01T07:40:00+03:00,24.18,0.0,,48.64,0.0,0.1678492,,,2026-10-01T04:56:04Z,2026-10-01T04:56:04Z,0
14926,45633,NARO NaFIRRI,1.2369277861017918,34.56704375600076,1790829900000,2026-10-01T04:45:00+00:00,2026-10-01T07:45:00+03:00,-39.9176,0.0,78.33982,0.09918365,0.7782101,4.843214,,temp_sensor_suspect,2026-10-01T04:56:04Z,2026-10-01T04:56:04Z,0
22494,511046,Bukedea BukedeaTC,1.344383477320109,34.65405915348999,1790829900000,2026-10-01T04:45:00+00:00,2026-10-01T07:45:00+03:00,21.43,0.0,199.8322,99.41,0.0,0.0,,,2026-10-01T04:56:04Z,2026-10-01T04:56:04Z,0
22745,860739,Tororo TororoMC,0.7363404161562512,34.16750975530811,1790829900000,2026-10-01T04:45:00+00:00,2026-10-01T07:45:00+03:00,21.0,0.0,108.9799,99.37,0.2716106,,,,2026-10-01T04:56:04Z,2026-10-01T04:56:04Z,0
25894,44432,NARO Serere2,1.5498464368665708,33.471426852949406,1790829900000,2026-10-01T04:45:00+00:00,2026-10-01T07:45:00+03:00,22.52,0.0,167.8798,96.86,3.73846,5.606165,,,2026-10-01T04:56:04Z,2026-10-01T04:56:04Z,0
26314,511026,Buhweju BuhwejuTC,-0.36217852027400727,30.438745738821645,1790829900000,2026-10-01T04:45:00+00:00,2026-10-01T07:45:00+03:00,13.29214,0.0,14.19089,100.0,1.358053,,,,2026-10-01T04:56:04Z,2026-10-01T04:56:04Z,0
26350,516055,Bushenyi PIBID2,-0.34476582916148607,30.12697463332902,1790829900000,2026-10-01T04:45:00+00:00,2026-10-01T07:45:00+03:00,11.38,0.0,103.5172,100.0,5.798428,7.452507,,,2026-10-01T04:56:04Z,2026-10-01T04:56:04Z,0
27429,853290,Tororo MoroTC,1.347804683283513,33.56157669447344,1790829900000,2026-10-01T04:45:00+00:00,2026-10-01T07:45:00+03:00,19.97,0.0,52.0943,99.21,2.200351,4.513618,,,2026-10-01T04:56:04Z,2026-10-01T04:56:04Z,0
27630,514559,Gulu Airfield2,2.3315839569642756,32.403314261884674,1790829900000,2026-10-01T04:45:00+00:00,2026-10-01T07:45:00+03:00,19.76,0.0,197.94,95.98,0.5218586,,,,2026-10-01T04:56:04Z,2026-10-01T04:56:04Z,0
28282,49381,Amolatar NamasaleHCIII2,1.890942556037648,33.03500809176537,1790829900000,2026-10-01T04:45:00+00:00,2026-10-01T07:45:00+03:00,22.46,0.0,138.5824,100.0,13.06172,18.84489,,,2026-10-01T04:56:04Z,2026-10-01T04:56:04Z,0
28357,518274,Amudat KaritaHCIV,1.5419923880012918,34.82910539376184,1790829900000,2026-10-01T04:45:00+00:00,2026-10-01T07:45:00+03:00,23.79,0.0,194.9493,47.32,7.77844,12.19913,,,2026-10-01T04:56:04Z,2026-10-01T04:56:04Z,0
28465,518272,Nabilatuk NabilatukDLG,2.0853119097380035,34.60581875063605,1790829900000,2026-10-01T04:45:00+00:00,2026-10-01T07:45:00+03:00,23.05,0.0,226.7186,54.05,19.56558,27.62005,,,2026-10-01T04:56:04Z,2026-10-01T04:56:04Z,0
28759,511035,Bududa BududaTC2,1.3553961749053598,33.64313201994342,1790829900000,2026-10-01T04:45:00+00:00,2026-10-01T07:45:00+03:00,18.42,0.0,170.5653,100.0,1.147478,,,,2026-10-01T04:56:04Z,2026-10-01T04:56:04Z,0
29036,514566,Nabilatuk Nabuin ZARDI,1.716485049322414,34.51313788762028,1790829900000,2026-10-01T04:45:00+00:00,2026-10-01T07:45:00+03:00,22.48,0.0,0.0,54.1,8.108034,,,,2026-10-01T04:56:04Z,2026-10-01T04:56:04Z,0
29347,862041,Kabale KabaleMC,-1.2542908115437144,29.987880749577656,1790829900000,2026-10-01T04:45:00+00:00,2026-10-01T07:45:00+03:00,11.59,0.0,0.0,99.1,0.4243534,,,,2026-10-01T04:56:04Z,2026-10-01T04:56:04Z,0
29366,860740,Kasese Airfield,0.16776145042270435,30.06946870555926,1790829900000,2026-10-01T04:45:00+00:00,2026-10-01T07:45:00+03:00,19.79,0.0,98.48173,89.35,0.4614328,,,,2026-10-01T04:56:04Z,2026-10-01T04:56:04Z,0
29497,514558,Bulisa ButiabaHydro,2.1126939171888264,31.436768666464783,1790829900000,2026-10-01T04:45:00+00:00,2026-10-01T07:45:00+03:00,24.1,0.0,48.8899,80.81,5.603113,,,,2026-10-01T04:56:04Z,2026-10-01T04:56:04Z,0
29529,514573,Bundibugyo BundibugyoTC,0.8026268481642997,30.27578425237216,1790829900000,2026-10-01T04:45:00+00:00,2026-10-01T07:45:00+03:00,21.72,0.0,0.0,88.51,4.832685,,,,2026-10-01T04:56:04Z,2026-10-01T04:56:04Z,0
29593,514561,Pallisa KasodoSC,1.2320044388064466,33.6019957700963,1790829900000,2026-10-01T04:45:00+00:00,2026-10-01T07:45:00+03:00,21.05,0.0,144.1673,999.0,0.8651865,,,rh_sensor_suspect,2026-10-01T04:56:04Z,2026-10-01T04:56:04Z,0
29787,862013,Kamuli Namasagali,1.0190806821802028,32.949594981070824,1790829900000,2026-10-01T04:45:00+00:00,2026-10-01T07:45:00+03:00,20.25,0.0,73.02968,100.0,2.978561,5.996796,,,2026-10-01T04:56:04Z,2026-10-01T04:56:04Z,0
29932,514577,Namutumba NamutumbaTC2,1.9758008082349363,33.56106699819666,1790829900000,2026-10-01T04:45:00+00:00,2026-10-01T07:45:00+03:00,20.45,0.0,34.94316,100.0,0.0,0.4455635,,,2026-10-01T04:56:04Z,2026-10-01T04:56:04Z,0
30033,45670,Apac ApacTC,1.9892647841094635,32.531624149345156,1790829900000,2026-10-01T04:45:00+00:00,2026-10-01T07:45:00+03:00,20.82,0.0,0.0,100.0,0.0,0.0,,,2026-10-01T04:56:04Z,2026-10-01T04:56:04Z,0
30143,860494,Lira NARONgetta,2.1557054334938868,32.88785061975556,1790829900000,2026-10-01T04:45:00+00:00,2026-10-01T07:45:00+03:00,19.31,0.0,190.1884,100.0,5.15404,,,,2026-10-01T04:56:04Z,2026-10-01T04:56:04Z,0
30476,518276,Moroto Airfield,2.499539862843011,34.60336771655714,1790829900000,2026-10-01T04:45:00+00:00,2026-10-01T07:45:00+03:00,22.33,0.0,201.5412,53.31,5.046921,,,,2026-10-01T04:56:04Z,2026-10-01T04:56:04Z,0
30600,514575,Buvuma BuvumaCollege,0.20227217732623182,33.298299581212675,1790829900000,2026-10-01T04:45:00+00:00,2026-10-01T07:45:00+03:00,18.08,0.0,12.39033,99.74,12.74708,,,,2026-10-01T04:56:04Z,2026-10-01T04:56:04Z,0
31495,518862,Kapchorwa SipiTC,1.2267354469379133,34.365906405123326,1790829900000,2026-10-01T04:45:00+00:00,2026-10-01T07:45:00+03:00,19.2,0.0,0.0,70.92,4.022278,5.368124,,,2026-10-01T04:56:04Z,2026-10-01T04:56:04Z,0
33112,45718,Kaliro KaliroTC3,0.3200660892230024,30.52341859895648,1790829900000,2026-10-01T04:45:00+00:00,2026-10-01T07:45:00+03:00,0.0,0.0,0.0,0.0,1.019303,1.037614,,temp_rh_dead,2026-10-01T04:56:04Z,2026-10-01T04:56:04Z,1
28247,853287,KaberamaidoTC,1.3267002801667445,33.24551213582627,1790830200000,2026-10-01T04:50:00+00:00,2026-10-01T07:50:00+03:00,21.96689,0.0,135.5612,87.49981,2.984665,5.682459,,,2026-10-01T04:56:04Z,2026-10-01T04:56:04Z,0
29036,514566,Nabilatuk Nabuin ZARDI,1.716485049322414,34.51313788762028,1790832600000,2026-10-01T05:30:00+00:00,2026-10-01T08:30:00+03:00,24.07,0.0,0.0,50.24,12.92012,,,,2026-10-01T07:26:04Z,2026-10-01T07:26:04Z,0
8765,45675,Serere Bugondo,1.1032982147304293,33.65208682230397,1790834400000,2026-10-01T06:00:00+00:00,2026-10-01T09:00:00+03:00,26.62547,0.0,375.433,72.02258,4.296941,9.811551,,,2026-10-01T07:26:04Z,2026-10-01T07:26:04Z,0
19644,511034,Ntungamo RukoneEast,-0.9026492749586166,30.53713188060457,1790835300000,2026-10-01T06:15:00+00:00,2026-10-01T09:15:00+03:00,21.01,0.0,474.2809,98.75,3.415427,,,,2026-10-01T07:26:04Z,2026-10-01T07:26:04Z,0
24597,511024,Kanungu KirimaSC,-0.8665190597972187,29.750001331073445,1790835300000,2026-10-01T06:15:00+00:00,2026-10-01T09:15:00+03:00,20.63,0.0,434.8516,98.68,1.852445,3.640802,,,2026-10-01T07:26:04Z,2026-10-01T07:26:04Z,0
27651,514554,Lamwo LamwoTC,3.5293008898067413,32.800069272228264,1790835300000,2026-10-01T06:15:00+00:00,2026-10-01T09:15:00+03:00,24.27,0.0,135.5306,79.2,2.188144,4.525826,,,2026-10-01T07:26:04Z,2026-10-01T07:26:04Z,0
29347,862041,Kabale KabaleMC,-1.2542908115437144,29.987880749577656,1790835300000,2026-10-01T06:15:00+00:00,2026-10-01T09:15:00+03:00,18.55,0.0,600.6256,73.13,0.6468299,,,,2026-10-01T07:26:04Z,2026-10-01T07:26:04Z,0
30252,49521,Kyenjojo KyenjojoMC,0.6130612575199993,30.641008786833954,1790835300000,2026-10-01T06:15:00+00:00,2026-10-01T09:15:00+03:00,21.82651,0.0,528.9692,70.42496,3.549249,5.93576,,,2026-10-01T07:26:04Z,2026-10-01T07:26:04Z,0
30347,860738,Bulambuli BuginyanyaNARO,1.2292008829492236,34.512188495373756,1790835300000,2026-10-01T06:15:00+00:00,2026-10-01T09:15:00+03:00,20.38,0.0,47.85229,85.47,0.03295949,,,,2026-10-01T07:26:04Z,2026-10-01T07:26:04Z,0
30411,45716,Lwengo KamenyamigoNARO,-0.28429808513865706,31.664636340132986,1790835300000,2026-10-01T06:15:00+00:00,2026-10-01T09:15:00+03:00,22.7,0.0,553.4752,78.82,7.196155,13.39437,,,2026-10-01T07:26:04Z,2026-10-01T07:26:04Z,0
31712,518846,Sironko SironkoTC,1.2330289483318788,34.24436423053502,1790835300000,2026-10-01T06:15:00+00:00,2026-10-01T09:15:00+03:00,25.88,0.0,95.03319,66.03,3.72015,6.762798,,,2026-10-01T07:26:04Z,2026-10-01T07:26:04Z,0
28210,514564,Kiryandongo KiryandongoSF,-1.338837687838001,30.43596025320078,1790835600000,2026-10-01T06:20:00+00:00,2026-10-01T09:20:00+03:00,22.47,0.0,352.3614,83.24,9.335469,11.96307,,,2026-10-01T07:26:04Z,2026-10-01T09:26:03Z,0
19410,511043,Rubanda KarengyereNARO,-1.500172417819356,29.80055712733001,1790836200000,2026-10-01T06:30:00+00:00,2026-10-01T09:30:00+03:00,17.97,0.0,589.8833,66.62,17.64981,,,,2026-10-01T07:26:04Z,2026-10-01T07:26:04Z,0
20513,512647,Kitgum2 KitgumMC,3.329416943369524,33.176767183806454,1790836200000,2026-10-01T06:30:00+00:00,2026-10-01T09:30:00+03:00,24.92,0.0,566.0792,100.0,3.192187,,,,2026-10-01T07:26:04Z,2026-10-01T07:26:04Z,0
22531,514574,Ntungamo NtungamoTC,-0.8743084927533056,30.25887027699915,1790836200000,2026-10-01T06:30:00+00:00,2026-10-01T09:30:00+03:00,20.78,0.0,441.413,91.16,1.193255,,,,2026-10-01T07:26:04Z,2026-10-01T07:26:04Z,0
28650,518275,Nakapiripirit NabulengerHCII,1.8399992209235494,34.569297846559095,1790836200000,2026-10-01T06:30:00+00:00,2026-10-01T09:30:00+03:00,25.67,0.0,291.6304,49.72,7.10689,10.18448,,,2026-10-01T07:26:04Z,2026-10-01T07:56:05Z,0
28935,518278,Kaabong SidokHCIII,3.3616463406052675,34.12346082801267,1790836200000,2026-10-01T06:30:00+00:00,2026-10-01T09:30:00+03:00,25.14,0.0,446.0517,47.72,9.875639,,,,2026-10-01T07:26:04Z,2026-10-01T07:26:04Z,0
29529,514573,Bundibugyo BundibugyoTC,0.8026268481642997,30.27578425237216,1790836200000,2026-10-01T06:30:00+00:00,2026-10-01T09:30:00+03:00,24.22,0.0,0.0,78.55,5.013962,,,,2026-10-01T07:26:04Z,2026-10-01T08:26:03Z,0
29932,514577,Namutumba NamutumbaTC2,1.9758008082349363,33.56106699819666,1790836200000,2026-10-01T06:30:00+00:00,2026-10-01T09:30:00+03:00,24.82,0.0,454.2306,92.72,7.647822,10.7454,,,2026-10-01T07:26:04Z,2026-10-01T07:26:04Z,0
32414,518863,Sironko Bugusege NARO,1.3301129163684409,33.67749128727189,1790836200000,2026-10-01T06:30:00+00:00,2026-10-01T09:30:00+03:00,23.69,0.0,90.30289,75.72,9.005875,,,,2026-10-01T07:26:04Z,2026-10-01T07:26:04Z,0
12322,853288,Mukono MpomaNARO,0.4283966588777295,32.76213604190826,1790837100000,2026-10-01T06:45:00+00:00,2026-10-01T09:45:00+03:00,23.0106,0.0,146.1204,81.70596,3.23003,,,,2026-10-01T07:26:04Z,2026-10-01T07:26:04Z,0
18638,511041,Rubirizi RubiriziTC,0.12326709721562841,30.33796491610475,1790837100000,2026-10-01T06:45:00+00:00,2026-10-01T09:45:00+03:00,21.59,0.0,431.5862,93.33,5.056839,10.9865,,,2026-10-01T07:26:04Z,2026-10-01T07:26:04Z,0
18675,511038,Bushenyi KyamuhungaTC,-0.43140075953825036,30.06284619401695,1790837100000,2026-10-01T06:45:00+00:00,2026-10-01T09:45:00+03:00,19.88,0.0,398.4741,100.0,9.738308,12.23163,,,2026-10-01T07:26:04Z,2026-10-01T07:26:04Z,0
18831,511028,Kibuku KadamaTC,1.230158490836445,33.75766971001673,1790837100000,2026-10-01T06:45:00+00:00,2026-10-01T09:45:00+03:00,25.96,0.0,720.8972,75.58,5.98764,8.419929,,,2026-10-01T07:26:04Z,2026-10-01T07:26:04Z,0
19036,511025,Kumi Mukongoro,1.3213023670796662,33.886075111016034,1790837100000,2026-10-01T06:45:00+00:00,2026-10-01T09:45:00+03:00,25.04,0.0,17.21218,84.78,6.387427,9.201191,,,2026-10-01T07:26:04Z,2026-10-01T07:26:04Z,0
21602,44434,Mbarara NARO,-0.33912497379417256,30.53875374336554,1790837100000,2026-10-01T06:45:00+00:00,2026-10-01T09:45:00+03:00,24.5,0.0,600.7782,95.55,3.994812,8.731213,,,2026-10-01T07:26:04Z,2026-10-01T07:26:04Z,0
29823,860732,Kotido KotidoTC,3.007038604042491,34.10733499015392,1790837100000,2026-10-01T06:45:00+00:00,2026-10-01T09:45:00+03:00,27.55,0.0,646.7384,58.48,0.0,0.0,,,2026-10-01T07:26:04Z,2026-10-01T07:26:04Z,0
30283,514568,Kampala KyambogoUnv2,0.3228582483254613,32.59455916940114,1790837100000,2026-10-01T06:45:00+00:00,2026-10-01T09:45:00+03:00,23.31,0.0,295.1095,80.34,4.832685,6.900893,,,2026-10-01T07:26:04Z,2026-10-01T07:26:04Z,0
30316,860746,Mayuge IkulweNARO,0.4388712184461232,33.476196856980515,1790837100000,2026-10-01T06:45:00+00:00,2026-10-01T09:45:00+03:00,0.0,0.0,25.57412,0.0,9.900207,,,temp_rh_dead,2026-10-01T07:26:04Z,2026-10-01T07:26:04Z,1
30695,514556,EntebbeCity AirportNMC,-0.34891969990053573,30.46770493505511,1790837100000,2026-10-01T06:45:00+00:00,2026-10-01T09:45:00+03:00,23.28,0.0,414.2214,81.31,14.42283,16.83375,,,2026-10-01T07:26:04Z,2026-10-01T07:26:04Z,0
31809,518861,Bulambuli Bulegeni NARO,1.2990504672186247,34.322697246680406,1790837100000,2026-10-01T06:45:00+00:00,2026-10-01T09:45:00+03:00,23.66,0.0,6.469826,67.67,5.548181,8.825818,,,2026-10-01T07:26:04Z,2026-10-01T07:26:04Z,0
28133,514567,Rukiga RwamuchuchuSC,-1.147093805481443,30.065473322928664,1790837400000,2026-10-01T06:50:00+00:00,2026-10-01T09:50:00+03:00,23.64,0.0,15.16747,54.35,9.161517,12.88472,,,2026-10-01T07:26:04Z,2026-10-01T07:26:04Z,0
31267,518847,Bukedea Kachumbala SC,1.2266404886375875,34.11571805530725,1790837400000,2026-10-01T06:50:00+00:00,2026-10-01T09:50:00+03:00,25.7,0.0,8.545053,60.96,4.138247,6.823835,,,2026-10-01T07:26:04Z,2026-10-01T07:26:04Z,0
19216,511040,Ngora Kobwin,1.3996404514823648,33.746259878723855,1790838000000,2026-10-01T07:00:00+00:00,2026-10-01T10:00:00+03:00,25.75,0.0,391.0887,72.61,7.907225,11.31304,,,2026-10-01T07:26:04Z,2026-10-01T07:26:04Z,0
19560,511036,Rukungiri RukungiriTC,-0.7824612451972481,29.919168920717752,1790838000000,2026-10-01T07:00:00+00:00,2026-10-01T10:00:00+03:00,21.19,0.0,652.5368,94.18,10.84779,,,,2026-10-01T07:26:04Z,2026-10-01T07:26:04Z,0
19689,511063,Isingiro Mbaale SC,-0.8229276501909935,30.80641202589177,1790838000000,2026-10-01T07:00:00+00:00,2026-10-01T10:00:00+03:00,24.95,0.0,316.5332,62.92,6.717021,12.15534,,,2026-10-01T07:26:04Z,2026-10-01T07:26:04Z,0
19913,512648,Rubanda Kachwekano,-1.2492907374261277,29.94650239241936,1790838000000,2026-10-01T07:00:00+00:00,2026-10-01T10:00:00+03:00,20.76752,0.0,606.9429,56.5301,11.12688,18.3505,,,2026-10-01T07:26:04Z,2026-10-01T07:56:05Z,0
23068,44186,Hoima Bulindi,1.4649547824354439,31.438459956597924,1790838000000,2026-10-01T07:00:00+00:00,2026-10-01T10:00:00+03:00,16.44465,12.2,3.509575,100.0,14.81529,,,,2026-10-01T07:26:04Z,2026-10-01T07:26:04Z,0
23570,860744,Kabarole KyembogoNARO,0.7373272793620456,30.378182216821177,1790838000000,2026-10-01T07:00:00+00:00,2026-10-01T10:00:00+03:00,20.50965,0.0,663.1876,99.36675,13.17556,16.96178,,,2026-10-01T07:26:04Z,2026-10-01T07:56:05Z,0
25494,45719,Wakiso KawandaNARO,0.5757356735589316,32.2094519796799,1790838000000,2026-10-01T07:00:00+00:00,2026-10-01T10:00:00+03:00,22.10727,0.0,223.8193,83.71863,10.1268,,,,2026-10-01T07:26:04Z,2026-10-01T07:56:05Z,0
26371,514572,EntebbeCity NMTS,0.002068145970468316,32.47029039760271,1790838000000,2026-10-01T07:00:00+00:00,2026-10-01T10:00:00+03:00,24.21,0.0,0.0,74.66,5.883879,9.57351,,,2026-10-01T07:26:04Z,2026-10-01T07:26:04Z,0
26934,863098,Kampala LubigiNWSC,0.3440953682915257,32.54509647954191,1790838000000,2026-10-01T07:00:00+00:00,2026-10-01T10:00:00+03:00,22.99535,0.0,6.439307,86.01511,5.42916,6.924544,,,2026-10-01T07:26:04Z,2026-10-01T07:26:04Z,0
27204,515136,Kirihura MburoNP,-0.32644602379535037,30.558912625750658,1790838000000,2026-10-01T07:00:00+00:00,2026-10-01T10:00:00+03:00,25.93,0.0,479.6521,74.64,0.81178,0.8575571,,,2026-10-01T07:26:04Z,2026-10-01T07:56:05Z,0
27429,853290,Tororo MoroTC,1.347804683283513,33.56157669447344,1790838000000,2026-10-01T07:00:00+00:00,2026-10-01T10:00:00+03:00,25.87,0.0,419.8672,82.71,5.569543,10.17472,,,2026-10-01T07:26:04Z,2026-10-01T07:26:04Z,0
27592,514557,Kampala MakerereUnv3,0.33461539452981,32.571512848339765,1790838000000,2026-10-01T07:00:00+00:00,2026-10-01T10:00:00+03:00,22.79,0.0,406.0731,74.44,6.890974,11.10246,,,2026-10-01T07:26:04Z,2026-10-01T07:56:05Z,0
28759,511035,Bududa BududaTC2,1.3553961749053598,33.64313201994342,1790838000000,2026-10-01T07:00:00+00:00,2026-10-01T10:00:00+03:00,25.86,0.0,722.3621,81.31,4.730297,,,,2026-10-01T07:26:04Z,2026-10-04T06:17:15Z,0
28835,518279,Karenga KidepoAirfield,3.433006937417964,33.45274286601015,1790838000000,2026-10-01T07:00:00+00:00,2026-10-01T10:00:00+03:00,26.41,0.0,444.1291,45.44,2.52079,,,,2026-10-01T07:26:04Z,2026-10-01T07:26:04Z,0
29180,517853,Moroto RupaSC,2.582841223352566,34.66924742947938,1790838000000,2026-10-01T07:00:00+00:00,2026-10-01T10:00:00+03:00,27.13,0.0,704.3259,42.02,9.506371,14.21836,,,2026-10-01T07:26:04Z,2026-10-01T07:26:04Z,0
29306,514576,Butaleja ButalejaTC,0.6919682458015968,34.09885656329347,1790838000000,2026-10-01T07:00:00+00:00,2026-10-01T10:00:00+03:00,27.33,0.0,743.8163,75.11,8.697185,,,,2026-10-01T07:26:04Z,2026-10-01T07:56:05Z,0
29432,514563,Kikuube Hoima Sugar,1.250555426321004,31.194469848676302,1790838000000,2026-10-01T07:00:00+00:00,2026-10-01T10:00:00+03:00,23.08,0.0,18.06668,83.0,4.17792,6.128023,,,2026-10-01T07:26:04Z,2026-10-01T07:26:04Z,0
29561,514560,Kikuube Hoima Airport,1.4920191900781956,31.31796244549898,1790838000000,2026-10-01T07:00:00+00:00,2026-10-01T10:00:00+03:00,22.55,0.0,13.88571,93.61,8.28931,,,,2026-10-01T07:26:04Z,2026-10-01T07:56:05Z,0
29756,862010,Nakasongola KalungiSC,1.2852342933913012,32.662599686414936,1790838000000,2026-10-01T07:00:00+00:00,2026-10-01T10:00:00+03:00,27.76837,0.0,639.7498,70.74387,12.38117,20.32502,,,2026-10-01T07:26:04Z,2026-10-01T07:56:05Z,0
29892,516056,Budaka BudakaTC2,0.11576196513474404,33.453613566274235,1790838000000,2026-10-01T07:00:00+00:00,2026-10-01T10:00:00+03:00,26.56,0.0,734.8745,74.58,6.52781,,,,2026-10-01T07:26:04Z,2026-10-01T07:56:05Z,0
29932,514577,Namutumba NamutumbaTC2,1.9758008082349363,33.56106699819666,1790838000000,2026-10-01T07:00:00+00:00,2026-10-01T10:00:00+03:00,25.15,0.0,724.6509,92.52,8.722056,11.73114,,,2026-10-01T07:56:05Z,2026-10-01T08:26:03Z,0
30001,860741,Mbarara MbararaMC,-0.6104058469568668,30.637128687200217,1790838000000,2026-10-01T07:00:00+00:00,2026-10-01T10:00:00+03:00,25.33,0.0,732.1279,66.09,6.892653,12.71824,,,2026-10-01T07:26:04Z,2026-10-01T07:56:05Z,0
30066,49455,Kayunga DistrictAdmin,0.7203001611290255,32.893290564677095,1790838000000,2026-10-01T07:00:00+00:00,2026-10-01T10:00:00+03:00,23.56145,0.0,129.3355,83.24254,154.5312,,,wind_sensor_suspect,2026-10-01T07:26:04Z,2026-10-01T07:26:04Z,1
30381,45666,Mukono NtawoNARO,0.37885800528124053,32.7292665823493,1790838000000,2026-10-01T07:00:00+00:00,2026-10-01T10:00:00+03:00,23.45617,0.0,165.6825,81.28786,2.658122,5.349813,,,2026-10-01T07:26:04Z,2026-10-01T07:56:05Z,0
30518,45678,Kwania AdukuTC,2.0141834426175826,32.722869192593286,1790838000000,2026-10-01T07:00:00+00:00,2026-10-01T10:00:00+03:00,24.71,0.0,430.8232,95.52,0.0,0.0,,,2026-10-01T07:26:04Z,2026-10-01T07:26:04Z,0
30757,860735,Arua Airfield,3.022727728757243,30.902049741391995,1790838000000,2026-10-01T07:00:00+00:00,2026-10-01T10:00:00+03:00,17.55,0.2,51.14824,100.0,9.924468,12.27131,,,2026-10-01T07:26:04Z,2026-10-01T07:56:05Z,0
31567,518860,Bulambuli Bunambutye HCIII,1.456486355349107,34.36072118430061,1790838000000,2026-10-01T07:00:00+00:00,2026-10-01T10:00:00+03:00,27.7,0.0,8.758678,51.87,8.432136,12.42695,,,2026-10-01T07:26:04Z,2026-10-01T07:26:04Z,0
32252,518843,Isingiro KabuyandaTC,-0.9482535956706091,30.623306857245286,1790838000000,2026-10-01T07:00:00+00:00,2026-10-01T10:00:00+03:00,22.72,0.0,5.157549,70.38,2.996872,4.443427,,,2026-10-01T07:26:04Z,2026-10-01T07:56:05Z,0
33112,45718,Kaliro KaliroTC3,0.3200660892230024,30.52341859895648,1790838000000,2026-10-01T07:00:00+00:00,2026-10-01T10:00:00+03:00,0.0,0.0,0.0,0.0,0.8880751,0.8941787,,temp_rh_dead,2026-10-01T07:26:04Z,2026-10-01T07:26:04Z,1
31441,518845,Kapchorwa KapchorwaTC,1.3911330664844062,34.44711975629734,1790838600000,2026-10-01T07:10:00+00:00,2026-10-01T10:10:00+03:00,24.18,0.0,,48.64,0.0,0.4394598,,,2026-10-01T07:26:04Z,2026-10-01T07:26:04Z,0
14926,45633,NARO NaFIRRI,1.2369277861017918,34.56704375600076,1790838900000,2026-10-01T07:15:00+00:00,2026-10-01T10:15:00+03:00,-39.89777,0.0,387.6402,0.09918365,0.8331426,4.434272,,temp_sensor_suspect,2026-10-01T07:26:04Z,2026-10-01T07:26:04Z,0
19560,511036,Rukungiri RukungiriTC,-0.7824612451972481,29.919168920717752,1790838900000,2026-10-01T07:15:00+00:00,2026-10-01T10:15:00+03:00,20.51,0.0,436.8963,94.18,10.10208,,,,2026-10-01T07:56:05Z,2026-10-01T07:56:05Z,0
22494,511046,Bukedea BukedeaTC,1.344383477320109,34.65405915348999,1790838900000,2026-10-01T07:15:00+00:00,2026-10-01T10:15:00+03:00,27.17,0.0,764.1108,66.97,2.703898,6.851301,,,2026-10-01T07:26:04Z,2026-10-01T07:26:04Z,0
22745,860739,Tororo TororoMC,0.7363404161562512,34.16750975530811,1790838900000,2026-10-01T07:15:00+00:00,2026-10-01T10:15:00+03:00,25.46,0.0,793.8353,85.88,8.212405,,,,2026-10-01T07:26:04Z,2026-10-01T07:26:04Z,0
25858,860733,Masindi MasindiMC,1.6873183106449883,31.720847713796427,1790838900000,2026-10-01T07:15:00+00:00,2026-10-01T10:15:00+03:00,19.26,0.0,81.51369,100.0,1.211566,,,,2026-10-01T07:26:04Z,2026-10-01T07:26:04Z,0
25894,44432,NARO Serere2,1.5498464368665708,33.471426852949406,1790838900000,2026-10-01T07:15:00+00:00,2026-10-01T10:15:00+03:00,26.54,0.0,765.8198,70.21,8.313115,14.89281,,,2026-10-01T07:26:04Z,2026-10-01T07:56:05Z,0
26314,511026,Buhweju BuhwejuTC,-0.36217852027400727,30.438745738821645,1790838900000,2026-10-01T07:15:00+00:00,2026-10-01T10:15:00+03:00,22.38041,0.0,13.39742,74.09018,6.29282,,,,2026-10-01T07:26:04Z,2026-10-01T07:26:04Z,0
26350,516055,Bushenyi PIBID2,-0.34476582916148607,30.12697463332902,1790838900000,2026-10-01T07:15:00+00:00,2026-10-01T10:15:00+03:00,16.76,0.0,660.7767,87.79,8.807508,11.56634,,,2026-10-01T07:26:04Z,2026-10-01T07:26:04Z,0
27429,853290,Tororo MoroTC,1.347804683283513,33.56157669447344,1790838900000,2026-10-01T07:15:00+00:00,2026-10-01T10:15:00+03:00,25.97,0.0,393.4081,82.61,6.863508,9.936675,,,2026-10-01T07:56:05Z,2026-10-01T07:56:05Z,0
27630,514559,Gulu Airfield2,2.3315839569642756,32.403314261884674,1790838900000,2026-10-01T07:15:00+00:00,2026-10-01T10:15:00+03:00,24.75,0.0,676.8597,71.59,3.897154,,,,2026-10-01T07:26:04Z,2026-10-01T08:26:03Z,0
28282,49381,Amolatar NamasaleHCIII2,1.890942556037648,33.03500809176537,1790838900000,2026-10-01T07:15:00+00:00,2026-10-01T10:15:00+03:00,25.78,0.0,728.2521,80.92,19.02495,30.98497,,,2026-10-01T07:26:04Z,2026-10-01T07:26:04Z,0
28357,518274,Amudat KaritaHCIV,1.5419923880012918,34.82910539376184,1790838900000,2026-10-01T07:15:00+00:00,2026-10-01T10:15:00+03:00,27.53,0.0,447.3945,37.48,5.261158,7.06569,,,2026-10-01T07:26:04Z,2026-10-01T07:56:05Z,0
28465,518272,Nabilatuk NabilatukDLG,2.0853119097380035,34.60581875063605,1790838900000,2026-10-01T07:15:00+00:00,2026-10-01T10:15:00+03:00,30.42,0.0,872.1142,35.2,12.15381,17.31609,,,2026-10-01T07:26:04Z,2026-10-01T07:26:04Z,0
29366,860740,Kasese Airfield,0.16776145042270435,30.06946870555926,1790838900000,2026-10-01T07:15:00+00:00,2026-10-01T10:15:00+03:00,25.49,0.0,775.1583,75.06,9.269855,,,,2026-10-01T07:26:04Z,2026-10-01T07:26:04Z,0
29497,514558,Bulisa ButiabaHydro,2.1126939171888264,31.436768666464783,1790838900000,2026-10-01T07:15:00+00:00,2026-10-01T10:15:00+03:00,25.72,0.0,30.85374,76.37,7.69604,,,,2026-10-01T07:26:04Z,2026-10-01T07:56:05Z,1
29593,514561,Pallisa KasodoSC,1.2320044388064466,33.6019957700963,1790838900000,2026-10-01T07:15:00+00:00,2026-10-01T10:15:00+03:00,26.92,0.0,778.5153,90.62,7.461204,,,,2026-10-01T07:26:04Z,2026-10-01T07:56:05Z,0
29787,862013,Kamuli Namasagali,1.0190806821802028,32.949594981070824,1790838900000,2026-10-01T07:15:00+00:00,2026-10-01T10:15:00+03:00,25.49,0.0,500.1602,94.77,9.265278,18.53056,,,2026-10-01T07:26:04Z,2026-10-01T07:26:04Z,0
29823,860732,Kotido KotidoTC,3.007038604042491,34.10733499015392,1790838900000,2026-10-01T07:15:00+00:00,2026-10-01T10:15:00+03:00,27.44,0.0,528.9998,57.62,0.0,0.0,,,2026-10-01T07:56:05Z,2026-10-01T08:26:03Z,0
30033,45670,Apac ApacTC,1.9892647841094635,32.531624149345156,1790838900000,2026-10-01T07:15:00+00:00,2026-10-01T10:15:00+03:00,25.7,0.0,0.0,89.54,0.0,0.0,,,2026-10-01T07:26:04Z,2026-10-01T07:26:04Z,0
30143,860494,Lira NARONgetta,2.1557054334938868,32.88785061975556,1790838900000,2026-10-01T07:15:00+00:00,2026-10-01T10:15:00+03:00,23.89,0.0,747.6921,92.67,5.528954,,,,2026-10-01T07:26:04Z,2026-10-01T07:26:04Z,0
30476,518276,Moroto Airfield,2.499539862843011,34.60336771655714,1790838900000,2026-10-01T07:15:00+00:00,2026-10-01T10:15:00+03:00,29.07,0.0,733.0435,37.22,4.227054,,,,2026-10-01T07:26:04Z,2026-10-01T07:26:04Z,0
30600,514575,Buvuma BuvumaCollege,0.20227217732623182,33.298299581212675,1790838900000,2026-10-01T07:15:00+00:00,2026-10-01T10:15:00+03:00,24.79,0.0,471.5648,71.16,7.873197,,,,2026-10-01T07:26:04Z,2026-10-01T07:56:05Z,0
31495,518862,Kapchorwa SipiTC,1.2267354469379133,34.365906405123326,1790838900000,2026-10-01T07:15:00+00:00,2026-10-01T10:15:00+03:00,21.03,0.0,5.188067,77.96,4.437324,7.595941,,,2026-10-01T07:26:04Z,2026-10-01T07:56:05Z,0
33816,512617,Buyende Kidera1,1.1427018347181084,33.27926712214954,1790838900000,2026-10-01T07:15:00+00:00,2026-10-01T10:15:00+03:00,25.05989,0.0,442.6337,82.85954,2.764935,16.20203,,,2026-10-01T07:26:04Z,2026-10-01T07:26:04Z,0
28247,853287,KaberamaidoTC,1.3267002801667445,33.24551213582627,1790839200000,2026-10-01T07:20:00+00:00,2026-10-01T10:20:00+03:00,26.19363,0.0,806.8666,67.92401,8.184939,14.30991,,,2026-10-01T07:26:04Z,2026-10-01T07:26:04Z,0
30820,518844,Kanungu MatandaHCIII,-0.6465365596528061,29.742748867338342,1790839200000,2026-10-01T07:20:00+00:00,2026-10-01T10:20:00+03:00,23.58,0.0,5.218585,75.23,6.05478,7.803464,,,2026-10-01T07:26:04Z,2026-10-01T07:26:04Z,0
12322,853288,Mukono MpomaNARO,0.4283966588777295,32.76213604190826,1790839800000,2026-10-01T07:30:00+00:00,2026-10-01T10:30:00+03:00,23.63775,0.0,210.2999,78.88762,5.030442,,,,2026-10-01T07:56:05Z,2026-10-01T08:26:03Z,0
14926,45633,NARO NaFIRRI,1.2369277861017918,34.56704375600076,1790839800000,2026-10-01T07:30:00+00:00,2026-10-01T10:30:00+03:00,-39.89471,0.0,710.7347,0.1007095,4.821851,10.63249,,temp_sensor_suspect,2026-10-01T07:56:05Z,2026-10-01T08:26:03Z,0
18675,511038,Bushenyi KyamuhungaTC,-0.43140075953825036,30.06284619401695,1790839800000,2026-10-01T07:30:00+00:00,2026-10-01T10:30:00+03:00,20.27,0.0,343.8468,100.0,6.829938,9.417869,,,2026-10-01T07:56:05Z,2026-10-01T08:26:03Z,0
18831,511028,Kibuku KadamaTC,1.230158490836445,33.75766971001673,1790839800000,2026-10-01T07:30:00+00:00,2026-10-01T10:30:00+03:00,27.12,0.0,868.3604,70.01,5.877775,10.42801,,,2026-10-01T07:56:05Z,2026-10-01T08:26:03Z,0
19036,511025,Kumi Mukongoro,1.3213023670796662,33.886075111016034,1790839800000,2026-10-01T07:30:00+00:00,2026-10-01T10:30:00+03:00,26.3,0.0,18.46342,82.41,7.617304,12.78096,,,2026-10-01T07:56:05Z,2026-10-01T08:26:03Z,0
19216,511040,Ngora Kobwin,1.3996404514823648,33.746259878723855,1790839800000,2026-10-01T07:30:00+00:00,2026-10-01T10:30:00+03:00,26.29,0.0,870.0694,67.37,8.767834,12.6894,,,2026-10-01T07:56:05Z,2026-10-01T08:26:03Z,0
19410,511043,Rubanda KarengyereNARO,-1.500172417819356,29.80055712733001,1790839800000,2026-10-01T07:30:00+00:00,2026-10-01T10:30:00+03:00,18.98,0.0,824.5365,67.93,17.62921,,,,2026-10-01T07:56:05Z,2026-10-01T07:56:05Z,0
22494,511046,Bukedea BukedeaTC,1.344383477320109,34.65405915348999,1790839800000,2026-10-01T07:30:00+00:00,2026-10-01T10:30:00+03:00,27.31,0.0,776.9284,66.57,5.590906,10.24186,,,2026-10-01T07:56:05Z,2026-10-01T07:56:05Z,0
22531,514574,Ntungamo NtungamoTC,-0.8743084927533056,30.25887027699915,1790839800000,2026-10-01T07:30:00+00:00,2026-10-01T10:30:00+03:00,24.21,0.0,832.8984,69.07,2.896162,,,,2026-10-01T07:56:05Z,2026-10-01T07:56:05Z,0
23068,44186,Hoima Bulindi,1.4649547824354439,31.438459956597924,1790839800000,2026-10-01T07:30:00+00:00,2026-10-01T10:30:00+03:00,16.09674,0.4,12.69551,100.0,3.440146,,,,2026-10-01T07:56:05Z,2026-10-01T08:26:03Z,0
25494,45719,Wakiso KawandaNARO,0.5757356735589316,32.2094519796799,1790839800000,2026-10-01T07:30:00+00:00,2026-10-01T10:30:00+03:00,22.63676,0.0,341.9547,84.14741,10.68299,,,,2026-10-01T08:26:03Z,2026-10-01T08:26:03Z,0
25858,860733,Masindi MasindiMC,1.6873183106449883,31.720847713796427,1790839800000,2026-10-01T07:30:00+00:00,2026-10-01T10:30:00+03:00,19.23,0.0,113.1609,100.0,0.9063859,,,,2026-10-01T07:56:05Z,2026-10-01T08:26:03Z,0
26314,511026,Buhweju BuhwejuTC,-0.36217852027400727,30.438745738821645,1790839800000,2026-10-01T07:30:00+00:00,2026-10-01T10:30:00+03:00,24.4297,0.0,13.45846,61.93179,3.292897,,,,2026-10-01T07:56:05Z,2026-10-01T07:56:05Z,0
26350,516055,Bushenyi PIBID2,-0.34476582916148607,30.12697463332902,1790839800000,2026-10-01T07:30:00+00:00,2026-10-01T10:30:00+03:00,16.76,0.0,833.7529,83.58,9.192035,13.18379,,,2026-10-01T07:56:05Z,2026-10-01T07:56:05Z,0
26371,514572,EntebbeCity NMTS,0.002068145970468316,32.47029039760271,1790839800000,2026-10-01T07:30:00+00:00,2026-10-01T10:30:00+03:00,24.96,0.0,0.0,71.39,6.707866,10.16556,,,2026-10-01T07:56:05Z,2026-10-01T08:26:03Z,0
28835,518279,Karenga KidepoAirfield,3.433006937417964,33.45274286601015,1790839800000,2026-10-01T07:30:00+00:00,2026-10-01T10:30:00+03:00,26.67,0.0,519.6613,44.87,5.355917,,,,2026-10-01T07:56:05Z,2026-10-01T08:26:03Z,0
28935,518278,Kaabong SidokHCIII,3.3616463406052675,34.12346082801267,1790839800000,2026-10-01T07:30:00+00:00,2026-10-01T10:30:00+03:00,26.67,0.0,540.322,41.6,9.958037,,,,2026-10-01T07:56:05Z,2026-10-01T08:26:03Z,0
29180,517853,Moroto RupaSC,2.582841223352566,34.66924742947938,1790839800000,2026-10-01T07:30:00+00:00,2026-10-01T10:30:00+03:00,28.05,0.0,675.9747,41.17,12.05463,16.52857,,,2026-10-01T07:56:05Z,2026-10-01T08:26:03Z,0
29432,514563,Kikuube Hoima Sugar,1.250555426321004,31.194469848676302,1790839800000,2026-10-01T07:30:00+00:00,2026-10-01T10:30:00+03:00,23.46,0.0,18.58549,84.32,3.436332,5.725185,,,2026-10-01T07:56:05Z,2026-10-01T08:26:03Z,0
30066,49455,Kayunga DistrictAdmin,0.7203001611290255,32.893290564677095,1790839800000,2026-10-01T07:30:00+00:00,2026-10-01T10:30:00+03:00,23.88342,0.0,270.1762,85.10109,167.0894,,,wind_sensor_suspect,2026-10-01T07:56:05Z,2026-10-01T07:56:05Z,1
30143,860494,Lira NARONgetta,2.1557054334938868,32.88785061975556,1790839800000,2026-10-01T07:30:00+00:00,2026-10-01T10:30:00+03:00,24.97,0.0,851.5754,87.67,8.404669,,,,2026-10-01T07:56:05Z,2026-10-01T07:56:05Z,0
30283,514568,Kampala KyambogoUnv2,0.3228582483254613,32.59455916940114,1790839800000,2026-10-01T07:30:00+00:00,2026-10-01T10:30:00+03:00,24.44,0.0,361.9135,73.7,9.887847,13.15908,,,2026-10-01T07:56:05Z,2026-10-01T08:26:03Z,0
30476,518276,Moroto Airfield,2.499539862843011,34.60336771655714,1790839800000,2026-10-01T07:30:00+00:00,2026-10-01T10:30:00+03:00,29.09,0.0,793.2555,36.51,6.039826,,,,2026-10-01T07:56:05Z,2026-10-01T07:56:05Z,0
30518,45678,Kwania AdukuTC,2.0141834426175826,32.722869192593286,1790839800000,2026-10-01T07:30:00+00:00,2026-10-01T10:30:00+03:00,25.66,0.0,623.0258,85.8,0.0,0.0,,,2026-10-01T07:56:05Z,2026-10-01T08:26:03Z,0
30820,518844,Kanungu MatandaHCIII,-0.6465365596528061,29.742748867338342,1790839800000,2026-10-01T07:30:00+00:00,2026-10-01T10:30:00+03:00,24.9,0.0,6.591897,69.83,5.172808,8.77699,,,2026-10-01T07:56:05Z,2026-10-01T07:56:05Z,0
31441,518845,Kapchorwa KapchorwaTC,1.3911330664844062,34.44711975629734,1790839800000,2026-10-01T07:30:00+00:00,2026-10-01T10:30:00+03:00,24.18,0.0,,48.64,0.0,0.3936827,,,2026-10-01T07:56:05Z,2026-10-01T07:56:05Z,0
31809,518861,Bulambuli Bulegeni NARO,1.2990504672186247,34.322697246680406,1790839800000,2026-10-01T07:30:00+00:00,2026-10-01T10:30:00+03:00,25.01,0.0,6.71397,68.7,6.717021,10.84001,,,2026-10-01T07:56:05Z,2026-10-01T08:26:03Z,0
33112,45718,Kaliro KaliroTC3,0.3200660892230024,30.52341859895648,1790839800000,2026-10-01T07:30:00+00:00,2026-10-01T10:30:00+03:00,0.0,0.0,0.0,0.0,0.8911269,0.9002823,,temp_rh_dead,2026-10-01T07:56:05Z,2026-10-01T07:56:05Z,1
28247,853287,KaberamaidoTC,1.3267002801667445,33.24551213582627,1790840400000,2026-10-01T07:40:00+00:00,2026-10-01T10:40:00+03:00,28.10406,0.0,763.5309,62.15305,7.003891,10.86137,,,2026-10-01T07:56:05Z,2026-10-01T07:56:05Z,0
8765,45675,Serere Bugondo,1.1032982147304293,33.65208682230397,1790840700000,2026-10-01T07:45:00+00:00,2026-10-01T10:45:00+03:00,29.05165,0.0,722.8198,60.52491,7.318227,13.03731,,,2026-10-01T07:56:05Z,2026-10-01T07:56:05Z,0
18638,511041,Rubirizi RubiriziTC,0.12326709721562841,30.33796491610475,1790840700000,2026-10-01T07:45:00+00:00,2026-10-01T10:45:00+03:00,22.91,0.0,717.5403,100.0,7.3579,11.78912,,,2026-10-01T07:56:05Z,2026-10-01T07:56:05Z,0
19644,511034,Ntungamo RukoneEast,-0.9026492749586166,30.53713188060457,1790840700000,2026-10-01T07:45:00+00:00,2026-10-01T10:45:00+03:00,24.68,0.0,844.5869,83.67,8.985579,,,,2026-10-01T07:56:05Z,2026-10-01T07:56:05Z,0
19689,511063,Isingiro Mbaale SC,-0.8229276501909935,30.80641202589177,1790840700000,2026-10-01T07:45:00+00:00,2026-10-01T10:45:00+03:00,24.91,0.0,445.8076,67.3,11.14519,13.89181,,,2026-10-01T07:56:05Z,2026-10-01T08:26:03Z,0
20513,512647,Kitgum2 KitgumMC,3.329416943369524,33.176767183806454,1790840700000,2026-10-01T07:45:00+00:00,2026-10-01T10:45:00+03:00,26.81,0.0,760.2045,93.07,6.152438,,,,2026-10-01T07:56:05Z,2026-10-01T07:56:05Z,0
21602,44434,Mbarara NARO,-0.33912497379417256,30.53875374336554,1790840700000,2026-10-01T07:45:00+00:00,2026-10-01T10:45:00+03:00,25.86,0.0,658.0301,95.55,3.994812,8.731213,,,2026-10-01T07:56:05Z,2026-10-01T07:56:05Z,0
22745,860739,Tororo TororoMC,0.7363404161562512,34.16750975530811,1790840700000,2026-10-01T07:45:00+00:00,2026-10-01T10:45:00+03:00,26.25,0.0,499.3668,82.26,5.636683,,,,2026-10-01T07:56:05Z,2026-10-01T08:26:03Z,0
24597,511024,Kanungu KirimaSC,-0.8665190597972187,29.750001331073445,1790840700000,2026-10-01T07:45:00+00:00,2026-10-01T10:45:00+03:00,23.87,0.0,866.4683,86.2,4.608225,7.858396,,,2026-10-01T07:56:05Z,2026-10-01T07:56:05Z,0
26934,863098,Kampala LubigiNWSC,0.3440953682915257,32.54509647954191,1790840700000,2026-10-01T07:45:00+00:00,2026-10-01T10:45:00+03:00,23.72778,0.0,6.439307,86.01663,4.632639,10.52567,,,2026-10-01T07:56:05Z,2026-10-01T08:26:03Z,0
27651,514554,Lamwo LamwoTC,3.5293008898067413,32.800069272228264,1790840700000,2026-10-01T07:45:00+00:00,2026-10-01T10:45:00+03:00,24.16,0.0,304.0208,85.52,6.863508,9.964141,,,2026-10-01T07:56:05Z,2026-10-01T07:56:05Z,0
28282,49381,Amolatar NamasaleHCIII2,1.890942556037648,33.03500809176537,1790840700000,2026-10-01T07:45:00+00:00,2026-10-01T10:45:00+03:00,26.43,0.0,819.9588,78.36,17.4136,26.10513,,,2026-10-01T07:56:05Z,2026-10-01T08:26:03Z,1
28465,518272,Nabilatuk NabilatukDLG,2.0853119097380035,34.60581875063605,1790840700000,2026-10-01T07:45:00+00:00,2026-10-01T10:45:00+03:00,31.49,0.0,1017.227,30.0,13.96246,20.56672,,,2026-10-01T07:56:05Z,2026-10-01T07:56:05Z,0
29036,514566,Nabilatuk Nabuin ZARDI,1.716485049322414,34.51313788762028,1790840700000,2026-10-01T07:45:00+00:00,2026-10-01T10:45:00+03:00,28.75,0.0,5.127031,37.71,6.303502,,,,2026-10-01T07:56:05Z,2026-10-01T08:26:03Z,0
29306,514576,Butaleja ButalejaTC,0.6919682458015968,34.09885656329347,1790840700000,2026-10-01T07:45:00+00:00,2026-10-01T10:45:00+03:00,26.44,0.0,630.5638,78.47,10.10208,,,,2026-10-01T08:26:03Z,2026-10-01T08:26:03Z,0
29347,862041,Kabale KabaleMC,-1.2542908115437144,29.987880749577656,1790840700000,2026-10-01T07:45:00+00:00,2026-10-01T10:45:00+03:00,24.84,0.0,839.765,41.85,2.010529,,,,2026-10-01T07:56:05Z,2026-10-01T07:56:05Z,0
29366,860740,Kasese Airfield,0.16776145042270435,30.06946870555926,1790840700000,2026-10-01T07:45:00+00:00,2026-10-01T10:45:00+03:00,26.16,0.0,824.6586,69.44,6.043946,,,,2026-10-01T07:56:05Z,2026-10-01T08:26:03Z,0
29787,862013,Kamuli Namasagali,1.0190806821802028,32.949594981070824,1790840700000,2026-10-01T07:45:00+00:00,2026-10-01T10:45:00+03:00,26.76,0.0,681.8646,88.13,11.60906,19.34844,,,2026-10-01T07:56:05Z,2026-10-01T08:26:03Z,1
30033,45670,Apac ApacTC,1.9892647841094635,32.531624149345156,1790840700000,2026-10-01T07:45:00+00:00,2026-10-01T10:45:00+03:00,26.5,0.0,0.0,87.06,0.0,0.0,,,2026-10-01T07:56:05Z,2026-10-01T08:26:03Z,0
30252,49521,Kyenjojo KyenjojoMC,0.6130612575199993,30.641008786833954,1790840700000,2026-10-01T07:45:00+00:00,2026-10-01T10:45:00+03:00,23.25017,0.0,646.3722,58.13382,0.03356985,0.5157549,,,2026-10-01T07:56:05Z,2026-10-01T07:56:05Z,0
30316,860746,Mayuge IkulweNARO,0.4388712184461232,33.476196856980515,1790840700000,2026-10-01T07:45:00+00:00,2026-10-01T10:45:00+03:00,0.0,0.0,25.84878,0.0,18.34608,,,temp_rh_dead,2026-10-01T07:56:05Z,2026-10-01T07:56:05Z,1
30347,860738,Bulambuli BuginyanyaNARO,1.2292008829492236,34.512188495373756,1790840700000,2026-10-01T07:45:00+00:00,2026-10-01T10:45:00+03:00,21.75,0.0,48.8899,91.12,0.0,,,,2026-10-01T07:56:05Z,2026-10-01T07:56:05Z,0
30411,45716,Lwengo KamenyamigoNARO,-0.28429808513865706,31.664636340132986,1790840700000,2026-10-01T07:45:00+00:00,2026-10-01T10:45:00+03:00,25.15,0.0,802.4414,65.95,4.580759,10.77592,,,2026-10-01T07:56:05Z,2026-10-01T07:56:05Z,0
30695,514556,EntebbeCity AirportNMC,-0.34891969990053573,30.46770493505511,1790840700000,2026-10-01T07:45:00+00:00,2026-10-01T10:45:00+03:00,25.4,0.0,666.3615,76.14,14.42283,17.09621,,,2026-10-01T07:56:05Z,2026-10-01T07:56:05Z,0
31495,518862,Kapchorwa SipiTC,1.2267354469379133,34.365906405123326,1790840700000,2026-10-01T07:45:00+00:00,2026-10-01T10:45:00+03:00,21.11,0.0,5.035477,75.18,4.614328,7.803464,,,2026-10-01T08:26:03Z,2026-10-01T08:26:03Z,0
31567,518860,Bulambuli Bunambutye HCIII,1.456486355349107,34.36072118430061,1790840700000,2026-10-01T07:45:00+00:00,2026-10-01T10:45:00+03:00,29.6,0.0,9.796292,45.88,7.104601,11.02922,,,2026-10-01T07:56:05Z,2026-10-01T08:26:03Z,0
31712,518846,Sironko SironkoTC,1.2330289483318788,34.24436423053502,1790840700000,2026-10-01T07:45:00+00:00,2026-10-01T10:45:00+03:00,27.15,0.0,94.57542,63.69,7.046616,9.185931,,,2026-10-01T07:56:05Z,2026-10-01T07:56:05Z,0
32414,518863,Sironko Bugusege NARO,1.3301129163684409,33.67749128727189,1790840700000,2026-10-01T07:45:00+00:00,2026-10-01T10:45:00+03:00,24.82,0.0,95.82665,73.49,10.20523,,,,2026-10-01T07:56:05Z,2026-10-01T07:56:05Z,0
33112,45718,Kaliro KaliroTC3,0.3200660892230024,30.52341859895648,1790840700000,2026-10-01T07:45:00+00:00,2026-10-01T10:45:00+03:00,0.0,0.0,0.0,0.0,0.8911269,0.9002823,,temp_rh_dead,2026-10-01T08:26:03Z,2026-10-01T08:26:03Z,1
33816,512617,Buyende Kidera1,1.1427018347181084,33.27926712214954,1790840700000,2026-10-01T07:45:00+00:00,2026-10-01T10:45:00+03:00,26.57053,0.0,784.6799,73.92844,0.0,0.0,,,2026-10-01T07:56:05Z,2026-10-01T07:56:05Z,0
28133,514567,Rukiga RwamuchuchuSC,-1.147093805481443,30.065473322928664,1790841000000,2026-10-01T07:50:00+00:00,2026-10-01T10:50:00+03:00,25.61,0.0,23.13268,40.3,11.09636,16.15625,,,2026-10-01T07:56:05Z,2026-10-01T07:56:05Z,0
30820,518844,Kanungu MatandaHCIII,-0.6465365596528061,29.742748867338342,1790841000000,2026-10-01T07:50:00+00:00,2026-10-01T10:50:00+03:00,25.51,0.0,8.1178,67.86,4.858473,6.39353,,,2026-10-01T08:26:03Z,2026-10-01T09:56:04Z,0
31267,518847,Bukedea Kachumbala SC,1.2266404886375875,34.11571805530725,1790841000000,2026-10-01T07:50:00+00:00,2026-10-01T10:50:00+03:00,26.33,0.0,8.239872,61.87,5.053788,6.842145,,,2026-10-01T07:56:05Z,2026-10-01T07:56:05Z,0
19560,511036,Rukungiri RukungiriTC,-0.7824612451972481,29.919168920717752,1790841600000,2026-10-01T08:00:00+00:00,2026-10-01T11:00:00+03:00,22.6,0.0,896.8948,85.62,7.543602,,,,2026-10-01T08:26:03Z,2026-10-01T08:56:03Z,0
19644,511034,Ntungamo RukoneEast,-0.9026492749586166,30.53713188060457,1790841600000,2026-10-01T08:00:00+00:00,2026-10-01T11:00:00+03:00,25.01,0.0,797.4365,78.33,7.630122,,,,2026-10-01T08:26:03Z,2026-10-01T08:26:03Z,0
22494,511046,Bukedea BukedeaTC,1.344383477320109,34.65405915348999,1790841600000,2026-10-01T08:00:00+00:00,2026-10-01T11:00:00+03:00,27.59,0.0,745.3422,65.13,5.490196,9.631495,,,2026-10-01T08:26:03Z,2026-10-01T08:56:03Z,0
24597,511024,Kanungu KirimaSC,-0.8665190597972187,29.750001331073445,1790841600000,2026-10-01T08:00:00+00:00,2026-10-01T11:00:00+03:00,24.55,0.0,803.0823,82.45,7.043564,13.1014,,,2026-10-01T08:26:03Z,2026-10-01T08:26:03Z,0
25894,44432,NARO Serere2,1.5498464368665708,33.471426852949406,1790841600000,2026-10-01T08:00:00+00:00,2026-10-01T11:00:00+03:00,26.72,0.0,924.8188,68.08,10.72709,13.5256,,,2026-10-01T08:26:03Z,2026-10-01T08:56:03Z,0
26350,516055,Bushenyi PIBID2,-0.34476582916148607,30.12697463332902,1790841600000,2026-10-01T08:00:00+00:00,2026-10-01T11:00:00+03:00,18.1,0.0,904.0971,81.61,8.587778,11.96612,,,2026-10-01T08:26:03Z,2026-10-01T08:56:03Z,0
27429,853290,Tororo MoroTC,1.347804683283513,33.56157669447344,1790841600000,2026-10-01T08:00:00+00:00,2026-10-01T11:00:00+03:00,27.55,0.0,503.9139,75.98,7.168689,9.152361,,,2026-10-01T08:26:03Z,2026-10-01T08:56:03Z,0
28357,518274,Amudat KaritaHCIV,1.5419923880012918,34.82910539376184,1790841600000,2026-10-01T08:00:00+00:00,2026-10-01T11:00:00+03:00,28.96,0.0,725.5665,34.11,5.046921,10.89723,,,2026-10-01T08:26:03Z,2026-10-01T08:56:03Z,0
28465,518272,Nabilatuk NabilatukDLG,2.0853119097380035,34.60581875063605,1790841600000,2026-10-01T08:00:00+00:00,2026-10-01T11:00:00+03:00,31.99,0.0,1017.227,29.09,13.96246,20.56672,,,2026-10-01T08:26:03Z,2026-10-01T08:26:03Z,0
29347,862041,Kabale KabaleMC,-1.2542908115437144,29.987880749577656,1790841600000,2026-10-01T08:00:00+00:00,2026-10-01T11:00:00+03:00,25.62,0.0,947.0665,41.87,2.286564,,,,2026-10-01T08:26:03Z,2026-10-01T08:26:03Z,0
29497,514558,Bulisa ButiabaHydro,2.1126939171888264,31.436768666464783,1790841600000,2026-10-01T08:00:00+00:00,2026-10-01T11:00:00+03:00,19.67,0.0,16.99855,96.36,18.05356,,,,2026-10-01T08:26:03Z,2026-10-01T08:56:03Z,0
29593,514561,Pallisa KasodoSC,1.2320044388064466,33.6019957700963,1790841600000,2026-10-01T08:00:00+00:00,2026-10-01T11:00:00+03:00,27.1,0.0,776.9894,88.68,8.985579,,,,2026-10-01T08:26:03Z,2026-10-01T08:56:03Z,0
29892,516056,Budaka BudakaTC2,0.11576196513474404,33.453613566274235,1790841600000,2026-10-01T08:00:00+00:00,2026-10-01T11:00:00+03:00,27.64,0.0,949.8741,67.47,5.484092,,,,2026-10-01T08:26:03Z,2026-10-01T08:26:03Z,0
30066,49455,Kayunga DistrictAdmin,0.7203001611290255,32.893290564677095,1790841600000,2026-10-01T08:00:00+00:00,2026-10-01T11:00:00+03:00,25.13161,0.0,381.8418,75.2636,175.1064,,,wind_sensor_suspect,2026-10-01T08:26:03Z,2026-10-01T08:26:03Z,1
30143,860494,Lira NARONgetta,2.1557054334938868,32.88785061975556,1790841600000,2026-10-01T08:00:00+00:00,2026-10-01T11:00:00+03:00,25.94,0.0,863.447,84.24,8.791944,,,,2026-10-01T08:26:03Z,2026-10-01T08:56:03Z,0
30252,49521,Kyenjojo KyenjojoMC,0.6130612575199993,30.641008786833954,1790841600000,2026-10-01T08:00:00+00:00,2026-10-01T11:00:00+03:00,24.28321,0.0,796.0327,54.74479,3.942931,6.74754,,,2026-10-01T08:26:03Z,2026-10-01T08:26:03Z,0
30411,45716,Lwengo KamenyamigoNARO,-0.28429808513865706,31.664636340132986,1790841600000,2026-10-01T08:00:00+00:00,2026-10-01T11:00:00+03:00,25.15,0.0,773.9987,65.95,0.5371176,0.5676357,,,2026-10-01T08:26:03Z,2026-10-01T08:26:03Z,0
31712,518846,Sironko SironkoTC,1.2330289483318788,34.24436423053502,1790841600000,2026-10-01T08:00:00+00:00,2026-10-01T11:00:00+03:00,27.51,0.0,94.51438,60.41,6.576638,11.39849,,,2026-10-01T08:26:03Z,2026-10-01T08:26:03Z,0
32414,518863,Sironko Bugusege NARO,1.3301129163684409,33.67749128727189,1790841600000,2026-10-01T08:00:00+00:00,2026-10-01T11:00:00+03:00,24.57,0.0,116.2127,74.12,10.13809,,,,2026-10-01T08:26:03Z,2026-10-01T08:26:03Z,0
33816,512617,Buyende Kidera1,1.1427018347181084,33.27926712214954,1790841600000,2026-10-01T08:00:00+00:00,2026-10-01T11:00:00+03:00,26.88182,0.0,814.2824,68.9662,0.2868696,4.336614,,,2026-10-01T08:26:03Z,2026-10-01T08:26:03Z,0
28247,853287,KaberamaidoTC,1.3267002801667445,33.24551213582627,1790842200000,2026-10-01T08:10:00+00:00,2026-10-01T11:10:00+03:00,28.76326,0.0,909.1935,59.77264,7.293813,14.70054,,,2026-10-01T08:26:03Z,2026-10-01T08:56:03Z,0
31267,518847,Bukedea Kachumbala SC,1.2266404886375875,34.11571805530725,1790842200000,2026-10-01T08:10:00+00:00,2026-10-01T11:10:00+03:00,26.88,0.0,7.995728,58.31,7.040513,10.45548,,,2026-10-01T08:26:03Z,2026-10-01T08:56:03Z,0
31441,518845,Kapchorwa KapchorwaTC,1.3911330664844062,34.44711975629734,1790842200000,2026-10-01T08:10:00+00:00,2026-10-01T11:10:00+03:00,24.18,0.0,,48.64,0.0,0.3753719,,,2026-10-01T08:26:03Z,2026-10-01T08:56:03Z,0
8765,45675,Serere Bugondo,1.1032982147304293,33.65208682230397,1790842500000,2026-10-01T08:15:00+00:00,2026-10-01T11:15:00+03:00,29.46975,0.0,822.736,60.35401,7.251087,14.64561,,,2026-10-01T08:26:03Z,2026-10-01T09:26:03Z,0
18638,511041,Rubirizi RubiriziTC,0.12326709721562841,30.33796491610475,1790842500000,2026-10-01T08:15:00+00:00,2026-10-01T11:15:00+03:00,23.65,0.0,810.7424,99.98,7.519646,10.38529,,,2026-10-01T08:26:03Z,2026-10-01T08:56:03Z,0
19410,511043,Rubanda KarengyereNARO,-1.500172417819356,29.80055712733001,1790842500000,2026-10-01T08:15:00+00:00,2026-10-01T11:15:00+03:00,19.15,0.0,857.2823,63.61,18.35431,,,,2026-10-01T08:26:03Z,2026-10-01T08:56:03Z,0
19913,512648,Rubanda Kachwekano,-1.2492907374261277,29.94650239241936,1790842500000,2026-10-01T08:15:00+00:00,2026-10-01T11:15:00+03:00,22.89006,0.0,765.2704,49.85123,10.52567,16.03113,,,2026-10-01T08:26:03Z,2026-10-01T08:56:03Z,0
20513,512647,Kitgum2 KitgumMC,3.329416943369524,33.176767183806454,1790842500000,2026-10-01T08:15:00+00:00,2026-10-01T11:15:00+03:00,26.9,0.0,782.9709,97.03,7.901121,,,,2026-10-01T08:26:03Z,2026-10-01T08:26:03Z,0
21602,44434,Mbarara NARO,-0.33912497379417256,30.53875374336554,1790842500000,2026-10-01T08:15:00+00:00,2026-10-01T11:15:00+03:00,27.44,0.0,688.7007,58.46,5.993743,17.18166,,,2026-10-01T08:26:03Z,2026-10-01T08:26:03Z,0
22531,514574,Ntungamo NtungamoTC,-0.8743084927533056,30.25887027699915,1790842500000,2026-10-01T08:15:00+00:00,2026-10-01T11:15:00+03:00,25.23,0.0,833.1426,63.47,4.641795,,,,2026-10-01T08:26:03Z,2026-10-01T08:56:03Z,0
23570,860744,Kabarole KyembogoNARO,0.7373272793620456,30.378182216821177,1790842500000,2026-10-01T08:15:00+00:00,2026-10-01T11:15:00+03:00,22.47807,0.0,884.1992,92.16907,12.21149,22.04578,,,2026-10-01T08:26:03Z,2026-10-01T08:56:03Z,0
25858,860733,Masindi MasindiMC,1.6873183106449883,31.720847713796427,1790842500000,2026-10-01T08:15:00+00:00,2026-10-01T11:15:00+03:00,18.83,0.0,161.0132,100.0,1.562524,,,,2026-10-01T08:56:03Z,2026-10-01T08:56:03Z,0
26314,511026,Buhweju BuhwejuTC,-0.36217852027400727,30.438745738821645,1790842500000,2026-10-01T08:15:00+00:00,2026-10-01T11:15:00+03:00,25.81674,0.0,11.99359,51.70367,7.214466,,,,2026-10-01T08:26:03Z,2026-10-01T08:56:03Z,0
27204,515136,Kirihura MburoNP,-0.32644602379535037,30.558912625750658,1790842500000,2026-10-01T08:15:00+00:00,2026-10-01T11:15:00+03:00,25.93,0.0,0.0,74.64,0.7171741,0.8087282,,,2026-10-01T08:26:03Z,2026-10-01T08:26:03Z,0
27592,514557,Kampala MakerereUnv3,0.33461539452981,32.571512848339765,1790842500000,2026-10-01T08:15:00+00:00,2026-10-01T11:15:00+03:00,25.18,0.0,959.0905,71.58,5.36202,8.685435,,,2026-10-01T08:26:03Z,2026-10-01T08:26:03Z,0
27651,514554,Lamwo LamwoTC,3.5293008898067413,32.800069272228264,1790842500000,2026-10-01T08:15:00+00:00,2026-10-01T11:15:00+03:00,24.14,0.0,508.6137,82.66,7.302968,11.32525,,,2026-10-01T08:26:03Z,2026-10-01T08:26:03Z,0
28650,518275,Nakapiripirit NabulengerHCII,1.8399992209235494,34.569297846559095,1790842500000,2026-10-01T08:15:00+00:00,2026-10-01T11:15:00+03:00,27.91,0.0,458.9914,41.17,8.99382,12.08789,,,2026-10-01T08:26:03Z,2026-10-01T08:26:03Z,0
29036,514566,Nabilatuk Nabuin ZARDI,1.716485049322414,34.51313788762028,1790842500000,2026-10-01T08:15:00+00:00,2026-10-01T11:15:00+03:00,29.49,0.0,5.401694,35.81,10.05676,,,,2026-10-01T08:56:03Z,2026-10-01T08:56:03Z,0
29561,514560,Kikuube Hoima Airport,1.4920191900781956,31.31796244549898,1790842500000,2026-10-01T08:15:00+00:00,2026-10-01T11:15:00+03:00,22.77,0.0,15.53368,93.27,4.935683,,,,2026-10-01T08:26:03Z,2026-10-01T08:26:03Z,0
29756,862010,Nakasongola KalungiSC,1.2852342933913012,32.662599686414936,1790842500000,2026-10-01T08:15:00+00:00,2026-10-01T11:15:00+03:00,28.6946,0.0,758.5565,63.3753,13.21126,19.2752,,,2026-10-01T08:26:03Z,2026-10-01T08:26:03Z,0
30001,860741,Mbarara MbararaMC,-0.6104058469568668,30.637128687200217,1790842500000,2026-10-01T08:15:00+00:00,2026-10-01T11:15:00+03:00,26.61,0.0,940.566,52.19,14.94713,21.06523,,,2026-10-01T08:26:03Z,2026-10-01T08:26:03Z,0
30316,860746,Mayuge IkulweNARO,0.4388712184461232,33.476196856980515,1790842500000,2026-10-01T08:15:00+00:00,2026-10-01T11:15:00+03:00,0.0,0.0,27.58831,0.0,20.2948,,,temp_rh_dead,2026-10-01T08:26:03Z,2026-10-01T08:56:03Z,1
30347,860738,Bulambuli BuginyanyaNARO,1.2292008829492236,34.512188495373756,1790842500000,2026-10-01T08:15:00+00:00,2026-10-01T11:15:00+03:00,20.92,0.0,47.45556,93.45,0.03295949,,,,2026-10-01T08:26:03Z,2026-10-01T08:26:03Z,0
30381,45666,Mukono NtawoNARO,0.37885800528124053,32.7292665823493,1790842500000,2026-10-01T08:15:00+00:00,2026-10-01T11:15:00+03:00,24.1001,0.0,268.7724,82.71915,8.880751,15.19493,,,2026-10-01T08:26:03Z,2026-10-01T08:26:03Z,0
30476,518276,Moroto Airfield,2.499539862843011,34.60336771655714,1790842500000,2026-10-01T08:15:00+00:00,2026-10-01T11:15:00+03:00,30.17,0.0,974.9294,34.32,10.04028,,,,2026-10-01T08:26:03Z,2026-10-01T08:56:03Z,1
30518,45678,Kwania AdukuTC,2.0141834426175826,32.722869192593286,1790842500000,2026-10-01T08:15:00+00:00,2026-10-01T11:15:00+03:00,26.62,0.0,530.0374,78.71,0.0,0.0,,,2026-10-01T08:56:03Z,2026-10-01T08:56:03Z,0
30600,514575,Buvuma BuvumaCollege,0.20227217732623182,33.298299581212675,1790842500000,2026-10-01T08:15:00+00:00,2026-10-01T11:15:00+03:00,26.1,0.0,641.9165,72.78,10.0856,,,,2026-10-01T08:26:03Z,2026-10-01T08:26:03Z,0
30695,514556,EntebbeCity AirportNMC,-0.34891969990053573,30.46770493505511,1790842500000,2026-10-01T08:15:00+00:00,2026-10-01T11:15:00+03:00,25.49,0.0,812.726,73.41,15.05455,18.71061,,,2026-10-01T08:26:03Z,2026-10-01T08:26:03Z,0
30757,860735,Arua Airfield,3.022727728757243,30.902049741391995,1790842500000,2026-10-01T08:15:00+00:00,2026-10-01T11:15:00+03:00,18.38,0.0,118.2574,100.0,9.002823,11.89898,,,2026-10-01T08:26:03Z,2026-10-01T08:26:03Z,0
32252,518843,Isingiro KabuyandaTC,-0.9482535956706091,30.623306857245286,1790842500000,2026-10-01T08:15:00+00:00,2026-10-01T11:15:00+03:00,27.12,0.0,9.185931,48.15,5.703822,9.500267,,,2026-10-01T08:26:03Z,2026-10-01T08:26:03Z,0
33112,45718,Kaliro KaliroTC3,0.3200660892230024,30.52341859895648,1790842500000,2026-10-01T08:15:00+00:00,2026-10-01T11:15:00+03:00,0.0,0.0,0.0,0.0,0.8880751,0.8941787,,temp_rh_dead,2026-10-01T08:56:03Z,2026-10-01T09:26:03Z,1
28133,514567,Rukiga RwamuchuchuSC,-1.147093805481443,30.065473322928664,1790842800000,2026-10-01T08:20:00+00:00,2026-10-01T11:20:00+03:00,25.63,0.0,96.80324,39.67,10.76982,16.35462,,,2026-10-01T08:26:03Z,2026-10-01T08:26:03Z,0
14926,45633,NARO NaFIRRI,1.2369277861017918,34.56704375600076,1790843400000,2026-10-01T08:30:00+00:00,2026-10-01T11:30:00+03:00,-39.89014,0.0,574.1055,0.1022355,3.613336,8.532845,,temp_sensor_suspect,2026-10-01T08:56:03Z,2026-10-01T08:56:03Z,0
19036,511025,Kumi Mukongoro,1.3213023670796662,33.886075111016034,1790843400000,2026-10-01T08:30:00+00:00,2026-10-01T11:30:00+03:00,27.63,0.0,19.9588,76.09,8.886854,12.17975,,,2026-10-01T08:56:03Z,2026-10-01T08:56:03Z,0
19644,511034,Ntungamo RukoneEast,-0.9026492749586166,30.53713188060457,1790843400000,2026-10-01T08:30:00+00:00,2026-10-01T11:30:00+03:00,25.36,0.0,430.1824,70.58,10.64179,,,,2026-10-01T08:56:03Z,2026-10-01T09:26:03Z,0
21602,44434,Mbarara NARO,-0.33912497379417256,30.53875374336554,1790843400000,2026-10-01T08:30:00+00:00,2026-10-01T11:30:00+03:00,25.92,0.0,216.3119,58.61,6.491188,14.35264,,,2026-10-01T08:56:03Z,2026-10-01T08:56:03Z,0
22745,860739,Tororo TororoMC,0.7363404161562512,34.16750975530811,1790843400000,2026-10-01T08:30:00+00:00,2026-10-01T11:30:00+03:00,26.56,0.0,486.8849,75.57,7.943847,,,,2026-10-01T08:56:03Z,2026-10-01T09:26:03Z,0
23068,44186,Hoima Bulindi,1.4649547824354439,31.438459956597924,1790843400000,2026-10-01T08:30:00+00:00,2026-10-01T11:30:00+03:00,16.36683,0.0,35.49249,100.0,1.31838,,,,2026-10-01T08:56:03Z,2026-10-01T08:56:03Z,0
24597,511024,Kanungu KirimaSC,-0.8665190597972187,29.750001331073445,1790843400000,2026-10-01T08:30:00+00:00,2026-10-01T11:30:00+03:00,24.51,0.0,782.6352,84.65,9.732204,15.552,,,2026-10-01T08:56:03Z,2026-10-01T09:26:03Z,0
25494,45719,Wakiso KawandaNARO,0.5757356735589316,32.2094519796799,1790843400000,2026-10-01T08:30:00+00:00,2026-10-01T11:30:00+03:00,25.97543,0.0,806.0121,74.03983,10.69123,,,,2026-10-01T08:56:03Z,2026-10-01T08:56:03Z,0
28133,514567,Rukiga RwamuchuchuSC,-1.147093805481443,30.065473322928664,1790843400000,2026-10-01T08:30:00+00:00,2026-10-01T11:30:00+03:00,26.23,0.0,85.60311,39.42,8.807508,14.94774,,,2026-10-01T08:56:03Z,2026-10-01T08:56:03Z,0
28282,49381,Amolatar NamasaleHCIII2,1.890942556037648,33.03500809176537,1790843400000,2026-10-01T08:30:00+00:00,2026-10-01T11:30:00+03:00,27.93,0.0,858.1979,71.11,17.23049,23.91699,,,2026-10-01T08:56:03Z,2026-10-01T08:56:03Z,0
28465,518272,Nabilatuk NabilatukDLG,2.0853119097380035,34.60581875063605,1790843400000,2026-10-01T08:30:00+00:00,2026-10-01T11:30:00+03:00,30.55,0.0,418.8296,31.21,4.552529,8.066834,,,2026-10-01T08:56:03Z,2026-10-01T09:26:03Z,0
28650,518275,Nakapiripirit NabulengerHCII,1.8399992209235494,34.569297846559095,1790843400000,2026-10-01T08:30:00+00:00,2026-10-01T11:30:00+03:00,28.45,0.0,467.5059,39.95,8.425269,10.95079,,,2026-10-01T08:56:03Z,2026-10-01T08:56:03Z,0
28835,518279,Karenga KidepoAirfield,3.433006937417964,33.45274286601015,1790843400000,2026-10-01T08:30:00+00:00,2026-10-01T11:30:00+03:00,28.05,0.0,579.1714,42.37,8.413824,,,,2026-10-01T08:56:03Z,2026-10-01T08:56:03Z,0
29432,514563,Kikuube Hoima Sugar,1.250555426321004,31.194469848676302,1790843400000,2026-10-01T08:30:00+00:00,2026-10-01T11:30:00+03:00,23.13,0.0,18.24979,84.94,5.517662,7.547112,,,2026-10-01T08:56:03Z,2026-10-01T08:56:03Z,0
29561,514560,Kikuube Hoima Airport,1.4920191900781956,31.31796244549898,1790843400000,2026-10-01T08:30:00+00:00,2026-10-01T11:30:00+03:00,22.76,0.0,15.50317,94.79,6.892653,,,,2026-10-01T08:56:03Z,2026-10-01T08:56:03Z,0
29756,862010,Nakasongola KalungiSC,1.2852342933913012,32.662599686414936,1790843400000,2026-10-01T08:30:00+00:00,2026-10-01T11:30:00+03:00,28.94942,0.0,766.0639,58.97612,9.277486,12.87556,,,2026-10-01T08:56:03Z,2026-10-01T08:56:03Z,0
29892,516056,Budaka BudakaTC2,0.11576196513474404,33.453613566274235,1790843400000,2026-10-01T08:30:00+00:00,2026-10-01T11:30:00+03:00,27.6,0.0,599.4965,70.73,4.934768,,,,2026-10-01T08:56:03Z,2026-10-01T08:56:03Z,0
30001,860741,Mbarara MbararaMC,-0.6104058469568668,30.637128687200217,1790843400000,2026-10-01T08:30:00+00:00,2026-10-01T11:30:00+03:00,27.43,0.0,1046.494,49.91,12.87068,19.20714,,,2026-10-01T08:56:03Z,2026-10-01T08:56:03Z,0
30033,45670,Apac ApacTC,1.9892647841094635,32.531624149345156,1790843400000,2026-10-01T08:30:00+00:00,2026-10-01T11:30:00+03:00,27.62,0.0,0.0,83.37,0.0,0.0,,,2026-10-01T08:56:03Z,2026-10-01T08:56:03Z,0
30066,49455,Kayunga DistrictAdmin,0.7203001611290255,32.893290564677095,1790843400000,2026-10-01T08:30:00+00:00,2026-10-01T11:30:00+03:00,26.99474,0.0,768.4138,69.66659,175.0362,,,wind_sensor_suspect,2026-10-01T08:56:03Z,2026-10-01T09:26:03Z,1
30252,49521,Kyenjojo KyenjojoMC,0.6130612575199993,30.641008786833954,1790843400000,2026-10-01T08:30:00+00:00,2026-10-01T11:30:00+03:00,24.56245,0.0,796.9482,52.20569,4.65095,6.91844,,,2026-10-01T08:56:03Z,2026-10-01T09:26:03Z,0
30381,45666,Mukono NtawoNARO,0.37885800528124053,32.7292665823493,1790843400000,2026-10-01T08:30:00+00:00,2026-10-01T11:30:00+03:00,24.92409,0.0,453.9254,78.05142,9.594873,18.23453,,,2026-10-01T08:56:03Z,2026-10-01T08:56:03Z,0
30411,45716,Lwengo KamenyamigoNARO,-0.28429808513865706,31.664636340132986,1790843400000,2026-10-01T08:30:00+00:00,2026-10-01T11:30:00+03:00,26.08,0.0,825.8182,58.2,0.5401694,0.5676357,,,2026-10-01T08:56:03Z,2026-10-01T09:26:03Z,0
30695,514556,EntebbeCity AirportNMC,-0.34891969990053573,30.46770493505511,1790843400000,2026-10-01T08:30:00+00:00,2026-10-01T11:30:00+03:00,25.94,0.0,871.4427,76.02,14.15427,21.13069,,,2026-10-01T08:56:03Z,2026-10-01T08:56:03Z,0
31712,518846,Sironko SironkoTC,1.2330289483318788,34.24436423053502,1790843400000,2026-10-01T08:30:00+00:00,2026-10-01T11:30:00+03:00,26.96,0.0,109.2546,60.21,7.663081,11.59991,,,2026-10-01T08:56:03Z,2026-10-01T09:26:03Z,0
32252,518843,Isingiro KabuyandaTC,-0.9482535956706091,30.623306857245286,1790843400000,2026-10-01T08:30:00+00:00,2026-10-01T11:30:00+03:00,26.86,0.0,9.094377,50.75,5.477989,9.701686,,,2026-10-01T08:56:03Z,2026-10-01T08:56:03Z,0
33816,512617,Buyende Kidera1,1.1427018347181084,33.27926712214954,1790843400000,2026-10-01T08:30:00+00:00,2026-10-01T11:30:00+03:00,27.09697,0.0,799.9695,67.11528,0.0,0.0,,,2026-10-01T08:56:03Z,2026-10-01T09:26:03Z,0
12322,853288,Mukono MpomaNARO,0.4283966588777295,32.76213604190826,1790844300000,2026-10-01T08:45:00+00:00,2026-10-01T11:45:00+03:00,26.11124,0.0,483.9551,76.85207,8.923781,,,,2026-10-01T08:56:03Z,2026-10-01T08:56:03Z,0
18638,511041,Rubirizi RubiriziTC,0.12326709721562841,30.33796491610475,1790844300000,2026-10-01T08:45:00+00:00,2026-10-01T11:45:00+03:00,25.07,0.0,1026.902,95.78,6.778058,10.52567,,,2026-10-01T09:26:03Z,2026-10-01T09:26:03Z,0
18675,511038,Bushenyi KyamuhungaTC,-0.43140075953825036,30.06284619401695,1790844300000,2026-10-01T08:45:00+00:00,2026-10-01T11:45:00+03:00,21.96,0.0,841.352,97.67,7.40673,10.02213,,,2026-10-01T08:56:03Z,2026-10-01T08:56:03Z,0
18831,511028,Kibuku KadamaTC,1.230158490836445,33.75766971001673,1790844300000,2026-10-01T08:45:00+00:00,2026-10-01T11:45:00+03:00,28.07,0.0,796.643,69.86,6.124971,9.668117,,,2026-10-01T08:56:03Z,2026-10-01T08:56:03Z,0
19216,511040,Ngora Kobwin,1.3996404514823648,33.746259878723855,1790844300000,2026-10-01T08:45:00+00:00,2026-10-01T11:45:00+03:00,27.72,0.0,991.8669,63.37,9.317159,14.52354,,,2026-10-01T08:56:03Z,2026-10-01T08:56:03Z,0
19410,511043,Rubanda KarengyereNARO,-1.500172417819356,29.80055712733001,1790844300000,2026-10-01T08:45:00+00:00,2026-10-01T11:45:00+03:00,19.5,0.0,932.3568,64.39,14.70817,,,,2026-10-01T09:26:03Z,2026-10-01T09:26:03Z,0
19689,511063,Isingiro Mbaale SC,-0.8229276501909935,30.80641202589177,1790844300000,2026-10-01T08:45:00+00:00,2026-10-01T11:45:00+03:00,26.41,0.0,704.0513,65.2,8.105593,11.96307,,,2026-10-01T08:56:03Z,2026-10-01T08:56:03Z,0
20513,512647,Kitgum2 KitgumMC,3.329416943369524,33.176767183806454,1790844300000,2026-10-01T08:45:00+00:00,2026-10-01T11:45:00+03:00,27.81,0.0,794.4762,87.79,8.123903,,,,2026-10-01T08:56:03Z,2026-10-01T09:26:03Z,1
25494,45719,Wakiso KawandaNARO,0.5757356735589316,32.2094519796799,1790844300000,2026-10-01T08:45:00+00:00,2026-10-01T11:45:00+03:00,26.39047,0.0,717.5403,71.63653,8.32639,,,,2026-10-01T09:26:03Z,2026-10-01T09:56:04Z,0
26371,514572,EntebbeCity NMTS,0.002068145970468316,32.47029039760271,1790844300000,2026-10-01T08:45:00+00:00,2026-10-01T11:45:00+03:00,27.02,0.0,6.042573,69.02,6.079195,9.976348,,,2026-10-01T08:56:03Z,2026-10-01T08:56:03Z,0
26934,863098,Kampala LubigiNWSC,0.3440953682915257,32.54509647954191,1790844300000,2026-10-01T08:45:00+00:00,2026-10-01T11:45:00+03:00,25.96323,0.0,6.439307,77.2549,6.073091,9.561303,,,2026-10-01T08:56:03Z,2026-10-01T08:56:03Z,0
27204,515136,Kirihura MburoNP,-0.32644602379535037,30.558912625750658,1790844300000,2026-10-01T08:45:00+00:00,2026-10-01T11:45:00+03:00,25.93,0.0,0.0,74.64,0.6286717,0.6530862,,,2026-10-01T08:56:03Z,2026-10-01T08:56:03Z,0
27592,514557,Kampala MakerereUnv3,0.33461539452981,32.571512848339765,1790844300000,2026-10-01T08:45:00+00:00,2026-10-01T11:45:00+03:00,26.62,0.0,900.4349,64.14,3.372244,8.062867,,,2026-10-01T08:56:03Z,2026-10-01T08:56:03Z,0
27630,514559,Gulu Airfield2,2.3315839569642756,32.403314261884674,1790844300000,2026-10-01T08:45:00+00:00,2026-10-01T11:45:00+03:00,26.91,0.0,664.0421,66.33,1.248188,,,,2026-10-01T08:56:03Z,2026-10-01T09:26:03Z,0
27651,514554,Lamwo LamwoTC,3.5293008898067413,32.800069272228264,1790844300000,2026-10-01T08:45:00+00:00,2026-10-01T11:45:00+03:00,23.94,0.0,528.4199,82.92,8.889906,14.01999,,,2026-10-01T08:56:03Z,2026-10-01T09:26:03Z,0
28935,518278,Kaabong SidokHCIII,3.3616463406052675,34.12346082801267,1790844300000,2026-10-01T08:45:00+00:00,2026-10-01T11:45:00+03:00,28.2,0.0,732.0363,38.36,11.30388,,,,2026-10-01T08:56:03Z,2026-10-01T08:56:03Z,0
29180,517853,Moroto RupaSC,2.582841223352566,34.66924742947938,1790844300000,2026-10-01T08:45:00+00:00,2026-10-01T11:45:00+03:00,30.02,0.0,909.9871,33.6,14.38621,21.78683,,,2026-10-01T08:56:03Z,2026-10-01T08:56:03Z,0
29306,514576,Butaleja ButalejaTC,0.6919682458015968,34.09885656329347,1790844300000,2026-10-01T08:45:00+00:00,2026-10-01T11:45:00+03:00,29.34,0.0,1034.989,67.62,10.44404,,,,2026-10-01T08:56:03Z,2026-10-01T08:56:03Z,0
29347,862041,Kabale KabaleMC,-1.2542908115437144,29.987880749577656,1790844300000,2026-10-01T08:45:00+00:00,2026-10-01T11:45:00+03:00,25.05,0.0,993.4539,39.58,2.352483,,,,2026-10-01T08:56:03Z,2026-10-01T09:26:03Z,0
29366,860740,Kasese Airfield,0.16776145042270435,30.06946870555926,1790844300000,2026-10-01T08:45:00+00:00,2026-10-01T11:45:00+03:00,27.14,0.0,932.5704,63.04,5.108721,,,,2026-10-01T08:56:03Z,2026-10-01T08:56:03Z,0
29529,514573,Bundibugyo BundibugyoTC,0.8026268481642997,30.27578425237216,1790844300000,2026-10-01T08:45:00+00:00,2026-10-01T11:45:00+03:00,25.29,0.0,0.0,73.94,8.408789,,,,2026-10-01T08:56:03Z,2026-10-01T09:26:03Z,0
29787,862013,Kamuli Namasagali,1.0190806821802028,32.949594981070824,1790844300000,2026-10-01T08:45:00+00:00,2026-10-01T11:45:00+03:00,27.45,0.0,397.0397,88.7,4.61738,7.467765,,,2026-10-01T08:56:03Z,2026-10-01T08:56:03Z,0
29823,860732,Kotido KotidoTC,3.007038604042491,34.10733499015392,1790844300000,2026-10-01T08:45:00+00:00,2026-10-01T11:45:00+03:00,29.06,0.0,787.3045,51.3,0.0,0.0,,,2026-10-01T08:56:03Z,2026-10-01T08:56:03Z,0
29932,514577,Namutumba NamutumbaTC2,1.9758008082349363,33.56106699819666,1790844300000,2026-10-01T08:45:00+00:00,2026-10-01T11:45:00+03:00,27.82,0.0,910.5364,73.42,8.474861,12.32929,,,2026-10-01T08:56:03Z,2026-10-01T08:56:03Z,0
30283,514568,Kampala KyambogoUnv2,0.3228582483254613,32.59455916940114,1790844300000,2026-10-01T08:45:00+00:00,2026-10-01T11:45:00+03:00,27.48,0.2,848.4016,61.95,10.87251,15.6022,,,2026-10-01T08:56:03Z,2026-10-01T08:56:03Z,0
30347,860738,Bulambuli BuginyanyaNARO,1.2292008829492236,34.512188495373756,1790844300000,2026-10-01T08:45:00+00:00,2026-10-01T11:45:00+03:00,20.16,0.0,46.75364,99.48,0.09887846,,,,2026-10-01T08:56:03Z,2026-10-01T09:26:03Z,0
30600,514575,Buvuma BuvumaCollege,0.20227217732623182,33.298299581212675,1790844300000,2026-10-01T08:45:00+00:00,2026-10-01T11:45:00+03:00,26.36,0.0,411.7495,71.5,10.55528,,,,2026-10-01T08:56:03Z,2026-10-01T09:26:03Z,1
30757,860735,Arua Airfield,3.022727728757243,30.902049741391995,1790844300000,2026-10-01T08:45:00+00:00,2026-10-01T11:45:00+03:00,19.07,0.0,191.4092,100.0,10.22355,12.6833,,,2026-10-01T08:56:03Z,2026-10-01T08:56:03Z,0
31495,518862,Kapchorwa SipiTC,1.2267354469379133,34.365906405123326,1790844300000,2026-10-01T08:45:00+00:00,2026-10-01T11:45:00+03:00,21.11,0.0,0.0,75.18,5.133135,7.595941,,,2026-10-01T08:56:03Z,2026-10-01T08:56:03Z,0
31567,518860,Bulambuli Bunambutye HCIII,1.456486355349107,34.36072118430061,1790844300000,2026-10-01T08:45:00+00:00,2026-10-01T11:45:00+03:00,30.22,0.0,11.26116,42.84,10.38529,16.47059,,,2026-10-01T08:56:03Z,2026-10-01T08:56:03Z,0
31809,518861,Bulambuli Bulegeni NARO,1.2990504672186247,34.322697246680406,1790844300000,2026-10-01T08:45:00+00:00,2026-10-01T11:45:00+03:00,25.51,0.0,7.354849,64.78,8.474861,13.06477,,,2026-10-01T08:56:03Z,2026-10-01T08:56:03Z,0
32414,518863,Sironko Bugusege NARO,1.3301129163684409,33.67749128727189,1790844300000,2026-10-01T08:45:00+00:00,2026-10-01T11:45:00+03:00,24.2,0.0,89.57046,69.6,10.1564,,,,2026-10-01T08:56:03Z,2026-10-01T09:26:03Z,0
12322,853288,Mukono MpomaNARO,0.4283966588777295,32.76213604190826,1790845200000,2026-10-01T09:00:00+00:00,2026-10-01T12:00:00+03:00,25.71908,0.0,485.0233,70.84001,11.24743,,,,2026-10-01T09:26:03Z,2026-10-01T09:26:03Z,0
18675,511038,Bushenyi KyamuhungaTC,-0.43140075953825036,30.06284619401695,1790845200000,2026-10-01T09:00:00+00:00,2026-10-01T12:00:00+03:00,22.48,0.0,1100.633,95.88,7.513542,13.64157,,,2026-10-01T09:26:03Z,2026-10-01T09:26:03Z,0
18831,511028,Kibuku KadamaTC,1.230158490836445,33.75766971001673,1790845200000,2026-10-01T09:00:00+00:00,2026-10-01T12:00:00+03:00,28.45,0.0,622.6596,67.89,5.606165,9.207294,,,2026-10-01T09:26:03Z,2026-10-01T09:26:03Z,0
19036,511025,Kumi Mukongoro,1.3213023670796662,33.886075111016034,1790845200000,2026-10-01T09:00:00+00:00,2026-10-01T12:00:00+03:00,27.54,0.0,20.8133,75.11,9.179828,12.01495,,,2026-10-01T09:26:03Z,2026-10-01T09:26:03Z,0
19913,512648,Rubanda Kachwekano,-1.2492907374261277,29.94650239241936,1790845200000,2026-10-01T09:00:00+00:00,2026-10-01T12:00:00+03:00,23.33562,0.0,769.8481,47.66766,11.25811,18.94865,,,2026-10-01T09:26:03Z,2026-10-01T09:56:04Z,0
21602,44434,Mbarara NARO,-0.33912497379417256,30.53875374336554,1790845200000,2026-10-01T09:00:00+00:00,2026-10-01T12:00:00+03:00,25.99,0.0,484.0162,60.33,3.39971,11.34356,,,2026-10-01T09:26:03Z,2026-10-01T09:56:04Z,0
22531,514574,Ntungamo NtungamoTC,-0.8743084927533056,30.25887027699915,1790845200000,2026-10-01T09:00:00+00:00,2026-10-01T12:00:00+03:00,27.08,0.0,1038.071,50.86,6.57969,,,,2026-10-01T09:26:03Z,2026-10-01T09:26:03Z,0
23068,44186,Hoima Bulindi,1.4649547824354439,31.438459956597924,1790845200000,2026-10-01T09:00:00+00:00,2026-10-01T12:00:00+03:00,17.54482,0.0,122.0417,100.0,0.6797894,,,,2026-10-01T09:26:03Z,2026-10-01T09:26:03Z,0
23570,860744,Kabarole KyembogoNARO,0.7373272793620456,30.378182216821177,1790845200000,2026-10-01T09:00:00+00:00,2026-10-01T12:00:00+03:00,22.9633,0.0,891.9814,87.86603,10.50172,17.50561,,,2026-10-01T09:26:03Z,2026-10-01T09:56:04Z,0
25858,860733,Masindi MasindiMC,1.6873183106449883,31.720847713796427,1790845200000,2026-10-01T09:00:00+00:00,2026-10-01T12:00:00+03:00,20.52,0.0,272.0073,100.0,0.9857328,,,,2026-10-01T09:26:03Z,2026-10-01T09:26:03Z,0
26314,511026,Buhweju BuhwejuTC,-0.36217852027400727,30.438745738821645,1790845200000,2026-10-01T09:00:00+00:00,2026-10-01T12:00:00+03:00,24.60822,0.0,11.04753,55.17968,8.471809,,,,2026-10-01T09:26:03Z,2026-10-01T09:26:03Z,0
26371,514572,EntebbeCity NMTS,0.002068145970468316,32.47029039760271,1790845200000,2026-10-01T09:00:00+00:00,2026-10-01T12:00:00+03:00,27.02,0.0,6.225681,66.63,5.984588,9.976348,,,2026-10-01T09:26:03Z,2026-10-01T09:26:03Z,0
26934,863098,Kampala LubigiNWSC,0.3440953682915257,32.54509647954191,1790845200000,2026-10-01T09:00:00+00:00,2026-10-01T12:00:00+03:00,26.07919,0.0,6.378272,76.92226,5.264363,8.352789,,,2026-10-01T09:26:03Z,2026-10-01T09:26:03Z,0
27630,514559,Gulu Airfield2,2.3315839569642756,32.403314261884674,1790845200000,2026-10-01T09:00:00+00:00,2026-10-01T12:00:00+03:00,26.49,0.0,669.9931,64.07,8.896009,,,,2026-10-01T09:56:04Z,2026-10-01T09:56:04Z,0
28133,514567,Rukiga RwamuchuchuSC,-1.147093805481443,30.065473322928664,1790845200000,2026-10-01T09:00:00+00:00,2026-10-01T12:00:00+03:00,26.35,0.0,166.0182,40.28,9.585717,14.34348,,,2026-10-01T09:26:03Z,2026-10-01T09:26:03Z,0
28650,518275,Nakapiripirit NabulengerHCII,1.8399992209235494,34.569297846559095,1790845200000,2026-10-01T09:00:00+00:00,2026-10-01T12:00:00+03:00,29.63,0.0,529.5796,36.98,6.917372,11.83246,,,2026-10-01T09:26:03Z,2026-10-01T09:56:04Z,0
28835,518279,Karenga KidepoAirfield,3.433006937417964,33.45274286601015,1790845200000,2026-10-01T09:00:00+00:00,2026-10-01T12:00:00+03:00,28.37,0.0,374.2428,40.32,9.600977,,,,2026-10-01T09:26:03Z,2026-10-01T09:26:03Z,0
28935,518278,Kaabong SidokHCIII,3.3616463406052675,34.12346082801267,1790845200000,2026-10-01T09:00:00+00:00,2026-10-01T12:00:00+03:00,27.92,0.0,635.9045,39.04,12.67414,,,,2026-10-01T09:26:03Z,2026-10-01T09:26:03Z,0
29180,517853,Moroto RupaSC,2.582841223352566,34.66924742947938,1790845200000,2026-10-01T09:00:00+00:00,2026-10-01T12:00:00+03:00,31.24,0.0,868.1773,30.78,12.81758,21.77768,,,2026-10-01T09:26:03Z,2026-10-01T09:26:03Z,0
29432,514563,Kikuube Hoima Sugar,1.250555426321004,31.194469848676302,1790845200000,2026-10-01T09:00:00+00:00,2026-10-01T12:00:00+03:00,23.31,0.0,18.67704,85.55,6.655985,9.762722,,,2026-10-01T09:26:03Z,2026-10-01T09:26:03Z,0
29561,514560,Kikuube Hoima Airport,1.4920191900781956,31.31796244549898,1790845200000,2026-10-01T09:00:00+00:00,2026-10-01T12:00:00+03:00,22.83,0.0,15.16747,97.19,9.335774,,,,2026-10-01T09:26:03Z,2026-10-01T09:56:04Z,0
29756,862010,Nakasongola KalungiSC,1.2852342933913012,32.662599686414936,1790845200000,2026-10-01T09:00:00+00:00,2026-10-01T12:00:00+03:00,29.44839,0.0,784.5884,57.32662,10.12284,16.68422,,,2026-10-01T09:26:03Z,2026-10-01T09:56:04Z,0
29823,860732,Kotido KotidoTC,3.007038604042491,34.10733499015392,1790845200000,2026-10-01T09:00:00+00:00,2026-10-01T12:00:00+03:00,29.87,0.0,803.6927,50.53,0.0,0.0,,,2026-10-01T09:26:03Z,2026-10-01T09:26:03Z,0
29892,516056,Budaka BudakaTC2,0.11576196513474404,33.453613566274235,1790845200000,2026-10-01T09:00:00+00:00,2026-10-01T12:00:00+03:00,28.09,0.0,712.6879,70.46,7.135119,,,,2026-10-01T09:26:03Z,2026-10-01T09:56:04Z,0
29932,514577,Namutumba NamutumbaTC2,1.9758008082349363,33.56106699819666,1790845200000,2026-10-01T09:00:00+00:00,2026-10-01T12:00:00+03:00,27.77,0.0,831.7083,74.6,6.091402,12.58564,,,2026-10-01T09:26:03Z,2026-10-01T09:26:03Z,0
30143,860494,Lira NARONgetta,2.1557054334938868,32.88785061975556,1790845200000,2026-10-01T09:00:00+00:00,2026-10-01T12:00:00+03:00,26.45,0.0,644.9073,82.33,8.861982,,,,2026-10-01T09:26:03Z,2026-10-01T09:56:04Z,0
30283,514568,Kampala KyambogoUnv2,0.3228582483254613,32.59455916940114,1790845200000,2026-10-01T09:00:00+00:00,2026-10-01T12:00:00+03:00,27.13,0.0,611.1544,65.04,7.09865,15.86999,,,2026-10-01T09:26:03Z,2026-10-01T09:26:03Z,0
30316,860746,Mayuge IkulweNARO,0.4388712184461232,33.476196856980515,1790845200000,2026-10-01T09:00:00+00:00,2026-10-01T12:00:00+03:00,0.0,0.0,28.50385,0.0,18.31724,,,temp_rh_dead,2026-10-01T09:26:03Z,2026-10-01T09:26:03Z,1
30381,45666,Mukono NtawoNARO,0.37885800528124053,32.7292665823493,1790845200000,2026-10-01T09:00:00+00:00,2026-10-01T12:00:00+03:00,26.58579,0.0,523.1403,76.04333,7.861448,11.80743,,,2026-10-01T09:26:03Z,2026-10-01T09:56:04Z,0
30695,514556,EntebbeCity AirportNMC,-0.34891969990053573,30.46770493505511,1790845200000,2026-10-01T09:00:00+00:00,2026-10-01T12:00:00+03:00,26.48,0.0,982.803,75.85,10.69657,13.26619,,,2026-10-01T09:26:03Z,2026-10-01T09:26:03Z,0
31267,518847,Bukedea Kachumbala SC,1.2266404886375875,34.11571805530725,1790845200000,2026-10-01T09:00:00+00:00,2026-10-01T12:00:00+03:00,27.63,0.0,8.667125,55.08,8.358892,13.4493,,,2026-10-01T09:26:03Z,2026-10-01T09:26:03Z,0
31809,518861,Bulambuli Bulegeni NARO,1.2990504672186247,34.322697246680406,1790845200000,2026-10-01T09:00:00+00:00,2026-10-01T12:00:00+03:00,25.09,0.0,6.225681,65.39,7.711909,10.61723,,,2026-10-01T09:26:03Z,2026-10-01T09:26:03Z,0
32252,518843,Isingiro KabuyandaTC,-0.9482535956706091,30.623306857245286,1790845200000,2026-10-01T09:00:00+00:00,2026-10-01T12:00:00+03:00,27.92,0.0,9.002823,48.45,4.779126,8.2887,,,2026-10-01T09:26:03Z,2026-10-01T09:56:04Z,0
28210,514564,Kiryandongo KiryandongoSF,-1.338837687838001,30.43596025320078,1790845800000,2026-10-01T09:10:00+00:00,2026-10-01T12:10:00+03:00,27.46,0.0,587.8386,58.58,5.941863,10.18692,,,2026-10-01T09:56:04Z,2026-10-01T11:56:04Z,0
28247,853287,KaberamaidoTC,1.3267002801667445,33.24551213582627,1790845800000,2026-10-01T09:10:00+00:00,2026-10-01T12:10:00+03:00,28.84566,0.0,816.8765,58.29862,7.089341,11.91119,,,2026-10-01T09:26:03Z,2026-10-01T09:26:03Z,0
31441,518845,Kapchorwa KapchorwaTC,1.3911330664844062,34.44711975629734,1790845800000,2026-10-01T09:10:00+00:00,2026-10-01T12:10:00+03:00,24.18,0.0,,48.64,0.0,0.3967346,,,2026-10-01T09:26:03Z,2026-10-01T09:26:03Z,0
14926,45633,NARO NaFIRRI,1.2369277861017918,34.56704375600076,1790846100000,2026-10-01T09:15:00+00:00,2026-10-01T12:15:00+03:00,-39.89166,0.0,913.6797,0.1022355,6.042573,9.494164,,temp_sensor_suspect,2026-10-01T09:26:03Z,2026-10-01T09:26:03Z,0
19216,511040,Ngora Kobwin,1.3996404514823648,33.746259878723855,1790846100000,2026-10-01T09:15:00+00:00,2026-10-01T12:15:00+03:00,27.96,0.0,880.8728,63.39,8.734264,11.85016,,,2026-10-01T09:26:03Z,2026-10-01T09:26:03Z,0
19560,511036,Rukungiri RukungiriTC,-0.7824612451972481,29.919168920717752,1790846100000,2026-10-01T09:15:00+00:00,2026-10-01T12:15:00+03:00,23.57,0.0,1107.774,89.72,7.922637,,,,2026-10-01T09:26:03Z,2026-10-01T09:26:03Z,0
19689,511063,Isingiro Mbaale SC,-0.8229276501909935,30.80641202589177,1790846100000,2026-10-01T09:15:00+00:00,2026-10-01T12:15:00+03:00,27.4,0.0,893.4462,60.18,7.782101,12.53681,,,2026-10-01T09:26:03Z,2026-10-01T09:26:03Z,0
22494,511046,Bukedea BukedeaTC,1.344383477320109,34.65405915348999,1790846100000,2026-10-01T09:15:00+00:00,2026-10-01T12:15:00+03:00,28.75,0.0,635.05,62.72,5.520714,11.85626,,,2026-10-01T09:26:03Z,2026-10-01T09:26:03Z,0
25894,44432,NARO Serere2,1.5498464368665708,33.471426852949406,1790846100000,2026-10-01T09:15:00+00:00,2026-10-01T12:15:00+03:00,27.58,0.0,903.4868,62.9,9.066911,12.17365,,,2026-10-01T09:26:03Z,2026-10-01T09:26:03Z,0
26350,516055,Bushenyi PIBID2,-0.34476582916148607,30.12697463332902,1790846100000,2026-10-01T09:15:00+00:00,2026-10-01T12:15:00+03:00,19.53,0.0,625.925,67.34,6.042573,10.36393,,,2026-10-01T09:26:03Z,2026-10-01T09:26:03Z,0
27204,515136,Kirihura MburoNP,-0.32644602379535037,30.558912625750658,1790846100000,2026-10-01T09:15:00+00:00,2026-10-01T12:15:00+03:00,25.93,0.0,8.209353,74.64,0.6561379,0.701915,,,2026-10-01T09:26:03Z,2026-10-01T09:56:04Z,0
27429,853290,Tororo MoroTC,1.347804683283513,33.56157669447344,1790846100000,2026-10-01T09:15:00+00:00,2026-10-01T12:15:00+03:00,27.49,0.0,524.4831,72.31,6.192111,11.71283,,,2026-10-01T09:26:03Z,2026-10-01T09:26:03Z,0
27592,514557,Kampala MakerereUnv3,0.33461539452981,32.571512848339765,1790846100000,2026-10-01T09:15:00+00:00,2026-10-01T12:15:00+03:00,26.11,0.0,663.1876,63.81,5.886931,10.89799,,,2026-10-01T09:26:03Z,2026-10-01T09:56:04Z,0
28282,49381,Amolatar NamasaleHCIII2,1.890942556037648,33.03500809176537,1790846100000,2026-10-01T09:15:00+00:00,2026-10-01T12:15:00+03:00,28.45,0.0,910.5974,68.83,14.25498,22.78477,,,2026-10-01T09:26:03Z,2026-10-01T09:26:03Z,0
28357,518274,Amudat KaritaHCIV,1.5419923880012918,34.82910539376184,1790846100000,2026-10-01T09:15:00+00:00,2026-10-01T12:15:00+03:00,30.33,0.0,515.7855,28.96,8.30167,13.81003,,,2026-10-01T09:26:03Z,2026-10-01T09:26:03Z,0
28835,518279,Karenga KidepoAirfield,3.433006937417964,33.45274286601015,1790846100000,2026-10-01T09:15:00+00:00,2026-10-01T12:15:00+03:00,27.99,0.0,339.6353,40.64,11.88983,,,,2026-10-01T09:56:04Z,2026-10-01T10:26:04Z,0
29036,514566,Nabilatuk Nabuin ZARDI,1.716485049322414,34.51313788762028,1790846100000,2026-10-01T09:15:00+00:00,2026-10-01T12:15:00+03:00,29.79,0.0,5.035477,32.67,11.53582,,,,2026-10-01T09:26:03Z,2026-10-01T09:26:03Z,0
29306,514576,Butaleja ButalejaTC,0.6919682458015968,34.09885656329347,1790846100000,2026-10-01T09:15:00+00:00,2026-10-01T12:15:00+03:00,29.24,0.0,898.8174,64.98,13.51339,,,,2026-10-01T09:26:03Z,2026-10-01T09:56:04Z,1
29366,860740,Kasese Airfield,0.16776145042270435,30.06946870555926,1790846100000,2026-10-01T09:15:00+00:00,2026-10-01T12:15:00+03:00,27.81,0.0,940.9934,64.22,8.066834,,,,2026-10-01T09:26:03Z,2026-10-01T09:26:03Z,0
29497,514558,Bulisa ButiabaHydro,2.1126939171888264,31.436768666464783,1790846100000,2026-10-01T09:15:00+00:00,2026-10-01T12:15:00+03:00,21.94,0.0,269.3217,93.71,15.22316,,,,2026-10-01T09:26:03Z,2026-10-01T09:26:03Z,0
29593,514561,Pallisa KasodoSC,1.2320044388064466,33.6019957700963,1790846100000,2026-10-01T09:15:00+00:00,2026-10-01T12:15:00+03:00,27.9,0.0,1043.687,84.64,12.00961,,,,2026-10-01T09:26:03Z,2026-10-01T09:26:03Z,0
29787,862013,Kamuli Namasagali,1.0190806821802028,32.949594981070824,1790846100000,2026-10-01T09:15:00+00:00,2026-10-01T12:15:00+03:00,26.71,0.0,605.0203,87.51,8.01709,11.61822,,,2026-10-01T09:26:03Z,2026-10-01T09:26:03Z,0
30001,860741,Mbarara MbararaMC,-0.6104058469568668,30.637128687200217,1790846100000,2026-10-01T09:15:00+00:00,2026-10-01T12:15:00+03:00,26.13,0.0,348.7602,53.1,9.883726,15.42504,,,2026-10-01T09:26:03Z,2026-10-01T09:56:04Z,0
30033,45670,Apac ApacTC,1.9892647841094635,32.531624149345156,1790846100000,2026-10-01T09:15:00+00:00,2026-10-01T12:15:00+03:00,27.75,0.0,0.0,81.4,0.0,0.0,,,2026-10-01T09:26:03Z,2026-10-01T09:26:03Z,0
30476,518276,Moroto Airfield,2.499539862843011,34.60336771655714,1790846100000,2026-10-01T09:15:00+00:00,2026-10-01T12:15:00+03:00,31.72,0.0,832.6848,30.46,12.37629,,,,2026-10-01T09:26:03Z,2026-10-01T09:26:03Z,0
30518,45678,Kwania AdukuTC,2.0141834426175826,32.722869192593286,1790846100000,2026-10-01T09:15:00+00:00,2026-10-01T12:15:00+03:00,27.84,0.0,498.0544,76.0,0.0,0.0,,,2026-10-01T09:26:03Z,2026-10-01T09:26:03Z,0
30600,514575,Buvuma BuvumaCollege,0.20227217732623182,33.298299581212675,1790846100000,2026-10-01T09:15:00+00:00,2026-10-01T12:15:00+03:00,26.51,0.0,481.8189,73.0,9.422294,,,,2026-10-01T09:56:04Z,2026-10-01T09:56:04Z,0
30757,860735,Arua Airfield,3.022727728757243,30.902049741391995,1790846100000,2026-10-01T09:15:00+00:00,2026-10-01T12:15:00+03:00,19.66,0.0,238.7121,100.0,11.39544,14.07797,,,2026-10-01T09:26:03Z,2026-10-01T09:56:04Z,0
31495,518862,Kapchorwa SipiTC,1.2267354469379133,34.365906405123326,1790846100000,2026-10-01T09:15:00+00:00,2026-10-01T12:15:00+03:00,21.53,0.0,0.0,75.05,5.279622,8.618296,,,2026-10-01T09:26:03Z,2026-10-01T09:56:04Z,0
31567,518860,Bulambuli Bunambutye HCIII,1.456486355349107,34.36072118430061,1790846100000,2026-10-01T09:15:00+00:00,2026-10-01T12:15:00+03:00,30.98,0.0,10.19303,42.77,8.822766,16.02502,,,2026-10-01T09:26:03Z,2026-10-01T09:26:03Z,0
12322,853288,Mukono MpomaNARO,0.4283966588777295,32.76213604190826,1790847000000,2026-10-01T09:30:00+00:00,2026-10-01T12:30:00+03:00,26.73381,0.0,428.0156,68.2597,7.70428,,,,2026-10-01T09:56:04Z,2026-10-01T10:26:04Z,0
14926,45633,NARO NaFIRRI,1.2369277861017918,34.56704375600076,1790847000000,2026-10-01T09:30:00+00:00,2026-10-01T12:30:00+03:00,-39.89166,0.0,907.1794,0.1022355,5.200274,11.90509,,temp_sensor_suspect,2026-10-01T09:56:04Z,2026-10-01T09:56:04Z,0
18675,511038,Bushenyi KyamuhungaTC,-0.43140075953825036,30.06284619401695,1790847000000,2026-10-01T09:30:00+00:00,2026-10-01T12:30:00+03:00,23.52,0.0,747.631,86.6,6.15549,9.417869,,,2026-10-01T09:56:04Z,2026-10-01T10:26:04Z,0
18831,511028,Kibuku KadamaTC,1.230158490836445,33.75766971001673,1790847000000,2026-10-01T09:30:00+00:00,2026-10-01T12:30:00+03:00,28.66,0.0,609.2012,65.25,6.686503,11.8349,,,2026-10-01T09:56:04Z,2026-10-01T10:26:04Z,0
19036,511025,Kumi Mukongoro,1.3213023670796662,33.886075111016034,1790847000000,2026-10-01T09:30:00+00:00,2026-10-01T12:30:00+03:00,28.49,0.0,21.63729,72.83,9.140154,14.963,,,2026-10-01T09:56:04Z,2026-10-01T10:26:04Z,0
19216,511040,Ngora Kobwin,1.3996404514823648,33.746259878723855,1790847000000,2026-10-01T09:30:00+00:00,2026-10-01T12:30:00+03:00,28.2,0.0,1018.54,63.47,7.949951,12.49104,,,2026-10-01T09:56:04Z,2026-10-01T10:26:04Z,0
19560,511036,Rukungiri RukungiriTC,-0.7824612451972481,29.919168920717752,1790847000000,2026-10-01T09:30:00+00:00,2026-10-01T12:30:00+03:00,24.24,0.0,1077.439,85.11,10.18036,,,,2026-10-01T09:56:04Z,2026-10-01T09:56:04Z,0
22494,511046,Bukedea BukedeaTC,1.344383477320109,34.65405915348999,1790847000000,2026-10-01T09:30:00+00:00,2026-10-01T12:30:00+03:00,28.64,0.0,691.8441,63.38,5.783169,10.84306,,,2026-10-01T09:56:04Z,2026-10-01T09:56:04Z,0
23068,44186,Hoima Bulindi,1.4649547824354439,31.438459956597924,1790847000000,2026-10-01T09:30:00+00:00,2026-10-01T12:30:00+03:00,19.54071,0.0,219.4247,100.0,1.91165,,,,2026-10-01T09:56:04Z,2026-10-01T10:26:04Z,0
25858,860733,Masindi MasindiMC,1.6873183106449883,31.720847713796427,1790847000000,2026-10-01T09:30:00+00:00,2026-10-01T12:30:00+03:00,21.68,0.0,411.3832,100.0,1.803616,,,,2026-10-01T09:56:04Z,2026-10-01T09:56:04Z,0
25894,44432,NARO Serere2,1.5498464368665708,33.471426852949406,1790847000000,2026-10-01T09:30:00+00:00,2026-10-01T12:30:00+03:00,27.58,0.0,903.4868,61.52,9.066911,14.84703,,,2026-10-01T09:56:04Z,2026-10-01T09:56:04Z,0
26314,511026,Buhweju BuhwejuTC,-0.36217852027400727,30.438745738821645,1790847000000,2026-10-01T09:30:00+00:00,2026-10-01T12:30:00+03:00,25.49783,0.0,11.23064,54.08408,6.741436,,,,2026-10-01T09:56:04Z,2026-10-01T09:56:04Z,0
26350,516055,Bushenyi PIBID2,-0.34476582916148607,30.12697463332902,1790847000000,2026-10-01T09:30:00+00:00,2026-10-01T12:30:00+03:00,20.48,0.0,894.8195,62.16,7.223621,9.970244,,,2026-10-01T09:56:04Z,2026-10-01T09:56:04Z,0
26371,514572,EntebbeCity NMTS,0.002068145970468316,32.47029039760271,1790847000000,2026-10-01T09:30:00+00:00,2026-10-01T12:30:00+03:00,26.95,0.0,6.195163,65.13,6.213474,10.17472,,,2026-10-01T09:56:04Z,2026-10-01T10:26:04Z,0
27429,853290,Tororo MoroTC,1.347804683283513,33.56157669447344,1790847000000,2026-10-01T09:30:00+00:00,2026-10-01T12:30:00+03:00,28.37,0.0,675.9136,69.39,6.927596,10.49516,,,2026-10-01T09:56:04Z,2026-10-01T09:56:04Z,0
28357,518274,Amudat KaritaHCIV,1.5419923880012918,34.82910539376184,1790847000000,2026-10-01T09:30:00+00:00,2026-10-01T12:30:00+03:00,30.01,0.0,505.4704,29.51,3.720302,7.090409,,,2026-10-01T09:56:04Z,2026-10-01T09:56:04Z,0
29036,514566,Nabilatuk Nabuin ZARDI,1.716485049322414,34.51313788762028,1790847000000,2026-10-01T09:30:00+00:00,2026-10-01T12:30:00+03:00,30.48,0.0,0.0,30.65,11.98077,,,,2026-10-01T09:56:04Z,2026-10-01T10:26:04Z,0
29180,517853,Moroto RupaSC,2.582841223352566,34.66924742947938,1790847000000,2026-10-01T09:30:00+00:00,2026-10-01T12:30:00+03:00,30.1,0.0,620.2792,34.2,14.57542,24.54871,,,2026-10-01T09:56:04Z,2026-10-01T10:26:04Z,0
29432,514563,Kikuube Hoima Sugar,1.250555426321004,31.194469848676302,1790847000000,2026-10-01T09:30:00+00:00,2026-10-01T12:30:00+03:00,25.33,0.0,21.4847,78.83,5.70077,10.15946,,,2026-10-01T09:56:04Z,2026-10-01T12:26:03Z,0
29497,514558,Bulisa ButiabaHydro,2.1126939171888264,31.436768666464783,1790847000000,2026-10-01T09:30:00+00:00,2026-10-01T12:30:00+03:00,23.02,0.0,296.6049,86.92,14.00366,,,,2026-10-01T09:56:04Z,2026-10-01T09:56:04Z,0
29529,514573,Bundibugyo BundibugyoTC,0.8026268481642997,30.27578425237216,1790847000000,2026-10-01T09:30:00+00:00,2026-10-01T12:30:00+03:00,25.29,0.0,0.0,72.21,7.354085,,,,2026-10-01T09:56:04Z,2026-10-01T09:56:04Z,0
29593,514561,Pallisa KasodoSC,1.2320044388064466,33.6019957700963,1790847000000,2026-10-01T09:30:00+00:00,2026-10-01T12:30:00+03:00,27.68,0.0,1043.687,83.5,12.00961,,,,2026-10-01T09:56:04Z,2026-10-01T09:56:04Z,0
29823,860732,Kotido KotidoTC,3.007038604042491,34.10733499015392,1790847000000,2026-10-01T09:30:00+00:00,2026-10-01T12:30:00+03:00,29.63,0.0,536.9955,49.9,0.0,0.0,,,2026-10-01T09:56:04Z,2026-10-01T10:26:04Z,0
29932,514577,Namutumba NamutumbaTC2,1.9758008082349363,33.56106699819666,1790847000000,2026-10-01T09:30:00+00:00,2026-10-01T12:30:00+03:00,28.11,0.0,1003.25,72.12,10.46769,18.851,,,2026-10-01T09:56:04Z,2026-10-01T09:56:04Z,0
30066,49455,Kayunga DistrictAdmin,0.7203001611290255,32.893290564677095,1790847000000,2026-10-01T09:30:00+00:00,2026-10-01T12:30:00+03:00,28.59389,0.0,823.9567,64.74555,183.8193,,,wind_sensor_suspect,2026-10-01T09:56:04Z,2026-10-01T09:56:04Z,1
30283,514568,Kampala KyambogoUnv2,0.3228582483254613,32.59455916940114,1790847000000,2026-10-01T09:30:00+00:00,2026-10-01T12:30:00+03:00,27.38,0.0,512.4895,62.4,7.580682,12.31449,,,2026-10-01T09:56:04Z,2026-10-01T10:26:04Z,0
30476,518276,Moroto Airfield,2.499539862843011,34.60336771655714,1790847000000,2026-10-01T09:30:00+00:00,2026-10-01T12:30:00+03:00,30.46,0.0,515.6634,32.7,21.21767,,,,2026-10-01T09:56:04Z,2026-10-01T09:56:04Z,0
30518,45678,Kwania AdukuTC,2.0141834426175826,32.722869192593286,1790847000000,2026-10-01T09:30:00+00:00,2026-10-01T12:30:00+03:00,27.58,0.0,375.3109,75.14,0.0,0.0,,,2026-10-01T09:56:04Z,2026-10-01T10:26:04Z,0
30695,514556,EntebbeCity AirportNMC,-0.34891969990053573,30.46770493505511,1790847000000,2026-10-01T09:30:00+00:00,2026-10-01T12:30:00+03:00,27.15,0.0,1062.12,68.41,10.26627,14.07492,,,2026-10-01T09:56:04Z,2026-10-01T09:56:04Z,0
31441,518845,Kapchorwa KapchorwaTC,1.3911330664844062,34.44711975629734,1790847000000,2026-10-01T09:30:00+00:00,2026-10-01T12:30:00+03:00,24.18,0.0,,48.64,0.0,0.3814755,,,2026-10-01T09:56:04Z,2026-10-01T09:56:04Z,0
31567,518860,Bulambuli Bunambutye HCIII,1.456486355349107,34.36072118430061,1790847000000,2026-10-01T09:30:00+00:00,2026-10-01T12:30:00+03:00,29.75,0.0,9.887847,43.85,10.94987,13.24788,,,2026-10-01T09:56:04Z,2026-10-01T10:26:04Z,0
31809,518861,Bulambuli Bulegeni NARO,1.2990504672186247,34.322697246680406,1790847000000,2026-10-01T09:30:00+00:00,2026-10-01T12:30:00+03:00,25.29,0.0,6.073091,61.64,6.243992,9.832914,,,2026-10-01T09:56:04Z,2026-10-01T10:26:04Z,0
28247,853287,KaberamaidoTC,1.3267002801667445,33.24551213582627,1790847600000,2026-10-01T09:40:00+00:00,2026-10-01T12:40:00+03:00,28.92653,0.0,899.0616,56.34851,11.44427,17.97208,,,2026-10-01T09:56:04Z,2026-10-01T09:56:04Z,0
8765,45675,Serere Bugondo,1.1032982147304293,33.65208682230397,1790847900000,2026-10-01T09:45:00+00:00,2026-10-01T12:45:00+03:00,31.16655,0.0,850.782,53.71939,8.709849,11.83795,,,2026-10-01T09:56:04Z,2026-10-01T09:56:04Z,0
18638,511041,Rubirizi RubiriziTC,0.12326709721562841,30.33796491610475,1790847900000,2026-10-01T09:45:00+00:00,2026-10-01T12:45:00+03:00,25.36,0.0,1008.377,87.97,13.26619,18.57328,,,2026-10-01T09:56:04Z,2026-10-01T09:56:04Z,0
19410,511043,Rubanda KarengyereNARO,-1.500172417819356,29.80055712733001,1790847900000,2026-10-01T09:45:00+00:00,2026-10-01T12:45:00+03:00,19.79,0.0,705.4857,63.6,15.11192,,,,2026-10-01T09:56:04Z,2026-10-01T09:56:04Z,0
19644,511034,Ntungamo RukoneEast,-0.9026492749586166,30.53713188060457,1790847900000,2026-10-01T09:45:00+00:00,2026-10-01T12:45:00+03:00,27.83,0.0,517.403,59.26,9.475853,,,,2026-10-01T09:56:04Z,2026-10-01T09:56:04Z,0
19689,511063,Isingiro Mbaale SC,-0.8229276501909935,30.80641202589177,1790847900000,2026-10-01T09:45:00+00:00,2026-10-01T12:45:00+03:00,28.6,0.0,887.007,59.55,7.174792,13.34554,,,2026-10-01T09:56:04Z,2026-10-01T10:26:04Z,0
20513,512647,Kitgum2 KitgumMC,3.329416943369524,33.176767183806454,1790847900000,2026-10-01T09:45:00+00:00,2026-10-01T12:45:00+03:00,26.5,0.0,489.662,86.35,9.594873,,,,2026-10-01T09:56:04Z,2026-10-01T09:56:04Z,0
22531,514574,Ntungamo NtungamoTC,-0.8743084927533056,30.25887027699915,1790847900000,2026-10-01T09:45:00+00:00,2026-10-01T12:45:00+03:00,28.03,0.0,1038.224,48.68,7.064927,,,,2026-10-01T09:56:04Z,2026-10-01T09:56:04Z,0
22745,860739,Tororo TororoMC,0.7363404161562512,34.16750975530811,1790847900000,2026-10-01T09:45:00+00:00,2026-10-01T12:45:00+03:00,27.69,0.0,601.3885,72.02,5.133135,,,,2026-10-01T09:56:04Z,2026-10-01T09:56:04Z,0
24597,511024,Kanungu KirimaSC,-0.8665190597972187,29.750001331073445,1790847900000,2026-10-01T09:45:00+00:00,2026-10-01T12:45:00+03:00,25.28,0.0,705.0889,82.72,7.483025,14.70359,,,2026-10-01T09:56:04Z,2026-10-01T09:56:04Z,0
25894,44432,NARO Serere2,1.5498464368665708,33.471426852949406,1790847900000,2026-10-01T09:45:00+00:00,2026-10-01T12:45:00+03:00,28.64,0.0,949.3248,60.08,8.096437,14.04746,,,2026-10-01T10:26:04Z,2026-10-01T10:56:03Z,0
26934,863098,Kampala LubigiNWSC,0.3440953682915257,32.54509647954191,1790847900000,2026-10-01T09:45:00+00:00,2026-10-01T12:45:00+03:00,25.87778,0.0,6.347753,74.97368,4.699779,7.553216,,,2026-10-01T09:56:04Z,2026-10-01T10:26:04Z,0
27651,514554,Lamwo LamwoTC,3.5293008898067413,32.800069272228264,1790847900000,2026-10-01T09:45:00+00:00,2026-10-01T12:45:00+03:00,24.74,0.0,291.2947,80.55,7.449455,12.38422,,,2026-10-01T09:56:04Z,2026-10-01T09:56:04Z,0
28282,49381,Amolatar NamasaleHCIII2,1.890942556037648,33.03500809176537,1790847900000,2026-10-01T09:45:00+00:00,2026-10-01T12:45:00+03:00,28.67,0.0,941.085,68.69,13.73312,22.78172,,,2026-10-01T09:56:04Z,2026-10-01T10:26:04Z,0
28465,518272,Nabilatuk NabilatukDLG,2.0853119097380035,34.60581875063605,1790847900000,2026-10-01T09:45:00+00:00,2026-10-01T12:45:00+03:00,33.03,0.0,1027.817,28.1,14.57633,21.67086,,,2026-10-01T09:56:04Z,2026-10-01T09:56:04Z,0
28935,518278,Kaabong SidokHCIII,3.3616463406052675,34.12346082801267,1790847900000,2026-10-01T09:45:00+00:00,2026-10-01T12:45:00+03:00,27.19,0.0,421.1185,41.18,9.631495,,,,2026-10-01T09:56:04Z,2026-10-01T10:26:04Z,0
29306,514576,Butaleja ButalejaTC,0.6919682458015968,34.09885656329347,1790847900000,2026-10-01T09:45:00+00:00,2026-10-01T12:45:00+03:00,29.49,0.0,870.8934,64.42,10.22156,,,,2026-10-01T10:26:04Z,2026-10-01T10:26:04Z,0
29347,862041,Kabale KabaleMC,-1.2542908115437144,29.987880749577656,1790847900000,2026-10-01T09:45:00+00:00,2026-10-01T12:45:00+03:00,26.69,0.0,1063.035,39.74,2.059968,,,,2026-10-01T09:56:04Z,2026-10-01T09:56:04Z,0
29366,860740,Kasese Airfield,0.16776145042270435,30.06946870555926,1790847900000,2026-10-01T09:45:00+00:00,2026-10-01T12:45:00+03:00,28.46,0.0,922.3469,60.38,8.149234,,,,2026-10-01T09:56:04Z,2026-10-01T10:26:04Z,0
29787,862013,Kamuli Namasagali,1.0190806821802028,32.949594981070824,1790847900000,2026-10-01T09:45:00+00:00,2026-10-01T12:45:00+03:00,27.04,0.0,417.8531,82.9,7.217517,16.33021,,,2026-10-01T09:56:04Z,2026-10-01T10:26:04Z,1
30033,45670,Apac ApacTC,1.9892647841094635,32.531624149345156,1790847900000,2026-10-01T09:45:00+00:00,2026-10-01T12:45:00+03:00,27.84,0.0,0.0,80.36,0.0,0.0,,,2026-10-01T09:56:04Z,2026-10-01T10:26:04Z,0
30066,49455,Kayunga DistrictAdmin,0.7203001611290255,32.893290564677095,1790847900000,2026-10-01T09:45:00+00:00,2026-10-01T12:45:00+03:00,29.31106,0.0,760.1129,63.23643,183.1327,,,wind_sensor_suspect,2026-10-01T10:26:04Z,2026-10-01T10:26:04Z,1
30252,49521,Kyenjojo KyenjojoMC,0.6130612575199993,30.641008786833954,1790847900000,2026-10-01T09:45:00+00:00,2026-10-01T12:45:00+03:00,26.31265,0.0,467.6585,38.69535,4.217594,8.560311,,,2026-10-01T09:56:04Z,2026-10-01T09:56:04Z,0
30316,860746,Mayuge IkulweNARO,0.4388712184461232,33.476196856980515,1790847900000,2026-10-01T09:45:00+00:00,2026-10-01T12:45:00+03:00,0.0,0.0,27.31365,0.0,13.45983,,,temp_rh_dead,2026-10-01T09:56:04Z,2026-10-01T09:56:04Z,1
30347,860738,Bulambuli BuginyanyaNARO,1.2292008829492236,34.512188495373756,1790847900000,2026-10-01T09:45:00+00:00,2026-10-01T12:45:00+03:00,19.92,0.0,45.31929,99.54,0.1029984,,,,2026-10-01T09:56:04Z,2026-10-01T09:56:04Z,0
30411,45716,Lwengo KamenyamigoNARO,-0.28429808513865706,31.664636340132986,1790847900000,2026-10-01T09:45:00+00:00,2026-10-01T12:45:00+03:00,29.71,0.0,806.9581,47.7,0.5127031,0.5523766,,,2026-10-01T09:56:04Z,2026-10-01T09:56:04Z,0
31712,518846,Sironko SironkoTC,1.2330289483318788,34.24436423053502,1790847900000,2026-10-01T09:45:00+00:00,2026-10-01T12:45:00+03:00,27.15,0.0,94.8806,56.29,6.872663,10.79423,,,2026-10-01T09:56:04Z,2026-10-01T09:56:04Z,0
32414,518863,Sironko Bugusege NARO,1.3301129163684409,33.67749128727189,1790847900000,2026-10-01T09:45:00+00:00,2026-10-01T12:45:00+03:00,24.14,0.0,96.10132,69.81,9.552148,,,,2026-10-01T09:56:04Z,2026-10-01T09:56:04Z,0
33112,45718,Kaliro KaliroTC3,0.3200660892230024,30.52341859895648,1790847900000,2026-10-01T09:45:00+00:00,2026-10-01T12:45:00+03:00,0.0,0.0,0.0,0.0,0.8850232,0.8941787,,temp_rh_dead,2026-10-01T09:56:04Z,2026-10-01T09:56:04Z,1
33816,512617,Buyende Kidera1,1.1427018347181084,33.27926712214954,1790847900000,2026-10-01T09:45:00+00:00,2026-10-01T12:45:00+03:00,27.95911,0.0,690.837,64.60822,1.696803,13.89181,,,2026-10-01T09:56:04Z,2026-10-01T09:56:04Z,0
28133,514567,Rukiga RwamuchuchuSC,-1.147093805481443,30.065473322928664,1790848200000,2026-10-01T09:50:00+00:00,2026-10-01T12:50:00+03:00,26.38,0.0,181.4908,43.04,8.252079,14.90806,,,2026-10-01T09:56:04Z,2026-10-01T09:56:04Z,0
31267,518847,Bukedea Kachumbala SC,1.2266404886375875,34.11571805530725,1790848200000,2026-10-01T09:50:00+00:00,2026-10-01T12:50:00+03:00,27.81,0.0,8.056764,52.92,7.104601,10.87053,,,2026-10-01T09:56:04Z,2026-10-01T09:56:04Z,0
19410,511043,Rubanda KarengyereNARO,-1.500172417819356,29.80055712733001,1790848800000,2026-10-01T10:00:00+00:00,2026-10-01T13:00:00+03:00,20.02,0.0,971.725,61.52,15.72167,,,,2026-10-01T10:26:04Z,2026-10-01T10:26:04Z,0
19560,511036,Rukungiri RukungiriTC,-0.7824612451972481,29.919168920717752,1790848800000,2026-10-01T10:00:00+00:00,2026-10-01T13:00:00+03:00,24.12,0.0,800.3662,77.65,7.527123,,,,2026-10-01T10:26:04Z,2026-10-01T10:56:03Z,0
19644,511034,Ntungamo RukoneEast,-0.9026492749586166,30.53713188060457,1790848800000,2026-10-01T10:00:00+00:00,2026-10-01T13:00:00+03:00,28.46,0.0,1147.601,57.83,10.82307,,,,2026-10-01T10:26:04Z,2026-10-01T10:26:04Z,0
19913,512648,Rubanda Kachwekano,-1.2492907374261277,29.94650239241936,1790848800000,2026-10-01T10:00:00+00:00,2026-10-01T13:00:00+03:00,23.02586,0.0,590.9209,49.20576,9.506371,15.74426,,,2026-10-01T10:26:04Z,2026-10-01T10:26:04Z,0
22494,511046,Bukedea BukedeaTC,1.344383477320109,34.65405915348999,1790848800000,2026-10-01T10:00:00+00:00,2026-10-01T13:00:00+03:00,28.58,0.0,862.6841,63.05,6.73228,10.28763,,,2026-10-01T10:26:04Z,2026-10-01T10:56:03Z,0
22531,514574,Ntungamo NtungamoTC,-0.8743084927533056,30.25887027699915,1790848800000,2026-10-01T10:00:00+00:00,2026-10-01T13:00:00+03:00,27.51,0.0,730.8766,49.33,6.417944,,,,2026-10-01T10:26:04Z,2026-10-01T10:56:03Z,0
22745,860739,Tororo TororoMC,0.7363404161562512,34.16750975530811,1790848800000,2026-10-01T10:00:00+00:00,2026-10-01T13:00:00+03:00,28.1,0.0,594.6135,69.89,6.359961,,,,2026-10-01T10:26:04Z,2026-10-01T10:26:04Z,0
24597,511024,Kanungu KirimaSC,-0.8665190597972187,29.750001331073445,1790848800000,2026-10-01T10:00:00+00:00,2026-10-01T13:00:00+03:00,24.39,0.0,356.1761,84.69,8.92958,14.31296,,,2026-10-01T10:26:04Z,2026-10-01T10:26:04Z,0
25494,45719,Wakiso KawandaNARO,0.5757356735589316,32.2094519796799,1790848800000,2026-10-01T10:00:00+00:00,2026-10-01T13:00:00+03:00,25.55733,0.0,346.8376,74.89586,9.253376,,,,2026-10-01T10:26:04Z,2026-10-01T10:56:03Z,0
25858,860733,Masindi MasindiMC,1.6873183106449883,31.720847713796427,1790848800000,2026-10-01T10:00:00+00:00,2026-10-01T13:00:00+03:00,23.39,0.0,659.3729,100.0,0.4455635,,,,2026-10-01T10:26:04Z,2026-10-01T10:56:03Z,0
26350,516055,Bushenyi PIBID2,-0.34476582916148607,30.12697463332902,1790848800000,2026-10-01T10:00:00+00:00,2026-10-01T13:00:00+03:00,21.29,0.0,869.1539,58.37,8.917372,14.00168,,,2026-10-01T10:26:04Z,2026-10-01T10:56:03Z,0
27429,853290,Tororo MoroTC,1.347804683283513,33.56157669447344,1790848800000,2026-10-01T10:00:00+00:00,2026-10-01T13:00:00+03:00,28.23,0.0,461.4939,69.63,4.168765,6.906233,,,2026-10-01T10:26:04Z,2026-10-01T10:56:03Z,0
28357,518274,Amudat KaritaHCIV,1.5419923880012918,34.82910539376184,1790848800000,2026-10-01T10:00:00+00:00,2026-10-01T13:00:00+03:00,30.63,0.0,513.4355,28.07,6.130465,10.29984,,,2026-10-01T10:26:04Z,2026-10-01T10:56:03Z,0
28465,518272,Nabilatuk NabilatukDLG,2.0853119097380035,34.60581875063605,1790848800000,2026-10-01T10:00:00+00:00,2026-10-01T13:00:00+03:00,32.0,0.0,864.21,27.89,14.57633,20.29892,,,2026-10-01T10:26:04Z,2026-10-01T10:26:04Z,0
29036,514566,Nabilatuk Nabuin ZARDI,1.716485049322414,34.51313788762028,1790848800000,2026-10-01T10:00:00+00:00,2026-10-01T13:00:00+03:00,30.67,0.0,0.0,31.36,14.51453,,,,2026-10-01T10:56:03Z,2026-10-01T11:26:03Z,0
29347,862041,Kabale KabaleMC,-1.2542908115437144,29.987880749577656,1790848800000,2026-10-01T10:00:00+00:00,2026-10-01T13:00:00+03:00,26.14,0.0,832.6543,39.06,1.994049,,,,2026-10-01T10:26:04Z,2026-10-01T10:26:04Z,0
29497,514558,Bulisa ButiabaHydro,2.1126939171888264,31.436768666464783,1790848800000,2026-10-01T10:00:00+00:00,2026-10-01T13:00:00+03:00,23.97,0.0,240.6348,82.58,11.68826,,,,2026-10-01T10:26:04Z,2026-10-01T10:56:03Z,0
29593,514561,Pallisa KasodoSC,1.2320044388064466,33.6019957700963,1790848800000,2026-10-01T10:00:00+00:00,2026-10-01T13:00:00+03:00,28.49,0.0,1003.464,80.05,9.718928,,,,2026-10-01T10:26:04Z,2026-10-01T10:56:03Z,0
30143,860494,Lira NARONgetta,2.1557054334938868,32.88785061975556,1790848800000,2026-10-01T10:00:00+00:00,2026-10-01T13:00:00+03:00,26.56,0.0,738.5977,80.36,8.511787,,,,2026-10-01T10:26:04Z,2026-10-01T10:56:03Z,0
30252,49521,Kyenjojo KyenjojoMC,0.6130612575199993,30.641008786833954,1790848800000,2026-10-01T10:00:00+00:00,2026-10-01T13:00:00+03:00,25.81064,0.0,449.3172,41.08644,2.957198,4.88899,,,2026-10-01T10:26:04Z,2026-10-01T10:26:04Z,0
30381,45666,Mukono NtawoNARO,0.37885800528124053,32.7292665823493,1790848800000,2026-10-01T10:00:00+00:00,2026-10-01T13:00:00+03:00,26.07462,0.0,199.5575,73.22194,10.52262,17.54788,,,2026-10-01T10:26:04Z,2026-10-01T10:26:04Z,0
30411,45716,Lwengo KamenyamigoNARO,-0.28429808513865706,31.664636340132986,1790848800000,2026-10-01T10:00:00+00:00,2026-10-01T13:00:00+03:00,28.07,0.0,501.0452,49.76,5.096513,17.66079,,,2026-10-01T10:26:04Z,2026-10-01T10:26:04Z,0
30820,518844,Kanungu MatandaHCIII,-0.6465365596528061,29.742748867338342,1790848800000,2026-10-01T10:00:00+00:00,2026-10-01T13:00:00+03:00,27.46,0.0,7.202259,62.74,9.42092,14.46555,,,2026-10-01T10:26:04Z,2026-10-01T10:56:03Z,0
31441,518845,Kapchorwa KapchorwaTC,1.3911330664844062,34.44711975629734,1790848800000,2026-10-01T10:00:00+00:00,2026-10-01T13:00:00+03:00,24.18,0.0,,48.64,0.0,0.4242008,,,2026-10-01T10:26:04Z,2026-10-01T10:56:03Z,0
31495,518862,Kapchorwa SipiTC,1.2267354469379133,34.365906405123326,1790848800000,2026-10-01T10:00:00+00:00,2026-10-01T13:00:00+03:00,22.31,0.0,0.0,70.36,5.645838,8.010986,,,2026-10-01T10:26:04Z,2026-10-01T10:26:04Z,0
31712,518846,Sironko SironkoTC,1.2330289483318788,34.24436423053502,1790848800000,2026-10-01T10:00:00+00:00,2026-10-01T13:00:00+03:00,25.61,0.0,109.5293,68.63,6.485085,9.762722,,,2026-10-01T10:26:04Z,2026-10-01T10:26:04Z,0
32414,518863,Sironko Bugusege NARO,1.3301129163684409,33.67749128727189,1790848800000,2026-10-01T10:00:00+00:00,2026-10-01T13:00:00+03:00,23.63,0.2,96.37598,71.26,6.576638,,,,2026-10-01T10:26:04Z,2026-10-01T10:26:04Z,0
33112,45718,Kaliro KaliroTC3,0.3200660892230024,30.52341859895648,1790848800000,2026-10-01T10:00:00+00:00,2026-10-01T13:00:00+03:00,0.0,0.0,0.0,0.0,0.8850232,0.8911269,,temp_rh_dead,2026-10-01T10:26:04Z,2026-10-01T10:26:04Z,1
33816,512617,Buyende Kidera1,1.1427018347181084,33.27926712214954,1790848800000,2026-10-01T10:00:00+00:00,2026-10-01T13:00:00+03:00,28.0766,0.0,607.1565,64.27406,1.632715,24.51514,,,2026-10-01T10:26:04Z,2026-10-01T11:26:03Z,0
31267,518847,Bukedea Kachumbala SC,1.2266404886375875,34.11571805530725,1790849400000,2026-10-01T10:10:00+00:00,2026-10-01T13:10:00+03:00,28.14,0.0,8.514534,53.18,6.216526,12.24689,,,2026-10-01T10:26:04Z,2026-10-01T10:56:03Z,0
8765,45675,Serere Bugondo,1.1032982147304293,33.65208682230397,1790849700000,2026-10-01T10:15:00+00:00,2026-10-01T13:15:00+03:00,31.252,0.0,840.1312,51.80591,6.848249,12.36286,,,2026-10-01T10:26:04Z,2026-10-01T10:26:04Z,0
14926,45633,NARO NaFIRRI,1.2369277861017918,34.56704375600076,1790849700000,2026-10-01T10:15:00+00:00,2026-10-01T13:15:00+03:00,-39.88403,0.0,888.5023,0.1037613,4.806592,9.286641,,temp_sensor_suspect,2026-10-01T10:26:04Z,2026-10-01T10:56:03Z,0
18638,511041,Rubirizi RubiriziTC,0.12326709721562841,30.33796491610475,1790849700000,2026-10-01T10:15:00+00:00,2026-10-01T13:15:00+03:00,24.11,0.2,165.713,91.64,8.13611,10.55314,,,2026-10-01T10:26:04Z,2026-10-01T10:56:03Z,0
20513,512647,Kitgum2 KitgumMC,3.329416943369524,33.176767183806454,1790849700000,2026-10-01T10:15:00+00:00,2026-10-01T13:15:00+03:00,25.63,0.0,228.3055,96.09,6.961165,,,,2026-10-01T10:26:04Z,2026-10-01T10:26:04Z,0
21602,44434,Mbarara NARO,-0.33912497379417256,30.53875374336554,1790849700000,2026-10-01T10:15:00+00:00,2026-10-01T13:15:00+03:00,27.69,0.0,623.9414,54.83,2.963302,5.899138,,,2026-10-01T10:26:04Z,2026-10-01T10:26:04Z,0
23570,860744,Kabarole KyembogoNARO,0.7373272793620456,30.378182216821177,1790849700000,2026-10-01T10:15:00+00:00,2026-10-01T13:15:00+03:00,24.1062,0.0,659.4949,78.99443,10.08148,19.14946,,,2026-10-01T10:26:04Z,2026-10-01T10:56:03Z,0
26314,511026,Buhweju BuhwejuTC,-0.36217852027400727,30.438745738821645,1790849700000,2026-10-01T10:15:00+00:00,2026-10-01T13:15:00+03:00,25.84879,0.0,10.04044,50.70725,5.58175,,,,2026-10-01T10:26:04Z,2026-10-01T10:56:03Z,0
27204,515136,Kirihura MburoNP,-0.32644602379535037,30.558912625750658,1790849700000,2026-10-01T10:15:00+00:00,2026-10-01T13:15:00+03:00,25.93,0.0,0.0,74.64,0.6622416,0.6805524,,,2026-10-01T10:26:04Z,2026-10-01T10:26:04Z,0
27592,514557,Kampala MakerereUnv3,0.33461539452981,32.571512848339765,1790849700000,2026-10-01T10:15:00+00:00,2026-10-01T13:15:00+03:00,25.76,0.0,432.929,67.31,5.941863,8.285648,,,2026-10-01T10:26:04Z,2026-10-01T10:26:04Z,0
27630,514559,Gulu Airfield2,2.3315839569642756,32.403314261884674,1790849700000,2026-10-01T10:15:00+00:00,2026-10-01T13:15:00+03:00,26.85,0.0,638.4069,64.65,11.39544,,,,2026-10-01T10:26:04Z,2026-10-01T10:26:04Z,0
27651,514554,Lamwo LamwoTC,3.5293008898067413,32.800069272228264,1790849700000,2026-10-01T10:15:00+00:00,2026-10-01T13:15:00+03:00,24.13,0.0,331.6701,80.84,10.6508,14.63951,,,2026-10-01T10:26:04Z,2026-10-01T10:26:04Z,0
28465,518272,Nabilatuk NabilatukDLG,2.0853119097380035,34.60581875063605,1790849700000,2026-10-01T10:15:00+00:00,2026-10-01T13:15:00+03:00,31.24,0.0,364.416,29.58,10.13916,14.59281,,,2026-10-01T10:56:03Z,2026-10-01T11:26:03Z,0
28650,518275,Nakapiripirit NabulengerHCII,1.8399992209235494,34.569297846559095,1790849700000,2026-10-01T10:15:00+00:00,2026-10-01T13:15:00+03:00,31.5,0.0,471.809,32.58,5.339437,9.339894,,,2026-10-01T10:26:04Z,2026-10-01T10:26:04Z,0
29529,514573,Bundibugyo BundibugyoTC,0.8026268481642997,30.27578425237216,1790849700000,2026-10-01T10:15:00+00:00,2026-10-01T13:15:00+03:00,25.7,0.0,0.0,70.53,9.191577,,,,2026-10-01T10:26:04Z,2026-10-01T10:26:04Z,0
29561,514560,Kikuube Hoima Airport,1.4920191900781956,31.31796244549898,1790849700000,2026-10-01T10:15:00+00:00,2026-10-01T13:15:00+03:00,24.0,0.0,17.48684,82.69,11.48226,,,,2026-10-01T10:26:04Z,2026-10-01T10:26:04Z,0
29756,862010,Nakasongola KalungiSC,1.2852342933913012,32.662599686414936,1790849700000,2026-10-01T10:15:00+00:00,2026-10-01T13:15:00+03:00,29.9733,0.0,708.3543,58.30473,9.094378,13.71176,,,2026-10-01T10:26:04Z,2026-10-01T10:26:04Z,0
29892,516056,Budaka BudakaTC2,0.11576196513474404,33.453613566274235,1790849700000,2026-10-01T10:15:00+00:00,2026-10-01T13:15:00+03:00,29.28,0.0,985.4277,65.35,7.031357,,,,2026-10-01T10:26:04Z,2026-10-01T10:26:04Z,0
29932,514577,Namutumba NamutumbaTC2,1.9758008082349363,33.56106699819666,1790849700000,2026-10-01T10:15:00+00:00,2026-10-01T13:15:00+03:00,28.11,0.0,1003.25,72.12,12.80537,19.72076,,,2026-10-01T10:26:04Z,2026-10-01T10:26:04Z,0
30001,860741,Mbarara MbararaMC,-0.6104058469568668,30.637128687200217,1790849700000,2026-10-01T10:15:00+00:00,2026-10-01T13:15:00+03:00,27.62,0.0,1087.48,48.73,14.68757,22.12818,,,2026-10-01T10:26:04Z,2026-10-01T10:26:04Z,0
30316,860746,Mayuge IkulweNARO,0.4388712184461232,33.476196856980515,1790849700000,2026-10-01T10:15:00+00:00,2026-10-01T13:15:00+03:00,0.0,0.0,29.0837,0.0,13.35683,,,temp_rh_dead,2026-10-01T10:26:04Z,2026-10-01T10:56:03Z,1
30347,860738,Bulambuli BuginyanyaNARO,1.2292008829492236,34.512188495373756,1790849700000,2026-10-01T10:15:00+00:00,2026-10-01T13:15:00+03:00,20.18,0.0,44.92256,97.94,0.06591897,,,,2026-10-01T10:26:04Z,2026-10-01T10:26:04Z,0
30476,518276,Moroto Airfield,2.499539862843011,34.60336771655714,1790849700000,2026-10-01T10:15:00+00:00,2026-10-01T13:15:00+03:00,31.63,0.0,784.8936,30.65,24.17166,,,,2026-10-01T10:26:04Z,2026-10-01T10:56:03Z,0
30518,45678,Kwania AdukuTC,2.0141834426175826,32.722869192593286,1790849700000,2026-10-01T10:15:00+00:00,2026-10-01T13:15:00+03:00,28.29,0.0,684.3976,74.55,0.0,0.0,,,2026-10-01T10:56:03Z,2026-10-01T10:56:03Z,0
30600,514575,Buvuma BuvumaCollege,0.20227217732623182,33.298299581212675,1790849700000,2026-10-01T10:15:00+00:00,2026-10-01T13:15:00+03:00,27.73,0.0,805.3102,68.85,13.019,,,,2026-10-01T10:26:04Z,2026-10-01T10:26:04Z,0
30695,514556,EntebbeCity AirportNMC,-0.34891969990053573,30.46770493505511,1790849700000,2026-10-01T10:15:00+00:00,2026-10-01T13:15:00+03:00,27.67,0.0,1070.146,65.6,10.86748,20.32502,,,2026-10-01T10:26:04Z,2026-10-01T10:26:04Z,0
30757,860735,Arua Airfield,3.022727728757243,30.902049741391995,1790849700000,2026-10-01T10:15:00+00:00,2026-10-01T13:15:00+03:00,20.77,0.0,429.1447,100.0,12.05463,15.48791,,,2026-10-01T10:26:04Z,2026-10-01T10:26:04Z,0
32252,518843,Isingiro KabuyandaTC,-0.9482535956706091,30.623306857245286,1790849700000,2026-10-01T10:15:00+00:00,2026-10-01T13:15:00+03:00,30.54,0.0,9.338521,38.36,7.93164,12.12787,,,2026-10-01T10:26:04Z,2026-10-01T10:26:04Z,0
28133,514567,Rukiga RwamuchuchuSC,-1.147093805481443,30.065473322928664,1790850000000,2026-10-01T10:20:00+00:00,2026-10-01T13:20:00+03:00,25.57,0.0,182.5284,42.97,7.208362,12.13092,,,2026-10-01T10:26:04Z,2026-10-01T10:56:03Z,0
28247,853287,KaberamaidoTC,1.3267002801667445,33.24551213582627,1790850000000,2026-10-01T10:20:00+00:00,2026-10-01T13:20:00+03:00,29.67269,0.0,833.6309,55.33989,5.749599,13.29671,,,2026-10-01T10:26:04Z,2026-10-01T10:56:03Z,0
12322,853288,Mukono MpomaNARO,0.4283966588777295,32.76213604190826,1790850600000,2026-10-01T10:30:00+00:00,2026-10-01T13:30:00+03:00,27.28465,0.0,489.9977,67.82635,10.4976,,,,2026-10-01T10:56:03Z,2026-10-01T10:56:03Z,0
19644,511034,Ntungamo RukoneEast,-0.9026492749586166,30.53713188060457,1790850600000,2026-10-01T10:30:00+00:00,2026-10-01T13:30:00+03:00,29.11,0.0,663.1876,52.17,11.20211,,,,2026-10-01T10:56:03Z,2026-10-01T11:26:03Z,0
19913,512648,Rubanda Kachwekano,-1.2492907374261277,29.94650239241936,1790850600000,2026-10-01T10:30:00+00:00,2026-10-01T13:30:00+03:00,22.18967,0.0,385.1988,49.88327,10.80339,15.57031,,,2026-10-01T10:56:03Z,2026-10-01T10:56:03Z,0
21602,44434,Mbarara NARO,-0.33912497379417256,30.53875374336554,1790850600000,2026-10-01T10:30:00+00:00,2026-10-01T13:30:00+03:00,27.88,0.0,707.9271,55.58,1.586938,7.330434,,,2026-10-01T10:56:03Z,2026-10-01T10:56:03Z,0
22745,860739,Tororo TororoMC,0.7363404161562512,34.16750975530811,1790850600000,2026-10-01T10:30:00+00:00,2026-10-01T13:30:00+03:00,27.87,0.0,479.5605,71.91,6.030365,,,,2026-10-01T10:56:03Z,2026-10-01T11:26:03Z,0
23068,44186,Hoima Bulindi,1.4649547824354439,31.438459956597924,1790850600000,2026-10-01T10:30:00+00:00,2026-10-01T13:30:00+03:00,24.73029,0.0,365.6062,81.532,5.211719,,,,2026-10-01T10:56:03Z,2026-10-01T10:56:03Z,0
24597,511024,Kanungu KirimaSC,-0.8665190597972187,29.750001331073445,1790850600000,2026-10-01T10:30:00+00:00,2026-10-01T13:30:00+03:00,25.33,0.0,725.3528,84.07,8.285648,13.85824,,,2026-10-01T10:56:03Z,2026-10-01T11:26:03Z,0
27204,515136,Kirihura MburoNP,-0.32644602379535037,30.558912625750658,1790850600000,2026-10-01T10:30:00+00:00,2026-10-01T13:30:00+03:00,25.93,0.0,0.0,74.64,0.6225681,0.6500343,,,2026-10-01T10:56:03Z,2026-10-01T10:56:03Z,0
28282,49381,Amolatar NamasaleHCIII2,1.890942556037648,33.03500809176537,1790850600000,2026-10-01T10:30:00+00:00,2026-10-01T13:30:00+03:00,28.83,0.0,897.5052,67.15,14.74327,22.63523,,,2026-10-01T10:56:03Z,2026-10-01T11:26:03Z,0
28650,518275,Nakapiripirit NabulengerHCII,1.8399992209235494,34.569297846559095,1790850600000,2026-10-01T10:30:00+00:00,2026-10-01T13:30:00+03:00,31.49,0.0,502.8763,32.96,4.136415,8.495308,,,2026-10-01T10:56:03Z,2026-10-01T10:56:03Z,0
29306,514576,Butaleja ButalejaTC,0.6919682458015968,34.09885656329347,1790850600000,2026-10-01T10:30:00+00:00,2026-10-01T13:30:00+03:00,28.17,0.0,170.4433,69.69,10.79423,,,,2026-10-01T10:56:03Z,2026-10-01T10:56:03Z,0
29347,862041,Kabale KabaleMC,-1.2542908115437144,29.987880749577656,1790850600000,2026-10-01T10:30:00+00:00,2026-10-01T13:30:00+03:00,25.24,0.0,616.0372,39.54,2.121767,,,,2026-10-01T10:56:03Z,2026-10-01T11:26:03Z,0
29561,514560,Kikuube Hoima Airport,1.4920191900781956,31.31796244549898,1790850600000,2026-10-01T10:30:00+00:00,2026-10-01T13:30:00+03:00,24.02,0.0,18.12772,82.14,11.52346,,,,2026-10-01T10:56:03Z,2026-10-01T10:56:03Z,0
29756,862010,Nakasongola KalungiSC,1.2852342933913012,32.662599686414936,1790850600000,2026-10-01T10:30:00+00:00,2026-10-01T13:30:00+03:00,29.95193,0.0,673.5638,53.13802,10.46464,17.71572,,,2026-10-01T10:56:03Z,2026-10-01T10:56:03Z,0
29892,516056,Budaka BudakaTC2,0.11576196513474404,33.453613566274235,1790850600000,2026-10-01T10:30:00+00:00,2026-10-01T13:30:00+03:00,28.69,0.0,408.1483,64.76,6.454566,,,,2026-10-01T10:56:03Z,2026-10-01T10:56:03Z,0
30001,860741,Mbarara MbararaMC,-0.6104058469568668,30.637128687200217,1790850600000,2026-10-01T10:30:00+00:00,2026-10-01T13:30:00+03:00,28.15,0.0,1000.076,46.67,9.933166,14.35798,,,2026-10-01T10:56:03Z,2026-10-01T10:56:03Z,0
30033,45670,Apac ApacTC,1.9892647841094635,32.531624149345156,1790850600000,2026-10-01T10:30:00+00:00,2026-10-01T13:30:00+03:00,27.97,0.0,0.0,78.78,0.0,0.0,,,2026-10-01T10:56:03Z,2026-10-01T11:26:03Z,0
30066,49455,Kayunga DistrictAdmin,0.7203001611290255,32.893290564677095,1790850600000,2026-10-01T10:30:00+00:00,2026-10-01T13:30:00+03:00,27.55627,0.0,306.7368,69.11879,185.4948,,,wind_sensor_suspect,2026-10-01T10:56:03Z,2026-10-01T11:26:03Z,1
30252,49521,Kyenjojo KyenjojoMC,0.6130612575199993,30.641008786833954,1790850600000,2026-10-01T10:30:00+00:00,2026-10-01T13:30:00+03:00,26.41489,0.0,398.0774,34.93095,5.038529,10.84306,,,2026-10-01T10:56:03Z,2026-10-01T11:26:03Z,0
30381,45666,Mukono NtawoNARO,0.37885800528124053,32.7292665823493,1790850600000,2026-10-01T10:30:00+00:00,2026-10-01T13:30:00+03:00,27.43725,0.0,492.5307,70.17167,9.591822,17.4258,,,2026-10-01T10:56:03Z,2026-10-01T10:56:03Z,0
30411,45716,Lwengo KamenyamigoNARO,-0.28429808513865706,31.664636340132986,1790850600000,2026-10-01T10:30:00+00:00,2026-10-01T13:30:00+03:00,29.56,0.0,831.5862,48.04,3.869688,16.7422,,,2026-10-01T10:56:03Z,2026-10-01T11:26:03Z,0
30695,514556,EntebbeCity AirportNMC,-0.34891969990053573,30.46770493505511,1790850600000,2026-10-01T10:30:00+00:00,2026-10-01T13:30:00+03:00,27.67,0.0,1070.146,65.6,12.02106,20.32502,,,2026-10-01T10:56:03Z,2026-10-01T10:56:03Z,0
31712,518846,Sironko SironkoTC,1.2330289483318788,34.24436423053502,1790850600000,2026-10-01T10:30:00+00:00,2026-10-01T13:30:00+03:00,23.22,0.0,95.58251,86.97,6.649881,13.02205,,,2026-10-01T10:56:03Z,2026-10-01T11:26:03Z,0
32252,518843,Isingiro KabuyandaTC,-0.9482535956706091,30.623306857245286,1790850600000,2026-10-01T10:30:00+00:00,2026-10-01T13:30:00+03:00,30.33,0.0,9.735255,36.01,6.958114,10.9163,,,2026-10-01T10:56:03Z,2026-10-01T10:56:03Z,0
33112,45718,Kaliro KaliroTC3,0.3200660892230024,30.52341859895648,1790850600000,2026-10-01T10:30:00+00:00,2026-10-01T13:30:00+03:00,0.0,0.0,0.0,0.0,0.8819715,0.8880751,,temp_rh_dead,2026-10-01T10:56:03Z,2026-10-01T11:26:03Z,1
8765,45675,Serere Bugondo,1.1032982147304293,33.65208682230397,1790851500000,2026-10-01T10:45:00+00:00,2026-10-01T13:45:00+03:00,31.21996,0.0,578.4085,51.85931,8.572518,13.58969,,,2026-10-01T10:56:03Z,2026-10-01T11:26:03Z,0
18638,511041,Rubirizi RubiriziTC,0.12326709721562841,30.33796491610475,1790851500000,2026-10-01T10:45:00+00:00,2026-10-01T13:45:00+03:00,22.63,0.6,387.335,100.0,4.666209,8.181888,,,2026-10-01T11:26:03Z,2026-10-01T11:56:04Z,0
18675,511038,Bushenyi KyamuhungaTC,-0.43140075953825036,30.06284619401695,1790851500000,2026-10-01T10:45:00+00:00,2026-10-01T13:45:00+03:00,23.94,0.0,502.7238,87.37,10.16861,12.84199,,,2026-10-01T10:56:03Z,2026-10-01T10:56:03Z,0
18831,511028,Kibuku KadamaTC,1.230158490836445,33.75766971001673,1790851500000,2026-10-01T10:45:00+00:00,2026-10-01T13:45:00+03:00,29.74,0.0,967.1779,65.17,6.74754,11.63043,,,2026-10-01T10:56:03Z,2026-10-01T10:56:03Z,0
19036,511025,Kumi Mukongoro,1.3213023670796662,33.886075111016034,1790851500000,2026-10-01T10:45:00+00:00,2026-10-01T13:45:00+03:00,28.7,0.0,21.91195,72.83,11.22149,16.16846,,,2026-10-01T10:56:03Z,2026-10-01T10:56:03Z,0
19216,511040,Ngora Kobwin,1.3996404514823648,33.746259878723855,1790851500000,2026-10-01T10:45:00+00:00,2026-10-01T13:45:00+03:00,29.53,0.0,916.2738,59.01,7.299916,14.24277,,,2026-10-01T10:56:03Z,2026-10-01T10:56:03Z,0
19410,511043,Rubanda KarengyereNARO,-1.500172417819356,29.80055712733001,1790851500000,2026-10-01T10:45:00+00:00,2026-10-01T13:45:00+03:00,20.82,0.0,1109.27,57.44,16.36851,,,,2026-10-01T10:56:03Z,2026-10-01T11:26:03Z,1
19689,511063,Isingiro Mbaale SC,-0.8229276501909935,30.80641202589177,1790851500000,2026-10-01T10:45:00+00:00,2026-10-01T13:45:00+03:00,28.86,0.0,1119.677,55.67,8.386358,11.74029,,,2026-10-01T10:56:03Z,2026-10-01T10:56:03Z,0
20513,512647,Kitgum2 KitgumMC,3.329416943369524,33.176767183806454,1790851500000,2026-10-01T10:45:00+00:00,2026-10-01T13:45:00+03:00,25.59,0.0,244.5716,95.69,8.923475,,,,2026-10-01T10:56:03Z,2026-10-01T11:26:03Z,0
23570,860744,Kabarole KyembogoNARO,0.7373272793620456,30.378182216821177,1790851500000,2026-10-01T10:45:00+00:00,2026-10-01T13:45:00+03:00,23.5523,0.0,400.3052,81.07118,14.92653,18.81575,,,2026-10-01T11:26:03Z,2026-10-01T11:56:04Z,0
26371,514572,EntebbeCity NMTS,0.002068145970468316,32.47029039760271,1790851500000,2026-10-01T10:45:00+00:00,2026-10-01T13:45:00+03:00,28.02,0.0,7.141222,58.53,7.891966,14.00778,,,2026-10-01T10:56:03Z,2026-10-01T10:56:03Z,0
26934,863098,Kampala LubigiNWSC,0.3440953682915257,32.54509647954191,1790851500000,2026-10-01T10:45:00+00:00,2026-10-01T13:45:00+03:00,26.54307,0.0,6.164645,73.54543,6.131075,10.56229,,,2026-10-01T10:56:03Z,2026-10-01T10:56:03Z,0
27592,514557,Kampala MakerereUnv3,0.33461539452981,32.571512848339765,1790851500000,2026-10-01T10:45:00+00:00,2026-10-01T13:45:00+03:00,26.39,0.0,698.0697,65.71,6.823835,11.5053,,,2026-10-01T10:56:03Z,2026-10-01T10:56:03Z,0
27630,514559,Gulu Airfield2,2.3315839569642756,32.403314261884674,1790851500000,2026-10-01T10:45:00+00:00,2026-10-01T13:45:00+03:00,26.3,0.0,367.4067,64.06,11.94171,,,,2026-10-01T10:56:03Z,2026-10-01T10:56:03Z,0
27651,514554,Lamwo LamwoTC,3.5293008898067413,32.800069272228264,1790851500000,2026-10-01T10:45:00+00:00,2026-10-01T13:45:00+03:00,24.14,0.0,253.0861,81.06,8.767834,12.17975,,,2026-10-01T10:56:03Z,2026-10-01T11:26:03Z,0
28835,518279,Karenga KidepoAirfield,3.433006937417964,33.45274286601015,1790851500000,2026-10-01T10:45:00+00:00,2026-10-01T13:45:00+03:00,27.36,0.0,89.84512,41.81,10.05264,,,,2026-10-01T10:56:03Z,2026-10-01T10:56:03Z,0
28935,518278,Kaabong SidokHCIII,3.3616463406052675,34.12346082801267,1790851500000,2026-10-01T10:45:00+00:00,2026-10-01T13:45:00+03:00,27.33,0.0,334.02,39.78,8.252079,,,,2026-10-01T10:56:03Z,2026-10-01T10:56:03Z,0
29180,517853,Moroto RupaSC,2.582841223352566,34.66924742947938,1790851500000,2026-10-01T10:45:00+00:00,2026-10-01T13:45:00+03:00,30.34,0.0,616.0983,33.94,16.68727,27.56695,,,2026-10-01T10:56:03Z,2026-10-01T10:56:03Z,0
29366,860740,Kasese Airfield,0.16776145042270435,30.06946870555926,1790851500000,2026-10-01T10:45:00+00:00,2026-10-01T13:45:00+03:00,29.67,0.0,976.0891,55.94,3.83154,,,,2026-10-01T10:56:03Z,2026-10-01T10:56:03Z,0
29529,514573,Bundibugyo BundibugyoTC,0.8026268481642997,30.27578425237216,1790851500000,2026-10-01T10:45:00+00:00,2026-10-01T13:45:00+03:00,25.72,0.0,0.0,68.14,5.986267,,,,2026-10-01T10:56:03Z,2026-10-01T11:26:03Z,0
29787,862013,Kamuli Namasagali,1.0190806821802028,32.949594981070824,1790851500000,2026-10-01T10:45:00+00:00,2026-10-01T13:45:00+03:00,27.69,0.0,626.8712,77.54,6.305027,15.8114,,,2026-10-01T10:56:03Z,2026-10-01T10:56:03Z,0
29823,860732,Kotido KotidoTC,3.007038604042491,34.10733499015392,1790851500000,2026-10-01T10:45:00+00:00,2026-10-01T13:45:00+03:00,29.91,0.0,564.6448,50.14,0.0,0.0,,,2026-10-01T10:56:03Z,2026-10-01T11:26:03Z,0
29932,514577,Namutumba NamutumbaTC2,1.9758008082349363,33.56106699819666,1790851500000,2026-10-01T10:45:00+00:00,2026-10-01T13:45:00+03:00,28.97,0.0,668.2536,70.19,11.55718,15.18578,,,2026-10-01T10:56:03Z,2026-10-01T10:56:03Z,0
30283,514568,Kampala KyambogoUnv2,0.3228582483254613,32.59455916940114,1790851500000,2026-10-01T10:45:00+00:00,2026-10-01T13:45:00+03:00,27.71,0.4,457.8622,60.51,7.963836,13.69467,,,2026-10-01T10:56:03Z,2026-10-01T10:56:03Z,0
30347,860738,Bulambuli BuginyanyaNARO,1.2292008829492236,34.512188495373756,1790851500000,2026-10-01T10:45:00+00:00,2026-10-01T13:45:00+03:00,20.75,0.0,45.07515,92.2,0.1071183,,,,2026-10-01T10:56:03Z,2026-10-01T11:26:03Z,0
30600,514575,Buvuma BuvumaCollege,0.20227217732623182,33.298299581212675,1790851500000,2026-10-01T10:45:00+00:00,2026-10-01T13:45:00+03:00,26.68,0.0,408.9418,71.9,11.6347,,,,2026-10-01T10:56:03Z,2026-10-01T11:26:03Z,1
30757,860735,Arua Airfield,3.022727728757243,30.902049741391995,1790851500000,2026-10-01T10:45:00+00:00,2026-10-01T13:45:00+03:00,21.84,0.0,516.7925,100.0,10.17777,15.36889,,,2026-10-01T10:56:03Z,2026-10-01T11:26:03Z,0
31495,518862,Kapchorwa SipiTC,1.2267354469379133,34.365906405123326,1790851500000,2026-10-01T10:45:00+00:00,2026-10-01T13:45:00+03:00,22.31,0.0,5.218585,63.66,4.773022,6.988632,,,2026-10-01T10:56:03Z,2026-10-01T10:56:03Z,0
31567,518860,Bulambuli Bunambutye HCIII,1.456486355349107,34.36072118430061,1790851500000,2026-10-01T10:45:00+00:00,2026-10-01T13:45:00+03:00,32.05,0.0,11.41375,38.67,11.57549,18.48783,,,2026-10-01T10:56:03Z,2026-10-01T10:56:03Z,0
31809,518861,Bulambuli Bulegeni NARO,1.2990504672186247,34.322697246680406,1790851500000,2026-10-01T10:45:00+00:00,2026-10-01T13:45:00+03:00,23.9,0.0,5.004959,68.61,9.039444,11.44732,,,2026-10-01T10:56:03Z,2026-10-01T10:56:03Z,0
32414,518863,Sironko Bugusege NARO,1.3301129163684409,33.67749128727189,1790851500000,2026-10-01T10:45:00+00:00,2026-10-01T13:45:00+03:00,17.63,1.2,111.8181,93.53,11.20012,,,,2026-10-01T10:56:03Z,2026-10-01T11:26:03Z,0
12322,853288,Mukono MpomaNARO,0.4283966588777295,32.76213604190826,1790852400000,2026-10-01T11:00:00+00:00,2026-10-01T14:00:00+03:00,27.11681,0.0,404.5777,70.77744,8.861982,,,,2026-10-01T11:26:03Z,2026-10-01T11:26:03Z,0
18675,511038,Bushenyi KyamuhungaTC,-0.43140075953825036,30.06284619401695,1790852400000,2026-10-01T11:00:00+00:00,2026-10-01T14:00:00+03:00,23.34,0.0,353.6736,90.91,6.939803,11.02312,,,2026-10-01T11:26:03Z,2026-10-01T11:26:03Z,0
18831,511028,Kibuku KadamaTC,1.230158490836445,33.75766971001673,1790852400000,2026-10-01T11:00:00+00:00,2026-10-01T14:00:00+03:00,28.84,0.0,380.0412,66.98,6.52781,13.70565,,,2026-10-01T11:26:03Z,2026-10-01T11:26:03Z,0
19036,511025,Kumi Mukongoro,1.3213023670796662,33.886075111016034,1790852400000,2026-10-01T11:00:00+00:00,2026-10-01T14:00:00+03:00,29.2,0.0,22.03403,71.61,10.33341,18.92729,,,2026-10-01T11:26:03Z,2026-10-01T11:26:03Z,0
19913,512648,Rubanda Kachwekano,-1.2492907374261277,29.94650239241936,1790852400000,2026-10-01T11:00:00+00:00,2026-10-01T14:00:00+03:00,24.61433,0.0,820.386,45.81827,10.89189,17.27016,,,2026-10-01T11:26:03Z,2026-10-01T11:56:04Z,0
21602,44434,Mbarara NARO,-0.33912497379417256,30.53875374336554,1790852400000,2026-10-01T11:00:00+00:00,2026-10-01T14:00:00+03:00,26.65,0.0,371.8929,61.37,5.255208,11.47784,,,2026-10-01T11:26:03Z,2026-10-01T11:56:04Z,0
22531,514574,Ntungamo NtungamoTC,-0.8743084927533056,30.25887027699915,1790852400000,2026-10-01T11:00:00+00:00,2026-10-01T14:00:00+03:00,28.74,0.0,987.9606,47.86,7.52575,,,,2026-10-01T11:26:03Z,2026-10-01T11:56:04Z,0
26371,514572,EntebbeCity NMTS,0.002068145970468316,32.47029039760271,1790852400000,2026-10-01T11:00:00+00:00,2026-10-01T14:00:00+03:00,28.33,0.0,6.561379,57.53,6.564431,9.796292,,,2026-10-01T11:26:03Z,2026-10-01T11:26:03Z,0
27630,514559,Gulu Airfield2,2.3315839569642756,32.403314261884674,1790852400000,2026-10-01T11:00:00+00:00,2026-10-01T14:00:00+03:00,26.3,0.0,367.4067,66.94,11.94171,,,,2026-10-01T11:26:03Z,2026-10-01T11:26:03Z,0
28133,514567,Rukiga RwamuchuchuSC,-1.147093805481443,30.065473322928664,1790852400000,2026-10-01T11:00:00+00:00,2026-10-01T14:00:00+03:00,27.38,0.0,167.7577,39.17,5.789273,8.920424,,,2026-10-01T11:26:03Z,2026-10-01T11:56:04Z,0
28357,518274,Amudat KaritaHCIV,1.5419923880012918,34.82910539376184,1790852400000,2026-10-01T11:00:00+00:00,2026-10-01T14:00:00+03:00,31.11,0.0,569.4972,25.99,9.376974,12.7924,,,2026-10-01T11:26:03Z,2026-10-01T11:26:03Z,0
28650,518275,Nakapiripirit NabulengerHCII,1.8399992209235494,34.569297846559095,1790852400000,2026-10-01T11:00:00+00:00,2026-10-01T14:00:00+03:00,32.09,0.0,487.0375,31.95,4.985122,8.281071,,,2026-10-01T11:26:03Z,2026-10-01T11:56:04Z,0
29180,517853,Moroto RupaSC,2.582841223352566,34.66924742947938,1790852400000,2026-10-01T11:00:00+00:00,2026-10-01T14:00:00+03:00,31.01,0.0,811.2001,31.83,16.77882,26.58121,,,2026-10-01T11:26:03Z,2026-10-01T11:26:03Z,0
29561,514560,Kikuube Hoima Airport,1.4920191900781956,31.31796244549898,1790852400000,2026-10-01T11:00:00+00:00,2026-10-01T14:00:00+03:00,24.38,0.0,18.70756,82.58,12.11673,,,,2026-10-01T11:26:03Z,2026-10-01T11:56:04Z,0
29892,516056,Budaka BudakaTC2,0.11576196513474404,33.453613566274235,1790852400000,2026-10-01T11:00:00+00:00,2026-10-01T14:00:00+03:00,28.67,0.0,337.1634,65.94,4.342718,,,,2026-10-01T11:26:03Z,2026-10-01T11:56:04Z,0
29932,514577,Namutumba NamutumbaTC2,1.9758008082349363,33.56106699819666,1790852400000,2026-10-01T11:00:00+00:00,2026-10-01T14:00:00+03:00,28.38,0.0,568.6427,71.34,12.32929,22.06149,,,2026-10-01T11:26:03Z,2026-10-01T11:26:03Z,0
30283,514568,Kampala KyambogoUnv2,0.3228582483254613,32.59455916940114,1790852400000,2026-10-01T11:00:00+00:00,2026-10-01T14:00:00+03:00,27.86,0.2,599.0997,65.24,10.23804,17.50149,,,2026-10-01T11:26:03Z,2026-10-01T11:26:03Z,0
30316,860746,Mayuge IkulweNARO,0.4388712184461232,33.476196856980515,1790852400000,2026-10-01T11:00:00+00:00,2026-10-01T14:00:00+03:00,0.0,0.0,30.91478,0.0,15.6228,,,temp_rh_dead,2026-10-01T11:26:03Z,2026-10-01T11:56:04Z,1
30695,514556,EntebbeCity AirportNMC,-0.34891969990053573,30.46770493505511,1790852400000,2026-10-01T11:00:00+00:00,2026-10-01T14:00:00+03:00,27.89,0.0,923.415,62.71,12.52155,16.69337,,,2026-10-01T11:26:03Z,2026-10-01T11:56:04Z,0
31267,518847,Bukedea Kachumbala SC,1.2266404886375875,34.11571805530725,1790852400000,2026-10-01T11:00:00+00:00,2026-10-01T14:00:00+03:00,27.55,0.0,7.965209,49.81,5.438315,8.233768,,,2026-10-01T11:26:03Z,2026-10-01T11:56:04Z,0
31809,518861,Bulambuli Bulegeni NARO,1.2990504672186247,34.322697246680406,1790852400000,2026-10-01T11:00:00+00:00,2026-10-01T14:00:00+03:00,22.09,0.0,0.0,72.41,10.25406,17.30068,,,2026-10-01T11:26:03Z,2026-10-01T11:26:03Z,0
32252,518843,Isingiro KabuyandaTC,-0.9482535956706091,30.623306857245286,1790852400000,2026-10-01T11:00:00+00:00,2026-10-01T14:00:00+03:00,29.69,0.0,8.880751,36.49,5.102617,8.49012,,,2026-10-01T11:26:03Z,2026-10-01T11:56:04Z,0
30820,518844,Kanungu MatandaHCIII,-0.6465365596528061,29.742748867338342,1790853000000,2026-10-01T11:10:00+00:00,2026-10-01T14:10:00+03:00,28.44,0.0,8.758678,52.85,9.259174,11.24895,,,2026-10-01T11:26:03Z,2026-10-01T11:26:03Z,0
31441,518845,Kapchorwa KapchorwaTC,1.3911330664844062,34.44711975629734,1790853000000,2026-10-01T11:10:00+00:00,2026-10-01T14:10:00+03:00,24.18,0.0,,48.64,0.0,0.3997864,,,2026-10-01T11:26:03Z,2026-10-01T11:26:03Z,0
14926,45633,NARO NaFIRRI,1.2369277861017918,34.56704375600076,1790853300000,2026-10-01T11:15:00+00:00,2026-10-01T14:15:00+03:00,-39.88251,0.0,270.4509,0.1022355,4.599069,7.193103,,temp_sensor_suspect,2026-10-01T11:26:03Z,2026-10-01T11:26:03Z,0
19216,511040,Ngora Kobwin,1.3996404514823648,33.746259878723855,1790853300000,2026-10-01T11:15:00+00:00,2026-10-01T14:15:00+03:00,30.04,0.0,893.5683,57.66,7.293813,11.27031,,,2026-10-01T11:26:03Z,2026-10-01T11:56:04Z,0
19560,511036,Rukungiri RukungiriTC,-0.7824612451972481,29.919168920717752,1790853300000,2026-10-01T11:15:00+00:00,2026-10-01T14:15:00+03:00,23.43,0.0,577.3709,85.12,10.24628,,,,2026-10-01T11:26:03Z,2026-10-01T11:26:03Z,0
19689,511063,Isingiro Mbaale SC,-0.8229276501909935,30.80641202589177,1790853300000,2026-10-01T11:15:00+00:00,2026-10-01T14:15:00+03:00,28.18,0.0,830.8232,63.5,10.6569,18.0148,,,2026-10-01T11:26:03Z,2026-10-01T11:56:04Z,0
22494,511046,Bukedea BukedeaTC,1.344383477320109,34.65405915348999,1790853300000,2026-10-01T11:15:00+00:00,2026-10-01T14:15:00+03:00,30.45,0.0,636.7285,56.14,0.5188068,4.409857,,,2026-10-01T11:26:03Z,2026-10-01T11:26:03Z,0
23068,44186,Hoima Bulindi,1.4649547824354439,31.438459956597924,1790853300000,2026-10-01T11:15:00+00:00,2026-10-01T14:15:00+03:00,25.77859,0.0,396.6125,74.40147,2.57908,,,,2026-10-01T11:26:03Z,2026-10-01T11:26:03Z,0
25494,45719,Wakiso KawandaNARO,0.5757356735589316,32.2094519796799,1790853300000,2026-10-01T11:15:00+00:00,2026-10-01T14:15:00+03:00,27.03288,0.0,366.0334,67.44183,12.82124,,,,2026-10-01T11:26:03Z,2026-10-01T11:56:04Z,0
25858,860733,Masindi MasindiMC,1.6873183106449883,31.720847713796427,1790853300000,2026-10-01T11:15:00+00:00,2026-10-01T14:15:00+03:00,25.64,0.0,417.67,99.23,1.754788,,,,2026-10-01T11:26:03Z,2026-10-01T11:26:03Z,0
25894,44432,NARO Serere2,1.5498464368665708,33.471426852949406,1790853300000,2026-10-01T11:15:00+00:00,2026-10-01T14:15:00+03:00,29.42,0.0,760.4486,53.24,9.835966,18.50309,,,2026-10-01T11:26:03Z,2026-10-01T11:26:03Z,0
26314,511026,Buhweju BuhwejuTC,-0.36217852027400727,30.438745738821645,1790853300000,2026-10-01T11:15:00+00:00,2026-10-01T14:15:00+03:00,26.12192,0.0,9.643703,51.38018,6.570535,,,,2026-10-01T11:26:03Z,2026-10-01T11:26:03Z,0
26350,516055,Bushenyi PIBID2,-0.34476582916148607,30.12697463332902,1790853300000,2026-10-01T11:15:00+00:00,2026-10-01T14:15:00+03:00,22.11,0.0,972.1523,53.05,10.30289,15.43603,,,2026-10-01T11:26:03Z,2026-10-01T11:56:04Z,0
26934,863098,Kampala LubigiNWSC,0.3440953682915257,32.54509647954191,1790853300000,2026-10-01T11:15:00+00:00,2026-10-01T14:15:00+03:00,26.93523,0.0,6.073091,70.80186,7.193103,12.33845,,,2026-10-01T11:26:03Z,2026-10-01T11:56:04Z,0
27204,515136,Kirihura MburoNP,-0.32644602379535037,30.558912625750658,1790853300000,2026-10-01T11:15:00+00:00,2026-10-01T14:15:00+03:00,25.93,0.0,50.26322,74.64,0.7141222,0.7782101,,,2026-10-01T11:26:03Z,2026-10-01T11:56:04Z,1
27429,853290,Tororo MoroTC,1.347804683283513,33.56157669447344,1790853300000,2026-10-01T11:15:00+00:00,2026-10-01T14:15:00+03:00,22.01,0.0,44.34272,94.38,6.167697,10.35477,,,2026-10-01T11:26:03Z,2026-10-01T11:26:03Z,0
27592,514557,Kampala MakerereUnv3,0.33461539452981,32.571512848339765,1790853300000,2026-10-01T11:15:00+00:00,2026-10-01T14:15:00+03:00,26.22,0.0,515.877,66.88,7.42504,12.10956,,,2026-10-01T11:26:03Z,2026-10-01T11:56:04Z,0
28835,518279,Karenga KidepoAirfield,3.433006937417964,33.45274286601015,1790853300000,2026-10-01T11:15:00+00:00,2026-10-01T14:15:00+03:00,23.15,1.0,104.4633,65.06,9.9794,,,,2026-10-01T11:26:03Z,2026-10-01T11:26:03Z,0
28935,518278,Kaabong SidokHCIII,3.3616463406052675,34.12346082801267,1790853300000,2026-10-01T11:15:00+00:00,2026-10-01T14:15:00+03:00,27.15,0.0,302.7695,38.33,9.723049,,,,2026-10-01T11:26:03Z,2026-10-01T11:56:04Z,0
29306,514576,Butaleja ButalejaTC,0.6919682458015968,34.09885656329347,1790853300000,2026-10-01T11:15:00+00:00,2026-10-01T14:15:00+03:00,27.21,0.0,141.146,75.88,3.86862,,,,2026-10-01T11:26:03Z,2026-10-01T11:26:03Z,0
29366,860740,Kasese Airfield,0.16776145042270435,30.06946870555926,1790853300000,2026-10-01T11:15:00+00:00,2026-10-01T14:15:00+03:00,30.13,0.0,909.4683,53.76,8.861982,,,,2026-10-01T11:26:03Z,2026-10-01T11:56:04Z,0
29497,514558,Bulisa ButiabaHydro,2.1126939171888264,31.436768666464783,1790853300000,2026-10-01T11:15:00+00:00,2026-10-01T14:15:00+03:00,28.71,0.0,1028.519,68.76,2.929274,,,,2026-10-01T11:26:03Z,2026-10-01T11:26:03Z,0
29593,514561,Pallisa KasodoSC,1.2320044388064466,33.6019957700963,1790853300000,2026-10-01T11:15:00+00:00,2026-10-01T14:15:00+03:00,28.38,0.0,806.2257,78.37,10.83131,,,,2026-10-01T11:26:03Z,2026-10-01T11:26:03Z,0
29756,862010,Nakasongola KalungiSC,1.2852342933913012,32.662599686414936,1790853300000,2026-10-01T11:15:00+00:00,2026-10-01T14:15:00+03:00,30.1091,0.0,525.8564,51.73877,9.011978,17.34951,,,2026-10-01T11:26:03Z,2026-10-01T11:56:04Z,0
29787,862013,Kamuli Namasagali,1.0190806821802028,32.949594981070824,1790853300000,2026-10-01T11:15:00+00:00,2026-10-01T14:15:00+03:00,29.23,0.0,789.6239,71.8,6.741436,10.70573,,,2026-10-01T11:26:03Z,2026-10-01T11:56:04Z,0
30001,860741,Mbarara MbararaMC,-0.6104058469568668,30.637128687200217,1790853300000,2026-10-01T11:15:00+00:00,2026-10-01T14:15:00+03:00,27.6,0.0,510.1701,48.13,8.688945,14.06958,,,2026-10-01T11:26:03Z,2026-10-01T11:56:04Z,0
30143,860494,Lira NARONgetta,2.1557054334938868,32.88785061975556,1790853300000,2026-10-01T11:15:00+00:00,2026-10-01T14:15:00+03:00,27.58,0.0,671.8853,74.6,9.414054,,,,2026-10-01T11:26:03Z,2026-10-01T11:26:03Z,0
30381,45666,Mukono NtawoNARO,0.37885800528124053,32.7292665823493,1790853300000,2026-10-01T11:15:00+00:00,2026-10-01T14:15:00+03:00,27.03441,0.0,343.6027,71.4641,9.408713,14.963,,,2026-10-01T11:26:03Z,2026-10-01T11:56:04Z,1
30476,518276,Moroto Airfield,2.499539862843011,34.60336771655714,1790853300000,2026-10-01T11:15:00+00:00,2026-10-01T14:15:00+03:00,31.97,0.0,702.3118,30.03,25.58892,,,,2026-10-01T11:26:03Z,2026-10-01T11:26:03Z,0
30518,45678,Kwania AdukuTC,2.0141834426175826,32.722869192593286,1790853300000,2026-10-01T11:15:00+00:00,2026-10-01T14:15:00+03:00,28.63,0.0,684.3976,72.46,0.0,0.0,,,2026-10-01T11:26:03Z,2026-10-01T11:26:03Z,0
30757,860735,Arua Airfield,3.022727728757243,30.902049741391995,1790853300000,2026-10-01T11:15:00+00:00,2026-10-01T14:15:00+03:00,23.05,0.0,594.2168,94.8,7.849241,10.69657,,,2026-10-01T11:56:04Z,2026-10-01T11:56:04Z,0
31495,518862,Kapchorwa SipiTC,1.2267354469379133,34.365906405123326,1790853300000,2026-10-01T11:15:00+00:00,2026-10-01T14:15:00+03:00,20.39,0.0,0.0,77.15,7.110704,11.62432,,,2026-10-01T11:26:03Z,2026-10-01T11:26:03Z,0
31567,518860,Bulambuli Bunambutye HCIII,1.456486355349107,34.36072118430061,1790853300000,2026-10-01T11:15:00+00:00,2026-10-01T14:15:00+03:00,30.37,0.0,9.9794,46.53,17.96597,28.56184,,,2026-10-01T11:26:03Z,2026-10-01T11:56:04Z,0
28247,853287,KaberamaidoTC,1.3267002801667445,33.24551213582627,1790853600000,2026-10-01T11:20:00+00:00,2026-10-01T14:20:00+03:00,29.16609,0.0,556.0693,55.43908,10.29068,16.69032,,,2026-10-01T11:26:03Z,2026-10-01T11:26:03Z,0
12322,853288,Mukono MpomaNARO,0.4283966588777295,32.76213604190826,1790854200000,2026-10-01T11:30:00+00:00,2026-10-01T14:30:00+03:00,26.70329,0.0,270.4204,71.82422,9.335774,,,,2026-10-01T11:56:04Z,2026-10-01T12:26:03Z,0
19560,511036,Rukungiri RukungiriTC,-0.7824612451972481,29.919168920717752,1790854200000,2026-10-01T11:30:00+00:00,2026-10-01T14:30:00+03:00,24.2,0.0,901.0147,83.23,12.916,,,,2026-10-01T11:56:04Z,2026-10-01T11:56:04Z,0
19644,511034,Ntungamo RukoneEast,-0.9026492749586166,30.53713188060457,1790854200000,2026-10-01T11:30:00+00:00,2026-10-01T14:30:00+03:00,29.23,0.0,391.7601,51.85,10.58412,,,,2026-10-01T11:56:04Z,2026-10-01T11:56:04Z,0
22494,511046,Bukedea BukedeaTC,1.344383477320109,34.65405915348999,1790854200000,2026-10-01T11:30:00+00:00,2026-10-01T14:30:00+03:00,28.9,0.0,164.7364,61.1,10.49516,27.85382,,,2026-10-01T11:56:04Z,2026-10-01T11:56:04Z,0
24597,511024,Kanungu KirimaSC,-0.8665190597972187,29.750001331073445,1790854200000,2026-10-01T11:30:00+00:00,2026-10-01T14:30:00+03:00,25.63,0.0,509.1936,80.72,7.513542,13.14107,,,2026-10-01T11:56:04Z,2026-10-01T11:56:04Z,0
25858,860733,Masindi MasindiMC,1.6873183106449883,31.720847713796427,1790854200000,2026-10-01T11:30:00+00:00,2026-10-01T14:30:00+03:00,25.93,0.0,483.1922,97.68,2.34989,,,,2026-10-01T11:56:04Z,2026-10-01T11:56:04Z,0
25894,44432,NARO Serere2,1.5498464368665708,33.471426852949406,1790854200000,2026-10-01T11:30:00+00:00,2026-10-01T14:30:00+03:00,29.74,0.0,763.6835,53.48,10.50431,19.51324,,,2026-10-01T11:56:04Z,2026-10-01T11:56:04Z,0
27429,853290,Tororo MoroTC,1.347804683283513,33.56157669447344,1790854200000,2026-10-01T11:30:00+00:00,2026-10-01T14:30:00+03:00,21.76,0.0,44.46479,93.86,6.332494,9.756618,,,2026-10-01T11:56:04Z,2026-10-01T11:56:04Z,0
27630,514559,Gulu Airfield2,2.3315839569642756,32.403314261884674,1790854200000,2026-10-01T11:30:00+00:00,2026-10-01T14:30:00+03:00,26.13,0.0,382.3606,66.82,5.938811,,,,2026-10-01T11:56:04Z,2026-10-01T12:26:03Z,0
28357,518274,Amudat KaritaHCIV,1.5419923880012918,34.82910539376184,1790854200000,2026-10-01T11:30:00+00:00,2026-10-01T14:30:00+03:00,31.09,0.0,251.4077,25.75,4.758526,8.173953,,,2026-10-01T11:56:04Z,2026-10-01T11:56:04Z,0
29306,514576,Butaleja ButalejaTC,0.6919682458015968,34.09885656329347,1790854200000,2026-10-01T11:30:00+00:00,2026-10-01T14:30:00+03:00,26.45,0.0,85.63363,75.88,3.86862,,,,2026-10-01T11:56:04Z,2026-10-01T11:56:04Z,0
29497,514558,Bulisa ButiabaHydro,2.1126939171888264,31.436768666464783,1790854200000,2026-10-01T11:30:00+00:00,2026-10-01T14:30:00+03:00,28.25,0.0,1041.489,70.16,4.717327,,,,2026-10-01T11:56:04Z,2026-10-01T11:56:04Z,0
29529,514573,Bundibugyo BundibugyoTC,0.8026268481642997,30.27578425237216,1790854200000,2026-10-01T11:30:00+00:00,2026-10-01T14:30:00+03:00,25.96,0.0,0.0,66.71,5.722591,,,,2026-10-01T11:56:04Z,2026-10-01T12:26:03Z,0
29593,514561,Pallisa KasodoSC,1.2320044388064466,33.6019957700963,1790854200000,2026-10-01T11:30:00+00:00,2026-10-01T14:30:00+03:00,28.95,0.0,783.917,76.76,9.405813,,,,2026-10-01T11:56:04Z,2026-10-01T11:56:04Z,0
29932,514577,Namutumba NamutumbaTC2,1.9758008082349363,33.56106699819666,1790854200000,2026-10-01T11:30:00+00:00,2026-10-01T14:30:00+03:00,28.23,0.0,263.4012,68.98,7.364004,13.41573,,,2026-10-01T11:56:04Z,2026-10-01T12:26:03Z,0
30033,45670,Apac ApacTC,1.9892647841094635,32.531624149345156,1790854200000,2026-10-01T11:30:00+00:00,2026-10-01T14:30:00+03:00,27.85,0.0,0.0,79.72,0.0,0.0,,,2026-10-01T11:56:04Z,2026-10-01T11:56:04Z,0
30066,49455,Kayunga DistrictAdmin,0.7203001611290255,32.893290564677095,1790854200000,2026-10-01T11:30:00+00:00,2026-10-01T14:30:00+03:00,28.81819,0.0,368.5969,61.73038,193.0907,,,wind_sensor_suspect,2026-10-01T11:56:04Z,2026-10-01T11:56:04Z,1
30143,860494,Lira NARONgetta,2.1557054334938868,32.88785061975556,1790854200000,2026-10-01T11:30:00+00:00,2026-10-01T14:30:00+03:00,27.85,0.0,753.6736,73.83,9.517052,,,,2026-10-01T11:56:04Z,2026-10-01T11:56:04Z,0
30252,49521,Kyenjojo KyenjojoMC,0.6130612575199993,30.641008786833954,1790854200000,2026-10-01T11:30:00+00:00,2026-10-01T14:30:00+03:00,27.44183,0.0,957.4426,35.40704,4.638743,9.726101,,,2026-10-01T11:56:04Z,2026-10-01T12:26:03Z,0
30283,514568,Kampala KyambogoUnv2,0.3228582483254613,32.59455916940114,1790854200000,2026-10-01T11:30:00+00:00,2026-10-01T14:30:00+03:00,27.29,0.4,404.8219,62.43,8.29343,15.30968,,,2026-10-01T11:56:04Z,2026-10-01T12:26:03Z,0
30411,45716,Lwengo KamenyamigoNARO,-0.28429808513865706,31.664636340132986,1790854200000,2026-10-01T11:30:00+00:00,2026-10-01T14:30:00+03:00,28.66,0.0,260.9293,48.25,1.113909,5.548181,,,2026-10-01T11:56:04Z,2026-10-01T11:56:04Z,0
30518,45678,Kwania AdukuTC,2.0141834426175826,32.722869192593286,1790854200000,2026-10-01T11:30:00+00:00,2026-10-01T14:30:00+03:00,28.64,0.0,464.5762,69.34,0.0,0.0,,,2026-10-01T11:56:04Z,2026-10-01T11:56:04Z,0
30600,514575,Buvuma BuvumaCollege,0.20227217732623182,33.298299581212675,1790854200000,2026-10-01T11:30:00+00:00,2026-10-01T14:30:00+03:00,28.3,0.0,861.8296,64.76,11.6553,,,,2026-10-01T11:56:04Z,2026-10-01T12:26:03Z,0
31441,518845,Kapchorwa KapchorwaTC,1.3911330664844062,34.44711975629734,1790854200000,2026-10-01T11:30:00+00:00,2026-10-01T14:30:00+03:00,24.18,0.0,,48.64,0.0,0.3631647,,,2026-10-01T11:56:04Z,2026-10-01T11:56:04Z,0
31495,518862,Kapchorwa SipiTC,1.2267354469379133,34.365906405123326,1790854200000,2026-10-01T11:30:00+00:00,2026-10-01T14:30:00+03:00,20.36,0.0,0.0,79.81,7.559319,11.61822,,,2026-10-01T11:56:04Z,2026-10-01T11:56:04Z,0
30820,518844,Kanungu MatandaHCIII,-0.6465365596528061,29.742748867338342,1790854800000,2026-10-01T11:40:00+00:00,2026-10-01T14:40:00+03:00,28.62,0.0,9.124895,52.83,8.584726,11.24895,,,2026-10-01T11:56:04Z,2026-10-01T11:56:04Z,0
8765,45675,Serere Bugondo,1.1032982147304293,33.65208682230397,1790855100000,2026-10-01T11:45:00+00:00,2026-10-01T14:45:00+03:00,30.44022,0.0,489.0211,57.5494,9.610132,14.7921,,,2026-10-01T11:56:04Z,2026-10-01T11:56:04Z,0
14926,45633,NARO NaFIRRI,1.2369277861017918,34.56704375600076,1790855100000,2026-10-01T11:45:00+00:00,2026-10-01T14:45:00+03:00,-39.88098,0.0,321.6602,0.1052873,5.783169,11.10552,,temp_sensor_suspect,2026-10-01T11:56:04Z,2026-10-01T12:26:03Z,0
18675,511038,Bushenyi KyamuhungaTC,-0.43140075953825036,30.06284619401695,1790855100000,2026-10-01T11:45:00+00:00,2026-10-01T14:45:00+03:00,20.73,0.0,178.7442,95.83,6.668193,9.57351,,,2026-10-01T11:56:04Z,2026-10-01T12:26:03Z,0
18831,511028,Kibuku KadamaTC,1.230158490836445,33.75766971001673,1790855100000,2026-10-01T11:45:00+00:00,2026-10-01T14:45:00+03:00,28.06,0.0,118.9593,69.31,6.994736,19.62615,,,2026-10-01T11:56:04Z,2026-10-01T12:26:03Z,0
19036,511025,Kumi Mukongoro,1.3213023670796662,33.886075111016034,1790855100000,2026-10-01T11:45:00+00:00,2026-10-01T14:45:00+03:00,29.9,0.0,22.4918,70.17,6.576638,10.63554,,,2026-10-01T11:56:04Z,2026-10-01T12:26:03Z,0
19410,511043,Rubanda KarengyereNARO,-1.500172417819356,29.80055712733001,1790855100000,2026-10-01T11:45:00+00:00,2026-10-01T14:45:00+03:00,21.13,0.0,1020.066,59.68,13.70291,,,,2026-10-01T11:56:04Z,2026-10-01T11:56:04Z,0
20513,512647,Kitgum2 KitgumMC,3.329416943369524,33.176767183806454,1790855100000,2026-10-01T11:45:00+00:00,2026-10-01T14:45:00+03:00,26.24,0.0,525.9785,85.01,7.006943,,,,2026-10-01T11:56:04Z,2026-10-01T11:56:04Z,0
22745,860739,Tororo TororoMC,0.7363404161562512,34.16750975530811,1790855100000,2026-10-01T11:45:00+00:00,2026-10-01T14:45:00+03:00,22.31,0.0,78.06516,82.27,9.463645,,,,2026-10-01T11:56:04Z,2026-10-01T11:56:04Z,0
23068,44186,Hoima Bulindi,1.4649547824354439,31.438459956597924,1790855100000,2026-10-01T11:45:00+00:00,2026-10-01T14:45:00+03:00,26.63309,0.0,416.5408,71.91119,5.973907,,,,2026-10-01T11:56:04Z,2026-10-01T12:26:03Z,0
25858,860733,Masindi MasindiMC,1.6873183106449883,31.720847713796427,1790855100000,2026-10-01T11:45:00+00:00,2026-10-01T14:45:00+03:00,26.18,0.0,647.5013,92.52,5.297933,,,,2026-10-01T12:26:03Z,2026-10-01T12:26:03Z,0
26314,511026,Buhweju BuhwejuTC,-0.36217852027400727,30.438745738821645,1790855100000,2026-10-01T11:45:00+00:00,2026-10-01T14:45:00+03:00,27.3228,0.0,8.728161,50.04654,5.087358,,,,2026-10-01T11:56:04Z,2026-10-01T12:26:03Z,1
26350,516055,Bushenyi PIBID2,-0.34476582916148607,30.12697463332902,1790855100000,2026-10-01T11:45:00+00:00,2026-10-01T14:45:00+03:00,22.27,0.0,838.3001,49.54,9.5552,14.22141,,,2026-10-01T12:26:03Z,2026-10-01T12:56:05Z,0
26371,514572,EntebbeCity NMTS,0.002068145970468316,32.47029039760271,1790855100000,2026-10-01T11:45:00+00:00,2026-10-01T14:45:00+03:00,29.05,0.0,7.232776,61.2,4.184024,5.947967,,,2026-10-01T11:56:04Z,2026-10-01T12:26:03Z,0
27651,514554,Lamwo LamwoTC,3.5293008898067413,32.800069272228264,1790855100000,2026-10-01T11:45:00+00:00,2026-10-01T14:45:00+03:00,24.72,0.0,280.9186,81.43,9.036392,13.18379,,,2026-10-01T11:56:04Z,2026-10-01T11:56:04Z,0
28282,49381,Amolatar NamasaleHCIII2,1.890942556037648,33.03500809176537,1790855100000,2026-10-01T11:45:00+00:00,2026-10-01T14:45:00+03:00,29.07,0.0,732.9824,66.62,16.11658,25.94949,,,2026-10-01T11:56:04Z,2026-10-01T11:56:04Z,0
28465,518272,Nabilatuk NabilatukDLG,2.0853119097380035,34.60581875063605,1790855100000,2026-10-01T11:45:00+00:00,2026-10-01T14:45:00+03:00,32.1,0.0,513.4661,27.91,13.54635,17.0483,,,2026-10-01T11:56:04Z,2026-10-01T11:56:04Z,0
28835,518279,Karenga KidepoAirfield,3.433006937417964,33.45274286601015,1790855100000,2026-10-01T11:45:00+00:00,2026-10-01T14:45:00+03:00,23.89,0.0,97.65774,72.44,4.205386,,,,2026-10-01T11:56:04Z,2026-10-01T12:26:03Z,1
29036,514566,Nabilatuk Nabuin ZARDI,1.716485049322414,34.51313788762028,1790855100000,2026-10-01T11:45:00+00:00,2026-10-01T14:45:00+03:00,31.24,0.0,5.279622,29.72,15.24376,,,,2026-10-01T11:56:04Z,2026-10-01T11:56:04Z,0
29180,517853,Moroto RupaSC,2.582841223352566,34.66924742947938,1790855100000,2026-10-01T11:45:00+00:00,2026-10-01T14:45:00+03:00,29.73,0.0,474.3115,33.48,15.86328,31.39086,,,2026-10-01T11:56:04Z,2026-10-01T12:26:03Z,0
29347,862041,Kabale KabaleMC,-1.2542908115437144,29.987880749577656,1790855100000,2026-10-01T11:45:00+00:00,2026-10-01T14:45:00+03:00,26.27,0.0,818.4024,40.19,2.010529,,,,2026-10-01T11:56:04Z,2026-10-01T11:56:04Z,0
29823,860732,Kotido KotidoTC,3.007038604042491,34.10733499015392,1790855100000,2026-10-01T11:45:00+00:00,2026-10-01T14:45:00+03:00,30.32,0.0,437.2015,49.55,0.0,0.0,,,2026-10-01T11:56:04Z,2026-10-01T12:26:03Z,0
30347,860738,Bulambuli BuginyanyaNARO,1.2292008829492236,34.512188495373756,1790855100000,2026-10-01T11:45:00+00:00,2026-10-01T14:45:00+03:00,18.37,0.0,40.19226,88.32,0.0,,,,2026-10-01T11:56:04Z,2026-10-01T11:56:04Z,0
30476,518276,Moroto Airfield,2.499539862843011,34.60336771655714,1790855100000,2026-10-01T11:45:00+00:00,2026-10-01T14:45:00+03:00,31.68,0.0,742.2599,29.71,26.75898,,,,2026-10-01T11:56:04Z,2026-10-01T12:26:03Z,1
30518,45678,Kwania AdukuTC,2.0141834426175826,32.722869192593286,1790855100000,2026-10-01T11:45:00+00:00,2026-10-01T14:45:00+03:00,28.51,0.0,359.2889,69.98,0.0,0.0,,,2026-10-01T12:26:03Z,2026-10-01T12:26:03Z,0
31712,518846,Sironko SironkoTC,1.2330289483318788,34.24436423053502,1790855100000,2026-10-01T11:45:00+00:00,2026-10-01T14:45:00+03:00,20.11,0.2,116.8536,88.51,10.85527,17.59976,,,2026-10-01T11:56:04Z,2026-10-01T11:56:04Z,0
31809,518861,Bulambuli Bulegeni NARO,1.2990504672186247,34.322697246680406,1790855100000,2026-10-01T11:45:00+00:00,2026-10-01T14:45:00+03:00,22.24,0.0,0.0,65.15,12.01495,18.30167,,,2026-10-01T11:56:04Z,2026-10-01T12:26:03Z,0
32414,518863,Sironko Bugusege NARO,1.3301129163684409,33.67749128727189,1790855100000,2026-10-01T11:45:00+00:00,2026-10-01T14:45:00+03:00,17.37,0.6,118.2879,93.66,6.625467,,,,2026-10-01T11:56:04Z,2026-10-01T11:56:04Z,0
33112,45718,Kaliro KaliroTC3,0.3200660892230024,30.52341859895648,1790855100000,2026-10-01T11:45:00+00:00,2026-10-01T14:45:00+03:00,0.0,0.0,0.0,0.0,0.8819715,0.8880751,,temp_rh_dead,2026-10-01T11:56:04Z,2026-10-01T11:56:04Z,1
33816,512617,Buyende Kidera1,1.1427018347181084,33.27926712214954,1790855100000,2026-10-01T11:45:00+00:00,2026-10-01T14:45:00+03:00,29.35073,0.0,515.4193,57.54177,0.0,0.0,,,2026-10-01T11:56:04Z,2026-10-01T11:56:04Z,0
28247,853287,KaberamaidoTC,1.3267002801667445,33.24551213582627,1790855400000,2026-10-01T11:50:00+00:00,2026-10-01T14:50:00+03:00,30.08011,0.0,681.2543,51.98138,9.884794,13.96201,,,2026-10-01T11:56:04Z,2026-10-01T12:26:03Z,0
19216,511040,Ngora Kobwin,1.3996404514823648,33.746259878723855,1790856000000,2026-10-01T12:00:00+00:00,2026-10-01T15:00:00+03:00,29.58,0.0,759.6246,63.76,8.42298,12.63142,,,2026-10-01T12:26:03Z,2026-10-01T12:56:05Z,0
19560,511036,Rukungiri RukungiriTC,-0.7824612451972481,29.919168920717752,1790856000000,2026-10-01T12:00:00+00:00,2026-10-01T15:00:00+03:00,24.56,0.0,689.4942,82.52,13.71939,,,,2026-10-01T12:26:03Z,2026-10-01T12:56:05Z,0
19644,511034,Ntungamo RukoneEast,-0.9026492749586166,30.53713188060457,1790856000000,2026-10-01T12:00:00+00:00,2026-10-01T15:00:00+03:00,29.05,0.0,277.5616,51.9,10.53056,,,,2026-10-01T12:26:03Z,2026-10-01T12:26:03Z,0
19689,511063,Isingiro Mbaale SC,-0.8229276501909935,30.80641202589177,1790856000000,2026-10-01T12:00:00+00:00,2026-10-01T15:00:00+03:00,28.21,0.0,639.3835,60.27,10.36088,14.76463,,,2026-10-01T12:26:03Z,2026-10-01T12:56:05Z,0
19913,512648,Rubanda Kachwekano,-1.2492907374261277,29.94650239241936,1790856000000,2026-10-01T12:00:00+00:00,2026-10-01T15:00:00+03:00,23.9704,0.0,671.4885,46.99779,10.4036,20.65766,,,2026-10-01T12:26:03Z,2026-10-01T12:26:03Z,0
21602,44434,Mbarara NARO,-0.33912497379417256,30.53875374336554,1790856000000,2026-10-01T12:00:00+00:00,2026-10-01T15:00:00+03:00,28.7,0.0,717.7539,56.04,0.0,0.0,,,2026-10-01T12:26:03Z,2026-10-01T12:26:03Z,0
22745,860739,Tororo TororoMC,0.7363404161562512,34.16750975530811,1790856000000,2026-10-01T12:00:00+00:00,2026-10-01T15:00:00+03:00,21.97,0.0,65.67483,82.07,8.886854,,,,2026-10-01T12:26:03Z,2026-10-01T12:26:03Z,0
24597,511024,Kanungu KirimaSC,-0.8665190597972187,29.750001331073445,1790856000000,2026-10-01T12:00:00+00:00,2026-10-01T15:00:00+03:00,25.54,0.0,546.1815,80.84,7.754635,10.51042,,,2026-10-01T12:26:03Z,2026-10-01T12:26:03Z,0
25494,45719,Wakiso KawandaNARO,0.5757356735589316,32.2094519796799,1790856000000,2026-10-01T12:00:00+00:00,2026-10-01T15:00:00+03:00,27.74091,0.0,476.997,64.98665,12.09613,,,,2026-10-01T12:26:03Z,2026-10-01T13:26:04Z,0
25894,44432,NARO Serere2,1.5498464368665708,33.471426852949406,1790856000000,2026-10-01T12:00:00+00:00,2026-10-01T15:00:00+03:00,30.42,0.0,753.3684,53.17,7.550164,10.9163,,,2026-10-01T12:26:03Z,2026-10-01T12:56:05Z,0
26934,863098,Kampala LubigiNWSC,0.3440953682915257,32.54509647954191,1790856000000,2026-10-01T12:00:00+00:00,2026-10-01T15:00:00+03:00,27.42657,0.0,6.012054,69.03639,6.768902,9.92752,,,2026-10-01T12:26:03Z,2026-10-01T12:26:03Z,0
27429,853290,Tororo MoroTC,1.347804683283513,33.56157669447344,1790856000000,2026-10-01T12:00:00+00:00,2026-10-01T15:00:00+03:00,21.02,0.0,46.44846,94.47,5.813687,8.548104,,,2026-10-01T12:26:03Z,2026-10-01T12:56:05Z,0
28282,49381,Amolatar NamasaleHCIII2,1.890942556037648,33.03500809176537,1790856000000,2026-10-01T12:00:00+00:00,2026-10-01T15:00:00+03:00,29.59,0.0,706.157,65.11,14.13291,23.71862,,,2026-10-01T12:26:03Z,2026-10-01T12:26:03Z,0
28465,518272,Nabilatuk NabilatukDLG,2.0853119097380035,34.60581875063605,1790856000000,2026-10-01T12:00:00+00:00,2026-10-01T15:00:00+03:00,31.19,0.0,189.9443,29.23,7.271687,11.33394,,,2026-10-01T12:26:03Z,2026-10-01T12:26:03Z,0
28935,518278,Kaabong SidokHCIII,3.3616463406052675,34.12346082801267,1790856000000,2026-10-01T12:00:00+00:00,2026-10-01T15:00:00+03:00,27.56,0.0,486.1525,36.91,9.259174,,,,2026-10-01T12:26:03Z,2026-10-01T12:56:05Z,0
29036,514566,Nabilatuk Nabuin ZARDI,1.716485049322414,34.51313788762028,1790856000000,2026-10-01T12:00:00+00:00,2026-10-01T15:00:00+03:00,31.6,0.0,5.737392,29.47,10.63355,,,,2026-10-01T12:26:03Z,2026-10-01T12:26:03Z,0
29306,514576,Butaleja ButalejaTC,0.6919682458015968,34.09885656329347,1790856000000,2026-10-01T12:00:00+00:00,2026-10-01T15:00:00+03:00,21.07,0.8,27.64935,97.75,16.54154,,,,2026-10-01T12:26:03Z,2026-10-01T12:56:05Z,0
29366,860740,Kasese Airfield,0.16776145042270435,30.06946870555926,1790856000000,2026-10-01T12:00:00+00:00,2026-10-01T15:00:00+03:00,30.74,0.0,895.9182,44.4,7.345846,,,,2026-10-01T12:26:03Z,2026-10-01T12:56:05Z,0
29497,514558,Bulisa ButiabaHydro,2.1126939171888264,31.436768666464783,1790856000000,2026-10-01T12:00:00+00:00,2026-10-01T15:00:00+03:00,29.29,0.0,898.2681,68.26,4.441291,,,,2026-10-01T12:26:03Z,2026-10-01T12:56:05Z,0
29561,514560,Kikuube Hoima Airport,1.4920191900781956,31.31796244549898,1790856000000,2026-10-01T12:00:00+00:00,2026-10-01T15:00:00+03:00,26.19,0.0,18.98222,71.47,9.105059,,,,2026-10-01T12:26:03Z,2026-10-01T12:26:03Z,0
29593,514561,Pallisa KasodoSC,1.2320044388064466,33.6019957700963,1790856000000,2026-10-01T12:00:00+00:00,2026-10-01T15:00:00+03:00,29.0,0.0,585.5497,73.07,7.951477,,,,2026-10-01T12:26:03Z,2026-10-01T12:56:05Z,0
29787,862013,Kamuli Namasagali,1.0190806821802028,32.949594981070824,1790856000000,2026-10-01T12:00:00+00:00,2026-10-01T15:00:00+03:00,28.46,0.0,420.1724,72.6,6.509499,10.25406,,,2026-10-01T12:26:03Z,2026-10-01T12:56:05Z,0
30033,45670,Apac ApacTC,1.9892647841094635,32.531624149345156,1790856000000,2026-10-01T12:00:00+00:00,2026-10-01T15:00:00+03:00,27.32,0.0,0.0,86.59,0.0,0.0,,,2026-10-01T12:26:03Z,2026-10-01T12:26:03Z,0
30066,49455,Kayunga DistrictAdmin,0.7203001611290255,32.893290564677095,1790856000000,2026-10-01T12:00:00+00:00,2026-10-01T15:00:00+03:00,27.62798,0.0,206.0273,68.2597,183.0228,,,wind_sensor_suspect,2026-10-01T12:26:03Z,2026-10-01T12:26:03Z,1
30411,45716,Lwengo KamenyamigoNARO,-0.28429808513865706,31.664636340132986,1790856000000,2026-10-01T12:00:00+00:00,2026-10-01T15:00:00+03:00,29.99,0.0,638.8952,45.98,0.5249103,0.5737392,,,2026-10-01T12:26:03Z,2026-10-01T12:56:05Z,0
31441,518845,Kapchorwa KapchorwaTC,1.3911330664844062,34.44711975629734,1790856000000,2026-10-01T12:00:00+00:00,2026-10-01T15:00:00+03:00,24.18,0.0,,48.64,0.0,0.3356985,,,2026-10-01T12:26:03Z,2026-10-01T12:56:05Z,0
31495,518862,Kapchorwa SipiTC,1.2267354469379133,34.365906405123326,1790856000000,2026-10-01T12:00:00+00:00,2026-10-01T15:00:00+03:00,20.92,0.0,0.0,71.04,8.191043,12.82368,,,2026-10-01T12:26:03Z,2026-10-01T12:56:05Z,0
31567,518860,Bulambuli Bunambutye HCIII,1.456486355349107,34.36072118430061,1790856000000,2026-10-01T12:00:00+00:00,2026-10-01T15:00:00+03:00,29.59,0.0,8.239872,44.73,22.39719,26.1387,,,2026-10-01T12:26:03Z,2026-10-01T12:56:05Z,0
31712,518846,Sironko SironkoTC,1.2330289483318788,34.24436423053502,1790856000000,2026-10-01T12:00:00+00:00,2026-10-01T15:00:00+03:00,19.02,0.0,96.58961,90.49,9.723049,14.81956,,,2026-10-01T12:26:03Z,2026-10-01T12:26:03Z,0
32252,518843,Isingiro KabuyandaTC,-0.9482535956706091,30.623306857245286,1790856000000,2026-10-01T12:00:00+00:00,2026-10-01T15:00:00+03:00,30.56,0.0,8.941787,36.15,7.455558,14.34043,,,2026-10-01T12:26:03Z,2026-10-01T12:26:03Z,0
32414,518863,Sironko Bugusege NARO,1.3301129163684409,33.67749128727189,1790856000000,2026-10-01T12:00:00+00:00,2026-10-01T15:00:00+03:00,17.36,0.0,91.70673,93.73,4.806592,,,,2026-10-01T12:26:03Z,2026-10-01T12:56:05Z,0
33112,45718,Kaliro KaliroTC3,0.3200660892230024,30.52341859895648,1790856000000,2026-10-01T12:00:00+00:00,2026-10-01T15:00:00+03:00,0.0,0.0,0.0,0.0,0.8850232,0.8911269,,temp_rh_dead,2026-10-01T12:26:03Z,2026-10-01T12:26:03Z,1
33816,512617,Buyende Kidera1,1.1427018347181084,33.27926712214954,1790856000000,2026-10-01T12:00:00+00:00,2026-10-01T15:00:00+03:00,29.36294,0.0,664.0421,57.49447,0.0,0.0,,,2026-10-01T12:26:03Z,2026-10-01T12:26:03Z,0
28210,514564,Kiryandongo KiryandongoSF,-1.338837687838001,30.43596025320078,1790856600000,2026-10-01T12:10:00+00:00,2026-10-01T15:10:00+03:00,28.97,0.0,649.0883,52.05,10.54398,13.81857,,,2026-10-01T12:26:03Z,2026-10-01T12:56:05Z,0
8765,45675,Serere Bugondo,1.1032982147304293,33.65208682230397,1790856900000,2026-10-01T12:15:00+00:00,2026-10-01T15:15:00+03:00,30.68284,0.0,459.6017,57.47463,9.536888,15.1339,,,2026-10-01T12:26:03Z,2026-10-01T12:56:05Z,0
18638,511041,Rubirizi RubiriziTC,0.12326709721562841,30.33796491610475,1790856900000,2026-10-01T12:15:00+00:00,2026-10-01T15:15:00+03:00,27.15,0.0,814.6791,69.55,4.455634,8.331426,,,2026-10-01T12:26:03Z,2026-10-01T12:26:03Z,0
19410,511043,Rubanda KarengyereNARO,-1.500172417819356,29.80055712733001,1790856900000,2026-10-01T12:15:00+00:00,2026-10-01T15:15:00+03:00,20.98,0.0,881.178,60.93,14.13962,,,,2026-10-01T12:26:03Z,2026-10-01T12:26:03Z,0
20513,512647,Kitgum2 KitgumMC,3.329416943369524,33.176767183806454,1790856900000,2026-10-01T12:15:00+00:00,2026-10-01T15:15:00+03:00,27.39,0.0,439.2767,83.48,6.741436,,,,2026-10-01T12:26:03Z,2026-10-01T12:26:03Z,0
22494,511046,Bukedea BukedeaTC,1.344383477320109,34.65405915348999,1790856900000,2026-10-01T12:15:00+00:00,2026-10-01T15:15:00+03:00,22.51,0.0,283.7568,87.42,9.405662,13.8735,,,2026-10-01T12:26:03Z,2026-10-01T12:56:05Z,0
22531,514574,Ntungamo NtungamoTC,-0.8743084927533056,30.25887027699915,1790856900000,2026-10-01T12:15:00+00:00,2026-10-01T15:15:00+03:00,28.39,0.0,479.6216,44.51,5.352865,,,,2026-10-01T12:26:03Z,2026-10-01T12:56:05Z,0
23570,860744,Kabarole KyembogoNARO,0.7373272793620456,30.378182216821177,1790856900000,2026-10-01T12:15:00+00:00,2026-10-01T15:15:00+03:00,24.57465,0.0,764.8127,76.1532,14.4445,20.8098,,,2026-10-01T12:26:03Z,2026-10-01T12:26:03Z,0
25858,860733,Masindi MasindiMC,1.6873183106449883,31.720847713796427,1790856900000,2026-10-01T12:15:00+00:00,2026-10-01T15:15:00+03:00,25.81,0.0,387.4266,92.88,3.704891,,,,2026-10-01T12:56:05Z,2026-10-01T13:26:04Z,0
27204,515136,Kirihura MburoNP,-0.32644602379535037,30.558912625750658,1790856900000,2026-10-01T12:15:00+00:00,2026-10-01T15:15:00+03:00,25.93,0.0,0.0,74.64,0.8545052,0.8758678,,,2026-10-01T12:26:03Z,2026-10-01T12:26:03Z,0
27592,514557,Kampala MakerereUnv3,0.33461539452981,32.571512848339765,1790856900000,2026-10-01T12:15:00+00:00,2026-10-01T15:15:00+03:00,26.82,0.0,587.9911,62.59,8.001831,13.71481,,,2026-10-01T12:26:03Z,2026-10-01T12:26:03Z,0
27651,514554,Lamwo LamwoTC,3.5293008898067413,32.800069272228264,1790856900000,2026-10-01T12:15:00+00:00,2026-10-01T15:15:00+03:00,25.23,0.0,410.071,76.33,11.90204,16.4126,,,2026-10-01T12:26:03Z,2026-10-01T12:56:05Z,0
28357,518274,Amudat KaritaHCIV,1.5419923880012918,34.82910539376184,1790856900000,2026-10-01T12:15:00+00:00,2026-10-01T15:15:00+03:00,30.84,0.0,363.3478,26.46,6.661936,13.34447,,,2026-10-01T12:26:03Z,2026-10-01T12:56:05Z,0
28650,518275,Nakapiripirit NabulengerHCII,1.8399992209235494,34.569297846559095,1790856900000,2026-10-01T12:15:00+00:00,2026-10-01T15:15:00+03:00,32.26,0.0,403.5401,31.33,5.895628,9.908446,,,2026-10-01T12:26:03Z,2026-10-01T12:26:03Z,0
29347,862041,Kabale KabaleMC,-1.2542908115437144,29.987880749577656,1790856900000,2026-10-01T12:15:00+00:00,2026-10-01T15:15:00+03:00,26.97,0.0,797.1923,38.97,1.619135,,,,2026-10-01T12:26:03Z,2026-10-01T12:26:03Z,0
29432,514563,Kikuube Hoima Sugar,1.250555426321004,31.194469848676302,1790856900000,2026-10-01T12:15:00+00:00,2026-10-01T15:15:00+03:00,27.44,0.0,24.0177,62.68,4.779126,9.561303,,,2026-10-01T12:56:05Z,2026-10-01T12:56:05Z,0
29756,862010,Nakasongola KalungiSC,1.2852342933913012,32.662599686414936,1790856900000,2026-10-01T12:15:00+00:00,2026-10-01T15:15:00+03:00,29.57198,0.0,367.4983,57.18013,11.05058,17.39834,,,2026-10-01T12:26:03Z,2026-10-01T12:26:03Z,0
29892,516056,Budaka BudakaTC2,0.11576196513474404,33.453613566274235,1790856900000,2026-10-01T12:15:00+00:00,2026-10-01T15:15:00+03:00,16.75,0.2,10.95598,100.0,9.954986,,,,2026-10-01T12:26:03Z,2026-10-01T12:26:03Z,0
30001,860741,Mbarara MbararaMC,-0.6104058469568668,30.637128687200217,1790856900000,2026-10-01T12:15:00+00:00,2026-10-01T15:15:00+03:00,28.15,0.0,468.1773,48.38,10.34928,13.47631,,,2026-10-01T12:26:03Z,2026-10-01T12:26:03Z,0
30143,860494,Lira NARONgetta,2.1557054334938868,32.88785061975556,1790856900000,2026-10-01T12:15:00+00:00,2026-10-01T15:15:00+03:00,26.76,0.0,382.33,76.88,7.218128,,,,2026-10-01T12:26:03Z,2026-10-01T12:56:05Z,0
30316,860746,Mayuge IkulweNARO,0.4388712184461232,33.476196856980515,1790856900000,2026-10-01T12:15:00+00:00,2026-10-01T15:15:00+03:00,0.0,0.0,27.06951,0.0,10.10208,,,temp_rh_dead,2026-10-01T12:26:03Z,2026-10-01T12:26:03Z,1
30347,860738,Bulambuli BuginyanyaNARO,1.2292008829492236,34.512188495373756,1790856900000,2026-10-01T12:15:00+00:00,2026-10-01T15:15:00+03:00,20.28,0.0,42.7863,80.11,0.1071183,,,,2026-10-01T12:26:03Z,2026-10-01T12:56:05Z,0
30381,45666,Mukono NtawoNARO,0.37885800528124053,32.7292665823493,1790856900000,2026-10-01T12:15:00+00:00,2026-10-01T15:15:00+03:00,26.21652,0.0,200.0458,70.69505,9.451438,13.63241,,,2026-10-01T12:26:03Z,2026-10-01T12:26:03Z,0
30695,514556,EntebbeCity AirportNMC,-0.34891969990053573,30.46770493505511,1790856900000,2026-10-01T12:15:00+00:00,2026-10-01T15:15:00+03:00,26.63,0.0,653.788,69.91,7.653925,9.240864,,,2026-10-01T12:26:03Z,2026-10-01T12:26:03Z,0
30757,860735,Arua Airfield,3.022727728757243,30.902049741391995,1790856900000,2026-10-01T12:15:00+00:00,2026-10-01T15:15:00+03:00,24.45,0.0,659.678,84.82,5.664149,8.935683,,,2026-10-01T12:26:03Z,2026-10-01T12:26:03Z,0
28133,514567,Rukiga RwamuchuchuSC,-1.147093805481443,30.065473322928664,1790857200000,2026-10-01T12:20:00+00:00,2026-10-01T15:20:00+03:00,25.71,0.0,194.2779,41.69,6.176852,12.13092,,,2026-10-01T12:26:03Z,2026-10-01T12:26:03Z,0
30820,518844,Kanungu MatandaHCIII,-0.6465365596528061,29.742748867338342,1790857200000,2026-10-01T12:20:00+00:00,2026-10-01T15:20:00+03:00,29.52,0.0,10.22354,52.4,8.053712,12.66194,,,2026-10-01T12:26:03Z,2026-10-01T12:56:05Z,0
31267,518847,Bukedea Kachumbala SC,1.2266404886375875,34.11571805530725,1790857200000,2026-10-01T12:20:00+00:00,2026-10-01T15:20:00+03:00,21.79,0.0,0.0,74.89,7.122911,10.40055,,,2026-10-01T12:26:03Z,2026-10-01T12:26:03Z,0
14926,45633,NARO NaFIRRI,1.2369277861017918,34.56704375600076,1790857800000,2026-10-01T12:30:00+00:00,2026-10-01T15:30:00+03:00,-39.88403,0.0,296.7269,0.1037613,4.09247,7.449455,,temp_sensor_suspect,2026-10-01T12:56:05Z,2026-10-01T13:26:04Z,0
18638,511041,Rubirizi RubiriziTC,0.12326709721562841,30.33796491610475,1790857800000,2026-10-01T12:30:00+00:00,2026-10-01T15:30:00+03:00,27.19,0.0,608.011,72.87,5.899138,8.752575,,,2026-10-01T12:56:05Z,2026-10-01T12:56:05Z,0
19410,511043,Rubanda KarengyereNARO,-1.500172417819356,29.80055712733001,1790857800000,2026-10-01T12:30:00+00:00,2026-10-01T15:30:00+03:00,20.98,0.0,881.178,60.93,14.13962,,,,2026-10-01T12:56:05Z,2026-10-01T12:56:05Z,0
19913,512648,Rubanda Kachwekano,-1.2492907374261277,29.94650239241936,1790857800000,2026-10-01T12:30:00+00:00,2026-10-01T15:30:00+03:00,23.19676,0.0,326.5431,48.74342,9.344625,13.6202,,,2026-10-01T12:56:05Z,2026-10-01T12:56:05Z,0
20513,512647,Kitgum2 KitgumMC,3.329416943369524,33.176767183806454,1790857800000,2026-10-01T12:30:00+00:00,2026-10-01T15:30:00+03:00,27.39,0.0,439.2767,84.8,6.411841,,,,2026-10-01T12:56:05Z,2026-10-01T12:56:05Z,0
21602,44434,Mbarara NARO,-0.33912497379417256,30.53875374336554,1790857800000,2026-10-01T12:30:00+00:00,2026-10-01T15:30:00+03:00,29.06,0.0,710.9789,53.91,0.0,0.0,,,2026-10-01T12:56:05Z,2026-10-01T12:56:05Z,0
26314,511026,Buhweju BuhwejuTC,-0.36217852027400727,30.438745738821645,1790857800000,2026-10-01T12:30:00+00:00,2026-10-01T15:30:00+03:00,27.74701,0.0,8.545053,46.41032,6.4271,,,,2026-10-01T12:56:05Z,2026-10-01T13:26:04Z,0
27630,514559,Gulu Airfield2,2.3315839569642756,32.403314261884674,1790857800000,2026-10-01T12:30:00+00:00,2026-10-01T15:30:00+03:00,25.46,0.0,257.8775,72.32,6.152438,,,,2026-10-01T12:56:05Z,2026-10-01T12:56:05Z,0
28210,514564,Kiryandongo KiryandongoSF,-1.338837687838001,30.43596025320078,1790857800000,2026-10-01T12:30:00+00:00,2026-10-01T15:30:00+03:00,28.19,0.0,546.8528,59.64,9.616236,14.40146,,,2026-10-01T13:26:04Z,2026-10-01T13:56:04Z,0
28247,853287,KaberamaidoTC,1.3267002801667445,33.24551213582627,1790857800000,2026-10-01T12:30:00+00:00,2026-10-01T15:30:00+03:00,28.95094,0.0,439.2157,53.61258,10.06485,14.63951,,,2026-10-01T12:56:05Z,2026-10-01T13:26:04Z,0
28282,49381,Amolatar NamasaleHCIII2,1.890942556037648,33.03500809176537,1790857800000,2026-10-01T12:30:00+00:00,2026-10-01T15:30:00+03:00,29.46,0.0,609.2317,65.38,15.57031,24.4419,,,2026-10-01T12:56:05Z,2026-10-01T13:26:04Z,0
28650,518275,Nakapiripirit NabulengerHCII,1.8399992209235494,34.569297846559095,1790857800000,2026-10-01T12:30:00+00:00,2026-10-01T15:30:00+03:00,31.56,0.0,234.4091,31.16,5.903868,10.44404,,,2026-10-01T12:56:05Z,2026-10-01T12:56:05Z,0
29036,514566,Nabilatuk Nabuin ZARDI,1.716485049322414,34.51313788762028,1790857800000,2026-10-01T12:30:00+00:00,2026-10-01T15:30:00+03:00,30.53,0.0,0.0,31.9,14.75349,,,,2026-10-01T12:56:05Z,2026-10-01T13:26:04Z,0
29561,514560,Kikuube Hoima Airport,1.4920191900781956,31.31796244549898,1790857800000,2026-10-01T12:30:00+00:00,2026-10-01T15:30:00+03:00,26.92,0.0,19.65362,64.54,7.893797,,,,2026-10-01T12:56:05Z,2026-10-01T12:56:05Z,0
29892,516056,Budaka BudakaTC2,0.11576196513474404,33.453613566274235,1790857800000,2026-10-01T12:30:00+00:00,2026-10-01T15:30:00+03:00,17.26,0.0,23.77356,100.0,11.40154,,,,2026-10-01T12:56:05Z,2026-10-01T12:56:05Z,0
30033,45670,Apac ApacTC,1.9892647841094635,32.531624149345156,1790857800000,2026-10-01T12:30:00+00:00,2026-10-01T15:30:00+03:00,27.43,0.0,0.0,85.71,0.0,0.0,,,2026-10-01T12:56:05Z,2026-10-01T13:26:04Z,0
30066,49455,Kayunga DistrictAdmin,0.7203001611290255,32.893290564677095,1790857800000,2026-10-01T12:30:00+00:00,2026-10-01T15:30:00+03:00,26.85435,0.0,166.7811,71.51904,187.6555,,,wind_sensor_suspect,2026-10-01T12:56:05Z,2026-10-01T13:26:04Z,1
30252,49521,Kyenjojo KyenjojoMC,0.6130612575199993,30.641008786833954,1790857800000,2026-10-01T12:30:00+00:00,2026-10-01T15:30:00+03:00,26.598,0.0,377.1725,38.056,3.549249,6.961165,,,2026-10-01T12:56:05Z,2026-10-01T13:26:04Z,0
30316,860746,Mayuge IkulweNARO,0.4388712184461232,33.476196856980515,1790857800000,2026-10-01T12:30:00+00:00,2026-10-01T15:30:00+03:00,0.0,0.0,24.71962,0.0,12.80064,,,temp_rh_dead,2026-10-01T12:56:05Z,2026-10-01T12:56:05Z,1
30411,45716,Lwengo KamenyamigoNARO,-0.28429808513865706,31.664636340132986,1790857800000,2026-10-01T12:30:00+00:00,2026-10-01T15:30:00+03:00,27.07,0.0,87.19005,56.16,14.89281,24.56092,,,2026-10-01T13:26:04Z,2026-10-01T13:26:04Z,0
30476,518276,Moroto Airfield,2.499539862843011,34.60336771655714,1790857800000,2026-10-01T12:30:00+00:00,2026-10-01T15:30:00+03:00,30.03,0.0,252.2011,31.77,24.83085,,,,2026-10-01T12:56:05Z,2026-10-01T13:26:04Z,0
30518,45678,Kwania AdukuTC,2.0141834426175826,32.722869192593286,1790857800000,2026-10-01T12:30:00+00:00,2026-10-01T15:30:00+03:00,28.05,0.0,215.1827,71.06,0.0,0.0,,,2026-10-01T12:56:05Z,2026-10-01T13:26:04Z,0
30695,514556,EntebbeCity AirportNMC,-0.34891969990053573,30.46770493505511,1790857800000,2026-10-01T12:30:00+00:00,2026-10-01T15:30:00+03:00,25.52,0.0,172.1218,73.59,7.806516,10.44022,,,2026-10-01T12:56:05Z,2026-10-01T12:56:05Z,0
31267,518847,Bukedea Kachumbala SC,1.2266404886375875,34.11571805530725,1790857800000,2026-10-01T12:30:00+00:00,2026-10-01T15:30:00+03:00,21.45,0.0,0.0,76.88,9.045548,12.64057,,,2026-10-01T12:56:05Z,2026-10-01T12:56:05Z,0
28133,514567,Rukiga RwamuchuchuSC,-1.147093805481443,30.065473322928664,1790858400000,2026-10-01T12:40:00+00:00,2026-10-01T15:40:00+03:00,27.76,0.0,168.9784,36.72,5.423057,7.919433,,,2026-10-01T12:56:05Z,2026-10-01T12:56:05Z,0
12322,853288,Mukono MpomaNARO,0.4283966588777295,32.76213604190826,1790858700000,2026-10-01T12:45:00+00:00,2026-10-01T15:45:00+03:00,26.15396,0.0,174.197,73.29977,9.039139,,,,2026-10-01T12:56:05Z,2026-10-01T12:56:05Z,0
18675,511038,Bushenyi KyamuhungaTC,-0.43140075953825036,30.06284619401695,1790858700000,2026-10-01T12:45:00+00:00,2026-10-01T15:45:00+03:00,24.11,0.0,655.4055,83.55,5.951018,7.211414,,,2026-10-01T12:56:05Z,2026-10-01T12:56:05Z,0
18831,511028,Kibuku KadamaTC,1.230158490836445,33.75766971001673,1790858700000,2026-10-01T12:45:00+00:00,2026-10-01T15:45:00+03:00,16.88,0.0,32.16602,100.0,7.708858,10.46464,,,2026-10-01T12:56:05Z,2026-10-01T12:56:05Z,0
19036,511025,Kumi Mukongoro,1.3213023670796662,33.886075111016034,1790858700000,2026-10-01T12:45:00+00:00,2026-10-01T15:45:00+03:00,20.09,1.2,20.35553,100.0,13.608,20.82246,,,2026-10-01T12:56:05Z,2026-10-01T12:56:05Z,0
19644,511034,Ntungamo RukoneEast,-0.9026492749586166,30.53713188060457,1790858700000,2026-10-01T12:45:00+00:00,2026-10-01T15:45:00+03:00,29.45,0.0,171.8166,51.32,10.81895,,,,2026-10-01T12:56:05Z,2026-10-01T13:26:04Z,0
22745,860739,Tororo TororoMC,0.7363404161562512,34.16750975530811,1790858700000,2026-10-01T12:45:00+00:00,2026-10-01T15:45:00+03:00,21.22,0.0,39.79553,90.84,9.201191,,,,2026-10-01T12:56:05Z,2026-10-01T13:26:04Z,0
23068,44186,Hoima Bulindi,1.4649547824354439,31.438459956597924,1790858700000,2026-10-01T12:45:00+00:00,2026-10-01T15:45:00+03:00,25.67483,0.0,178.1643,79.25231,2.364843,,,,2026-10-01T12:56:05Z,2026-10-01T12:56:05Z,0
23570,860744,Kabarole KyembogoNARO,0.7373272793620456,30.378182216821177,1790858700000,2026-10-01T12:45:00+00:00,2026-10-01T15:45:00+03:00,24.50751,0.0,380.4074,75.60693,16.52094,22.37537,,,2026-10-01T12:56:05Z,2026-10-01T12:56:05Z,0
24597,511024,Kanungu KirimaSC,-0.8665190597972187,29.750001331073445,1790858700000,2026-10-01T12:45:00+00:00,2026-10-01T15:45:00+03:00,26.68,0.0,744.3351,75.78,6.890974,11.06279,,,2026-10-01T12:56:05Z,2026-10-01T13:26:04Z,0
26371,514572,EntebbeCity NMTS,0.002068145970468316,32.47029039760271,1790858700000,2026-10-01T12:45:00+00:00,2026-10-01T15:45:00+03:00,26.02,0.0,4.974441,70.44,1.916533,2.914473,,,2026-10-01T12:56:05Z,2026-10-01T12:56:05Z,0
26934,863098,Kampala LubigiNWSC,0.3440953682915257,32.54509647954191,1790858700000,2026-10-01T12:45:00+00:00,2026-10-01T15:45:00+03:00,26.80247,0.0,5.859465,71.22606,5.365072,9.936675,,,2026-10-01T12:56:05Z,2026-10-01T12:56:05Z,0
27204,515136,Kirihura MburoNP,-0.32644602379535037,30.558912625750658,1790858700000,2026-10-01T12:45:00+00:00,2026-10-01T15:45:00+03:00,25.93,0.0,0.0,74.64,0.9399558,0.952163,,,2026-10-01T12:56:05Z,2026-10-01T13:26:04Z,0
27592,514557,Kampala MakerereUnv3,0.33461539452981,32.571512848339765,1790858700000,2026-10-01T12:45:00+00:00,2026-10-01T15:45:00+03:00,26.14,0.0,336.0342,66.66,6.887922,10.49821,,,2026-10-01T12:56:05Z,2026-10-01T13:26:04Z,0
28465,518272,Nabilatuk NabilatukDLG,2.0853119097380035,34.60581875063605,1790858700000,2026-10-01T12:45:00+00:00,2026-10-01T15:45:00+03:00,19.5,3.2,50.50736,70.73,20.3978,32.23438,,,2026-10-01T12:56:05Z,2026-10-01T13:26:04Z,0
28835,518279,Karenga KidepoAirfield,3.433006937417964,33.45274286601015,1790858700000,2026-10-01T12:45:00+00:00,2026-10-01T15:45:00+03:00,23.64,0.8,97.29153,72.12,13.05257,,,,2026-10-01T12:56:05Z,2026-10-01T12:56:05Z,0
29180,517853,Moroto RupaSC,2.582841223352566,34.66924742947938,1790858700000,2026-10-01T12:45:00+00:00,2026-10-01T15:45:00+03:00,28.89,0.0,147.921,34.84,15.92126,27.01152,,,2026-10-01T12:56:05Z,2026-10-01T12:56:05Z,0
29347,862041,Kabale KabaleMC,-1.2542908115437144,29.987880749577656,1790858700000,2026-10-01T12:45:00+00:00,2026-10-01T15:45:00+03:00,26.39,0.0,729.8391,37.1,1.849851,,,,2026-10-01T12:56:05Z,2026-10-01T13:26:04Z,0
29529,514573,Bundibugyo BundibugyoTC,0.8026268481642997,30.27578425237216,1790858700000,2026-10-01T12:45:00+00:00,2026-10-01T15:45:00+03:00,27.87,0.0,6.073091,60.54,6.583658,,,,2026-10-01T12:56:05Z,2026-10-01T12:56:05Z,0
29756,862010,Nakasongola KalungiSC,1.2852342933913012,32.662599686414936,1790858700000,2026-10-01T12:45:00+00:00,2026-10-01T15:45:00+03:00,29.13863,0.0,357.1527,62.59403,7.333486,12.27131,,,2026-10-01T12:56:05Z,2026-10-01T13:26:04Z,0
29823,860732,Kotido KotidoTC,3.007038604042491,34.10733499015392,1790858700000,2026-10-01T12:45:00+00:00,2026-10-01T15:45:00+03:00,29.94,0.0,371.7098,51.04,0.0,0.0,,,2026-10-01T12:56:05Z,2026-10-01T12:56:05Z,0
29892,516056,Budaka BudakaTC2,0.11576196513474404,33.453613566274235,1790858700000,2026-10-01T12:45:00+00:00,2026-10-01T15:45:00+03:00,17.22,0.2,25.11635,100.0,6.109712,,,,2026-10-01T13:26:04Z,2026-10-01T13:26:04Z,0
29932,514577,Namutumba NamutumbaTC2,1.9758008082349363,33.56106699819666,1790858700000,2026-10-01T12:45:00+00:00,2026-10-01T15:45:00+03:00,25.54,0.0,84.96223,71.41,11.34356,19.60174,,,2026-10-01T12:56:05Z,2026-10-01T12:56:05Z,0
30001,860741,Mbarara MbararaMC,-0.6104058469568668,30.637128687200217,1790858700000,2026-10-01T12:45:00+00:00,2026-10-01T15:45:00+03:00,28.79,0.0,548.8365,48.01,7.259327,12.69352,,,2026-10-01T12:56:05Z,2026-10-01T13:26:04Z,0
30283,514568,Kampala KyambogoUnv2,0.3228582483254613,32.59455916940114,1790858700000,2026-10-01T12:45:00+00:00,2026-10-01T15:45:00+03:00,27.57,0.2,434.9737,62.2,10.93843,17.18837,,,2026-10-01T12:56:05Z,2026-10-01T12:56:05Z,0
30347,860738,Bulambuli BuginyanyaNARO,1.2292008829492236,34.512188495373756,1790858700000,2026-10-01T12:45:00+00:00,2026-10-01T15:45:00+03:00,21.38,0.0,42.42008,76.71,0.1400778,,,,2026-10-01T13:26:04Z,2026-10-01T13:56:04Z,0
30381,45666,Mukono NtawoNARO,0.37885800528124053,32.7292665823493,1790858700000,2026-10-01T12:45:00+00:00,2026-10-01T15:45:00+03:00,26.43931,0.0,158.999,74.4564,8.905165,14.74937,,,2026-10-01T12:56:05Z,2026-10-01T13:26:04Z,0
30600,514575,Buvuma BuvumaCollege,0.20227217732623182,33.298299581212675,1790858700000,2026-10-01T12:45:00+00:00,2026-10-01T15:45:00+03:00,27.96,0.0,467.3228,61.07,11.37926,,,,2026-10-01T12:56:05Z,2026-10-01T12:56:05Z,0
30757,860735,Arua Airfield,3.022727728757243,30.902049741391995,1790858700000,2026-10-01T12:45:00+00:00,2026-10-01T15:45:00+03:00,24.71,0.0,696.3302,81.22,4.028382,7.104601,,,2026-10-01T12:56:05Z,2026-10-01T12:56:05Z,0
31712,518846,Sironko SironkoTC,1.2330289483318788,34.24436423053502,1790858700000,2026-10-01T12:45:00+00:00,2026-10-01T15:45:00+03:00,21.52,0.0,110.6889,80.43,8.438239,12.00275,,,2026-10-01T12:56:05Z,2026-10-01T13:26:04Z,1
31809,518861,Bulambuli Bulegeni NARO,1.2990504672186247,34.322697246680406,1790858700000,2026-10-01T12:45:00+00:00,2026-10-01T15:45:00+03:00,24.5,0.0,0.0,55.4,7.183948,8.624399,,,2026-10-01T12:56:05Z,2026-10-01T12:56:05Z,0
32252,518843,Isingiro KabuyandaTC,-0.9482535956706091,30.623306857245286,1790858700000,2026-10-01T12:45:00+00:00,2026-10-01T15:45:00+03:00,30.21,0.0,9.063859,35.28,4.959182,9.469748,,,2026-10-01T12:56:05Z,2026-10-01T12:56:05Z,0
33112,45718,Kaliro KaliroTC3,0.3200660892230024,30.52341859895648,1790858700000,2026-10-01T12:45:00+00:00,2026-10-01T15:45:00+03:00,0.0,0.0,0.0,0.0,0.8850232,0.8880751,,temp_rh_dead,2026-10-01T12:56:05Z,2026-10-01T13:26:04Z,1
33816,512617,Buyende Kidera1,1.1427018347181084,33.27926712214954,1790858700000,2026-10-01T12:45:00+00:00,2026-10-01T15:45:00+03:00,29.70626,0.0,428.6259,56.32715,2.209506,14.89586,,,2026-10-01T12:56:05Z,2026-10-01T13:26:04Z,0
8765,45675,Serere Bugondo,1.1032982147304293,33.65208682230397,1790859600000,2026-10-01T13:00:00+00:00,2026-10-01T16:00:00+03:00,31.69909,0.0,481.0254,52.91829,10.13199,16.77577,,,2026-10-01T13:26:04Z,2026-10-01T13:56:04Z,0
12322,853288,Mukono MpomaNARO,0.4283966588777295,32.76213604190826,1790859600000,2026-10-01T13:00:00+00:00,2026-10-01T16:00:00+03:00,26.28366,0.0,200.7477,70.97429,7.613641,,,,2026-10-01T13:26:04Z,2026-10-01T13:26:04Z,0
18638,511041,Rubirizi RubiriziTC,0.12326709721562841,30.33796491610475,1790859600000,2026-10-01T13:00:00+00:00,2026-10-01T16:00:00+03:00,27.44,0.0,643.4119,69.65,8.340582,12.40864,,,2026-10-01T13:26:04Z,2026-10-01T13:56:04Z,0
19410,511043,Rubanda KarengyereNARO,-1.500172417819356,29.80055712733001,1790859600000,2026-10-01T13:00:00+00:00,2026-10-01T16:00:00+03:00,20.6,0.0,732.1279,57.47,17.94644,,,,2026-10-01T13:26:04Z,2026-10-01T13:56:04Z,0
19560,511036,Rukungiri RukungiriTC,-0.7824612451972481,29.919168920717752,1790859600000,2026-10-01T13:00:00+00:00,2026-10-01T16:00:00+03:00,23.09,0.0,488.899,87.41,14.10254,,,,2026-10-01T13:26:04Z,2026-10-01T13:26:04Z,0
20513,512647,Kitgum2 KitgumMC,3.329416943369524,33.176767183806454,1790859600000,2026-10-01T13:00:00+00:00,2026-10-01T16:00:00+03:00,26.2,0.0,542.7634,93.95,8.197146,,,,2026-10-01T13:26:04Z,2026-10-01T13:56:04Z,0
22531,514574,Ntungamo NtungamoTC,-0.8743084927533056,30.25887027699915,1790859600000,2026-10-01T13:00:00+00:00,2026-10-01T16:00:00+03:00,29.38,0.0,417.5174,41.11,2.789349,,,,2026-10-01T13:26:04Z,2026-10-01T13:56:04Z,0
26350,516055,Bushenyi PIBID2,-0.34476582916148607,30.12697463332902,1790859600000,2026-10-01T13:00:00+00:00,2026-10-01T16:00:00+03:00,20.13,0.0,649.8207,71.07,10.7393,15.01488,,,2026-10-01T13:26:04Z,2026-10-01T13:26:04Z,0
27429,853290,Tororo MoroTC,1.347804683283513,33.56157669447344,1790859600000,2026-10-01T13:00:00+00:00,2026-10-01T16:00:00+03:00,20.32,0.0,22.70543,97.77,3.887999,5.93576,,,2026-10-01T13:26:04Z,2026-10-01T13:26:04Z,0
27630,514559,Gulu Airfield2,2.3315839569642756,32.403314261884674,1790859600000,2026-10-01T13:00:00+00:00,2026-10-01T16:00:00+03:00,25.39,0.0,259.1898,72.84,13.27535,,,,2026-10-01T13:26:04Z,2026-10-01T13:26:04Z,0
27651,514554,Lamwo LamwoTC,3.5293008898067413,32.800069272228264,1790859600000,2026-10-01T13:00:00+00:00,2026-10-01T16:00:00+03:00,24.65,0.0,210.4219,80.75,11.16045,14.18479,,,2026-10-01T13:26:04Z,2026-10-01T13:56:04Z,0
29497,514558,Bulisa ButiabaHydro,2.1126939171888264,31.436768666464783,1790859600000,2026-10-01T13:00:00+00:00,2026-10-01T16:00:00+03:00,30.14,0.0,661.4481,59.84,6.216983,,,,2026-10-01T13:26:04Z,2026-10-01T13:26:04Z,0
29529,514573,Bundibugyo BundibugyoTC,0.8026268481642997,30.27578425237216,1790859600000,2026-10-01T13:00:00+00:00,2026-10-01T16:00:00+03:00,28.31,0.0,6.897078,58.53,5.80087,,,,2026-10-01T13:26:04Z,2026-10-01T13:26:04Z,0
29561,514560,Kikuube Hoima Airport,1.4920191900781956,31.31796244549898,1790859600000,2026-10-01T13:00:00+00:00,2026-10-01T16:00:00+03:00,26.96,0.0,18.58549,58.05,7.485924,,,,2026-10-01T13:26:04Z,2026-10-01T14:26:03Z,0
29932,514577,Namutumba NamutumbaTC2,1.9758008082349363,33.56106699819666,1790859600000,2026-10-01T13:00:00+00:00,2026-10-01T16:00:00+03:00,21.26,0.8,38.7274,86.44,10.61112,25.26894,,,2026-10-01T13:26:04Z,2026-10-01T13:26:04Z,0
30316,860746,Mayuge IkulweNARO,0.4388712184461232,33.476196856980515,1790859600000,2026-10-01T13:00:00+00:00,2026-10-01T16:00:00+03:00,0.0,0.0,17.48684,0.0,20.94987,,,temp_rh_dead,2026-10-01T13:26:04Z,2026-10-01T13:56:04Z,1
30600,514575,Buvuma BuvumaCollege,0.20227217732623182,33.298299581212675,1790859600000,2026-10-01T13:00:00+00:00,2026-10-01T16:00:00+03:00,28.17,0.0,380.1022,60.98,11.00435,,,,2026-10-01T13:26:04Z,2026-10-01T13:26:04Z,0
30757,860735,Arua Airfield,3.022727728757243,30.902049741391995,1790859600000,2026-10-01T13:00:00+00:00,2026-10-01T16:00:00+03:00,25.38,0.0,657.084,77.85,5.093461,7.449455,,,2026-10-01T13:26:04Z,2026-10-01T13:26:04Z,0
32414,518863,Sironko Bugusege NARO,1.3301129163684409,33.67749128727189,1790859600000,2026-10-01T13:00:00+00:00,2026-10-01T16:00:00+03:00,18.37,0.0,97.5967,86.81,6.9337,,,,2026-10-01T13:26:04Z,2026-10-01T13:56:04Z,0
30820,518844,Kanungu MatandaHCIII,-0.6465365596528061,29.742748867338342,1790860200000,2026-10-01T13:10:00+00:00,2026-10-01T16:10:00+03:00,29.37,0.0,9.643703,47.91,8.130007,11.44121,,,2026-10-01T13:26:04Z,2026-10-01T13:26:04Z,0
31267,518847,Bukedea Kachumbala SC,1.2266404886375875,34.11571805530725,1790860200000,2026-10-01T13:10:00+00:00,2026-10-01T16:10:00+03:00,21.19,0.0,0.0,81.13,5.365072,8.343634,,,2026-10-01T13:26:04Z,2026-10-01T13:56:04Z,0
31441,518845,Kapchorwa KapchorwaTC,1.3911330664844062,34.44711975629734,1790860200000,2026-10-01T13:10:00+00:00,2026-10-01T16:10:00+03:00,24.18,0.0,,48.64,0.0,0.3326467,,,2026-10-01T13:26:04Z,2026-10-01T13:26:04Z,0
18675,511038,Bushenyi KyamuhungaTC,-0.43140075953825036,30.06284619401695,1790860500000,2026-10-01T13:15:00+00:00,2026-10-01T16:15:00+03:00,24.88,0.0,614.9996,82.22,7.211414,9.829863,,,2026-10-01T13:26:04Z,2026-10-01T13:26:04Z,0
18831,511028,Kibuku KadamaTC,1.230158490836445,33.75766971001673,1790860500000,2026-10-01T13:15:00+00:00,2026-10-01T16:15:00+03:00,17.55,0.0,38.57481,100.0,5.856413,8.23682,,,2026-10-01T13:26:04Z,2026-10-01T13:56:04Z,0
19036,511025,Kumi Mukongoro,1.3213023670796662,33.886075111016034,1790860500000,2026-10-01T13:15:00+00:00,2026-10-01T16:15:00+03:00,20.64,0.0,19.65362,100.0,9.784084,15.35058,,,2026-10-01T13:26:04Z,2026-10-01T13:56:04Z,0
19216,511040,Ngora Kobwin,1.3996404514823648,33.746259878723855,1790860500000,2026-10-01T13:15:00+00:00,2026-10-01T16:15:00+03:00,22.87,5.8,353.5515,71.61,9.671168,16.96803,,,2026-10-01T13:26:04Z,2026-10-01T13:26:04Z,0
19689,511063,Isingiro Mbaale SC,-0.8229276501909935,30.80641202589177,1790860500000,2026-10-01T13:15:00+00:00,2026-10-01T16:15:00+03:00,28.83,0.0,716.4721,58.74,7.666132,13.608,,,2026-10-01T13:26:04Z,2026-10-01T13:26:04Z,0
19913,512648,Rubanda Kachwekano,-1.2492907374261277,29.94650239241936,1790860500000,2026-10-01T13:15:00+00:00,2026-10-01T16:15:00+03:00,23.90631,0.0,371.7403,45.037,9.774929,13.41878,,,2026-10-01T13:26:04Z,2026-10-01T14:26:03Z,1
21602,44434,Mbarara NARO,-0.33912497379417256,30.53875374336554,1790860500000,2026-10-01T13:15:00+00:00,2026-10-01T16:15:00+03:00,28.92,0.0,528.3589,53.58,0.0,0.0,,,2026-10-01T13:26:04Z,2026-10-01T13:56:04Z,0
22494,511046,Bukedea BukedeaTC,1.344383477320109,34.65405915348999,1790860500000,2026-10-01T13:15:00+00:00,2026-10-01T16:15:00+03:00,23.61,0.0,186.1295,76.23,7.248035,11.30388,,,2026-10-01T13:26:04Z,2026-10-01T13:26:04Z,0
23068,44186,Hoima Bulindi,1.4649547824354439,31.438459956597924,1790860500000,2026-10-01T13:15:00+00:00,2026-10-01T16:15:00+03:00,26.34164,0.0,318.9135,78.43137,6.616617,,,,2026-10-01T13:26:04Z,2026-10-01T13:56:04Z,1
23570,860744,Kabarole KyembogoNARO,0.7373272793620456,30.378182216821177,1790860500000,2026-10-01T13:15:00+00:00,2026-10-01T16:15:00+03:00,23.70031,0.0,157.3815,75.55047,18.39551,22.39597,,,2026-10-01T13:26:04Z,2026-10-01T14:26:03Z,0
25894,44432,NARO Serere2,1.5498464368665708,33.471426852949406,1790860500000,2026-10-01T13:15:00+00:00,2026-10-01T16:15:00+03:00,29.67,0.0,575.8755,58.77,9.289693,16.3119,,,2026-10-01T13:26:04Z,2026-10-01T13:26:04Z,0
26371,514572,EntebbeCity NMTS,0.002068145970468316,32.47029039760271,1790860500000,2026-10-01T13:15:00+00:00,2026-10-01T16:15:00+03:00,26.41,0.0,0.0,68.68,1.89517,3.537041,,,2026-10-01T13:26:04Z,2026-10-01T13:56:04Z,1
26934,863098,Kampala LubigiNWSC,0.3440953682915257,32.54509647954191,1790860500000,2026-10-01T13:15:00+00:00,2026-10-01T16:15:00+03:00,26.0441,0.0,5.859465,71.79675,5.813687,9.933623,,,2026-10-01T13:26:04Z,2026-10-01T13:26:04Z,0
28357,518274,Amudat KaritaHCIV,1.5419923880012918,34.82910539376184,1790860500000,2026-10-01T13:15:00+00:00,2026-10-01T16:15:00+03:00,31.68,0.0,215.6405,24.07,8.944381,17.14305,,,2026-10-01T13:26:04Z,2026-10-01T13:26:04Z,0
28650,518275,Nakapiripirit NabulengerHCII,1.8399992209235494,34.569297846559095,1790860500000,2026-10-01T13:15:00+00:00,2026-10-01T16:15:00+03:00,28.34,0.0,91.88983,53.62,7.09453,19.1371,,,2026-10-01T13:26:04Z,2026-10-01T14:26:03Z,0
28835,518279,Karenga KidepoAirfield,3.433006937417964,33.45274286601015,1790860500000,2026-10-01T13:15:00+00:00,2026-10-01T16:15:00+03:00,23.38,0.2,123.0793,74.33,12.79927,,,,2026-10-01T13:26:04Z,2026-10-01T13:56:04Z,0
28935,518278,Kaabong SidokHCIII,3.3616463406052675,34.12346082801267,1790860500000,2026-10-01T13:15:00+00:00,2026-10-01T16:15:00+03:00,26.94,0.0,398.3215,41.07,10.36698,,,,2026-10-01T13:26:04Z,2026-10-01T13:26:04Z,0
29180,517853,Moroto RupaSC,2.582841223352566,34.66924742947938,1790860500000,2026-10-01T13:15:00+00:00,2026-10-01T16:15:00+03:00,29.4,0.0,115.816,34.51,17.38918,24.17945,,,2026-10-01T13:26:04Z,2026-10-01T13:56:04Z,1
29306,514576,Butaleja ButalejaTC,0.6919682458015968,34.09885656329347,1790860500000,2026-10-01T13:15:00+00:00,2026-10-01T16:15:00+03:00,19.03,0.2,12.32929,100.0,6.983291,,,,2026-10-01T13:26:04Z,2026-10-01T13:26:04Z,0
29366,860740,Kasese Airfield,0.16776145042270435,30.06946870555926,1790860500000,2026-10-01T13:15:00+00:00,2026-10-01T16:15:00+03:00,31.17,0.0,620.7065,39.91,6.826734,,,,2026-10-01T13:26:04Z,2026-10-01T13:26:04Z,0
29432,514563,Kikuube Hoima Sugar,1.250555426321004,31.194469848676302,1790860500000,2026-10-01T13:15:00+00:00,2026-10-01T16:15:00+03:00,27.21,0.0,22.33921,58.8,3.92462,6.9337,,,2026-10-01T13:26:04Z,2026-10-01T13:56:04Z,1
29593,514561,Pallisa KasodoSC,1.2320044388064466,33.6019957700963,1790860500000,2026-10-01T13:15:00+00:00,2026-10-01T16:15:00+03:00,21.66,7.2,26.03189,98.42,13.78119,,,,2026-10-01T13:26:04Z,2026-10-01T13:26:04Z,0
29787,862013,Kamuli Namasagali,1.0190806821802028,32.949594981070824,1790860500000,2026-10-01T13:15:00+00:00,2026-10-01T16:15:00+03:00,26.79,0.0,196.2005,86.2,4.654002,11.02312,,,2026-10-01T13:26:04Z,2026-10-01T13:26:04Z,0
29823,860732,Kotido KotidoTC,3.007038604042491,34.10733499015392,1790860500000,2026-10-01T13:15:00+00:00,2026-10-01T16:15:00+03:00,29.41,0.0,270.3899,52.22,0.0,0.0,,,2026-10-01T13:26:04Z,2026-10-01T13:56:04Z,0
30143,860494,Lira NARONgetta,2.1557054334938868,32.88785061975556,1790860500000,2026-10-01T13:15:00+00:00,2026-10-01T16:15:00+03:00,25.56,0.0,230.8995,86.48,9.788968,,,,2026-10-01T13:26:04Z,2026-10-01T13:26:04Z,0
30283,514568,Kampala KyambogoUnv2,0.3228582483254613,32.59455916940114,1790860500000,2026-10-01T13:15:00+00:00,2026-10-01T16:15:00+03:00,26.74,0.2,227.39,65.82,8.787824,12.06729,,,2026-10-01T13:26:04Z,2026-10-01T13:26:04Z,0
30695,514556,EntebbeCity AirportNMC,-0.34891969990053573,30.46770493505511,1790860500000,2026-10-01T13:15:00+00:00,2026-10-01T16:15:00+03:00,25.54,0.0,161.3794,77.04,3.576715,6.012054,,,2026-10-01T13:26:04Z,2026-10-01T13:56:04Z,0
31495,518862,Kapchorwa SipiTC,1.2267354469379133,34.365906405123326,1790860500000,2026-10-01T13:15:00+00:00,2026-10-01T16:15:00+03:00,22.61,0.0,0.0,62.71,4.238956,5.383383,,,2026-10-01T13:26:04Z,2026-10-01T13:26:04Z,0
31567,518860,Bulambuli Bunambutye HCIII,1.456486355349107,34.36072118430061,1790860500000,2026-10-01T13:15:00+00:00,2026-10-01T16:15:00+03:00,30.13,0.0,8.484016,40.69,14.4686,18.27115,,,2026-10-01T13:26:04Z,2026-10-01T13:26:04Z,0
31809,518861,Bulambuli Bulegeni NARO,1.2990504672186247,34.322697246680406,1790860500000,2026-10-01T13:15:00+00:00,2026-10-01T16:15:00+03:00,25.02,0.0,5.523766,54.38,4.055848,7.006943,,,2026-10-01T13:26:04Z,2026-10-01T13:56:04Z,0
32252,518843,Isingiro KabuyandaTC,-0.9482535956706091,30.623306857245286,1790860500000,2026-10-01T13:15:00+00:00,2026-10-01T16:15:00+03:00,29.27,0.0,7.690547,39.83,7.055772,10.85527,,,2026-10-01T13:26:04Z,2026-10-01T14:26:03Z,1
28133,514567,Rukiga RwamuchuchuSC,-1.147093805481443,30.065473322928664,1790860800000,2026-10-01T13:20:00+00:00,2026-10-01T16:20:00+03:00,27.02,0.0,188.4184,39.06,4.077211,6.10666,,,2026-10-01T13:26:04Z,2026-10-01T13:56:04Z,0
19216,511040,Ngora Kobwin,1.3996404514823648,33.746259878723855,1790861400000,2026-10-01T13:30:00+00:00,2026-10-01T16:30:00+03:00,19.5,5.0,120.5463,100.0,6.750591,16.74525,,,2026-10-01T13:56:04Z,2026-10-01T13:56:04Z,0
19689,511063,Isingiro Mbaale SC,-0.8229276501909935,30.80641202589177,1790861400000,2026-10-01T13:30:00+00:00,2026-10-01T16:30:00+03:00,28.56,0.0,424.1093,58.85,9.057755,12.37507,,,2026-10-01T13:56:04Z,2026-10-01T13:56:04Z,0
24597,511024,Kanungu KirimaSC,-0.8665190597972187,29.750001331073445,1790861400000,2026-10-01T13:30:00+00:00,2026-10-01T16:30:00+03:00,26.35,0.0,556.4965,75.27,8.096437,11.74029,,,2026-10-01T13:56:04Z,2026-10-01T13:56:04Z,0
25494,45719,Wakiso KawandaNARO,0.5757356735589316,32.2094519796799,1790861400000,2026-10-01T13:30:00+00:00,2026-10-01T16:30:00+03:00,26.4683,0.0,266.6362,70.69962,9.962005,,,,2026-10-01T13:56:04Z,2026-10-01T14:26:03Z,0
25858,860733,Masindi MasindiMC,1.6873183106449883,31.720847713796427,1790861400000,2026-10-01T13:30:00+00:00,2026-10-01T16:30:00+03:00,26.41,0.0,488.2887,86.18,5.877775,,,,2026-10-01T13:56:04Z,2026-10-01T13:56:04Z,0
25894,44432,NARO Serere2,1.5498464368665708,33.471426852949406,1790861400000,2026-10-01T13:30:00+00:00,2026-10-01T16:30:00+03:00,30.45,0.0,561.1048,54.92,8.963149,12.91829,,,2026-10-01T13:56:04Z,2026-10-01T14:26:03Z,0
26350,516055,Bushenyi PIBID2,-0.34476582916148607,30.12697463332902,1790861400000,2026-10-01T13:30:00+00:00,2026-10-01T16:30:00+03:00,20.9,0.0,544.5945,65.63,9.478905,13.00374,,,2026-10-01T13:56:04Z,2026-10-01T13:56:04Z,0
26934,863098,Kampala LubigiNWSC,0.3440953682915257,32.54509647954191,1790861400000,2026-10-01T13:30:00+00:00,2026-10-01T16:30:00+03:00,26.18906,0.0,5.920501,71.88831,6.564431,10.34867,,,2026-10-01T13:56:04Z,2026-10-01T13:56:04Z,0
27204,515136,Kirihura MburoNP,-0.32644602379535037,30.558912625750658,1790861400000,2026-10-01T13:30:00+00:00,2026-10-01T16:30:00+03:00,25.93,0.0,0.0,74.64,0.0,0.5584802,,,2026-10-01T13:56:04Z,2026-10-01T14:26:03Z,0
27592,514557,Kampala MakerereUnv3,0.33461539452981,32.571512848339765,1790861400000,2026-10-01T13:30:00+00:00,2026-10-01T16:30:00+03:00,25.75,0.0,312.1385,63.68,5.029374,9.292745,,,2026-10-01T13:56:04Z,2026-10-01T14:26:03Z,0
28935,518278,Kaabong SidokHCIII,3.3616463406052675,34.12346082801267,1790861400000,2026-10-01T13:30:00+00:00,2026-10-01T16:30:00+03:00,27.34,0.0,382.6657,40.07,9.634546,,,,2026-10-01T13:56:04Z,2026-10-01T13:56:04Z,0
29306,514576,Butaleja ButalejaTC,0.6919682458015968,34.09885656329347,1790861400000,2026-10-01T13:30:00+00:00,2026-10-01T16:30:00+03:00,18.95,0.8,17.21218,100.0,8.437629,,,,2026-10-01T13:56:04Z,2026-10-01T14:26:03Z,0
29366,860740,Kasese Airfield,0.16776145042270435,30.06946870555926,1790861400000,2026-10-01T13:30:00+00:00,2026-10-01T16:30:00+03:00,31.15,0.0,565.9876,41.67,5.875029,,,,2026-10-01T13:56:04Z,2026-10-01T13:56:04Z,0
29497,514558,Bulisa ButiabaHydro,2.1126939171888264,31.436768666464783,1790861400000,2026-10-01T13:30:00+00:00,2026-10-01T16:30:00+03:00,29.22,0.0,546.7613,56.49,7.918517,,,,2026-10-01T13:56:04Z,2026-10-01T14:26:03Z,0
29529,514573,Bundibugyo BundibugyoTC,0.8026268481642997,30.27578425237216,1790861400000,2026-10-01T13:30:00+00:00,2026-10-01T16:30:00+03:00,28.29,0.0,7.385366,56.86,5.969787,,,,2026-10-01T13:56:04Z,2026-10-01T14:26:03Z,0
29593,514561,Pallisa KasodoSC,1.2320044388064466,33.6019957700963,1790861400000,2026-10-01T13:30:00+00:00,2026-10-01T16:30:00+03:00,19.58,3.2,37.53719,999.0,7.049211,,,rh_sensor_suspect,2026-10-01T13:56:04Z,2026-10-01T14:26:03Z,0
29756,862010,Nakasongola KalungiSC,1.2852342933913012,32.662599686414936,1790861400000,2026-10-01T13:30:00+00:00,2026-10-01T16:30:00+03:00,29.05775,0.0,248.7831,62.03861,8.841077,14.24887,,,2026-10-01T13:56:04Z,2026-10-01T14:26:03Z,0
29787,862013,Kamuli Namasagali,1.0190806821802028,32.949594981070824,1790861400000,2026-10-01T13:30:00+00:00,2026-10-01T16:30:00+03:00,26.89,0.0,190.0969,85.85,4.296941,7.284657,,,2026-10-01T13:56:04Z,2026-10-01T13:56:04Z,0
29892,516056,Budaka BudakaTC2,0.11576196513474404,33.453613566274235,1790861400000,2026-10-01T13:30:00+00:00,2026-10-01T16:30:00+03:00,18.48,0.2,44.52583,100.0,3.503471,,,,2026-10-01T13:56:04Z,2026-10-01T14:26:03Z,0
30001,860741,Mbarara MbararaMC,-0.6104058469568668,30.637128687200217,1790861400000,2026-10-01T13:30:00+00:00,2026-10-01T16:30:00+03:00,28.69,0.0,511.2688,47.18,6.674296,10.58412,,,2026-10-01T13:56:04Z,2026-10-01T14:26:03Z,0
30143,860494,Lira NARONgetta,2.1557054334938868,32.88785061975556,1790861400000,2026-10-01T13:30:00+00:00,2026-10-01T16:30:00+03:00,25.28,0.0,179.6292,86.49,9.273975,,,,2026-10-01T13:56:04Z,2026-10-01T13:56:04Z,0
30252,49521,Kyenjojo KyenjojoMC,0.6130612575199993,30.641008786833954,1790861400000,2026-10-01T13:30:00+00:00,2026-10-01T16:30:00+03:00,27.69513,0.0,584.329,34.90806,3.363088,4.467842,,,2026-10-01T13:56:04Z,2026-10-01T13:56:04Z,0
30381,45666,Mukono NtawoNARO,0.37885800528124053,32.7292665823493,1790861400000,2026-10-01T13:30:00+00:00,2026-10-01T16:30:00+03:00,26.6804,0.0,153.6889,68.76326,7.779049,14.62119,,,2026-10-01T13:56:04Z,2026-10-01T14:26:03Z,0
30476,518276,Moroto Airfield,2.499539862843011,34.60336771655714,1790861400000,2026-10-01T13:30:00+00:00,2026-10-01T16:30:00+03:00,29.5,0.0,162.8138,34.27,28.4152,,,,2026-10-01T13:56:04Z,2026-10-01T13:56:04Z,0
30600,514575,Buvuma BuvumaCollege,0.20227217732623182,33.298299581212675,1790861400000,2026-10-01T13:30:00+00:00,2026-10-01T16:30:00+03:00,27.15,0.0,136.8734,65.93,9.665369,,,,2026-10-01T13:56:04Z,2026-10-01T14:26:03Z,0
30757,860735,Arua Airfield,3.022727728757243,30.902049741391995,1790861400000,2026-10-01T13:30:00+00:00,2026-10-01T16:30:00+03:00,25.52,0.0,304.6311,73.75,3.262379,5.502403,,,2026-10-01T13:56:04Z,2026-10-01T14:26:03Z,0
31495,518862,Kapchorwa SipiTC,1.2267354469379133,34.365906405123326,1790861400000,2026-10-01T13:30:00+00:00,2026-10-01T16:30:00+03:00,22.6,0.0,0.0,62.79,2.783246,3.970397,,,2026-10-01T13:56:04Z,2026-10-01T14:26:03Z,0
31567,518860,Bulambuli Bunambutye HCIII,1.456486355349107,34.36072118430061,1790861400000,2026-10-01T13:30:00+00:00,2026-10-01T16:30:00+03:00,29.42,0.0,7.965209,42.05,17.38308,20.89876,,,2026-10-01T13:56:04Z,2026-10-01T13:56:04Z,0
31441,518845,Kapchorwa KapchorwaTC,1.3911330664844062,34.44711975629734,1790862000000,2026-10-01T13:40:00+00:00,2026-10-01T16:40:00+03:00,24.18,0.0,,48.64,0.0,0.3173876,,,2026-10-01T13:56:04Z,2026-10-01T14:26:03Z,0
12322,853288,Mukono MpomaNARO,0.4283966588777295,32.76213604190826,1790862300000,2026-10-01T13:45:00+00:00,2026-10-01T16:45:00+03:00,26.64072,0.0,112.3369,70.99107,4.836804,,,,2026-10-01T13:56:04Z,2026-10-01T14:26:03Z,0
14926,45633,NARO NaFIRRI,1.2369277861017918,34.56704375600076,1790862300000,2026-10-01T13:45:00+00:00,2026-10-01T16:45:00+03:00,-39.9054,0.0,60.79195,0.09765774,1.660182,7.226673,,temp_sensor_suspect,2026-10-01T13:56:04Z,2026-10-01T13:56:04Z,0
18675,511038,Bushenyi KyamuhungaTC,-0.43140075953825036,30.06284619401695,1790862300000,2026-10-01T13:45:00+00:00,2026-10-01T16:45:00+03:00,25.35,0.0,547.8904,80.14,7.891966,12.8481,,,2026-10-01T13:56:04Z,2026-10-01T14:26:03Z,0
19560,511036,Rukungiri RukungiriTC,-0.7824612451972481,29.919168920717752,1790862300000,2026-10-01T13:45:00+00:00,2026-10-01T16:45:00+03:00,23.86,0.0,572.1828,82.79,14.05722,,,,2026-10-01T13:56:04Z,2026-10-01T14:26:03Z,0
19644,511034,Ntungamo RukoneEast,-0.9026492749586166,30.53713188060457,1790862300000,2026-10-01T13:45:00+00:00,2026-10-01T16:45:00+03:00,28.65,0.0,111.7571,54.55,9.508812,,,,2026-10-01T13:56:04Z,2026-10-01T13:56:04Z,0
22494,511046,Bukedea BukedeaTC,1.344383477320109,34.65405915348999,1790862300000,2026-10-01T13:45:00+00:00,2026-10-01T16:45:00+03:00,23.2,0.0,148.9281,81.63,3.677424,7.858396,,,2026-10-01T13:56:04Z,2026-10-01T14:26:03Z,0
22745,860739,Tororo TororoMC,0.7363404161562512,34.16750975530811,1790862300000,2026-10-01T13:45:00+00:00,2026-10-01T16:45:00+03:00,21.12,0.0,25.69619,94.42,3.747616,,,,2026-10-01T13:56:04Z,2026-10-01T13:56:04Z,0
26314,511026,Buhweju BuhwejuTC,-0.36217852027400727,30.438745738821645,1790862300000,2026-10-01T13:45:00+00:00,2026-10-01T16:45:00+03:00,26.61478,0.0,9.094377,56.04791,5.200274,,,,2026-10-01T13:56:04Z,2026-10-01T13:56:04Z,0
26350,516055,Bushenyi PIBID2,-0.34476582916148607,30.12697463332902,1790862300000,2026-10-01T13:45:00+00:00,2026-10-01T16:45:00+03:00,20.9,0.0,474.7692,65.81,9.36904,12.59785,,,2026-10-01T14:26:03Z,2026-10-01T14:26:03Z,0
27429,853290,Tororo MoroTC,1.347804683283513,33.56157669447344,1790862300000,2026-10-01T13:45:00+00:00,2026-10-01T16:45:00+03:00,20.19,0.0,20.84382,100.0,1.867704,6.137178,,,2026-10-01T13:56:04Z,2026-10-01T14:26:03Z,0
27630,514559,Gulu Airfield2,2.3315839569642756,32.403314261884674,1790862300000,2026-10-01T13:45:00+00:00,2026-10-01T16:45:00+03:00,24.98,0.0,177.0352,74.14,10.24796,,,,2026-10-01T13:56:04Z,2026-10-01T14:26:03Z,0
28282,49381,Amolatar NamasaleHCIII2,1.890942556037648,33.03500809176537,1790862300000,2026-10-01T13:45:00+00:00,2026-10-01T16:45:00+03:00,27.6,0.0,235.935,74.65,8.496223,13.31807,,,2026-10-01T13:56:04Z,2026-10-01T13:56:04Z,0
28357,518274,Amudat KaritaHCIV,1.5419923880012918,34.82910539376184,1790862300000,2026-10-01T13:45:00+00:00,2026-10-01T16:45:00+03:00,29.44,0.0,169.4667,42.01,13.69467,21.68734,,,2026-10-01T13:56:04Z,2026-10-01T14:26:03Z,0
28465,518272,Nabilatuk NabilatukDLG,2.0853119097380035,34.60581875063605,1790862300000,2026-10-01T13:45:00+00:00,2026-10-01T16:45:00+03:00,24.96,0.0,303.624,64.04,9.220417,12.96956,,,2026-10-01T13:56:04Z,2026-10-01T13:56:04Z,0
29036,514566,Nabilatuk Nabuin ZARDI,1.716485049322414,34.51313788762028,1790862300000,2026-10-01T13:45:00+00:00,2026-10-01T16:45:00+03:00,27.67,0.0,0.0,40.33,17.88464,,,,2026-10-01T13:56:04Z,2026-10-01T13:56:04Z,0
29347,862041,Kabale KabaleMC,-1.2542908115437144,29.987880749577656,1790862300000,2026-10-01T13:45:00+00:00,2026-10-01T16:45:00+03:00,26.77,0.0,489.2348,34.94,1.639735,,,,2026-10-01T13:56:04Z,2026-10-01T13:56:04Z,0
29823,860732,Kotido KotidoTC,3.007038604042491,34.10733499015392,1790862300000,2026-10-01T13:45:00+00:00,2026-10-01T16:45:00+03:00,28.76,0.0,180.3311,53.55,0.0,0.0,,,2026-10-01T14:26:03Z,2026-10-01T14:26:03Z,0
29932,514577,Namutumba NamutumbaTC2,1.9758008082349363,33.56106699819666,1790862300000,2026-10-01T13:45:00+00:00,2026-10-01T16:45:00+03:00,18.76,0.2,31.95239,100.0,10.44022,14.73106,,,2026-10-01T13:56:04Z,2026-10-01T14:26:03Z,0
30033,45670,Apac ApacTC,1.9892647841094635,32.531624149345156,1790862300000,2026-10-01T13:45:00+00:00,2026-10-01T16:45:00+03:00,26.16,0.0,0.0,93.75,0.0,0.0,,,2026-10-01T13:56:04Z,2026-10-01T13:56:04Z,0
30066,49455,Kayunga DistrictAdmin,0.7203001611290255,32.893290564677095,1790862300000,2026-10-01T13:45:00+00:00,2026-10-01T16:45:00+03:00,26.94286,0.0,94.57542,74.71885,193.7591,,,wind_sensor_suspect,2026-10-01T13:56:04Z,2026-10-01T13:56:04Z,1
30143,860494,Lira NARONgetta,2.1557054334938868,32.88785061975556,1790862300000,2026-10-01T13:45:00+00:00,2026-10-01T16:45:00+03:00,24.37,0.0,151.7968,90.43,12.65232,,,,2026-10-01T14:26:03Z,2026-10-01T14:26:03Z,0
30283,514568,Kampala KyambogoUnv2,0.3228582483254613,32.59455916940114,1790862300000,2026-10-01T13:45:00+00:00,2026-10-01T16:45:00+03:00,26.64,0.4,233.7377,64.86,8.585947,15.86999,,,2026-10-01T13:56:04Z,2026-10-01T14:26:03Z,0
30347,860738,Bulambuli BuginyanyaNARO,1.2292008829492236,34.512188495373756,1790862300000,2026-10-01T13:45:00+00:00,2026-10-01T16:45:00+03:00,22.66,0.0,40.16175,69.43,0.1029984,,,,2026-10-01T14:26:03Z,2026-10-01T14:26:03Z,0
30411,45716,Lwengo KamenyamigoNARO,-0.28429808513865706,31.664636340132986,1790862300000,2026-10-01T13:45:00+00:00,2026-10-01T16:45:00+03:00,23.28,0.0,87.19005,56.16,14.89281,24.56092,,,2026-10-01T13:56:04Z,2026-10-01T13:56:04Z,0
30518,45678,Kwania AdukuTC,2.0141834426175826,32.722869192593286,1790862300000,2026-10-01T13:45:00+00:00,2026-10-01T16:45:00+03:00,26.93,0.0,163.5462,80.36,0.0,0.0,,,2026-10-01T13:56:04Z,2026-10-01T14:26:03Z,0
31712,518846,Sironko SironkoTC,1.2330289483318788,34.24436423053502,1790862300000,2026-10-01T13:45:00+00:00,2026-10-01T16:45:00+03:00,23.45,0.0,110.2922,73.55,4.751659,6.152438,,,2026-10-01T13:56:04Z,2026-10-01T13:56:04Z,0
33112,45718,Kaliro KaliroTC3,0.3200660892230024,30.52341859895648,1790862300000,2026-10-01T13:45:00+00:00,2026-10-01T16:45:00+03:00,0.0,0.0,0.0,0.0,0.9399558,0.9491111,,temp_rh_dead,2026-10-01T13:56:04Z,2026-10-01T13:56:04Z,1
33816,512617,Buyende Kidera1,1.1427018347181084,33.27926712214954,1790862300000,2026-10-01T13:45:00+00:00,2026-10-01T16:45:00+03:00,29.01961,0.0,300.1755,60.60578,0.0,0.0,,,2026-10-01T13:56:04Z,2026-10-01T13:56:04Z,0
28247,853287,KaberamaidoTC,1.3267002801667445,33.24551213582627,1790862600000,2026-10-01T13:50:00+00:00,2026-10-01T16:50:00+03:00,28.10559,0.0,231.2352,59.50408,10.91936,15.06371,,,2026-10-01T13:56:04Z,2026-10-01T13:56:04Z,0
30820,518844,Kanungu MatandaHCIII,-0.6465365596528061,29.742748867338342,1790862600000,2026-10-01T13:50:00+00:00,2026-10-01T16:50:00+03:00,29.23,0.0,9.094377,49.27,8.657969,10.63554,,,2026-10-01T13:56:04Z,2026-10-01T13:56:04Z,0
8765,45675,Serere Bugondo,1.1032982147304293,33.65208682230397,1790863200000,2026-10-01T14:00:00+00:00,2026-10-01T17:00:00+03:00,29.07759,0.0,109.8955,57.18624,10.16861,13.77584,,,2026-10-01T14:26:03Z,2026-10-01T14:26:03Z,0
14926,45633,NARO NaFIRRI,1.2369277861017918,34.56704375600076,1790863200000,2026-10-01T14:00:00+00:00,2026-10-01T17:00:00+03:00,-39.90997,0.0,28.68696,0.09918365,5.661097,12.91524,,temp_sensor_suspect,2026-10-01T14:26:03Z,2026-10-01T14:26:03Z,0
18831,511028,Kibuku KadamaTC,1.230158490836445,33.75766971001673,1790863200000,2026-10-01T14:00:00+00:00,2026-10-01T17:00:00+03:00,18.93,0.0,92.13397,100.0,4.272526,6.640726,,,2026-10-01T14:26:03Z,2026-10-01T14:26:03Z,0
19036,511025,Kumi Mukongoro,1.3213023670796662,33.886075111016034,1790863200000,2026-10-01T14:00:00+00:00,2026-10-01T17:00:00+03:00,21.89,0.0,18.95171,100.0,6.549172,8.950942,,,2026-10-01T14:26:03Z,2026-10-01T14:26:03Z,0
23068,44186,Hoima Bulindi,1.4649547824354439,31.438459956597924,1790863200000,2026-10-01T14:00:00+00:00,2026-10-01T17:00:00+03:00,27.59289,0.0,281.8341,67.5288,0.7374685,,,,2026-10-01T14:26:03Z,2026-10-01T14:26:03Z,0
24597,511024,Kanungu KirimaSC,-0.8665190597972187,29.750001331073445,1790863200000,2026-10-01T14:00:00+00:00,2026-10-01T17:00:00+03:00,26.18,0.0,403.4485,74.52,7.934691,12.29877,,,2026-10-01T14:26:03Z,2026-10-01T14:26:03Z,0
25858,860733,Masindi MasindiMC,1.6873183106449883,31.720847713796427,1790863200000,2026-10-01T14:00:00+00:00,2026-10-01T17:00:00+03:00,26.3,0.0,194.0032,85.01,5.658045,,,,2026-10-01T14:26:03Z,2026-10-01T14:26:03Z,0
26314,511026,Buhweju BuhwejuTC,-0.36217852027400727,30.438745738821645,1790863200000,2026-10-01T14:00:00+00:00,2026-10-01T17:00:00+03:00,25.60921,0.0,9.21645,61.23598,4.739452,,,,2026-10-01T14:26:03Z,2026-10-01T14:26:03Z,0
26371,514572,EntebbeCity NMTS,0.002068145970468316,32.47029039760271,1790863200000,2026-10-01T14:00:00+00:00,2026-10-01T17:00:00+03:00,26.95,0.0,0.0,61.93,3.295949,4.754711,,,2026-10-01T14:26:03Z,2026-10-01T14:26:03Z,0
26934,863098,Kampala LubigiNWSC,0.3440953682915257,32.54509647954191,1790863200000,2026-10-01T14:00:00+00:00,2026-10-01T17:00:00+03:00,26.50492,0.0,5.981536,70.47684,3.588922,6.546121,,,2026-10-01T14:26:03Z,2026-10-01T14:26:03Z,0
28835,518279,Karenga KidepoAirfield,3.433006937417964,33.45274286601015,1790863200000,2026-10-01T14:00:00+00:00,2026-10-01T17:00:00+03:00,25.71,0.0,363.2563,62.0,13.20821,,,,2026-10-01T14:26:03Z,2026-10-01T14:26:03Z,0
29180,517853,Moroto RupaSC,2.582841223352566,34.66924742947938,1790863200000,2026-10-01T14:00:00+00:00,2026-10-01T17:00:00+03:00,29.06,0.0,107.8203,36.75,13.74533,21.5732,,,2026-10-01T14:26:03Z,2026-10-01T14:26:03Z,0
29347,862041,Kabale KabaleMC,-1.2542908115437144,29.987880749577656,1790863200000,2026-10-01T14:00:00+00:00,2026-10-01T17:00:00+03:00,26.77,0.0,413.3669,31.99,1.763333,,,,2026-10-01T14:26:03Z,2026-10-01T14:26:03Z,0
29432,514563,Kikuube Hoima Sugar,1.250555426321004,31.194469848676302,1790863200000,2026-10-01T14:00:00+00:00,2026-10-01T17:00:00+03:00,28.16,0.0,23.62097,58.3,3.530938,6.546121,,,2026-10-01T14:26:03Z,2026-10-01T14:26:03Z,0
30066,49455,Kayunga DistrictAdmin,0.7203001611290255,32.893290564677095,1790863200000,2026-10-01T14:00:00+00:00,2026-10-01T17:00:00+03:00,27.08934,0.0,85.32845,75.30785,186.8131,,,wind_sensor_suspect,2026-10-01T14:26:03Z,2026-10-01T14:26:03Z,1
30476,518276,Moroto Airfield,2.499539862843011,34.60336771655714,1790863200000,2026-10-01T14:00:00+00:00,2026-10-01T17:00:00+03:00,28.91,0.0,139.3454,39.13,29.54406,,,,2026-10-01T14:26:03Z,2026-10-01T14:26:03Z,0
30820,518844,Kanungu MatandaHCIII,-0.6465365596528061,29.742748867338342,1790863200000,2026-10-01T14:00:00+00:00,2026-10-01T17:00:00+03:00,29.46,0.0,9.491112,49.46,8.657969,12.05463,,,2026-10-01T14:26:03Z,2026-10-01T14:26:03Z,0
31809,518861,Bulambuli Bulegeni NARO,1.2990504672186247,34.322697246680406,1790863200000,2026-10-01T14:00:00+00:00,2026-10-01T17:00:00+03:00,25.02,0.0,5.188067,56.88,4.342718,6.405737,,,2026-10-01T14:26:03Z,2026-10-01T14:26:03Z,0
28210,514564,Kiryandongo KiryandongoSF,-1.338837687838001,30.43596025320078,1790863800000,2026-10-01T14:10:00+00:00,2026-10-01T17:10:00+03:00,26.72,0.0,184.7257,63.88,7.617304,11.15129,,,2026-10-01T14:26:03Z,2026-10-01T14:26:03Z,0
28247,853287,KaberamaidoTC,1.3267002801667445,33.24551213582627,1790863800000,2026-10-01T14:10:00+00:00,2026-10-01T17:10:00+03:00,27.77905,0.0,189.6696,59.35912,11.27947,15.50622,,,2026-10-01T14:26:03Z,2026-10-01T14:26:03Z,0
18638,511041,Rubirizi RubiriziTC,0.12326709721562841,30.33796491610475,1790864100000,2026-10-01T14:15:00+00:00,2026-10-01T17:15:00+03:00,26.18,0.0,199.9237,82.84,2.658122,6.717021,,,2026-10-01T14:26:03Z,2026-10-01T14:26:03Z,0
19216,511040,Ngora Kobwin,1.3996404514823648,33.746259878723855,1790864100000,2026-10-01T14:15:00+00:00,2026-10-01T17:15:00+03:00,21.67,0.0,206.4851,100.0,4.635691,8.047608,,,2026-10-01T14:26:03Z,2026-10-01T14:26:03Z,0
19410,511043,Rubanda KarengyereNARO,-1.500172417819356,29.80055712733001,1790864100000,2026-10-01T14:15:00+00:00,2026-10-01T17:15:00+03:00,17.93,0.0,55.90905,91.86,4.956283,,,,2026-10-01T14:26:03Z,2026-10-01T14:26:03Z,0
19644,511034,Ntungamo RukoneEast,-0.9026492749586166,30.53713188060457,1790864100000,2026-10-01T14:15:00+00:00,2026-10-01T17:15:00+03:00,28.21,0.0,101.1063,56.84,7.411765,,,,2026-10-01T14:26:03Z,2026-10-01T14:26:03Z,0
19689,511063,Isingiro Mbaale SC,-0.8229276501909935,30.80641202589177,1790864100000,2026-10-01T14:15:00+00:00,2026-10-01T17:15:00+03:00,27.95,0.0,396.4904,64.7,12.03326,15.94873,,,2026-10-01T14:26:03Z,2026-10-01T14:26:03Z,0
20513,512647,Kitgum2 KitgumMC,3.329416943369524,33.176767183806454,1790864100000,2026-10-01T14:15:00+00:00,2026-10-01T17:15:00+03:00,27.16,0.0,173.0678,83.02,5.346761,,,,2026-10-01T14:26:03Z,2026-10-01T14:26:03Z,0
21602,44434,Mbarara NARO,-0.33912497379417256,30.53875374336554,1790864100000,2026-10-01T14:15:00+00:00,2026-10-01T17:15:00+03:00,28.86,0.0,380.7126,53.8,2.636759,11.51751,,,2026-10-01T14:26:03Z,2026-10-01T14:26:03Z,0
22531,514574,Ntungamo NtungamoTC,-0.8743084927533056,30.25887027699915,1790864100000,2026-10-01T14:15:00+00:00,2026-10-01T17:15:00+03:00,27.94,0.0,88.41077,45.77,3.817807,,,,2026-10-01T14:26:03Z,2026-10-01T14:26:03Z,0
22745,860739,Tororo TororoMC,0.7363404161562512,34.16750975530811,1790864100000,2026-10-01T14:15:00+00:00,2026-10-01T17:15:00+03:00,20.93,0.0,52.61311,99.48,7.763791,,,,2026-10-01T14:26:03Z,2026-10-01T14:26:03Z,0
27651,514554,Lamwo LamwoTC,3.5293008898067413,32.800069272228264,1790864100000,2026-10-01T14:15:00+00:00,2026-10-01T17:15:00+03:00,24.17,0.0,155.6115,81.43,8.184939,11.38018,,,2026-10-01T14:26:03Z,2026-10-01T14:26:03Z,0
28282,49381,Amolatar NamasaleHCIII2,1.890942556037648,33.03500809176537,1790864100000,2026-10-01T14:15:00+00:00,2026-10-01T17:15:00+03:00,27.22,0.0,158.1445,74.37,13.86129,21.57931,,,2026-10-01T14:26:03Z,2026-10-01T14:26:03Z,0
28465,518272,Nabilatuk NabilatukDLG,2.0853119097380035,34.60581875063605,1790864100000,2026-10-01T14:15:00+00:00,2026-10-01T17:15:00+03:00,24.55,0.2,47.30297,65.49,8.248112,11.86954,,,2026-10-01T14:26:03Z,2026-10-01T14:26:03Z,0
28935,518278,Kaabong SidokHCIII,3.3616463406052675,34.12346082801267,1790864100000,2026-10-01T14:15:00+00:00,2026-10-01T17:15:00+03:00,27.06,0.0,212.1004,39.25,12.14008,,,,2026-10-01T14:26:03Z,2026-10-01T14:26:03Z,0
29036,514566,Nabilatuk Nabuin ZARDI,1.716485049322414,34.51313788762028,1790864100000,2026-10-01T14:15:00+00:00,2026-10-01T17:15:00+03:00,26.09,0.0,0.0,47.2,17.44381,,,,2026-10-01T14:26:03Z,2026-10-01T14:26:03Z,0
29366,860740,Kasese Airfield,0.16776145042270435,30.06946870555926,1790864100000,2026-10-01T14:15:00+00:00,2026-10-01T17:15:00+03:00,31.12,0.0,374.548,42.99,4.997482,,,,2026-10-01T14:26:03Z,2026-10-01T14:26:03Z,0
29787,862013,Kamuli Namasagali,1.0190806821802028,32.949594981070824,1790864100000,2026-10-01T14:15:00+00:00,2026-10-01T17:15:00+03:00,26.59,0.0,172.4575,86.48,5.61532,8.7953,,,2026-10-01T14:26:03Z,2026-10-01T14:26:03Z,0
30033,45670,Apac ApacTC,1.9892647841094635,32.531624149345156,1790864100000,2026-10-01T14:15:00+00:00,2026-10-01T17:15:00+03:00,25.58,0.0,0.0,94.42,0.0,0.0,,,2026-10-01T14:26:03Z,2026-10-01T14:26:03Z,0
30252,49521,Kyenjojo KyenjojoMC,0.6130612575199993,30.641008786833954,1790864100000,2026-10-01T14:15:00+00:00,2026-10-01T17:15:00+03:00,27.37469,0.0,351.5679,40.74006,3.439384,5.087358,,,2026-10-01T14:26:03Z,2026-10-01T14:26:03Z,0
30316,860746,Mayuge IkulweNARO,0.4388712184461232,33.476196856980515,1790864100000,2026-10-01T14:15:00+00:00,2026-10-01T17:15:00+03:00,0.0,0.0,20.17243,0.0,17.74868,,,temp_rh_dead,2026-10-01T14:26:03Z,2026-10-01T14:26:03Z,1
30411,45716,Lwengo KamenyamigoNARO,-0.28429808513865706,31.664636340132986,1790864100000,2026-10-01T14:15:00+00:00,2026-10-01T17:15:00+03:00,23.04,0.0,54.23056,77.57,1.040665,8.187991,,,2026-10-01T14:26:03Z,2026-10-01T14:26:03Z,0
30695,514556,EntebbeCity AirportNMC,-0.34891969990053573,30.46770493505511,1790864100000,2026-10-01T14:15:00+00:00,2026-10-01T17:15:00+03:00,25.97,0.0,161.0437,67.8,9.021133,12.05463,,,2026-10-01T14:26:03Z,2026-10-01T14:26:03Z,0
31567,518860,Bulambuli Bunambutye HCIII,1.456486355349107,34.36072118430061,1790864100000,2026-10-01T14:15:00+00:00,2026-10-01T17:15:00+03:00,29.05,0.0,7.843138,46.34,15.26513,17.26406,,,2026-10-01T14:26:03Z,2026-10-01T14:26:03Z,0
31712,518846,Sironko SironkoTC,1.2330289483318788,34.24436423053502,1790864100000,2026-10-01T14:15:00+00:00,2026-10-01T17:15:00+03:00,23.46,0.0,95.76562,76.31,4.995804,8.404669,,,2026-10-01T14:26:03Z,2026-10-01T14:26:03Z,0
32414,518863,Sironko Bugusege NARO,1.3301129163684409,33.67749128727189,1790864100000,2026-10-01T14:15:00+00:00,2026-10-01T17:15:00+03:00,20.33,0.0,85.14534,83.95,5.831998,,,,2026-10-01T14:26:03Z,2026-10-01T14:26:03Z,0
33112,45718,Kaliro KaliroTC3,0.3200660892230024,30.52341859895648,1790864100000,2026-10-01T14:15:00+00:00,2026-10-01T17:15:00+03:00,0.0,0.0,0.0,0.0,0.9796292,1.019303,,temp_rh_dead,2026-10-01T14:26:03Z,2026-10-01T14:26:03Z,1
33816,512617,Buyende Kidera1,1.1427018347181084,33.27926712214954,1790864100000,2026-10-01T14:15:00+00:00,2026-10-01T17:15:00+03:00,27.74396,0.0,136.8734,67.08934,0.0,6.478981,,,2026-10-01T14:26:03Z,2026-10-01T14:26:03Z,0
28133,514567,Rukiga RwamuchuchuSC,-1.147093805481443,30.065473322928664,1790864400000,2026-10-01T14:20:00+00:00,2026-10-01T17:20:00+03:00,27.57,0.0,193.5454,36.41,5.716029,7.714962,,,2026-10-01T14:26:03Z,2026-10-01T14:26:03Z,0
31267,518847,Bukedea Kachumbala SC,1.2266404886375875,34.11571805530725,1790864400000,2026-10-01T14:20:00+00:00,2026-10-01T17:20:00+03:00,22.47,0.0,0.0,73.96,5.761807,7.400625,,,2026-10-01T14:26:03Z,2026-10-01T14:26:03Z,0
28210,514564,Kiryandongo KiryandongoSF,-1.338837687838001,30.43596025320078,1790869200000,2026-10-01T15:40:00+00:00,2026-10-01T18:40:00+03:00,24.66,0.0,19.1043,73.67,6.152438,7.733273,,,2026-10-01T17:56:05Z,2026-10-01T19:56:05Z,0
30066,49455,Kayunga DistrictAdmin,0.7203001611290255,32.893290564677095,1790870400000,2026-10-01T16:00:00+00:00,2026-10-01T19:00:00+03:00,20.0885,0.0,0.0,91.5526,109.5048,,,wind_sensor_suspect,2026-10-01T17:56:05Z,2026-10-03T07:56:04Z,1
29036,514566,Nabilatuk Nabuin ZARDI,1.716485049322414,34.51313788762028,1790871300000,2026-10-01T16:15:00+00:00,2026-10-01T19:15:00+03:00,23.62,0.0,0.0,59.48,9.821927,,,,2026-10-01T17:56:05Z,2026-10-01T18:56:04Z,0
29432,514563,Kikuube Hoima Sugar,1.250555426321004,31.194469848676302,1790873100000,2026-10-01T16:45:00+00:00,2026-10-01T19:45:00+03:00,21.81,0.0,15.10643,86.64,1.446555,3.103685,,,2026-10-01T17:56:05Z,2026-10-01T18:56:04Z,0
19644,511034,Ntungamo RukoneEast,-0.9026492749586166,30.53713188060457,1790874000000,2026-10-01T17:00:00+00:00,2026-10-01T20:00:00+03:00,21.84,0.0,0.0,92.36,8.767223,,,,2026-10-01T17:56:05Z,2026-10-01T17:56:05Z,0
22745,860739,Tororo TororoMC,0.7363404161562512,34.16750975530811,1790874000000,2026-10-01T17:00:00+00:00,2026-10-01T20:00:00+03:00,19.92,0.0,0.0,95.99,1.30312,,,,2026-10-01T17:56:05Z,2026-10-01T17:56:05Z,0
24597,511024,Kanungu KirimaSC,-0.8665190597972187,29.750001331073445,1790874000000,2026-10-01T17:00:00+00:00,2026-10-01T20:00:00+03:00,21.04,0.0,0.0,100.0,5.136187,6.686503,,,2026-10-01T17:56:05Z,2026-10-01T17:56:05Z,0
28465,518272,Nabilatuk NabilatukDLG,2.0853119097380035,34.60581875063605,1790874000000,2026-10-01T17:00:00+00:00,2026-10-01T20:00:00+03:00,22.63,0.0,0.0,83.25,0.7168689,0.7168689,,,2026-10-01T17:56:05Z,2026-10-01T17:56:05Z,0
30252,49521,Kyenjojo KyenjojoMC,0.6130612575199993,30.641008786833954,1790874000000,2026-10-01T17:00:00+00:00,2026-10-01T20:00:00+03:00,20.52186,0.0,0.0,77.65775,0.5127031,2.066072,,,2026-10-01T17:56:05Z,2026-10-01T17:56:05Z,0
31712,518846,Sironko SironkoTC,1.2330289483318788,34.24436423053502,1790874000000,2026-10-01T17:00:00+00:00,2026-10-01T20:00:00+03:00,21.08,0.0,110.6889,87.03,2.801556,3.698787,,,2026-10-01T17:56:05Z,2026-10-01T17:56:05Z,0
32414,518863,Sironko Bugusege NARO,1.3301129163684409,33.67749128727189,1790874000000,2026-10-01T17:00:00+00:00,2026-10-01T20:00:00+03:00,19.3,0.0,97.81033,85.19,4.730297,,,,2026-10-01T17:56:05Z,2026-10-01T17:56:05Z,0
33112,45718,Kaliro KaliroTC3,0.3200660892230024,30.52341859895648,1790874000000,2026-10-01T17:00:00+00:00,2026-10-01T20:00:00+03:00,0.0,0.0,0.0,0.0,1.083391,1.089494,,temp_rh_dead,2026-10-01T17:56:05Z,2026-10-01T17:56:05Z,1
33816,512617,Buyende Kidera1,1.1427018347181084,33.27926712214954,1790874000000,2026-10-01T17:00:00+00:00,2026-10-01T20:00:00+03:00,22.89921,0.0,0.0,72.3125,0.0,0.0,,,2026-10-01T17:56:05Z,2026-10-01T17:56:05Z,0
8765,45675,Serere Bugondo,1.1032982147304293,33.65208682230397,1790874900000,2026-10-01T17:15:00+00:00,2026-10-01T20:15:00+03:00,19.48577,0.0,0.0,100.0,11.84405,20.41352,,,2026-10-01T17:56:05Z,2026-10-01T17:56:05Z,0
18638,511041,Rubirizi RubiriziTC,0.12326709721562841,30.33796491610475,1790874900000,2026-10-01T17:15:00+00:00,2026-10-01T20:15:00+03:00,22.32,0.0,0.0,99.1,3.402762,5.926604,,,2026-10-01T17:56:05Z,2026-10-01T17:56:05Z,0
19410,511043,Rubanda KarengyereNARO,-1.500172417819356,29.80055712733001,1790874900000,2026-10-01T17:15:00+00:00,2026-10-01T20:15:00+03:00,15.61,0.0,0.0,100.0,8.886703,,,,2026-10-01T17:56:05Z,2026-10-01T17:56:05Z,0
20513,512647,Kitgum2 KitgumMC,3.329416943369524,33.176767183806454,1790874900000,2026-10-01T17:15:00+00:00,2026-10-01T20:15:00+03:00,23.78,0.0,0.0,100.0,3.649958,,,,2026-10-01T17:56:05Z,2026-10-01T17:56:05Z,0
27651,514554,Lamwo LamwoTC,3.5293008898067413,32.800069272228264,1790874900000,2026-10-01T17:15:00+00:00,2026-10-01T20:15:00+03:00,22.26,0.0,0.0,94.58,3.912413,7.156481,,,2026-10-01T17:56:05Z,2026-10-01T17:56:05Z,0
29347,862041,Kabale KabaleMC,-1.2542908115437144,29.987880749577656,1790874900000,2026-10-01T17:15:00+00:00,2026-10-01T20:15:00+03:00,21.41,0.0,0.0,58.65,0.7498283,,,,2026-10-01T17:56:05Z,2026-10-01T17:56:05Z,0
29529,514573,Bundibugyo BundibugyoTC,0.8026268481642997,30.27578425237216,1790874900000,2026-10-01T17:15:00+00:00,2026-10-01T20:15:00+03:00,24.23,0.0,0.0,75.09,7.527123,,,,2026-10-01T17:56:05Z,2026-10-01T17:56:05Z,0
29823,860732,Kotido KotidoTC,3.007038604042491,34.10733499015392,1790874900000,2026-10-01T17:15:00+00:00,2026-10-01T20:15:00+03:00,23.61,0.0,0.0,77.32,0.0,0.0,,,2026-10-01T17:56:05Z,2026-10-01T17:56:05Z,0
29932,514577,Namutumba NamutumbaTC2,1.9758008082349363,33.56106699819666,1790874900000,2026-10-01T17:15:00+00:00,2026-10-01T20:15:00+03:00,19.13,0.4,0.0,100.0,0.0,0.4394598,,,2026-10-01T17:56:05Z,2026-10-01T17:56:05Z,0
30347,860738,Bulambuli BuginyanyaNARO,1.2292008829492236,34.512188495373756,1790874900000,2026-10-01T17:15:00+00:00,2026-10-01T20:15:00+03:00,19.07,0.0,24.84169,83.65,0.07003891,,,,2026-10-01T17:56:05Z,2026-10-01T17:56:05Z,0
30411,45716,Lwengo KamenyamigoNARO,-0.28429808513865706,31.664636340132986,1790874900000,2026-10-01T17:15:00+00:00,2026-10-01T20:15:00+03:00,20.84,0.0,0.0,86.17,0.5279621,0.5889983,,,2026-10-01T17:56:05Z,2026-10-01T17:56:05Z,0
30600,514575,Buvuma BuvumaCollege,0.20227217732623182,33.298299581212675,1790874900000,2026-10-01T17:15:00+00:00,2026-10-01T20:15:00+03:00,23.18,0.0,0.0,68.33,8.215153,,,,2026-10-01T17:56:05Z,2026-10-01T17:56:05Z,0
12322,853288,Mukono MpomaNARO,0.4283966588777295,32.76213604190826,1790875800000,2026-10-01T17:30:00+00:00,2026-10-01T20:30:00+03:00,21.17342,0.0,0.0,86.85283,5.973907,,,,2026-10-01T17:56:05Z,2026-10-01T17:56:05Z,0
18675,511038,Bushenyi KyamuhungaTC,-0.43140075953825036,30.06284619401695,1790875800000,2026-10-01T17:30:00+00:00,2026-10-01T20:30:00+03:00,20.3,0.0,0.0,99.91,0.5523766,0.5645838,,,2026-10-01T17:56:05Z,2026-10-01T17:56:05Z,0
18831,511028,Kibuku KadamaTC,1.230158490836445,33.75766971001673,1790875800000,2026-10-01T17:30:00+00:00,2026-10-01T20:30:00+03:00,18.85,0.0,0.0,100.0,2.490272,5.813687,,,2026-10-01T17:56:05Z,2026-10-01T17:56:05Z,0
19036,511025,Kumi Mukongoro,1.3213023670796662,33.886075111016034,1790875800000,2026-10-01T17:30:00+00:00,2026-10-01T20:30:00+03:00,20.72,0.0,17.30373,100.0,0.5096514,0.561532,,,2026-10-01T17:56:05Z,2026-10-01T17:56:05Z,0
19913,512648,Rubanda Kachwekano,-1.2492907374261277,29.94650239241936,1790875800000,2026-10-01T17:30:00+00:00,2026-10-01T20:30:00+03:00,18.9456,0.0,0.0,68.89296,6.695659,8.764782,,,2026-10-01T17:56:05Z,2026-10-01T18:26:05Z,0
21602,44434,Mbarara NARO,-0.33912497379417256,30.53875374336554,1790875800000,2026-10-01T17:30:00+00:00,2026-10-01T20:30:00+03:00,21.67,0.0,0.0,100.0,0.0,0.0,,,2026-10-01T17:56:05Z,2026-10-01T18:26:05Z,0
22531,514574,Ntungamo NtungamoTC,-0.8743084927533056,30.25887027699915,1790875800000,2026-10-01T17:30:00+00:00,2026-10-01T20:30:00+03:00,18.97,0.0,0.0,99.82,2.380407,,,,2026-10-01T17:56:05Z,2026-10-01T17:56:05Z,0
23068,44186,Hoima Bulindi,1.4649547824354439,31.438459956597924,1790875800000,2026-10-01T17:30:00+00:00,2026-10-01T20:30:00+03:00,19.59259,0.0,0.0,100.0,0.7003891,,,,2026-10-01T17:56:05Z,2026-10-01T17:56:05Z,0
23570,860744,Kabarole KyembogoNARO,0.7373272793620456,30.378182216821177,1790875800000,2026-10-01T17:30:00+00:00,2026-10-01T20:30:00+03:00,19.02495,0.0,0.0,99.98474,1.886931,9.570611,,,2026-10-01T17:56:05Z,2026-10-01T18:26:05Z,0
25494,45719,Wakiso KawandaNARO,0.5757356735589316,32.2094519796799,1790875800000,2026-10-01T17:30:00+00:00,2026-10-01T20:30:00+03:00,22.08438,0.0,0.0,88.60152,1.89929,,,,2026-10-01T17:56:05Z,2026-10-01T18:26:05Z,0
25894,44432,NARO Serere2,1.5498464368665708,33.471426852949406,1790875800000,2026-10-01T17:30:00+00:00,2026-10-01T20:30:00+03:00,19.34,0.0,0.0,100.0,11.27947,18.78996,,,2026-10-01T17:56:05Z,2026-10-01T17:56:05Z,0
26371,514572,EntebbeCity NMTS,0.002068145970468316,32.47029039760271,1790875800000,2026-10-01T17:30:00+00:00,2026-10-01T20:30:00+03:00,23.28,0.0,0.0,74.26,4.357976,5.740444,,,2026-10-01T17:56:05Z,2026-10-01T17:56:05Z,0
26934,863098,Kampala LubigiNWSC,0.3440953682915257,32.54509647954191,1790875800000,2026-10-01T17:30:00+00:00,2026-10-01T20:30:00+03:00,22.91447,0.0,6.073091,87.72411,2.209506,3.311208,,,2026-10-01T17:56:05Z,2026-10-01T17:56:05Z,0
27630,514559,Gulu Airfield2,2.3315839569642756,32.403314261884674,1790875800000,2026-10-01T17:30:00+00:00,2026-10-01T20:30:00+03:00,22.24,0.0,0.0,86.54,0.5065995,,,,2026-10-01T17:56:05Z,2026-10-01T17:56:05Z,0
28133,514567,Rukiga RwamuchuchuSC,-1.147093805481443,30.065473322928664,1790875800000,2026-10-01T17:30:00+00:00,2026-10-01T20:30:00+03:00,19.56,0.0,189.7917,82.37,3.662165,5.871672,,,2026-10-01T17:56:05Z,2026-10-01T17:56:05Z,0
28650,518275,Nakapiripirit NabulengerHCII,1.8399992209235494,34.569297846559095,1790875800000,2026-10-01T17:30:00+00:00,2026-10-01T20:30:00+03:00,22.27,0.0,0.0,73.59,4.993362,10.70359,,,2026-10-01T17:56:05Z,2026-10-01T18:26:05Z,0
28835,518279,Karenga KidepoAirfield,3.433006937417964,33.45274286601015,1790875800000,2026-10-01T17:30:00+00:00,2026-10-01T20:30:00+03:00,22.38,0.0,0.0,68.41,7.107653,,,,2026-10-01T17:56:05Z,2026-10-01T17:56:05Z,0
29180,517853,Moroto RupaSC,2.582841223352566,34.66924742947938,1790875800000,2026-10-01T17:30:00+00:00,2026-10-01T20:30:00+03:00,23.14,0.0,0.0,54.11,3.564508,5.02327,,,2026-10-01T17:56:05Z,2026-10-01T17:56:05Z,0
29306,514576,Butaleja ButalejaTC,0.6919682458015968,34.09885656329347,1790875800000,2026-10-01T17:30:00+00:00,2026-10-01T20:30:00+03:00,19.14,0.0,0.0,100.0,1.973449,,,,2026-10-01T17:56:05Z,2026-10-01T17:56:05Z,0
29561,514560,Kikuube Hoima Airport,1.4920191900781956,31.31796244549898,1790875800000,2026-10-01T17:30:00+00:00,2026-10-01T20:30:00+03:00,21.29,0.0,8.209353,100.0,5.079881,,,,2026-10-01T17:56:05Z,2026-10-01T18:26:05Z,0
29756,862010,Nakasongola KalungiSC,1.2852342933913012,32.662599686414936,1790875800000,2026-10-01T17:30:00+00:00,2026-10-01T20:30:00+03:00,22.33768,0.0,0.0,74.86687,0.0,0.0,,,2026-10-01T17:56:05Z,2026-10-01T18:26:05Z,0
30283,514568,Kampala KyambogoUnv2,0.3228582483254613,32.59455916940114,1790875800000,2026-10-01T17:30:00+00:00,2026-10-01T20:30:00+03:00,21.91,0.4,0.0,82.86,7.584802,10.69947,,,2026-10-01T17:56:05Z,2026-10-01T17:56:05Z,0
30316,860746,Mayuge IkulweNARO,0.4388712184461232,33.476196856980515,1790875800000,2026-10-01T17:30:00+00:00,2026-10-01T20:30:00+03:00,0.0,0.0,19.40948,0.0,5.504234,,,temp_rh_dead,2026-10-01T17:56:05Z,2026-10-01T17:56:05Z,1
30695,514556,EntebbeCity AirportNMC,-0.34891969990053573,30.46770493505511,1790875800000,2026-10-01T17:30:00+00:00,2026-10-01T20:30:00+03:00,22.98,0.0,0.0,79.42,10.00687,12.04852,,,2026-10-01T17:56:05Z,2026-10-01T18:26:05Z,0
31267,518847,Bukedea Kachumbala SC,1.2266404886375875,34.11571805530725,1790875800000,2026-10-01T17:30:00+00:00,2026-10-01T20:30:00+03:00,20.33,0.0,0.0,85.56,2.136263,3.762875,,,2026-10-01T17:56:05Z,2026-10-01T17:56:05Z,0
31809,518861,Bulambuli Bulegeni NARO,1.2990504672186247,34.322697246680406,1790875800000,2026-10-01T17:30:00+00:00,2026-10-01T20:30:00+03:00,21.98,0.0,0.0,65.65,4.614328,5.404745,,,2026-10-01T17:56:05Z,2026-10-01T17:56:05Z,0
32252,518843,Isingiro KabuyandaTC,-0.9482535956706091,30.623306857245286,1790875800000,2026-10-01T17:30:00+00:00,2026-10-01T20:30:00+03:00,22.41,0.0,0.0,67.66,2.74052,5.236897,,,2026-10-01T17:56:05Z,2026-10-01T18:26:05Z,0
31441,518845,Kapchorwa KapchorwaTC,1.3911330664844062,34.44711975629734,1790876400000,2026-10-01T17:40:00+00:00,2026-10-01T20:40:00+03:00,24.18,0.0,,48.64,0.0,0.1312276,,,2026-10-01T17:56:05Z,2026-10-01T17:56:05Z,0
14926,45633,NARO NaFIRRI,1.2369277861017918,34.56704375600076,1790876700000,2026-10-01T17:45:00+00:00,2026-10-01T20:45:00+03:00,-39.9176,0.0,0.0,0.09918365,0.0,0.0,,temp_sensor_suspect,2026-10-01T17:56:05Z,2026-10-01T17:56:05Z,0
19216,511040,Ngora Kobwin,1.3996404514823648,33.746259878723855,1790876700000,2026-10-01T17:45:00+00:00,2026-10-01T20:45:00+03:00,21.71,0.0,0.0,100.0,6.74754,11.05974,,,2026-10-01T17:56:05Z,2026-10-01T17:56:05Z,0
19560,511036,Rukungiri RukungiriTC,-0.7824612451972481,29.919168920717752,1790876700000,2026-10-01T17:45:00+00:00,2026-10-01T20:45:00+03:00,19.77,0.0,0.0,94.08,3.032273,,,,2026-10-01T17:56:05Z,2026-10-01T17:56:05Z,0
19689,511063,Isingiro Mbaale SC,-0.8229276501909935,30.80641202589177,1790876700000,2026-10-01T17:45:00+00:00,2026-10-01T20:45:00+03:00,22.44,0.0,0.0,86.42,7.464714,8.230717,,,2026-10-01T17:56:05Z,2026-10-01T17:56:05Z,0
22494,511046,Bukedea BukedeaTC,1.344383477320109,34.65405915348999,1790876700000,2026-10-01T17:45:00+00:00,2026-10-01T20:45:00+03:00,21.9,0.0,0.0,90.6,0.936904,6.463721,,,2026-10-01T17:56:05Z,2026-10-01T18:26:05Z,0
25858,860733,Masindi MasindiMC,1.6873183106449883,31.720847713796427,1790876700000,2026-10-01T17:45:00+00:00,2026-10-01T20:45:00+03:00,21.08,0.0,0.0,100.0,0.03356985,,,,2026-10-01T17:56:05Z,2026-10-01T17:56:05Z,0
25894,44432,NARO Serere2,1.5498464368665708,33.471426852949406,1790876700000,2026-10-01T17:45:00+00:00,2026-10-01T20:45:00+03:00,19.34,0.0,0.0,100.0,10.37613,14.34043,,,2026-10-01T18:26:05Z,2026-10-01T18:26:05Z,0
26314,511026,Buhweju BuhwejuTC,-0.36217852027400727,30.438745738821645,1790876700000,2026-10-01T17:45:00+00:00,2026-10-01T20:45:00+03:00,20.22126,0.0,18.89067,79.74517,4.24506,,,,2026-10-01T17:56:05Z,2026-10-01T17:56:05Z,0
26350,516055,Bushenyi PIBID2,-0.34476582916148607,30.12697463332902,1790876700000,2026-10-01T17:45:00+00:00,2026-10-01T20:45:00+03:00,14.86,0.0,0.0,96.33,5.664149,8.087281,,,2026-10-01T17:56:05Z,2026-10-01T18:26:05Z,0
27204,515136,Kirihura MburoNP,-0.32644602379535037,30.558912625750658,1790876700000,2026-10-01T17:45:00+00:00,2026-10-01T20:45:00+03:00,25.93,0.0,0.0,74.64,0.0,0.2227817,,,2026-10-01T17:56:05Z,2026-10-01T18:26:05Z,0
27429,853290,Tororo MoroTC,1.347804683283513,33.56157669447344,1790876700000,2026-10-01T17:45:00+00:00,2026-10-01T20:45:00+03:00,19.34,0.0,0.0,100.0,2.020294,3.472953,,,2026-10-01T17:56:05Z,2026-10-01T17:56:05Z,0
27592,514557,Kampala MakerereUnv3,0.33461539452981,32.571512848339765,1790876700000,2026-10-01T17:45:00+00:00,2026-10-01T20:45:00+03:00,22.55,0.0,0.0,78.2,5.90219,7.821774,,,2026-10-01T17:56:05Z,2026-10-01T18:26:05Z,0
28282,49381,Amolatar NamasaleHCIII2,1.890942556037648,33.03500809176537,1790876700000,2026-10-01T17:45:00+00:00,2026-10-01T20:45:00+03:00,23.82,0.0,0.0,88.71,10.16251,13.40047,,,2026-10-01T17:56:05Z,2026-10-01T17:56:05Z,0
28357,518274,Amudat KaritaHCIV,1.5419923880012918,34.82910539376184,1790876700000,2026-10-01T17:45:00+00:00,2026-10-01T20:45:00+03:00,24.89,0.0,0.0,56.3,7.382925,9.760128,,,2026-10-01T17:56:05Z,2026-10-01T18:26:05Z,0
28935,518278,Kaabong SidokHCIII,3.3616463406052675,34.12346082801267,1790876700000,2026-10-01T17:45:00+00:00,2026-10-01T20:45:00+03:00,23.08,0.0,0.0,53.7,6.301976,,,,2026-10-01T17:56:05Z,2026-10-01T17:56:05Z,0
29306,514576,Butaleja ButalejaTC,0.6919682458015968,34.09885656329347,1790876700000,2026-10-01T17:45:00+00:00,2026-10-01T20:45:00+03:00,19.0,0.0,0.0,100.0,0.6262302,,,,2026-10-01T18:26:05Z,2026-10-01T18:26:05Z,0
29366,860740,Kasese Airfield,0.16776145042270435,30.06946870555926,1790876700000,2026-10-01T17:45:00+00:00,2026-10-01T20:45:00+03:00,25.0,0.0,0.0,66.21,0.5273518,,,,2026-10-01T17:56:05Z,2026-10-01T18:26:05Z,0
29407,860737,Soroti Airfield,1.7125019696651427,33.60989885031907,1790876700000,2026-10-01T17:45:00+00:00,2026-10-01T20:45:00+03:00,19.3,0.0,0.0,999.0,11.85306,,,rh_sensor_suspect,2026-10-01T17:56:05Z,2026-10-01T18:26:05Z,0
29497,514558,Bulisa ButiabaHydro,2.1126939171888264,31.436768666464783,1790876700000,2026-10-01T17:45:00+00:00,2026-10-01T20:45:00+03:00,24.7,0.0,0.0,85.71,5.487755,,,,2026-10-01T17:56:05Z,2026-10-01T17:56:05Z,0
29593,514561,Pallisa KasodoSC,1.2320044388064466,33.6019957700963,1790876700000,2026-10-01T17:45:00+00:00,2026-10-01T20:45:00+03:00,20.16,0.0,0.0,999.0,0.5644312,,,rh_sensor_suspect,2026-10-01T17:56:05Z,2026-10-01T17:56:05Z,0
29787,862013,Kamuli Namasagali,1.0190806821802028,32.949594981070824,1790876700000,2026-10-01T17:45:00+00:00,2026-10-01T20:45:00+03:00,20.61,0.0,0.0,100.0,4.400702,8.020142,,,2026-10-01T17:56:05Z,2026-10-01T18:26:05Z,0
29892,516056,Budaka BudakaTC2,0.11576196513474404,33.453613566274235,1790876700000,2026-10-01T17:45:00+00:00,2026-10-01T20:45:00+03:00,18.88,0.0,0.0,100.0,2.191195,,,,2026-10-01T17:56:05Z,2026-10-01T18:26:05Z,0
30001,860741,Mbarara MbararaMC,-0.6104058469568668,30.637128687200217,1790876700000,2026-10-01T17:45:00+00:00,2026-10-01T20:45:00+03:00,23.18,0.0,0.0,80.3,7.70016,10.29572,,,2026-10-01T17:56:05Z,2026-10-01T18:26:05Z,0
30033,45670,Apac ApacTC,1.9892647841094635,32.531624149345156,1790876700000,2026-10-01T17:45:00+00:00,2026-10-01T20:45:00+03:00,22.24,0.0,0.0,100.0,0.0,0.0,,,2026-10-01T17:56:05Z,2026-10-01T17:56:05Z,0
30143,860494,Lira NARONgetta,2.1557054334938868,32.88785061975556,1790876700000,2026-10-01T17:45:00+00:00,2026-10-01T20:45:00+03:00,21.85,0.0,0.0,100.0,0.6839094,,,,2026-10-01T17:56:05Z,2026-10-01T17:56:05Z,0
30381,45666,Mukono NtawoNARO,0.37885800528124053,32.7292665823493,1790876700000,2026-10-01T17:45:00+00:00,2026-10-01T20:45:00+03:00,21.98978,0.0,0.0,87.60357,4.840162,6.74754,,,2026-10-01T17:56:05Z,2026-10-01T18:26:05Z,0
30476,518276,Moroto Airfield,2.499539862843011,34.60336771655714,1790876700000,2026-10-01T17:45:00+00:00,2026-10-01T20:45:00+03:00,23.34,0.0,0.0,59.05,8.487068,,,,2026-10-01T17:56:05Z,2026-10-01T17:56:05Z,0
30518,45678,Kwania AdukuTC,2.0141834426175826,32.722869192593286,1790876700000,2026-10-01T17:45:00+00:00,2026-10-01T20:45:00+03:00,22.79,0.0,0.0,100.0,0.0,0.0,,,2026-10-01T17:56:05Z,2026-10-01T17:56:05Z,0
30600,514575,Buvuma BuvumaCollege,0.20227217732623182,33.298299581212675,1790876700000,2026-10-01T17:45:00+00:00,2026-10-01T20:45:00+03:00,23.06,0.0,0.0,62.67,4.387732,,,,2026-10-01T18:26:05Z,2026-10-01T18:26:05Z,0
30757,860735,Arua Airfield,3.022727728757243,30.902049741391995,1790876700000,2026-10-01T17:45:00+00:00,2026-10-01T20:45:00+03:00,21.55,0.0,0.0,100.0,4.931716,6.478981,,,2026-10-01T17:56:05Z,2026-10-01T18:26:05Z,0
31495,518862,Kapchorwa SipiTC,1.2267354469379133,34.365906405123326,1790876700000,2026-10-01T17:45:00+00:00,2026-10-01T20:45:00+03:00,18.94,0.0,0.0,72.39,0.8331426,3.347829,,,2026-10-01T17:56:05Z,2026-10-01T18:26:05Z,0
31567,518860,Bulambuli Bunambutye HCIII,1.456486355349107,34.36072118430061,1790876700000,2026-10-01T17:45:00+00:00,2026-10-01T20:45:00+03:00,22.12,0.0,0.0,71.73,10.50431,17.2549,,,2026-10-01T17:56:05Z,2026-10-01T17:56:05Z,0
28247,853287,KaberamaidoTC,1.3267002801667445,33.24551213582627,1790877000000,2026-10-01T17:50:00+00:00,2026-10-01T20:50:00+03:00,21.69833,0.0,0.0,98.87236,0.1678492,0.5340658,,,2026-10-01T17:56:05Z,2026-10-01T17:56:05Z,0
30820,518844,Kanungu MatandaHCIII,-0.6465365596528061,29.742748867338342,1790877000000,2026-10-01T17:50:00+00:00,2026-10-01T20:50:00+03:00,23.92,0.0,0.0,76.04,4.135195,4.925612,,,2026-10-01T17:56:05Z,2026-10-01T17:56:05Z,0
12322,853288,Mukono MpomaNARO,0.4283966588777295,32.76213604190826,1790877600000,2026-10-01T18:00:00+00:00,2026-10-01T21:00:00+03:00,21.18868,0.0,0.0,87.70123,6.023346,,,,2026-10-01T18:26:05Z,2026-10-01T18:56:04Z,0
18675,511038,Bushenyi KyamuhungaTC,-0.43140075953825036,30.06284619401695,1790877600000,2026-10-01T18:00:00+00:00,2026-10-01T21:00:00+03:00,19.85,0.0,0.0,100.0,5.39559,7.000839,,,2026-10-01T18:26:05Z,2026-10-01T18:56:04Z,0
18831,511028,Kibuku KadamaTC,1.230158490836445,33.75766971001673,1790877600000,2026-10-01T18:00:00+00:00,2026-10-01T21:00:00+03:00,19.13,0.0,0.0,100.0,5.667201,7.602045,,,2026-10-01T18:26:05Z,2026-10-01T18:56:04Z,0
19036,511025,Kumi Mukongoro,1.3213023670796662,33.886075111016034,1790877600000,2026-10-01T18:00:00+00:00,2026-10-01T21:00:00+03:00,20.88,0.0,17.18166,100.0,0.4974441,0.5554284,,,2026-10-01T18:26:05Z,2026-10-01T18:56:04Z,0
19560,511036,Rukungiri RukungiriTC,-0.7824612451972481,29.919168920717752,1790877600000,2026-10-01T18:00:00+00:00,2026-10-01T21:00:00+03:00,19.16,0.0,0.0,93.63,2.805676,,,,2026-10-01T18:26:05Z,2026-10-01T18:26:05Z,0
23068,44186,Hoima Bulindi,1.4649547824354439,31.438459956597924,1790877600000,2026-10-01T18:00:00+00:00,2026-10-01T21:00:00+03:00,19.4461,0.0,0.0,100.0,0.6880293,,,,2026-10-01T18:26:05Z,2026-10-01T18:56:04Z,0
26314,511026,Buhweju BuhwejuTC,-0.36217852027400727,30.438745738821645,1790877600000,2026-10-01T18:00:00+00:00,2026-10-01T21:00:00+03:00,20.07172,0.0,18.7686,80.48524,4.669261,,,,2026-10-01T18:26:05Z,2026-10-01T18:26:05Z,0
26371,514572,EntebbeCity NMTS,0.002068145970468316,32.47029039760271,1790877600000,2026-10-01T18:00:00+00:00,2026-10-01T21:00:00+03:00,23.01,0.0,0.0,76.96,3.869688,5.334554,,,2026-10-01T18:26:05Z,2026-10-01T18:56:04Z,0
27429,853290,Tororo MoroTC,1.347804683283513,33.56157669447344,1790877600000,2026-10-01T18:00:00+00:00,2026-10-01T21:00:00+03:00,19.37,0.0,0.0,100.0,5.233845,7.522698,,,2026-10-01T18:26:05Z,2026-10-01T18:26:05Z,0
27630,514559,Gulu Airfield2,2.3315839569642756,32.403314261884674,1790877600000,2026-10-01T18:00:00+00:00,2026-10-01T21:00:00+03:00,21.84,0.0,0.0,88.52,0.5127031,,,,2026-10-01T18:26:05Z,2026-10-01T18:26:05Z,0
29180,517853,Moroto RupaSC,2.582841223352566,34.66924742947938,1790877600000,2026-10-01T18:00:00+00:00,2026-10-01T21:00:00+03:00,23.17,0.0,0.0,54.35,4.937819,7.650874,,,2026-10-01T18:26:05Z,2026-10-01T18:56:04Z,0
29306,514576,Butaleja ButalejaTC,0.6919682458015968,34.09885656329347,1790877600000,2026-10-01T18:00:00+00:00,2026-10-01T21:00:00+03:00,18.99,0.0,0.0,100.0,1.672694,,,,2026-10-01T18:56:04Z,2026-10-01T18:56:04Z,0
29497,514558,Bulisa ButiabaHydro,2.1126939171888264,31.436768666464783,1790877600000,2026-10-01T18:00:00+00:00,2026-10-01T21:00:00+03:00,24.7,0.0,0.0,85.57,6.604257,,,,2026-10-01T18:26:05Z,2026-10-01T18:26:05Z,0
29529,514573,Bundibugyo BundibugyoTC,0.8026268481642997,30.27578425237216,1790877600000,2026-10-01T18:00:00+00:00,2026-10-01T21:00:00+03:00,23.88,0.0,0.0,74.87,7.897917,,,,2026-10-01T18:26:05Z,2026-10-01T18:26:05Z,0
29593,514561,Pallisa KasodoSC,1.2320044388064466,33.6019957700963,1790877600000,2026-10-01T18:00:00+00:00,2026-10-01T21:00:00+03:00,20.0,0.0,0.0,999.0,0.5644312,,,rh_sensor_suspect,2026-10-01T18:26:05Z,2026-10-01T18:26:05Z,0
29823,860732,Kotido KotidoTC,3.007038604042491,34.10733499015392,1790877600000,2026-10-01T18:00:00+00:00,2026-10-01T21:00:00+03:00,23.32,0.0,0.0,79.62,0.0,0.0,,,2026-10-01T18:26:05Z,2026-10-01T18:56:04Z,0
29932,514577,Namutumba NamutumbaTC2,1.9758008082349363,33.56106699819666,1790877600000,2026-10-01T18:00:00+00:00,2026-10-01T21:00:00+03:00,19.03,0.4,0.0,100.0,0.0,0.4333562,,,2026-10-01T18:26:05Z,2026-10-01T18:26:05Z,0
30143,860494,Lira NARONgetta,2.1557054334938868,32.88785061975556,1790877600000,2026-10-01T18:00:00+00:00,2026-10-01T21:00:00+03:00,21.6,0.0,0.0,100.0,0.6797894,,,,2026-10-01T18:26:05Z,2026-10-01T18:26:05Z,0
30283,514568,Kampala KyambogoUnv2,0.3228582483254613,32.59455916940114,1790877600000,2026-10-01T18:00:00+00:00,2026-10-01T21:00:00+03:00,21.93,0.0,0.0,81.72,8.750744,14.5063,,,2026-10-01T18:26:05Z,2026-10-01T18:26:05Z,0
30347,860738,Bulambuli BuginyanyaNARO,1.2292008829492236,34.512188495373756,1790877600000,2026-10-01T18:00:00+00:00,2026-10-01T21:00:00+03:00,17.53,0.0,24.20081,92.24,0.06591897,,,,2026-10-01T18:26:05Z,2026-10-01T18:26:05Z,0
30411,45716,Lwengo KamenyamigoNARO,-0.28429808513865706,31.664636340132986,1790877600000,2026-10-01T18:00:00+00:00,2026-10-01T21:00:00+03:00,20.94,0.0,0.0,91.15,0.5157549,0.5401694,,,2026-10-01T18:26:05Z,2026-10-01T18:26:05Z,0
30476,518276,Moroto Airfield,2.499539862843011,34.60336771655714,1790877600000,2026-10-01T18:00:00+00:00,2026-10-01T21:00:00+03:00,23.71,0.0,0.0,57.64,5.648432,,,,2026-10-01T18:26:05Z,2026-10-01T18:26:05Z,0
30820,518844,Kanungu MatandaHCIII,-0.6465365596528061,29.742748867338342,1790877600000,2026-10-01T18:00:00+00:00,2026-10-01T21:00:00+03:00,23.94,0.0,0.0,74.5,3.402762,5.178912,,,2026-10-01T18:26:05Z,2026-10-01T18:26:05Z,0
31267,518847,Bukedea Kachumbala SC,1.2266404886375875,34.11571805530725,1790877600000,2026-10-01T18:00:00+00:00,2026-10-01T21:00:00+03:00,20.39,0.0,0.0,86.99,8.264286,10.3975,,,2026-10-01T18:26:05Z,2026-10-01T18:26:05Z,0
31441,518845,Kapchorwa KapchorwaTC,1.3911330664844062,34.44711975629734,1790877600000,2026-10-01T18:00:00+00:00,2026-10-01T21:00:00+03:00,24.18,0.0,,48.64,0.0,0.1312276,,,2026-10-01T18:26:05Z,2026-10-01T18:26:05Z,0
31809,518861,Bulambuli Bulegeni NARO,1.2990504672186247,34.322697246680406,1790877600000,2026-10-01T18:00:00+00:00,2026-10-01T21:00:00+03:00,22.16,0.0,0.0,63.04,3.967346,5.798428,,,2026-10-01T18:26:05Z,2026-10-01T18:56:04Z,0
28247,853287,KaberamaidoTC,1.3267002801667445,33.24551213582627,1790878200000,2026-10-01T18:10:00+00:00,2026-10-01T21:10:00+03:00,21.66476,0.0,0.0,99.25231,2.636759,6.259251,,,2026-10-01T18:26:05Z,2026-10-01T18:26:05Z,0
8765,45675,Serere Bugondo,1.1032982147304293,33.65208682230397,1790878500000,2026-10-01T18:15:00+00:00,2026-10-01T21:15:00+03:00,19.66278,0.0,0.0,100.0,1.89517,4.782177,,,2026-10-01T18:26:05Z,2026-10-01T18:26:05Z,0
14926,45633,NARO NaFIRRI,1.2369277861017918,34.56704375600076,1790878500000,2026-10-01T18:15:00+00:00,2026-10-01T21:15:00+03:00,-39.9176,0.0,0.0,0.09918365,0.0,0.0,,temp_sensor_suspect,2026-10-01T18:26:05Z,2026-10-01T18:26:05Z,0
18638,511041,Rubirizi RubiriziTC,0.12326709721562841,30.33796491610475,1790878500000,2026-10-01T18:15:00+00:00,2026-10-01T21:15:00+03:00,21.1,0.0,0.0,100.0,3.982605,5.365072,,,2026-10-01T18:26:05Z,2026-10-01T18:26:05Z,0
19216,511040,Ngora Kobwin,1.3996404514823648,33.746259878723855,1790878500000,2026-10-01T18:15:00+00:00,2026-10-01T21:15:00+03:00,21.54,0.0,0.0,100.0,5.618372,9.042496,,,2026-10-01T18:26:05Z,2026-10-01T18:56:04Z,1
19410,511043,Rubanda KarengyereNARO,-1.500172417819356,29.80055712733001,1790878500000,2026-10-01T18:15:00+00:00,2026-10-01T21:15:00+03:00,14.77,0.0,0.0,100.0,10.35752,,,,2026-10-01T18:26:05Z,2026-10-01T18:26:05Z,0
19644,511034,Ntungamo RukoneEast,-0.9026492749586166,30.53713188060457,1790878500000,2026-10-01T18:15:00+00:00,2026-10-01T21:15:00+03:00,21.66,0.0,0.0,96.12,0.5479515,,,,2026-10-01T18:26:05Z,2026-10-01T18:26:05Z,0
19689,511063,Isingiro Mbaale SC,-0.8229276501909935,30.80641202589177,1790878500000,2026-10-01T18:15:00+00:00,2026-10-01T21:15:00+03:00,22.14,0.0,0.0,88.44,7.595941,8.889906,,,2026-10-01T18:26:05Z,2026-10-01T18:56:04Z,0
20513,512647,Kitgum2 KitgumMC,3.329416943369524,33.176767183806454,1790878500000,2026-10-01T18:15:00+00:00,2026-10-01T21:15:00+03:00,23.49,0.0,0.0,100.0,4.501411,,,,2026-10-01T18:26:05Z,2026-10-01T18:26:05Z,0
22531,514574,Ntungamo NtungamoTC,-0.8743084927533056,30.25887027699915,1790878500000,2026-10-01T18:15:00+00:00,2026-10-01T21:15:00+03:00,19.04,0.0,0.0,100.0,1.669337,,,,2026-10-01T18:26:05Z,2026-10-01T18:26:05Z,0
22745,860739,Tororo TororoMC,0.7363404161562512,34.16750975530811,1790878500000,2026-10-01T18:15:00+00:00,2026-10-01T21:15:00+03:00,19.18,0.0,0.0,100.0,0.2014191,,,,2026-10-01T18:26:05Z,2026-10-01T18:26:05Z,0
24597,511024,Kanungu KirimaSC,-0.8665190597972187,29.750001331073445,1790878500000,2026-10-01T18:15:00+00:00,2026-10-01T21:15:00+03:00,20.14,0.0,0.0,98.16,4.724193,5.722133,,,2026-10-01T18:26:05Z,2026-10-01T18:26:05Z,0
25858,860733,Masindi MasindiMC,1.6873183106449883,31.720847713796427,1790878500000,2026-10-01T18:15:00+00:00,2026-10-01T21:15:00+03:00,20.8,0.0,0.0,100.0,0.0,,,,2026-10-01T18:26:05Z,2026-10-01T18:26:05Z,0
26934,863098,Kampala LubigiNWSC,0.3440953682915257,32.54509647954191,1790878500000,2026-10-01T18:15:00+00:00,2026-10-01T21:15:00+03:00,22.52384,0.0,6.164645,92.05768,4.037537,5.526817,,,2026-10-01T18:26:05Z,2026-10-01T18:56:04Z,0
27651,514554,Lamwo LamwoTC,3.5293008898067413,32.800069272228264,1790878500000,2026-10-01T18:15:00+00:00,2026-10-01T21:15:00+03:00,21.66,0.0,0.0,94.89,4.263371,4.950027,,,2026-10-01T18:26:05Z,2026-10-01T18:26:05Z,0
28282,49381,Amolatar NamasaleHCIII2,1.890942556037648,33.03500809176537,1790878500000,2026-10-01T18:15:00+00:00,2026-10-01T21:15:00+03:00,23.54,0.0,0.0,89.39,12.03326,21.57015,,,2026-10-01T18:26:05Z,2026-10-01T18:56:04Z,0
28465,518272,Nabilatuk NabilatukDLG,2.0853119097380035,34.60581875063605,1790878500000,2026-10-01T18:15:00+00:00,2026-10-01T21:15:00+03:00,21.63,0.0,0.0,83.28,4.445411,6.171664,,,2026-10-01T18:26:05Z,2026-10-01T18:26:05Z,0
28835,518279,Karenga KidepoAirfield,3.433006937417964,33.45274286601015,1790878500000,2026-10-01T18:15:00+00:00,2026-10-01T21:15:00+03:00,21.57,0.0,0.0,78.57,7.241931,,,,2026-10-01T18:26:05Z,2026-10-01T18:56:04Z,0
28935,518278,Kaabong SidokHCIII,3.3616463406052675,34.12346082801267,1790878500000,2026-10-01T18:15:00+00:00,2026-10-01T21:15:00+03:00,22.74,0.0,0.0,56.22,5.584802,,,,2026-10-01T18:26:05Z,2026-10-01T18:56:04Z,0
29347,862041,Kabale KabaleMC,-1.2542908115437144,29.987880749577656,1790878500000,2026-10-01T18:15:00+00:00,2026-10-01T21:15:00+03:00,19.89,0.0,0.0,62.43,0.7168689,,,,2026-10-01T18:26:05Z,2026-10-01T18:26:05Z,0
29366,860740,Kasese Airfield,0.16776145042270435,30.06946870555926,1790878500000,2026-10-01T18:15:00+00:00,2026-10-01T21:15:00+03:00,23.33,0.0,0.0,75.17,0.4614328,,,,2026-10-01T18:56:04Z,2026-10-01T18:56:04Z,0
30033,45670,Apac ApacTC,1.9892647841094635,32.531624149345156,1790878500000,2026-10-01T18:15:00+00:00,2026-10-01T21:15:00+03:00,21.9,0.0,0.0,100.0,0.0,0.0,,,2026-10-01T18:26:05Z,2026-10-01T18:56:04Z,1
30252,49521,Kyenjojo KyenjojoMC,0.6130612575199993,30.641008786833954,1790878500000,2026-10-01T18:15:00+00:00,2026-10-01T21:15:00+03:00,19.43389,0.0,0.0,82.94652,0.5859464,3.064012,,,2026-10-01T18:26:05Z,2026-10-01T18:56:04Z,0
30316,860746,Mayuge IkulweNARO,0.4388712184461232,33.476196856980515,1790878500000,2026-10-01T18:15:00+00:00,2026-10-01T21:15:00+03:00,0.0,0.0,19.6231,0.0,0.6303502,,,temp_rh_dead,2026-10-01T18:26:05Z,2026-10-01T18:26:05Z,1
30411,45716,Lwengo KamenyamigoNARO,-0.28429808513865706,31.664636340132986,1790878500000,2026-10-01T18:15:00+00:00,2026-10-01T21:15:00+03:00,20.57,0.0,0.0,93.35,0.5218586,0.5340658,,,2026-10-01T18:56:04Z,2026-10-01T18:56:04Z,0
30518,45678,Kwania AdukuTC,2.0141834426175826,32.722869192593286,1790878500000,2026-10-01T18:15:00+00:00,2026-10-01T21:15:00+03:00,22.65,0.0,0.0,100.0,0.0,0.0,,,2026-10-01T18:26:05Z,2026-10-01T18:26:05Z,0
31567,518860,Bulambuli Bunambutye HCIII,1.456486355349107,34.36072118430061,1790878500000,2026-10-01T18:15:00+00:00,2026-10-01T21:15:00+03:00,23.1,0.0,0.0,64.27,5.70077,6.582742,,,2026-10-01T18:26:05Z,2026-10-01T18:56:04Z,0
31712,518846,Sironko SironkoTC,1.2330289483318788,34.24436423053502,1790878500000,2026-10-01T18:15:00+00:00,2026-10-01T21:15:00+03:00,21.38,0.0,104.799,82.14,5.590906,13.40963,,,2026-10-01T18:26:05Z,2026-10-01T18:26:05Z,0
32414,518863,Sironko Bugusege NARO,1.3301129163684409,33.67749128727189,1790878500000,2026-10-01T18:15:00+00:00,2026-10-01T21:15:00+03:00,19.92,0.0,91.58465,77.7,1.934844,,,,2026-10-01T18:26:05Z,2026-10-01T18:26:05Z,0
33112,45718,Kaliro KaliroTC3,0.3200660892230024,30.52341859895648,1790878500000,2026-10-01T18:15:00+00:00,2026-10-01T21:15:00+03:00,0.0,0.0,0.0,0.0,1.089494,1.092546,,temp_rh_dead,2026-10-01T18:26:05Z,2026-10-01T18:26:05Z,1
33816,512617,Buyende Kidera1,1.1427018347181084,33.27926712214954,1790878500000,2026-10-01T18:15:00+00:00,2026-10-01T21:15:00+03:00,22.51316,0.0,0.0,84.52888,1.461814,17.71572,,,2026-10-01T18:26:05Z,2026-10-01T18:26:05Z,0
28133,514567,Rukiga RwamuchuchuSC,-1.147093805481443,30.065473322928664,1790878800000,2026-10-01T18:20:00+00:00,2026-10-01T21:20:00+03:00,19.56,0.0,189.7917,82.37,2.853437,3.65301,,,2026-10-01T18:26:05Z,2026-10-01T18:26:05Z,0
8765,45675,Serere Bugondo,1.1032982147304293,33.65208682230397,1790879400000,2026-10-01T18:30:00+00:00,2026-10-01T21:30:00+03:00,19.81079,0.0,0.0,100.0,1.177997,3.900206,,,2026-10-01T18:56:04Z,2026-10-01T18:56:04Z,0
18638,511041,Rubirizi RubiriziTC,0.12326709721562841,30.33796491610475,1790879400000,2026-10-01T18:30:00+00:00,2026-10-01T21:30:00+03:00,21.02,0.0,0.0,100.0,3.241016,6.509499,,,2026-10-01T18:56:04Z,2026-10-01T18:56:04Z,0
19410,511043,Rubanda KarengyereNARO,-1.500172417819356,29.80055712733001,1790879400000,2026-10-01T18:30:00+00:00,2026-10-01T21:30:00+03:00,14.61,0.0,0.0,100.0,10.83955,,,,2026-10-01T18:56:04Z,2026-10-01T18:56:04Z,0
19560,511036,Rukungiri RukungiriTC,-0.7824612451972481,29.919168920717752,1790879400000,2026-10-01T18:30:00+00:00,2026-10-01T21:30:00+03:00,18.9,0.2,0.0,100.0,5.673151,,,,2026-10-01T18:56:04Z,2026-10-01T19:26:04Z,0
19644,511034,Ntungamo RukoneEast,-0.9026492749586166,30.53713188060457,1790879400000,2026-10-01T18:30:00+00:00,2026-10-01T21:30:00+03:00,21.34,0.0,0.0,99.58,4.239414,,,,2026-10-01T18:56:04Z,2026-10-01T18:56:04Z,0
22494,511046,Bukedea BukedeaTC,1.344383477320109,34.65405915348999,1790879400000,2026-10-01T18:30:00+00:00,2026-10-01T21:30:00+03:00,21.65,0.0,0.0,92.58,0.0,0.0,,,2026-10-01T18:56:04Z,2026-10-01T19:26:04Z,0
22745,860739,Tororo TororoMC,0.7363404161562512,34.16750975530811,1790879400000,2026-10-01T18:30:00+00:00,2026-10-01T21:30:00+03:00,19.03,0.0,0.0,100.0,0.3570611,,,,2026-10-01T18:56:04Z,2026-10-01T18:56:04Z,0
24597,511024,Kanungu KirimaSC,-0.8665190597972187,29.750001331073445,1790879400000,2026-10-01T18:30:00+00:00,2026-10-01T21:30:00+03:00,19.46,0.0,0.0,100.0,6.057832,9.295796,,,2026-10-01T18:56:04Z,2026-10-01T18:56:04Z,0
25494,45719,Wakiso KawandaNARO,0.5757356735589316,32.2094519796799,1790879400000,2026-10-01T18:30:00+00:00,2026-10-01T21:30:00+03:00,21.55032,0.0,0.0,92.06683,0.0,,,,2026-10-01T18:56:04Z,2026-10-01T18:56:04Z,0
25894,44432,NARO Serere2,1.5498464368665708,33.471426852949406,1790879400000,2026-10-01T18:30:00+00:00,2026-10-01T21:30:00+03:00,19.98,0.0,0.0,100.0,8.03235,10.14115,,,2026-10-01T18:56:04Z,2026-10-01T18:56:04Z,0
26350,516055,Bushenyi PIBID2,-0.34476582916148607,30.12697463332902,1790879400000,2026-10-01T18:30:00+00:00,2026-10-01T21:30:00+03:00,14.91,0.0,0.0,91.98,2.935836,6.671245,,,2026-10-01T18:56:04Z,2026-10-01T19:26:04Z,0
27429,853290,Tororo MoroTC,1.347804683283513,33.56157669447344,1790879400000,2026-10-01T18:30:00+00:00,2026-10-01T21:30:00+03:00,18.7,0.0,0.0,100.0,0.99794,2.670329,,,2026-10-01T18:56:04Z,2026-10-01T19:26:04Z,0
28357,518274,Amudat KaritaHCIV,1.5419923880012918,34.82910539376184,1790879400000,2026-10-01T18:30:00+00:00,2026-10-01T21:30:00+03:00,24.18,0.0,0.0,60.36,7.494164,10.03204,,,2026-10-01T18:56:04Z,2026-10-01T19:26:04Z,0
28465,518272,Nabilatuk NabilatukDLG,2.0853119097380035,34.60581875063605,1790879400000,2026-10-01T18:30:00+00:00,2026-10-01T21:30:00+03:00,22.13,0.0,0.0,77.89,5.528954,7.794919,,,2026-10-01T18:56:04Z,2026-10-01T18:56:04Z,0
28650,518275,Nakapiripirit NabulengerHCII,1.8399992209235494,34.569297846559095,1790879400000,2026-10-01T18:30:00+00:00,2026-10-01T21:30:00+03:00,22.24,0.0,0.0,73.88,0.6303502,0.6385901,,,2026-10-01T18:56:04Z,2026-10-01T19:26:04Z,0
29347,862041,Kabale KabaleMC,-1.2542908115437144,29.987880749577656,1790879400000,2026-10-01T18:30:00+00:00,2026-10-01T21:30:00+03:00,19.58,0.0,0.0,63.38,0.6468299,,,,2026-10-01T18:56:04Z,2026-10-01T18:56:04Z,0
29497,514558,Bulisa ButiabaHydro,2.1126939171888264,31.436768666464783,1790879400000,2026-10-01T18:30:00+00:00,2026-10-01T21:30:00+03:00,24.39,0.0,0.0,81.17,7.514763,,,,2026-10-01T18:56:04Z,2026-10-01T19:26:04Z,0
29593,514561,Pallisa KasodoSC,1.2320044388064466,33.6019957700963,1790879400000,2026-10-01T18:30:00+00:00,2026-10-01T21:30:00+03:00,20.0,0.0,0.0,999.0,0.5603113,,,rh_sensor_suspect,2026-10-01T18:56:04Z,2026-10-01T18:56:04Z,0
29787,862013,Kamuli Namasagali,1.0190806821802028,32.949594981070824,1790879400000,2026-10-01T18:30:00+00:00,2026-10-01T21:30:00+03:00,20.54,0.0,0.0,100.0,6.158542,15.06065,,,2026-10-01T18:56:04Z,2026-10-01T18:56:04Z,0
30143,860494,Lira NARONgetta,2.1557054334938868,32.88785061975556,1790879400000,2026-10-01T18:30:00+00:00,2026-10-01T21:30:00+03:00,21.51,0.0,0.0,100.0,1.647974,,,,2026-10-01T18:56:04Z,2026-10-01T19:26:04Z,0
30347,860738,Bulambuli BuginyanyaNARO,1.2292008829492236,34.512188495373756,1790879400000,2026-10-01T18:30:00+00:00,2026-10-01T21:30:00+03:00,16.21,0.0,23.10216,99.33,0.1029984,,,,2026-10-01T18:56:04Z,2026-10-01T18:56:04Z,0
30820,518844,Kanungu MatandaHCIII,-0.6465365596528061,29.742748867338342,1790879400000,2026-10-01T18:30:00+00:00,2026-10-01T21:30:00+03:00,23.53,0.0,0.0,77.32,3.051804,4.574655,,,2026-10-01T18:56:04Z,2026-10-01T19:26:04Z,0
31441,518845,Kapchorwa KapchorwaTC,1.3911330664844062,34.44711975629734,1790879400000,2026-10-01T18:30:00+00:00,2026-10-01T21:30:00+03:00,24.18,0.0,,48.64,0.0,0.1373312,,,2026-10-01T18:56:04Z,2026-10-01T19:26:04Z,0
31495,518862,Kapchorwa SipiTC,1.2267354469379133,34.365906405123326,1790879400000,2026-10-01T18:30:00+00:00,2026-10-01T21:30:00+03:00,17.98,0.0,0.0,82.06,4.791333,7.565423,,,2026-10-01T18:56:04Z,2026-10-01T18:56:04Z,0
31712,518846,Sironko SironkoTC,1.2330289483318788,34.24436423053502,1790879400000,2026-10-01T18:30:00+00:00,2026-10-01T21:30:00+03:00,21.39,0.0,96.43702,82.94,2.438392,4.141298,,,2026-10-01T18:56:04Z,2026-10-01T18:56:04Z,0
32414,518863,Sironko Bugusege NARO,1.3301129163684409,33.67749128727189,1790879400000,2026-10-01T18:30:00+00:00,2026-10-01T21:30:00+03:00,20.97,0.0,97.74929,73.59,4.205386,,,,2026-10-01T18:56:04Z,2026-10-01T18:56:04Z,0
33112,45718,Kaliro KaliroTC3,0.3200660892230024,30.52341859895648,1790879400000,2026-10-01T18:30:00+00:00,2026-10-01T21:30:00+03:00,0.0,0.0,0.0,0.0,1.086442,1.089494,,temp_rh_dead,2026-10-01T18:56:04Z,2026-10-01T18:56:04Z,1
33816,512617,Buyende Kidera1,1.1427018347181084,33.27926712214954,1790879400000,2026-10-01T18:30:00+00:00,2026-10-01T21:30:00+03:00,22.06913,0.0,0.0,87.38842,0.0,0.0,,,2026-10-01T18:56:04Z,2026-10-01T18:56:04Z,0
14926,45633,NARO NaFIRRI,1.2369277861017918,34.56704375600076,1790880300000,2026-10-01T18:45:00+00:00,2026-10-01T21:45:00+03:00,-39.9176,0.0,0.0,0.09918365,0.0,0.0,,temp_sensor_suspect,2026-10-01T18:56:04Z,2026-10-01T19:26:04Z,0
19913,512648,Rubanda Kachwekano,-1.2492907374261277,29.94650239241936,1790880300000,2026-10-01T18:45:00+00:00,2026-10-01T21:45:00+03:00,18.03159,0.0,0.0,71.5404,5.862516,8.950942,,,2026-10-01T18:56:04Z,2026-10-01T18:56:04Z,0
20513,512647,Kitgum2 KitgumMC,3.329416943369524,33.176767183806454,1790880300000,2026-10-01T18:45:00+00:00,2026-10-01T21:45:00+03:00,23.18,0.0,0.0,100.0,2.996872,,,,2026-10-01T18:56:04Z,2026-10-01T18:56:04Z,0
21602,44434,Mbarara NARO,-0.33912497379417256,30.53875374336554,1790880300000,2026-10-01T18:45:00+00:00,2026-10-01T21:45:00+03:00,21.11,0.0,0.0,100.0,1.306172,4.910353,,,2026-10-01T18:56:04Z,2026-10-01T19:26:04Z,0
22531,514574,Ntungamo NtungamoTC,-0.8743084927533056,30.25887027699915,1790880300000,2026-10-01T18:45:00+00:00,2026-10-01T21:45:00+03:00,18.99,0.0,0.0,100.0,1.120012,,,,2026-10-01T18:56:04Z,2026-10-01T18:56:04Z,0
23570,860744,Kabarole KyembogoNARO,0.7373272793620456,30.378182216821177,1790880300000,2026-10-01T18:45:00+00:00,2026-10-01T21:45:00+03:00,18.16129,0.0,0.0,99.98932,0.6674296,0.7209888,,,2026-10-01T18:56:04Z,2026-10-01T19:26:04Z,0
25858,860733,Masindi MasindiMC,1.6873183106449883,31.720847713796427,1790880300000,2026-10-01T18:45:00+00:00,2026-10-01T21:45:00+03:00,20.53,0.0,0.0,100.0,0.0671397,,,,2026-10-01T18:56:04Z,2026-10-01T19:26:04Z,0
26314,511026,Buhweju BuhwejuTC,-0.36217852027400727,30.438745738821645,1790880300000,2026-10-01T18:45:00+00:00,2026-10-01T21:45:00+03:00,18.49393,0.0,17.94461,89.6498,2.65507,,,,2026-10-01T18:56:04Z,2026-10-01T19:26:04Z,0
27204,515136,Kirihura MburoNP,-0.32644602379535037,30.558912625750658,1790880300000,2026-10-01T18:45:00+00:00,2026-10-01T21:45:00+03:00,25.93,0.0,0.0,74.64,0.0,0.2166781,,,2026-10-01T18:56:04Z,2026-10-01T18:56:04Z,0
27592,514557,Kampala MakerereUnv3,0.33461539452981,32.571512848339765,1790880300000,2026-10-01T18:45:00+00:00,2026-10-01T21:45:00+03:00,22.32,0.0,0.0,81.08,4.266422,6.482033,,,2026-10-01T18:56:04Z,2026-10-01T18:56:04Z,0
27630,514559,Gulu Airfield2,2.3315839569642756,32.403314261884674,1790880300000,2026-10-01T18:45:00+00:00,2026-10-01T21:45:00+03:00,21.76,0.0,0.0,90.81,0.5218586,,,,2026-10-01T18:56:04Z,2026-10-01T18:56:04Z,0
27651,514554,Lamwo LamwoTC,3.5293008898067413,32.800069272228264,1790880300000,2026-10-01T18:45:00+00:00,2026-10-01T21:45:00+03:00,21.47,0.0,0.0,93.95,3.39971,5.130083,,,2026-10-01T18:56:04Z,2026-10-01T18:56:04Z,0
29036,514566,Nabilatuk Nabuin ZARDI,1.716485049322414,34.51313788762028,1790880300000,2026-10-01T18:45:00+00:00,2026-10-01T21:45:00+03:00,22.02,0.0,0.0,68.61,5.685512,,,,2026-10-01T19:26:04Z,2026-10-01T19:26:04Z,0
29407,860737,Soroti Airfield,1.7125019696651427,33.60989885031907,1790880300000,2026-10-01T18:45:00+00:00,2026-10-01T21:45:00+03:00,20.46,0.0,0.0,999.0,1.219501,,,rh_sensor_suspect,2026-10-01T18:56:04Z,2026-10-01T18:56:04Z,0
29432,514563,Kikuube Hoima Sugar,1.250555426321004,31.194469848676302,1790880300000,2026-10-01T18:45:00+00:00,2026-10-01T21:45:00+03:00,19.6,0.0,13.64157,96.61,0.0,0.4760815,,,2026-10-01T19:26:04Z,2026-10-01T19:56:05Z,0
29529,514573,Bundibugyo BundibugyoTC,0.8026268481642997,30.27578425237216,1790880300000,2026-10-01T18:45:00+00:00,2026-10-01T21:45:00+03:00,23.47,0.0,0.0,76.66,6.303502,,,,2026-10-01T18:56:04Z,2026-10-01T18:56:04Z,0
29561,514560,Kikuube Hoima Airport,1.4920191900781956,31.31796244549898,1790880300000,2026-10-01T18:45:00+00:00,2026-10-01T21:45:00+03:00,22.08,0.0,8.636606,81.22,8.037994,,,,2026-10-01T18:56:04Z,2026-10-01T18:56:04Z,0
29756,862010,Nakasongola KalungiSC,1.2852342933913012,32.662599686414936,1790880300000,2026-10-01T18:45:00+00:00,2026-10-01T21:45:00+03:00,23.00603,0.0,0.0,84.91493,7.769894,17.57839,,,2026-10-01T18:56:04Z,2026-10-01T18:56:04Z,0
29892,516056,Budaka BudakaTC2,0.11576196513474404,33.453613566274235,1790880300000,2026-10-01T18:45:00+00:00,2026-10-01T21:45:00+03:00,19.28,0.0,0.0,100.0,4.339666,,,,2026-10-01T18:56:04Z,2026-10-01T18:56:04Z,0
29932,514577,Namutumba NamutumbaTC2,1.9758008082349363,33.56106699819666,1790880300000,2026-10-01T18:45:00+00:00,2026-10-01T21:45:00+03:00,19.14,0.4,0.0,100.0,7.913329,12.90608,,,2026-10-01T18:56:04Z,2026-10-01T18:56:04Z,0
30001,860741,Mbarara MbararaMC,-0.6104058469568668,30.637128687200217,1790880300000,2026-10-01T18:45:00+00:00,2026-10-01T21:45:00+03:00,22.37,0.0,0.0,83.96,9.537652,11.56054,,,2026-10-01T18:56:04Z,2026-10-01T18:56:04Z,0
30033,45670,Apac ApacTC,1.9892647841094635,32.531624149345156,1790880300000,2026-10-01T18:45:00+00:00,2026-10-01T21:45:00+03:00,22.06,0.0,0.0,100.0,0.0,0.0,,,2026-10-01T19:26:04Z,2026-10-01T19:26:04Z,0
30283,514568,Kampala KyambogoUnv2,0.3228582483254613,32.59455916940114,1790880300000,2026-10-01T18:45:00+00:00,2026-10-01T21:45:00+03:00,22.25,0.0,0.0,80.14,6.962692,9.896087,,,2026-10-01T18:56:04Z,2026-10-01T18:56:04Z,0
30316,860746,Mayuge IkulweNARO,0.4388712184461232,33.476196856980515,1790880300000,2026-10-01T18:45:00+00:00,2026-10-01T21:45:00+03:00,0.0,0.0,19.53155,0.0,0.6385901,,,temp_rh_dead,2026-10-01T18:56:04Z,2026-10-01T18:56:04Z,1
30381,45666,Mukono NtawoNARO,0.37885800528124053,32.7292665823493,1790880300000,2026-10-01T18:45:00+00:00,2026-10-01T21:45:00+03:00,21.87534,0.0,0.0,89.87411,3.8056,6.738384,,,2026-10-01T18:56:04Z,2026-10-01T18:56:04Z,0
30476,518276,Moroto Airfield,2.499539862843011,34.60336771655714,1790880300000,2026-10-01T18:45:00+00:00,2026-10-01T21:45:00+03:00,23.24,0.0,0.0,60.09,2.138247,,,,2026-10-01T18:56:04Z,2026-10-01T19:26:04Z,0
30518,45678,Kwania AdukuTC,2.0141834426175826,32.722869192593286,1790880300000,2026-10-01T18:45:00+00:00,2026-10-01T21:45:00+03:00,22.81,0.0,0.0,100.0,0.0,0.0,,,2026-10-01T18:56:04Z,2026-10-01T19:26:04Z,0
30600,514575,Buvuma BuvumaCollege,0.20227217732623182,33.298299581212675,1790880300000,2026-10-01T18:45:00+00:00,2026-10-01T21:45:00+03:00,21.92,0.0,0.0,75.25,1.874571,,,,2026-10-01T18:56:04Z,2026-10-01T18:56:04Z,0
30695,514556,EntebbeCity AirportNMC,-0.34891969990053573,30.46770493505511,1790880300000,2026-10-01T18:45:00+00:00,2026-10-01T21:45:00+03:00,21.95,0.0,0.0,85.07,10.62028,12.24689,,,2026-10-01T18:56:04Z,2026-10-01T19:26:04Z,0
30757,860735,Arua Airfield,3.022727728757243,30.902049741391995,1790880300000,2026-10-01T18:45:00+00:00,2026-10-01T21:45:00+03:00,21.2,0.0,0.0,100.0,6.100557,7.507439,,,2026-10-01T18:56:04Z,2026-10-01T18:56:04Z,0
32252,518843,Isingiro KabuyandaTC,-0.9482535956706091,30.623306857245286,1790880300000,2026-10-01T18:45:00+00:00,2026-10-01T21:45:00+03:00,22.9,0.0,0.0,69.2,3.225757,4.434272,,,2026-10-01T18:56:04Z,2026-10-01T18:56:04Z,0
28133,514567,Rukiga RwamuchuchuSC,-1.147093805481443,30.065473322928664,1790880600000,2026-10-01T18:50:00+00:00,2026-10-01T21:50:00+03:00,18.75,0.0,12.66499,85.72,5.777066,8.484016,,,2026-10-01T18:56:04Z,2026-10-01T19:26:04Z,0
28247,853287,KaberamaidoTC,1.3267002801667445,33.24551213582627,1790880600000,2026-10-01T18:50:00+00:00,2026-10-01T21:50:00+03:00,21.84177,0.0,0.0,100.0,6.164645,8.337529,,,2026-10-01T18:56:04Z,2026-10-01T19:26:04Z,0
31267,518847,Bukedea Kachumbala SC,1.2266404886375875,34.11571805530725,1790880600000,2026-10-01T18:50:00+00:00,2026-10-01T21:50:00+03:00,20.08,0.0,0.0,88.74,1.886015,2.572671,,,2026-10-01T18:56:04Z,2026-10-01T19:26:04Z,1
8765,45675,Serere Bugondo,1.1032982147304293,33.65208682230397,1790881200000,2026-10-01T19:00:00+00:00,2026-10-01T22:00:00+03:00,20.07172,0.0,0.0,100.0,0.5371176,0.5584802,,,2026-10-01T19:26:04Z,2026-10-01T19:56:05Z,0
19644,511034,Ntungamo RukoneEast,-0.9026492749586166,30.53713188060457,1790881200000,2026-10-01T19:00:00+00:00,2026-10-01T22:00:00+03:00,21.6,0.0,0.0,100.0,5.322957,,,,2026-10-01T19:26:04Z,2026-10-01T19:56:05Z,0
19913,512648,Rubanda Kachwekano,-1.2492907374261277,29.94650239241936,1790881200000,2026-10-01T19:00:00+00:00,2026-10-01T22:00:00+03:00,17.71115,0.0,0.0,73.50423,5.42916,6.338597,,,2026-10-01T19:26:04Z,2026-10-01T19:26:04Z,0
22745,860739,Tororo TororoMC,0.7363404161562512,34.16750975530811,1790881200000,2026-10-01T19:00:00+00:00,2026-10-01T22:00:00+03:00,19.14,0.0,0.0,100.0,0.390631,,,,2026-10-01T19:26:04Z,2026-10-01T19:56:05Z,0
24597,511024,Kanungu KirimaSC,-0.8665190597972187,29.750001331073445,1790881200000,2026-10-01T19:00:00+00:00,2026-10-01T22:00:00+03:00,19.19,0.0,0.0,100.0,2.154574,4.299993,,,2026-10-01T19:26:04Z,2026-10-01T19:56:05Z,0
25494,45719,Wakiso KawandaNARO,0.5757356735589316,32.2094519796799,1790881200000,2026-10-01T19:00:00+00:00,2026-10-01T22:00:00+03:00,21.44961,0.0,0.0,91.81201,0.0,,,,2026-10-01T19:26:04Z,2026-10-01T19:26:04Z,0
27204,515136,Kirihura MburoNP,-0.32644602379535037,30.558912625750658,1790881200000,2026-10-01T19:00:00+00:00,2026-10-01T22:00:00+03:00,25.93,0.0,0.0,74.64,0.0,0.2227817,,,2026-10-01T19:26:04Z,2026-10-01T19:26:04Z,0
28282,49381,Amolatar NamasaleHCIII2,1.890942556037648,33.03500809176537,1790881200000,2026-10-01T19:00:00+00:00,2026-10-01T22:00:00+03:00,23.58,0.0,0.0,79.66,8.575571,14.8043,,,2026-10-01T19:26:04Z,2026-10-01T19:26:04Z,0
28465,518272,Nabilatuk NabilatukDLG,2.0853119097380035,34.60581875063605,1790881200000,2026-10-01T19:00:00+00:00,2026-10-01T22:00:00+03:00,21.89,0.0,0.0,79.29,0.7127489,0.7168689,,,2026-10-01T19:26:04Z,2026-10-01T19:56:05Z,0
28935,518278,Kaabong SidokHCIII,3.3616463406052675,34.12346082801267,1790881200000,2026-10-01T19:00:00+00:00,2026-10-01T22:00:00+03:00,21.54,0.0,0.0,60.01,4.754711,,,,2026-10-01T19:26:04Z,2026-10-01T19:26:04Z,0
29306,514576,Butaleja ButalejaTC,0.6919682458015968,34.09885656329347,1790881200000,2026-10-01T19:00:00+00:00,2026-10-01T22:00:00+03:00,18.88,0.0,0.0,100.0,3.102312,,,,2026-10-01T19:26:04Z,2026-10-01T19:26:04Z,0
29347,862041,Kabale KabaleMC,-1.2542908115437144,29.987880749577656,1790881200000,2026-10-01T19:00:00+00:00,2026-10-01T22:00:00+03:00,19.36,0.0,0.0,65.64,0.5314717,,,,2026-10-01T19:26:04Z,2026-10-01T19:56:05Z,0
29407,860737,Soroti Airfield,1.7125019696651427,33.60989885031907,1790881200000,2026-10-01T19:00:00+00:00,2026-10-01T22:00:00+03:00,20.52,0.0,0.0,999.0,0.8734264,,,rh_sensor_suspect,2026-10-01T19:26:04Z,2026-10-01T19:56:05Z,0
29561,514560,Kikuube Hoima Airport,1.4920191900781956,31.31796244549898,1790881200000,2026-10-01T19:00:00+00:00,2026-10-01T22:00:00+03:00,21.79,0.0,8.789197,84.54,7.766079,,,,2026-10-01T19:26:04Z,2026-10-01T19:26:04Z,0
29756,862010,Nakasongola KalungiSC,1.2852342933913012,32.662599686414936,1790881200000,2026-10-01T19:00:00+00:00,2026-10-01T22:00:00+03:00,22.80613,0.0,0.0,87.45403,2.94194,9.631495,,,2026-10-01T19:26:04Z,2026-10-01T19:26:04Z,0
29892,516056,Budaka BudakaTC2,0.11576196513474404,33.453613566274235,1790881200000,2026-10-01T19:00:00+00:00,2026-10-01T22:00:00+03:00,19.32,0.0,0.0,100.0,4.58381,,,,2026-10-01T19:26:04Z,2026-10-01T19:26:04Z,0
30001,860741,Mbarara MbararaMC,-0.6104058469568668,30.637128687200217,1790881200000,2026-10-01T19:00:00+00:00,2026-10-01T22:00:00+03:00,22.3,0.0,0.0,83.89,9.904326,14.80705,,,2026-10-01T19:26:04Z,2026-10-01T19:26:04Z,0
30252,49521,Kyenjojo KyenjojoMC,0.6130612575199993,30.641008786833954,1790881200000,2026-10-01T19:00:00+00:00,2026-10-01T22:00:00+03:00,19.33624,0.0,0.0,83.74304,0.03356985,0.5157549,,,2026-10-01T19:26:04Z,2026-10-01T19:56:05Z,0
30381,45666,Mukono NtawoNARO,0.37885800528124053,32.7292665823493,1790881200000,2026-10-01T19:00:00+00:00,2026-10-01T22:00:00+03:00,22.08896,0.0,0.0,89.14626,2.432288,5.117876,,,2026-10-01T19:26:04Z,2026-10-01T19:26:04Z,0
30411,45716,Lwengo KamenyamigoNARO,-0.28429808513865706,31.664636340132986,1790881200000,2026-10-01T19:00:00+00:00,2026-10-01T22:00:00+03:00,21.26,0.0,0.0,88.81,0.5218586,0.5371176,,,2026-10-01T19:26:04Z,2026-10-01T19:56:05Z,0
30757,860735,Arua Airfield,3.022727728757243,30.902049741391995,1790881200000,2026-10-01T19:00:00+00:00,2026-10-01T22:00:00+03:00,20.92,0.0,0.0,100.0,5.099566,6.063935,,,2026-10-01T19:26:04Z,2026-10-01T19:26:04Z,0
31712,518846,Sironko SironkoTC,1.2330289483318788,34.24436423053502,1790881200000,2026-10-01T19:00:00+00:00,2026-10-01T22:00:00+03:00,21.07,0.0,96.4065,83.78,2.856489,4.345769,,,2026-10-01T19:26:04Z,2026-10-01T19:56:05Z,0
32252,518843,Isingiro KabuyandaTC,-0.9482535956706091,30.623306857245286,1790881200000,2026-10-01T19:00:00+00:00,2026-10-01T22:00:00+03:00,22.16,0.0,0.0,73.01,1.858549,4.016175,,,2026-10-01T19:26:04Z,2026-10-01T19:26:04Z,0
33112,45718,Kaliro KaliroTC3,0.3200660892230024,30.52341859895648,1790881200000,2026-10-01T19:00:00+00:00,2026-10-01T22:00:00+03:00,0.0,0.0,0.0,0.0,1.086442,1.089494,,temp_rh_dead,2026-10-01T19:26:04Z,2026-10-01T19:56:05Z,1
33816,512617,Buyende Kidera1,1.1427018347181084,33.27926712214954,1790881200000,2026-10-01T19:00:00+00:00,2026-10-01T22:00:00+03:00,22.52689,0.0,0.0,85.28572,0.0,0.0,,,2026-10-01T19:26:04Z,2026-10-01T19:56:05Z,0
12322,853288,Mukono MpomaNARO,0.4283966588777295,32.76213604190826,1790882100000,2026-10-01T19:15:00+00:00,2026-10-01T22:15:00+03:00,21.37331,0.0,0.0,89.62234,0.9929046,,,,2026-10-01T19:26:04Z,2026-10-01T19:56:05Z,0
18638,511041,Rubirizi RubiriziTC,0.12326709721562841,30.33796491610475,1790882100000,2026-10-01T19:15:00+00:00,2026-10-01T22:15:00+03:00,21.28,0.0,0.0,100.0,3.418021,4.315251,,,2026-10-01T19:26:04Z,2026-10-01T19:56:05Z,0
18675,511038,Bushenyi KyamuhungaTC,-0.43140075953825036,30.06284619401695,1790882100000,2026-10-01T19:15:00+00:00,2026-10-01T22:15:00+03:00,20.17,0.0,0.0,97.53,5.041581,6.78111,,,2026-10-01T19:26:04Z,2026-10-01T19:26:04Z,0
18831,511028,Kibuku KadamaTC,1.230158490836445,33.75766971001673,1790882100000,2026-10-01T19:15:00+00:00,2026-10-01T22:15:00+03:00,19.61,0.0,0.0,100.0,6.555276,7.833982,,,2026-10-01T19:26:04Z,2026-10-01T19:26:04Z,0
19036,511025,Kumi Mukongoro,1.3213023670796662,33.886075111016034,1790882100000,2026-10-01T19:15:00+00:00,2026-10-01T22:15:00+03:00,21.12,0.0,16.96803,100.0,6.210422,7.946898,,,2026-10-01T19:26:04Z,2026-10-01T19:26:04Z,0
19216,511040,Ngora Kobwin,1.3996404514823648,33.746259878723855,1790882100000,2026-10-01T19:15:00+00:00,2026-10-01T22:15:00+03:00,21.13,0.0,0.0,100.0,4.037537,5.42916,,,2026-10-01T19:26:04Z,2026-10-01T19:26:04Z,0
19410,511043,Rubanda KarengyereNARO,-1.500172417819356,29.80055712733001,1790882100000,2026-10-01T19:15:00+00:00,2026-10-01T22:15:00+03:00,14.71,0.0,0.0,100.0,13.13848,,,,2026-10-01T19:26:04Z,2026-10-01T19:56:05Z,0
19689,511063,Isingiro Mbaale SC,-0.8229276501909935,30.80641202589177,1790882100000,2026-10-01T19:15:00+00:00,2026-10-01T22:15:00+03:00,21.3,0.0,0.0,91.93,3.863585,6.637674,,,2026-10-01T19:26:04Z,2026-10-01T19:26:04Z,0
20513,512647,Kitgum2 KitgumMC,3.329416943369524,33.176767183806454,1790882100000,2026-10-01T19:15:00+00:00,2026-10-01T22:15:00+03:00,23.08,0.0,0.0,100.0,2.844282,,,,2026-10-01T19:26:04Z,2026-10-01T19:56:05Z,0
22531,514574,Ntungamo NtungamoTC,-0.8743084927533056,30.25887027699915,1790882100000,2026-10-01T19:15:00+00:00,2026-10-01T22:15:00+03:00,18.62,0.0,0.0,100.0,0.0,,,,2026-10-01T19:26:04Z,2026-10-01T19:56:05Z,1
23068,44186,Hoima Bulindi,1.4649547824354439,31.438459956597924,1790882100000,2026-10-01T19:15:00+00:00,2026-10-01T22:15:00+03:00,18.31541,0.0,0.0,100.0,0.6839094,,,,2026-10-01T19:26:04Z,2026-10-01T19:26:04Z,0
25494,45719,Wakiso KawandaNARO,0.5757356735589316,32.2094519796799,1790882100000,2026-10-01T19:15:00+00:00,2026-10-01T22:15:00+03:00,21.33821,0.0,0.0,91.30083,0.0,,,,2026-10-01T19:56:05Z,2026-10-01T19:56:05Z,0
25894,44432,NARO Serere2,1.5498464368665708,33.471426852949406,1790882100000,2026-10-01T19:15:00+00:00,2026-10-01T22:15:00+03:00,20.13,0.0,0.0,100.0,7.541008,9.738308,,,2026-10-01T19:26:04Z,2026-10-01T19:26:04Z,0
26371,514572,EntebbeCity NMTS,0.002068145970468316,32.47029039760271,1790882100000,2026-10-01T19:15:00+00:00,2026-10-01T22:15:00+03:00,22.41,0.0,0.0,80.59,5.069047,8.157474,,,2026-10-01T19:26:04Z,2026-10-01T19:26:04Z,0
26934,863098,Kampala LubigiNWSC,0.3440953682915257,32.54509647954191,1790882100000,2026-10-01T19:15:00+00:00,2026-10-01T22:15:00+03:00,22.28733,0.0,6.286717,91.24284,2.871748,5.31014,,,2026-10-01T19:26:04Z,2026-10-01T19:26:04Z,0
27592,514557,Kampala MakerereUnv3,0.33461539452981,32.571512848339765,1790882100000,2026-10-01T19:15:00+00:00,2026-10-01T22:15:00+03:00,22.1,0.0,0.0,79.47,2.792401,5.883879,,,2026-10-01T19:26:04Z,2026-10-01T19:26:04Z,0
27630,514559,Gulu Airfield2,2.3315839569642756,32.403314261884674,1790882100000,2026-10-01T19:15:00+00:00,2026-10-01T22:15:00+03:00,21.81,0.0,0.0,91.62,0.5249103,,,,2026-10-01T19:26:04Z,2026-10-01T19:56:05Z,0
27651,514554,Lamwo LamwoTC,3.5293008898067413,32.800069272228264,1790882100000,2026-10-01T19:15:00+00:00,2026-10-01T22:15:00+03:00,21.45,0.0,0.0,93.71,2.835126,3.732357,,,2026-10-01T19:26:04Z,2026-10-01T19:56:05Z,0
28835,518279,Karenga KidepoAirfield,3.433006937417964,33.45274286601015,1790882100000,2026-10-01T19:15:00+00:00,2026-10-01T22:15:00+03:00,20.6,0.0,0.0,82.74,1.647974,,,,2026-10-01T19:26:04Z,2026-10-01T19:26:04Z,0
29180,517853,Moroto RupaSC,2.582841223352566,34.66924742947938,1790882100000,2026-10-01T19:15:00+00:00,2026-10-01T22:15:00+03:00,21.68,0.0,0.0,60.65,0.0,0.4791333,,,2026-10-01T19:26:04Z,2026-10-01T19:26:04Z,0
29366,860740,Kasese Airfield,0.16776145042270435,30.06946870555926,1790882100000,2026-10-01T19:15:00+00:00,2026-10-01T22:15:00+03:00,22.63,0.0,0.0,80.96,0.4943923,,,,2026-10-01T19:26:04Z,2026-10-01T19:26:04Z,0
29529,514573,Bundibugyo BundibugyoTC,0.8026268481642997,30.27578425237216,1790882100000,2026-10-01T19:15:00+00:00,2026-10-01T22:15:00+03:00,23.22,0.0,0.0,77.13,5.166399,,,,2026-10-01T19:26:04Z,2026-10-01T19:56:05Z,0
29593,514561,Pallisa KasodoSC,1.2320044388064466,33.6019957700963,1790882100000,2026-10-01T19:15:00+00:00,2026-10-01T22:15:00+03:00,20.12,0.0,0.0,999.0,0.5520715,,,rh_sensor_suspect,2026-10-01T19:26:04Z,2026-10-01T19:26:04Z,0
29787,862013,Kamuli Namasagali,1.0190806821802028,32.949594981070824,1790882100000,2026-10-01T19:15:00+00:00,2026-10-01T22:15:00+03:00,20.62,0.0,0.0,100.0,1.614404,2.615396,,,2026-10-01T19:26:04Z,2026-10-01T19:26:04Z,0
29823,860732,Kotido KotidoTC,3.007038604042491,34.10733499015392,1790882100000,2026-10-01T19:15:00+00:00,2026-10-01T22:15:00+03:00,22.4,0.0,0.0,90.68,0.0,0.0,,,2026-10-01T19:26:04Z,2026-10-01T19:26:04Z,0
29932,514577,Namutumba NamutumbaTC2,1.9758008082349363,33.56106699819666,1790882100000,2026-10-01T19:15:00+00:00,2026-10-01T22:15:00+03:00,19.14,0.4,0.0,100.0,2.734417,6.652933,,,2026-10-01T19:26:04Z,2026-10-01T19:56:05Z,1
30283,514568,Kampala KyambogoUnv2,0.3228582483254613,32.59455916940114,1790882100000,2026-10-01T19:15:00+00:00,2026-10-01T22:15:00+03:00,22.09,0.0,0.0,80.32,5.533074,7.448844,,,2026-10-01T19:26:04Z,2026-10-01T19:26:04Z,0
30316,860746,Mayuge IkulweNARO,0.4388712184461232,33.476196856980515,1790882100000,2026-10-01T19:15:00+00:00,2026-10-01T22:15:00+03:00,0.0,0.0,19.68414,0.0,0.6303502,,,temp_rh_dead,2026-10-01T19:26:04Z,2026-10-01T19:56:05Z,1
30347,860738,Bulambuli BuginyanyaNARO,1.2292008829492236,34.512188495373756,1790882100000,2026-10-01T19:15:00+00:00,2026-10-01T22:15:00+03:00,16.37,0.0,23.16319,100.0,0.09887846,,,,2026-10-01T19:26:04Z,2026-10-01T19:56:05Z,0
30600,514575,Buvuma BuvumaCollege,0.20227217732623182,33.298299581212675,1790882100000,2026-10-01T19:15:00+00:00,2026-10-01T22:15:00+03:00,21.57,0.0,0.0,77.13,2.134127,,,,2026-10-01T19:26:04Z,2026-10-01T19:56:05Z,0
31495,518862,Kapchorwa SipiTC,1.2267354469379133,34.365906405123326,1790882100000,2026-10-01T19:15:00+00:00,2026-10-01T22:15:00+03:00,17.64,0.0,0.0,82.79,2.398718,5.169756,,,2026-10-01T19:26:04Z,2026-10-01T19:26:04Z,0
31567,518860,Bulambuli Bunambutye HCIII,1.456486355349107,34.36072118430061,1790882100000,2026-10-01T19:15:00+00:00,2026-10-01T22:15:00+03:00,24.25,0.0,0.0,62.2,5.136187,9.42092,,,2026-10-01T19:26:04Z,2026-10-01T19:26:04Z,0
31809,518861,Bulambuli Bulegeni NARO,1.2990504672186247,34.322697246680406,1790882100000,2026-10-01T19:15:00+00:00,2026-10-01T22:15:00+03:00,20.3,0.0,0.0,75.07,9.518578,11.64874,,,2026-10-01T19:26:04Z,2026-10-01T19:26:04Z,0
32414,518863,Sironko Bugusege NARO,1.3301129163684409,33.67749128727189,1790882100000,2026-10-01T19:15:00+00:00,2026-10-01T22:15:00+03:00,19.01,0.0,30.33493,85.96,3.588922,,,,2026-10-01T19:26:04Z,2026-10-01T19:56:05Z,0
18675,511038,Bushenyi KyamuhungaTC,-0.43140075953825036,30.06284619401695,1790883000000,2026-10-01T19:30:00+00:00,2026-10-01T22:30:00+03:00,20.18,0.0,0.0,97.81,5.12398,6.994736,,,2026-10-01T19:56:05Z,2026-10-01T19:56:05Z,0
18831,511028,Kibuku KadamaTC,1.230158490836445,33.75766971001673,1790883000000,2026-10-01T19:30:00+00:00,2026-10-01T22:30:00+03:00,19.69,0.0,0.0,100.0,5.502403,7.833982,,,2026-10-01T19:56:05Z,2026-10-01T19:56:05Z,0
19036,511025,Kumi Mukongoro,1.3213023670796662,33.886075111016034,1790883000000,2026-10-01T19:30:00+00:00,2026-10-01T22:30:00+03:00,20.93,0.0,16.93751,100.0,5.026322,6.790265,,,2026-10-01T19:56:05Z,2026-10-01T19:56:05Z,0
19560,511036,Rukungiri RukungiriTC,-0.7824612451972481,29.919168920717752,1790883000000,2026-10-01T19:30:00+00:00,2026-10-01T22:30:00+03:00,19.15,0.0,0.0,100.0,2.336004,,,,2026-10-01T19:56:05Z,2026-10-01T19:56:05Z,0
19913,512648,Rubanda Kachwekano,-1.2492907374261277,29.94650239241936,1790883000000,2026-10-01T19:30:00+00:00,2026-10-01T22:30:00+03:00,17.64858,0.0,0.0,74.49607,6.109712,7.364004,,,2026-10-01T19:56:05Z,2026-10-01T19:56:05Z,0
21602,44434,Mbarara NARO,-0.33912497379417256,30.53875374336554,1790883000000,2026-10-01T19:30:00+00:00,2026-10-01T22:30:00+03:00,19.81,0.0,0.0,100.0,0.0,0.0,,,2026-10-01T19:56:05Z,2026-10-01T19:56:05Z,0
23068,44186,Hoima Bulindi,1.4649547824354439,31.438459956597924,1790883000000,2026-10-01T19:30:00+00:00,2026-10-01T22:30:00+03:00,18.24673,0.0,0.0,100.0,0.6591898,,,,2026-10-01T19:56:05Z,2026-10-01T19:56:05Z,0
23570,860744,Kabarole KyembogoNARO,0.7373272793620456,30.378182216821177,1790883000000,2026-10-01T19:30:00+00:00,2026-10-01T22:30:00+03:00,18.05753,0.0,0.0,99.9939,0.6674296,0.6880293,,,2026-10-01T19:56:05Z,2026-10-01T19:56:05Z,0
26371,514572,EntebbeCity NMTS,0.002068145970468316,32.47029039760271,1790883000000,2026-10-01T19:30:00+00:00,2026-10-01T22:30:00+03:00,22.23,0.0,0.0,81.56,5.670252,8.963149,,,2026-10-01T19:56:05Z,2026-10-01T19:56:05Z,0
26934,863098,Kampala LubigiNWSC,0.3440953682915257,32.54509647954191,1790883000000,2026-10-01T19:30:00+00:00,2026-10-01T22:30:00+03:00,22.00504,0.0,6.256199,91.57092,2.18204,3.295949,,,2026-10-01T19:56:05Z,2026-10-01T19:56:05Z,0
28133,514567,Rukiga RwamuchuchuSC,-1.147093805481443,30.065473322928664,1790883000000,2026-10-01T19:30:00+00:00,2026-10-01T22:30:00+03:00,18.5,0.0,0.0,86.85,3.579767,4.46479,,,2026-10-01T19:56:05Z,2026-10-01T19:56:05Z,0
28650,518275,Nakapiripirit NabulengerHCII,1.8399992209235494,34.569297846559095,1790883000000,2026-10-01T19:30:00+00:00,2026-10-01T22:30:00+03:00,21.94,0.0,0.0,77.88,8.32227,10.42756,,,2026-10-01T19:56:05Z,2026-10-01T19:56:05Z,0
28835,518279,Karenga KidepoAirfield,3.433006937417964,33.45274286601015,1790883000000,2026-10-01T19:30:00+00:00,2026-10-01T22:30:00+03:00,19.83,0.0,0.0,86.22,5.120928,,,,2026-10-01T19:56:05Z,2026-10-01T19:56:05Z,0
29180,517853,Moroto RupaSC,2.582841223352566,34.66924742947938,1790883000000,2026-10-01T19:30:00+00:00,2026-10-01T22:30:00+03:00,21.66,0.0,0.0,62.2,2.68864,4.806592,,,2026-10-01T19:56:05Z,2026-10-01T19:56:05Z,0
29561,514560,Kikuube Hoima Airport,1.4920191900781956,31.31796244549898,1790883000000,2026-10-01T19:30:00+00:00,2026-10-01T22:30:00+03:00,21.33,0.0,8.606089,88.69,8.37995,,,,2026-10-01T19:56:05Z,2026-10-01T19:56:05Z,0
29756,862010,Nakasongola KalungiSC,1.2852342933913012,32.662599686414936,1790883000000,2026-10-01T19:30:00+00:00,2026-10-01T22:30:00+03:00,22.59708,0.0,0.0,88.41077,0.9124895,5.441367,,,2026-10-01T19:56:05Z,2026-10-01T19:56:05Z,0
29823,860732,Kotido KotidoTC,3.007038604042491,34.10733499015392,1790883000000,2026-10-01T19:30:00+00:00,2026-10-01T22:30:00+03:00,22.09,0.0,0.0,91.83,0.0,0.0,,,2026-10-01T19:56:05Z,2026-10-01T19:56:05Z,0
30283,514568,Kampala KyambogoUnv2,0.3228582483254613,32.59455916940114,1790883000000,2026-10-01T19:30:00+00:00,2026-10-01T22:30:00+03:00,21.82,0.0,0.0,80.47,3.971618,6.913252,,,2026-10-01T19:56:05Z,2026-10-01T19:56:05Z,0
30695,514556,EntebbeCity AirportNMC,-0.34891969990053573,30.46770493505511,1790883000000,2026-10-01T19:30:00+00:00,2026-10-01T22:30:00+03:00,21.54,0.0,0.0,87.68,11.13298,14.65477,,,2026-10-01T19:56:05Z,2026-10-01T19:56:05Z,0
31267,518847,Bukedea Kachumbala SC,1.2266404886375875,34.11571805530725,1790883000000,2026-10-01T19:30:00+00:00,2026-10-01T22:30:00+03:00,20.06,0.0,0.0,89.34,0.99794,2.749676,,,2026-10-01T19:56:05Z,2026-10-01T19:56:05Z,0
31809,518861,Bulambuli Bulegeni NARO,1.2990504672186247,34.322697246680406,1790883000000,2026-10-01T19:30:00+00:00,2026-10-01T22:30:00+03:00,20.13,0.0,0.0,76.52,11.02617,12.41779,,,2026-10-01T19:56:05Z,2026-10-01T19:56:05Z,0
32252,518843,Isingiro KabuyandaTC,-0.9482535956706091,30.623306857245286,1790883000000,2026-10-01T19:30:00+00:00,2026-10-01T22:30:00+03:00,22.16,0.0,0.0,72.65,3.363088,5.83505,,,2026-10-01T19:56:05Z,2026-10-01T19:56:05Z,0
30820,518844,Kanungu MatandaHCIII,-0.6465365596528061,29.742748867338342,1790883600000,2026-10-01T19:40:00+00:00,2026-10-01T22:40:00+03:00,22.35,0.0,0.0,85.07,6.414893,7.806516,,,2026-10-01T19:56:05Z,2026-10-01T19:56:05Z,0
31441,518845,Kapchorwa KapchorwaTC,1.3911330664844062,34.44711975629734,1790883600000,2026-10-01T19:40:00+00:00,2026-10-01T22:40:00+03:00,24.18,0.0,,48.64,0.0,0.1281758,,,2026-10-01T19:56:05Z,2026-10-01T19:56:05Z,0
14926,45633,NARO NaFIRRI,1.2369277861017918,34.56704375600076,1790883900000,2026-10-01T19:45:00+00:00,2026-10-01T22:45:00+03:00,-39.9176,0.0,0.0,0.09918365,0.0,0.0,,temp_sensor_suspect,2026-10-01T19:56:05Z,2026-10-01T19:56:05Z,0
19216,511040,Ngora Kobwin,1.3996404514823648,33.746259878723855,1790883900000,2026-10-01T19:45:00+00:00,2026-10-01T22:45:00+03:00,21.15,0.0,0.0,100.0,0.6622416,1.968414,,,2026-10-01T19:56:05Z,2026-10-01T19:56:05Z,0
19689,511063,Isingiro Mbaale SC,-0.8229276501909935,30.80641202589177,1790883900000,2026-10-01T19:45:00+00:00,2026-10-01T22:45:00+03:00,21.18,0.0,0.0,91.94,2.536049,3.225757,,,2026-10-01T19:56:05Z,2026-10-01T19:56:05Z,0
22494,511046,Bukedea BukedeaTC,1.344383477320109,34.65405915348999,1790883900000,2026-10-01T19:45:00+00:00,2026-10-01T22:45:00+03:00,21.01,0.0,0.0,99.48,0.0,0.0,,,2026-10-01T19:56:05Z,2026-10-01T19:56:05Z,0
25858,860733,Masindi MasindiMC,1.6873183106449883,31.720847713796427,1790883900000,2026-10-01T19:45:00+00:00,2026-10-01T22:45:00+03:00,20.46,0.0,0.0,100.0,0.0,,,,2026-10-01T19:56:05Z,2026-10-01T19:56:05Z,0
25894,44432,NARO Serere2,1.5498464368665708,33.471426852949406,1790883900000,2026-10-01T19:45:00+00:00,2026-10-01T22:45:00+03:00,20.57,0.0,0.0,100.0,6.759747,9.121843,,,2026-10-01T19:56:05Z,2026-10-01T19:56:05Z,0
26314,511026,Buhweju BuhwejuTC,-0.36217852027400727,30.438745738821645,1790883900000,2026-10-01T19:45:00+00:00,2026-10-01T22:45:00+03:00,17.39986,0.0,16.93751,92.99611,1.077287,,,,2026-10-01T19:56:05Z,2026-10-01T19:56:05Z,0
26350,516055,Bushenyi PIBID2,-0.34476582916148607,30.12697463332902,1790883900000,2026-10-01T19:45:00+00:00,2026-10-01T22:45:00+03:00,13.83,0.0,0.0,97.99,5.819791,7.666132,,,2026-10-01T19:56:05Z,2026-10-01T19:56:05Z,0
27204,515136,Kirihura MburoNP,-0.32644602379535037,30.558912625750658,1790883900000,2026-10-01T19:45:00+00:00,2026-10-01T22:45:00+03:00,25.93,0.0,0.0,74.64,0.0,0.1983673,,,2026-10-01T19:56:05Z,2026-10-01T19:56:05Z,0
27429,853290,Tororo MoroTC,1.347804683283513,33.56157669447344,1790883900000,2026-10-01T19:45:00+00:00,2026-10-01T22:45:00+03:00,18.68,0.0,0.0,100.0,2.569619,3.683528,,,2026-10-01T19:56:05Z,2026-10-01T19:56:05Z,0
27592,514557,Kampala MakerereUnv3,0.33461539452981,32.571512848339765,1790883900000,2026-10-01T19:45:00+00:00,2026-10-01T22:45:00+03:00,21.77,0.0,0.0,79.48,2.304112,4.272526,,,2026-10-01T19:56:05Z,2026-10-01T19:56:05Z,0
28282,49381,Amolatar NamasaleHCIII2,1.890942556037648,33.03500809176537,1790883900000,2026-10-01T19:45:00+00:00,2026-10-01T22:45:00+03:00,22.01,0.0,0.0,99.24,8.575571,14.8043,,,2026-10-01T19:56:05Z,2026-10-01T19:56:05Z,0
28357,518274,Amudat KaritaHCIV,1.5419923880012918,34.82910539376184,1790883900000,2026-10-01T19:45:00+00:00,2026-10-01T22:45:00+03:00,22.75,0.0,0.0,65.04,8.388189,11.66766,,,2026-10-01T19:56:05Z,2026-10-01T19:56:05Z,0
28935,518278,Kaabong SidokHCIII,3.3616463406052675,34.12346082801267,1790883900000,2026-10-01T19:45:00+00:00,2026-10-01T22:45:00+03:00,21.62,0.0,0.0,60.73,4.296941,,,,2026-10-01T19:56:05Z,2026-10-01T19:56:05Z,0
29036,514566,Nabilatuk Nabuin ZARDI,1.716485049322414,34.51313788762028,1790883900000,2026-10-01T19:45:00+00:00,2026-10-01T22:45:00+03:00,20.99,0.0,0.0,73.82,8.552987,,,,2026-10-01T19:56:05Z,2026-10-01T19:56:05Z,0
29306,514576,Butaleja ButalejaTC,0.6919682458015968,34.09885656329347,1790883900000,2026-10-01T19:45:00+00:00,2026-10-01T22:45:00+03:00,19.17,0.0,0.0,100.0,1.396658,,,,2026-10-01T19:56:05Z,2026-10-01T19:56:05Z,0
29366,860740,Kasese Airfield,0.16776145042270435,30.06946870555926,1790883900000,2026-10-01T19:45:00+00:00,2026-10-01T22:45:00+03:00,22.1,0.0,0.0,85.27,0.4696727,,,,2026-10-01T19:56:05Z,2026-10-01T19:56:05Z,0
29497,514558,Bulisa ButiabaHydro,2.1126939171888264,31.436768666464783,1790883900000,2026-10-01T19:45:00+00:00,2026-10-01T22:45:00+03:00,23.79,0.0,0.0,78.86,2.051728,,,,2026-10-01T19:56:05Z,2026-10-01T19:56:05Z,0
29593,514561,Pallisa KasodoSC,1.2320044388064466,33.6019957700963,1790883900000,2026-10-01T19:45:00+00:00,2026-10-01T22:45:00+03:00,20.23,0.0,0.0,999.0,0.5603113,,,rh_sensor_suspect,2026-10-01T19:56:05Z,2026-10-01T19:56:05Z,0
29787,862013,Kamuli Namasagali,1.0190806821802028,32.949594981070824,1790883900000,2026-10-01T19:45:00+00:00,2026-10-01T22:45:00+03:00,20.5,0.0,0.0,100.0,2.041657,3.857481,,,2026-10-01T19:56:05Z,2026-10-01T19:56:05Z,0
29892,516056,Budaka BudakaTC2,0.11576196513474404,33.453613566274235,1790883900000,2026-10-01T19:45:00+00:00,2026-10-01T22:45:00+03:00,19.3,0.0,0.0,100.0,4.299993,,,,2026-10-01T19:56:05Z,2026-10-01T19:56:05Z,0
30001,860741,Mbarara MbararaMC,-0.6104058469568668,30.637128687200217,1790883900000,2026-10-01T19:45:00+00:00,2026-10-01T22:45:00+03:00,21.9,0.0,0.0,85.68,6.035706,8.36759,,,2026-10-01T19:56:05Z,2026-10-01T19:56:05Z,0
30033,45670,Apac ApacTC,1.9892647841094635,32.531624149345156,1790883900000,2026-10-01T19:45:00+00:00,2026-10-01T22:45:00+03:00,21.6,0.0,0.0,100.0,0.0,0.0,,,2026-10-01T19:56:05Z,2026-10-01T19:56:05Z,0
30143,860494,Lira NARONgetta,2.1557054334938868,32.88785061975556,1790883900000,2026-10-01T19:45:00+00:00,2026-10-01T22:45:00+03:00,21.88,0.0,0.0,100.0,3.85214,,,,2026-10-01T19:56:05Z,2026-10-01T19:56:05Z,0
30381,45666,Mukono NtawoNARO,0.37885800528124053,32.7292665823493,1790883900000,2026-10-01T19:45:00+00:00,2026-10-01T22:45:00+03:00,21.13375,0.0,0.0,93.81247,1.52285,3.091478,,,2026-10-01T19:56:05Z,2026-10-01T19:56:05Z,0
30476,518276,Moroto Airfield,2.499539862843011,34.60336771655714,1790883900000,2026-10-01T19:45:00+00:00,2026-10-01T22:45:00+03:00,22.12,0.0,0.0,63.5,0.5520715,,,,2026-10-01T19:56:05Z,2026-10-01T19:56:05Z,0
30518,45678,Kwania AdukuTC,2.0141834426175826,32.722869192593286,1790883900000,2026-10-01T19:45:00+00:00,2026-10-01T22:45:00+03:00,21.97,0.0,0.0,100.0,0.0,0.0,,,2026-10-01T19:56:05Z,2026-10-01T19:56:05Z,0
30757,860735,Arua Airfield,3.022727728757243,30.902049741391995,1790883900000,2026-10-01T19:45:00+00:00,2026-10-01T22:45:00+03:00,20.41,0.0,0.0,100.0,3.854429,4.88899,,,2026-10-01T19:56:05Z,2026-10-01T19:56:05Z,0
31495,518862,Kapchorwa SipiTC,1.2267354469379133,34.365906405123326,1790883900000,2026-10-01T19:45:00+00:00,2026-10-01T22:45:00+03:00,17.61,0.0,0.0,86.13,2.133211,3.759823,,,2026-10-01T19:56:05Z,2026-10-01T19:56:05Z,0
31567,518860,Bulambuli Bunambutye HCIII,1.456486355349107,34.36072118430061,1790883900000,2026-10-01T19:45:00+00:00,2026-10-01T22:45:00+03:00,23.63,0.0,0.0,66.03,4.809644,6.396582,,,2026-10-01T19:56:05Z,2026-10-01T19:56:05Z,0
28247,853287,KaberamaidoTC,1.3267002801667445,33.24551213582627,1790884200000,2026-10-01T19:50:00+00:00,2026-10-01T22:50:00+03:00,20.57069,0.0,0.0,98.90288,4.815747,7.083238,,,2026-10-01T19:56:05Z,2026-10-01T19:56:05Z,0
27771,853292,Palisa PallisaTC2,1.2019752388359248,33.32467996636534,1790885700000,2026-10-01T20:15:00+00:00,2026-10-01T23:15:00+03:00,21.68,0.0,0.0,100.0,0.03051804,,,,2026-10-03T11:02:15Z,2026-10-03T11:02:15Z,0
14926,45633,NARO NaFIRRI,1.2369277861017918,34.56704375600076,1790887500000,2026-10-01T20:45:00+00:00,2026-10-01T23:45:00+03:00,-39.91913,0.0,0.0,0.09765774,0.0,0.0,,temp_sensor_suspect,2026-10-02T06:56:06Z,2026-10-02T17:26:04Z,0
28835,518279,Karenga KidepoAirfield,3.433006937417964,33.45274286601015,1790887500000,2026-10-01T20:45:00+00:00,2026-10-01T23:45:00+03:00,19.83,0.0,0.0,86.93,6.335546,,,,2026-10-02T06:56:06Z,2026-10-02T23:56:03Z,0
29036,514566,Nabilatuk Nabuin ZARDI,1.716485049322414,34.51313788762028,1790897400000,2026-10-01T23:30:00+00:00,2026-10-02T02:30:00+03:00,19.06,0.0,0.0,82.54,3.370108,,,,2026-10-02T06:56:06Z,2026-10-02T14:26:03Z,0
30820,518844,Kanungu MatandaHCIII,-0.6465365596528061,29.742748867338342,1790897400000,2026-10-01T23:30:00+00:00,2026-10-02T02:30:00+03:00,20.16,0.0,0.0,90.14,3.283741,4.171817,,,2026-10-02T06:56:06Z,2026-10-02T17:26:04Z,0
29892,516056,Budaka BudakaTC2,0.11576196513474404,33.453613566274235,1790899200000,2026-10-02T00:00:00+00:00,2026-10-02T03:00:00+03:00,19.56,0.0,0.0,100.0,3.228809,,,,2026-10-02T06:56:06Z,2026-10-03T07:26:03Z,0
30518,45678,Kwania AdukuTC,2.0141834426175826,32.722869192593286,1790899200000,2026-10-02T00:00:00+00:00,2026-10-02T03:00:00+03:00,20.97,0.0,0.0,999.0,0.0,0.0,,rh_sensor_suspect,2026-10-02T06:56:06Z,2026-10-02T17:26:04Z,0
25494,45719,Wakiso KawandaNARO,0.5757356735589316,32.2094519796799,1790900100000,2026-10-02T00:15:00+00:00,2026-10-02T03:15:00+03:00,19.04478,0.0,0.0,94.36027,0.0,,,,2026-10-02T06:56:06Z,2026-10-03T07:56:04Z,0
29756,862010,Nakasongola KalungiSC,1.2852342933913012,32.662599686414936,1790900100000,2026-10-02T00:15:00+00:00,2026-10-02T03:15:00+03:00,20.82094,0.0,0.0,100.0,0.0,0.0,,,2026-10-02T06:56:06Z,2026-10-02T17:26:04Z,0
30001,860741,Mbarara MbararaMC,-0.6104058469568668,30.637128687200217,1790900100000,2026-10-02T00:15:00+00:00,2026-10-02T03:15:00+03:00,18.5,0.0,0.0,100.0,5.005722,6.719615,,,2026-10-02T06:56:06Z,2026-10-02T23:56:03Z,0
32252,518843,Isingiro KabuyandaTC,-0.9482535956706091,30.623306857245286,1790900100000,2026-10-02T00:15:00+00:00,2026-10-02T03:15:00+03:00,16.43,0.0,0.0,96.8,2.896162,3.210498,,,2026-10-02T06:56:06Z,2026-10-02T23:56:03Z,0
18675,511038,Bushenyi KyamuhungaTC,-0.43140075953825036,30.06284619401695,1790901000000,2026-10-02T00:30:00+00:00,2026-10-02T03:30:00+03:00,18.83,0.0,0.0,99.29,3.396658,4.788281,,,2026-10-02T06:56:06Z,2026-10-03T07:56:04Z,0
19560,511036,Rukungiri RukungiriTC,-0.7824612451972481,29.919168920717752,1790901000000,2026-10-02T00:30:00+00:00,2026-10-02T03:30:00+03:00,16.94,0.0,0.0,100.0,3.786221,,,,2026-10-02T06:56:06Z,2026-10-02T23:56:03Z,0
27204,515136,Kirihura MburoNP,-0.32644602379535037,30.558912625750658,1790901000000,2026-10-02T00:30:00+00:00,2026-10-02T03:30:00+03:00,25.93,0.0,0.0,74.64,0.0,0.155642,,,2026-10-02T06:56:06Z,2026-10-02T14:56:04Z,0
27429,853290,Tororo MoroTC,1.347804683283513,33.56157669447344,1790901000000,2026-10-02T00:30:00+00:00,2026-10-02T03:30:00+03:00,18.07,0.0,0.0,100.0,0.0,0.0,,,2026-10-02T06:56:06Z,2026-10-02T17:26:04Z,0
27592,514557,Kampala MakerereUnv3,0.33461539452981,32.571512848339765,1790901000000,2026-10-02T00:30:00+00:00,2026-10-02T03:30:00+03:00,19.31,0.0,0.0,87.59,0.0,0.4669261,,,2026-10-02T06:56:06Z,2026-10-02T23:56:03Z,0
29407,860737,Soroti Airfield,1.7125019696651427,33.60989885031907,1790901000000,2026-10-02T00:30:00+00:00,2026-10-02T03:30:00+03:00,19.72,0.0,0.0,999.0,0.6138704,,,rh_sensor_suspect,2026-10-02T06:56:06Z,2026-10-02T15:56:03Z,0
29497,514558,Bulisa ButiabaHydro,2.1126939171888264,31.436768666464783,1790901000000,2026-10-02T00:30:00+00:00,2026-10-02T03:30:00+03:00,23.23,0.0,0.0,83.28,7.09453,,,,2026-10-02T06:56:06Z,2026-10-02T15:26:04Z,0
29529,514573,Bundibugyo BundibugyoTC,0.8026268481642997,30.27578425237216,1790901000000,2026-10-02T00:30:00+00:00,2026-10-02T03:30:00+03:00,21.34,0.0,0.0,81.45,6.892653,,,,2026-10-02T06:56:06Z,2026-10-02T16:56:05Z,0
29932,514577,Namutumba NamutumbaTC2,1.9758008082349363,33.56106699819666,1790901000000,2026-10-02T00:30:00+00:00,2026-10-02T03:30:00+03:00,19.05,0.0,0.0,100.0,0.0,0.4455635,,,2026-10-02T06:56:06Z,2026-10-02T23:56:03Z,0
30381,45666,Mukono NtawoNARO,0.37885800528124053,32.7292665823493,1790901000000,2026-10-02T00:30:00+00:00,2026-10-02T03:30:00+03:00,18.25436,0.0,0.0,100.0,0.561532,2.365148,,,2026-10-02T06:56:06Z,2026-10-03T07:56:04Z,0
30600,514575,Buvuma BuvumaCollege,0.20227217732623182,33.298299581212675,1790901000000,2026-10-02T00:30:00+00:00,2026-10-02T03:30:00+03:00,19.39,0.0,0.0,100.0,0.5644312,,,,2026-10-02T06:56:06Z,2026-10-02T17:26:04Z,0
30757,860735,Arua Airfield,3.022727728757243,30.902049741391995,1790901000000,2026-10-02T00:30:00+00:00,2026-10-02T03:30:00+03:00,19.13,0.0,0.0,100.0,5.081254,5.490196,,,2026-10-02T06:56:06Z,2026-10-02T15:26:04Z,0
31441,518845,Kapchorwa KapchorwaTC,1.3911330664844062,34.44711975629734,1790901600000,2026-10-02T00:40:00+00:00,2026-10-02T03:40:00+03:00,24.18,0.0,,48.64,0.0,0.1312276,,,2026-10-02T06:56:06Z,2026-10-03T07:56:04Z,0
12322,853288,Mukono MpomaNARO,0.4283966588777295,32.76213604190826,1790901900000,2026-10-02T00:45:00+00:00,2026-10-02T03:45:00+03:00,18.81742,0.0,0.0,99.46746,0.3007553,,,,2026-10-02T06:56:06Z,2026-10-02T22:56:03Z,0
22494,511046,Bukedea BukedeaTC,1.344383477320109,34.65405915348999,1790901900000,2026-10-02T00:45:00+00:00,2026-10-02T03:45:00+03:00,19.43,0.0,0.0,100.0,0.0,0.0,,,2026-10-02T06:56:06Z,2026-10-02T16:56:05Z,0
26350,516055,Bushenyi PIBID2,-0.34476582916148607,30.12697463332902,1790901900000,2026-10-02T00:45:00+00:00,2026-10-02T03:45:00+03:00,9.86,0.0,0.0,100.0,2.191195,2.200351,,,2026-10-02T06:56:06Z,2026-10-02T17:26:04Z,0
27630,514559,Gulu Airfield2,2.3315839569642756,32.403314261884674,1790901900000,2026-10-02T00:45:00+00:00,2026-10-02T03:45:00+03:00,20.53,0.0,0.0,97.78,0.5859464,,,,2026-10-02T06:56:06Z,2026-10-02T22:56:03Z,0
28357,518274,Amudat KaritaHCIV,1.5419923880012918,34.82910539376184,1790901900000,2026-10-02T00:45:00+00:00,2026-10-02T03:45:00+03:00,19.71,0.0,0.0,82.08,3.184711,5.870909,,,2026-10-02T06:56:06Z,2026-10-03T07:56:04Z,0
29180,517853,Moroto RupaSC,2.582841223352566,34.66924742947938,1790901900000,2026-10-02T00:45:00+00:00,2026-10-02T03:45:00+03:00,19.68,0.0,0.0,67.41,4.751659,6.250095,,,2026-10-02T06:56:06Z,2026-10-02T17:26:04Z,0
29823,860732,Kotido KotidoTC,3.007038604042491,34.10733499015392,1790901900000,2026-10-02T00:45:00+00:00,2026-10-02T03:45:00+03:00,19.1,0.0,0.0,100.0,0.0,0.0,,,2026-10-02T06:56:06Z,2026-10-02T23:56:03Z,0
30143,860494,Lira NARONgetta,2.1557054334938868,32.88785061975556,1790901900000,2026-10-02T00:45:00+00:00,2026-10-02T03:45:00+03:00,19.83,0.0,0.0,999.0,2.698558,,,rh_sensor_suspect,2026-10-02T06:56:06Z,2026-10-02T16:26:05Z,0
30283,514568,Kampala KyambogoUnv2,0.3228582483254613,32.59455916940114,1790901900000,2026-10-02T00:45:00+00:00,2026-10-02T03:45:00+03:00,18.81,0.0,0.0,90.51,0.6221103,0.6262302,,,2026-10-02T06:56:06Z,2026-10-02T17:26:04Z,0
8765,45675,Serere Bugondo,1.1032982147304293,33.65208682230397,1790902800000,2026-10-02T01:00:00+00:00,2026-10-02T04:00:00+03:00,20.17701,0.0,0.0,100.0,1.208515,3.952086,,,2026-10-02T06:56:06Z,2026-10-03T07:56:04Z,0
18831,511028,Kibuku KadamaTC,1.230158490836445,33.75766971001673,1790902800000,2026-10-02T01:00:00+00:00,2026-10-02T04:00:00+03:00,19.29,0.0,0.0,100.0,0.5645838,0.5889983,,,2026-10-02T06:56:06Z,2026-10-03T07:56:04Z,0
19036,511025,Kumi Mukongoro,1.3213023670796662,33.886075111016034,1790902800000,2026-10-02T01:00:00+00:00,2026-10-02T04:00:00+03:00,20.01,0.0,15.44213,100.0,0.4547188,0.5401694,,,2026-10-02T06:56:06Z,2026-10-02T22:56:03Z,0
19216,511040,Ngora Kobwin,1.3996404514823648,33.746259878723855,1790902800000,2026-10-02T01:00:00+00:00,2026-10-02T04:00:00+03:00,19.71,0.0,0.0,100.0,0.8667125,1.80972,,,2026-10-02T06:56:06Z,2026-10-02T23:56:03Z,0
19644,511034,Ntungamo RukoneEast,-0.9026492749586166,30.53713188060457,1790902800000,2026-10-02T01:00:00+00:00,2026-10-02T04:00:00+03:00,16.5,0.0,0.0,100.0,3.83154,,,,2026-10-02T06:56:06Z,2026-10-02T23:56:03Z,0
19689,511063,Isingiro Mbaale SC,-0.8229276501909935,30.80641202589177,1790902800000,2026-10-02T01:00:00+00:00,2026-10-02T04:00:00+03:00,20.07,0.0,0.0,96.92,11.51446,14.50217,,,2026-10-02T06:56:06Z,2026-10-02T23:56:03Z,0
23068,44186,Hoima Bulindi,1.4649547824354439,31.438459956597924,1790902800000,2026-10-02T01:00:00+00:00,2026-10-02T04:00:00+03:00,18.26199,0.0,0.0,100.0,0.6880293,,,,2026-10-02T06:56:06Z,2026-10-02T23:56:03Z,0
25858,860733,Masindi MasindiMC,1.6873183106449883,31.720847713796427,1790902800000,2026-10-02T01:00:00+00:00,2026-10-02T04:00:00+03:00,18.78,0.0,0.0,100.0,0.03356985,,,,2026-10-02T06:56:06Z,2026-10-02T23:56:03Z,0
26314,511026,Buhweju BuhwejuTC,-0.36217852027400727,30.438745738821645,1790902800000,2026-10-02T01:00:00+00:00,2026-10-02T04:00:00+03:00,14.1329,0.0,14.28244,100.0,0.1037613,,,,2026-10-02T06:56:06Z,2026-10-02T22:26:07Z,0
26371,514572,EntebbeCity NMTS,0.002068145970468316,32.47029039760271,1790902800000,2026-10-02T01:00:00+00:00,2026-10-02T04:00:00+03:00,20.54,0.0,0.0,86.06,3.396658,3.921569,,,2026-10-02T06:56:06Z,2026-10-02T13:56:04Z,0
26934,863098,Kampala LubigiNWSC,0.3440953682915257,32.54509647954191,1790902800000,2026-10-02T01:00:00+00:00,2026-10-02T04:00:00+03:00,19.9527,0.0,6.103609,94.51591,1.968414,3.897154,,,2026-10-02T06:56:06Z,2026-10-02T17:26:04Z,0
28247,853287,KaberamaidoTC,1.3267002801667445,33.24551213582627,1790902800000,2026-10-02T01:00:00+00:00,2026-10-02T04:00:00+03:00,19.67498,0.0,0.0,100.0,2.792401,4.095521,,,2026-10-02T06:56:06Z,2026-10-02T17:26:04Z,0
28282,49381,Amolatar NamasaleHCIII2,1.890942556037648,33.03500809176537,1790902800000,2026-10-02T01:00:00+00:00,2026-10-02T04:00:00+03:00,20.86,0.0,0.0,100.0,5.160601,6.729228,,,2026-10-02T06:56:06Z,2026-10-02T15:26:04Z,0
28935,518278,Kaabong SidokHCIII,3.3616463406052675,34.12346082801267,1790902800000,2026-10-02T01:00:00+00:00,2026-10-02T04:00:00+03:00,20.64,0.0,0.0,63.25,4.623484,,,,2026-10-02T06:56:06Z,2026-10-02T17:26:04Z,0
29432,514563,Kikuube Hoima Sugar,1.250555426321004,31.194469848676302,1790902800000,2026-10-02T01:00:00+00:00,2026-10-02T04:00:00+03:00,16.87,0.0,12.1767,100.0,0.5523766,1.6907,,,2026-10-02T06:56:06Z,2026-10-02T14:56:04Z,0
30033,45670,Apac ApacTC,1.9892647841094635,32.531624149345156,1790902800000,2026-10-02T01:00:00+00:00,2026-10-02T04:00:00+03:00,20.94,0.0,0.0,100.0,0.0,0.0,,,2026-10-02T06:56:06Z,2026-10-02T17:26:04Z,0
30476,518276,Moroto Airfield,2.499539862843011,34.60336771655714,1790902800000,2026-10-02T01:00:00+00:00,2026-10-02T04:00:00+03:00,17.69,0.0,0.0,76.2,1.182422,,,,2026-10-02T06:56:06Z,2026-10-02T17:26:04Z,0
31809,518861,Bulambuli Bulegeni NARO,1.2990504672186247,34.322697246680406,1790902800000,2026-10-02T01:00:00+00:00,2026-10-02T04:00:00+03:00,18.93,0.0,0.0,82.48,7.302968,9.225605,,,2026-10-02T06:56:06Z,2026-10-03T07:56:04Z,0
32414,518863,Sironko Bugusege NARO,1.3301129163684409,33.67749128727189,1790902800000,2026-10-02T01:00:00+00:00,2026-10-02T04:00:00+03:00,18.01,0.0,118.6542,91.63,0.5127031,,,,2026-10-02T06:56:06Z,2026-10-03T07:56:04Z,0
33816,512617,Buyende Kidera1,1.1427018347181084,33.27926712214954,1790902800000,2026-10-02T01:00:00+00:00,2026-10-02T04:00:00+03:00,22.30869,0.0,0.0,98.39017,0.0,0.0,,,2026-10-02T06:56:06Z,2026-10-02T17:26:04Z,0
28210,514564,Kiryandongo KiryandongoSF,-1.338837687838001,30.43596025320078,1790903400000,2026-10-02T01:10:00+00:00,2026-10-02T04:10:00+03:00,20.22,0.0,0.0,92.52,7.223621,9.948882,,,2026-10-02T06:56:06Z,2026-10-03T07:26:03Z,0
18638,511041,Rubirizi RubiriziTC,0.12326709721562841,30.33796491610475,1790903700000,2026-10-02T01:15:00+00:00,2026-10-02T04:15:00+03:00,18.16,0.0,0.0,999.0,3.857481,5.740444,,rh_sensor_suspect,2026-10-02T06:56:06Z,2026-10-03T07:56:04Z,0
19410,511043,Rubanda KarengyereNARO,-1.500172417819356,29.80055712733001,1790903700000,2026-10-02T01:15:00+00:00,2026-10-02T04:15:00+03:00,13.06,0.0,0.0,100.0,5.685512,,,,2026-10-02T06:56:06Z,2026-10-02T23:56:03Z,0
19913,512648,Rubanda Kachwekano,-1.2492907374261277,29.94650239241936,1790903700000,2026-10-02T01:15:00+00:00,2026-10-02T04:15:00+03:00,14.8806,0.0,0.0,100.0,0.4760815,0.5645838,,,2026-10-02T06:56:06Z,2026-10-02T17:26:04Z,0
20513,512647,Kitgum2 KitgumMC,3.329416943369524,33.176767183806454,1790903700000,2026-10-02T01:15:00+00:00,2026-10-02T04:15:00+03:00,20.03,0.0,0.0,999.0,0.4760815,,,rh_sensor_suspect,2026-10-02T06:56:06Z,2026-10-02T23:56:03Z,0
21602,44434,Mbarara NARO,-0.33912497379417256,30.53875374336554,1790903700000,2026-10-02T01:15:00+00:00,2026-10-02T04:15:00+03:00,15.94,0.0,0.0,999.0,1.034562,4.104677,,rh_sensor_suspect,2026-10-02T06:56:06Z,2026-10-02T23:56:03Z,0
22531,514574,Ntungamo NtungamoTC,-0.8743084927533056,30.25887027699915,1790903700000,2026-10-02T01:15:00+00:00,2026-10-02T04:15:00+03:00,16.45,0.0,0.0,100.0,0.0,,,,2026-10-02T06:56:06Z,2026-10-02T17:26:04Z,0
22745,860739,Tororo TororoMC,0.7363404161562512,34.16750975530811,1790903700000,2026-10-02T01:15:00+00:00,2026-10-02T04:15:00+03:00,18.39,0.0,0.0,100.0,0.1647974,,,,2026-10-02T06:56:06Z,2026-10-02T17:26:04Z,0
23570,860744,Kabarole KyembogoNARO,0.7373272793620456,30.378182216821177,1790903700000,2026-10-02T01:15:00+00:00,2026-10-02T04:15:00+03:00,16.83376,0.0,0.0,99.9939,1.779812,6.624857,,,2026-10-02T06:56:06Z,2026-10-03T07:56:04Z,0
24597,511024,Kanungu KirimaSC,-0.8665190597972187,29.750001331073445,1790903700000,2026-10-02T01:15:00+00:00,2026-10-02T04:15:00+03:00,16.22,0.0,0.0,999.0,1.74258,3.439384,,rh_sensor_suspect,2026-10-02T06:56:06Z,2026-10-02T23:56:03Z,0
25894,44432,NARO Serere2,1.5498464368665708,33.471426852949406,1790903700000,2026-10-02T01:15:00+00:00,2026-10-02T04:15:00+03:00,19.81,0.0,0.0,,,,rh_pct;wind_kmh;wind_max_kmh,,2026-10-02T06:56:06Z,2026-10-03T15:17:15Z,1
27651,514554,Lamwo LamwoTC,3.5293008898067413,32.800069272228264,1790903700000,2026-10-02T01:15:00+00:00,2026-10-02T04:15:00+03:00,19.55,0.0,0.0,96.12,1.428244,3.527886,,,2026-10-02T06:56:06Z,2026-10-03T07:26:03Z,0
28465,518272,Nabilatuk NabilatukDLG,2.0853119097380035,34.60581875063605,1790903700000,2026-10-02T01:15:00+00:00,2026-10-02T04:15:00+03:00,18.42,0.0,0.0,96.15,6.184024,6.711376,,,2026-10-02T06:56:06Z,2026-10-02T13:26:03Z,0
28650,518275,Nakapiripirit NabulengerHCII,1.8399992209235494,34.569297846559095,1790903700000,2026-10-02T01:15:00+00:00,2026-10-02T04:15:00+03:00,18.32,0.0,0.0,90.54,0.6303502,0.6385901,,,2026-10-02T06:56:06Z,2026-10-03T07:26:03Z,0
29306,514576,Butaleja ButalejaTC,0.6919682458015968,34.09885656329347,1790903700000,2026-10-02T01:15:00+00:00,2026-10-02T04:15:00+03:00,18.57,0.0,0.0,100.0,0.6179904,,,,2026-10-02T06:56:06Z,2026-10-02T17:26:04Z,0
29347,862041,Kabale KabaleMC,-1.2542908115437144,29.987880749577656,1790903700000,2026-10-02T01:15:00+00:00,2026-10-02T04:15:00+03:00,14.24,0.0,0.0,95.06,0.7539483,,,,2026-10-02T06:56:06Z,2026-10-02T22:56:03Z,0
29366,860740,Kasese Airfield,0.16776145042270435,30.06946870555926,1790903700000,2026-10-02T01:15:00+00:00,2026-10-02T04:15:00+03:00,20.85,0.0,0.0,79.73,0.5108721,,,,2026-10-02T06:56:06Z,2026-10-02T22:26:07Z,0
29561,514560,Kikuube Hoima Airport,1.4920191900781956,31.31796244549898,1790903700000,2026-10-02T01:15:00+00:00,2026-10-02T04:15:00+03:00,19.44,0.0,7.385366,100.0,4.762646,,,,2026-10-02T06:56:06Z,2026-10-02T16:56:05Z,0
29593,514561,Pallisa KasodoSC,1.2320044388064466,33.6019957700963,1790903700000,2026-10-02T01:15:00+00:00,2026-10-02T04:15:00+03:00,19.18,0.0,0.0,999.0,0.5561914,,,rh_sensor_suspect,2026-10-02T06:56:06Z,2026-10-02T14:56:04Z,0
29787,862013,Kamuli Namasagali,1.0190806821802028,32.949594981070824,1790903700000,2026-10-02T01:15:00+00:00,2026-10-02T04:15:00+03:00,19.52,0.0,0.0,100.0,2.624552,4.415961,,,2026-10-02T06:56:06Z,2026-10-02T23:26:03Z,0
30252,49521,Kyenjojo KyenjojoMC,0.6130612575199993,30.641008786833954,1790903700000,2026-10-02T01:15:00+00:00,2026-10-02T04:15:00+03:00,17.35104,0.0,0.0,94.29923,2.233921,4.068055,,,2026-10-02T06:56:06Z,2026-10-03T07:56:04Z,0
30316,860746,Mayuge IkulweNARO,0.4388712184461232,33.476196856980515,1790903700000,2026-10-02T01:15:00+00:00,2026-10-02T04:15:00+03:00,0.0,0.0,18.89067,0.0,2.521401,,,temp_rh_dead,2026-10-02T06:56:06Z,2026-10-02T15:26:04Z,1
30347,860738,Bulambuli BuginyanyaNARO,1.2292008829492236,34.512188495373756,1790903700000,2026-10-02T01:15:00+00:00,2026-10-02T04:15:00+03:00,13.58,0.0,22.70543,100.0,0.1029984,,,,2026-10-02T06:56:06Z,2026-10-02T17:26:04Z,0
30411,45716,Lwengo KamenyamigoNARO,-0.28429808513865706,31.664636340132986,1790903700000,2026-10-02T01:15:00+00:00,2026-10-02T04:15:00+03:00,18.38,0.0,0.0,100.0,0.5218586,0.5340658,,,2026-10-02T06:56:06Z,2026-10-02T23:56:03Z,0
30695,514556,EntebbeCity AirportNMC,-0.34891969990053573,30.46770493505511,1790903700000,2026-10-02T01:15:00+00:00,2026-10-02T04:15:00+03:00,20.13,0.0,0.0,91.48,9.643702,11.43206,,,2026-10-02T06:56:06Z,2026-10-02T23:56:03Z,0
31495,518862,Kapchorwa SipiTC,1.2267354469379133,34.365906405123326,1790903700000,2026-10-02T01:15:00+00:00,2026-10-02T04:15:00+03:00,16.53,0.0,0.0,85.66,4.11078,6.314183,,,2026-10-02T06:56:06Z,2026-10-03T07:26:03Z,0
31567,518860,Bulambuli Bunambutye HCIII,1.456486355349107,34.36072118430061,1790903700000,2026-10-02T01:15:00+00:00,2026-10-02T04:15:00+03:00,20.07,0.0,0.0,70.79,4.528878,5.368124,,,2026-10-02T06:56:06Z,2026-10-03T07:56:04Z,0
31712,518846,Sironko SironkoTC,1.2330289483318788,34.24436423053502,1790903700000,2026-10-02T01:15:00+00:00,2026-10-02T04:15:00+03:00,18.25,0.0,111.5434,94.48,3.787289,4.953079,,,2026-10-02T06:56:06Z,2026-10-03T07:56:04Z,0
33112,45718,Kaliro KaliroTC3,0.3200660892230024,30.52341859895648,1790903700000,2026-10-02T01:15:00+00:00,2026-10-02T04:15:00+03:00,0.0,0.0,0.0,0.0,1.110857,1.113909,,temp_rh_dead,2026-10-02T06:56:06Z,2026-10-02T23:56:03Z,1
28133,514567,Rukiga RwamuchuchuSC,-1.147093805481443,30.065473322928664,1790904000000,2026-10-02T01:20:00+00:00,2026-10-02T04:20:00+03:00,14.15,0.0,66.40726,98.67,0.0,0.4547188,,,2026-10-02T06:56:06Z,2026-10-02T17:26:04Z,0
31267,518847,Bukedea Kachumbala SC,1.2266404886375875,34.11571805530725,1790904000000,2026-10-02T01:20:00+00:00,2026-10-02T04:20:00+03:00,19.85,0.0,0.0,88.5,1.617456,2.395666,,,2026-10-02T06:56:06Z,2026-10-03T07:26:03Z,0
14926,45633,NARO NaFIRRI,1.2369277861017918,34.56704375600076,1790920800000,2026-10-02T06:00:00+00:00,2026-10-02T09:00:00+03:00,-39.90234,0.0,348.3024,0.09765774,0.265507,4.019227,,temp_sensor_suspect,2026-10-02T22:26:07Z,2026-10-02T22:26:07Z,0
12322,853288,Mukono MpomaNARO,0.4283966588777295,32.76213604190826,1790922600000,2026-10-02T06:30:00+00:00,2026-10-02T09:30:00+03:00,24.71656,0.0,287.4495,85.23842,5.75967,,,,2026-10-02T23:26:03Z,2026-10-02T23:26:03Z,0
29561,514560,Kikuube Hoima Airport,1.4920191900781956,31.31796244549898,1790928900000,2026-10-02T08:15:00+00:00,2026-10-02T11:15:00+03:00,25.69,0.0,18.34134,77.73,9.949645,,,,2026-10-02T17:26:04Z,2026-10-02T17:26:04Z,0
29756,862010,Nakasongola KalungiSC,1.2852342933913012,32.662599686414936,1790929800000,2026-10-02T08:30:00+00:00,2026-10-02T11:30:00+03:00,29.13863,0.0,604.5624,62.4567,10.8278,21.35958,,,2026-10-02T22:26:07Z,2026-10-02T22:26:07Z,0
28210,514564,Kiryandongo KiryandongoSF,-1.338837687838001,30.43596025320078,1790934000000,2026-10-02T09:40:00+00:00,2026-10-02T12:40:00+03:00,30.0,0.0,894.8806,46.24,10.47379,15.2224,,,2026-10-03T07:56:04Z,2026-10-03T11:02:15Z,0
18638,511041,Rubirizi RubiriziTC,0.12326709721562841,30.33796491610475,1790935200000,2026-10-02T10:00:00+00:00,2026-10-02T13:00:00+03:00,28.03,0.0,1131.151,64.82,4.061952,6.164645,,,2026-10-03T08:26:04Z,2026-10-04T06:17:15Z,0
8765,45675,Serere Bugondo,1.1032982147304293,33.65208682230397,1790936100000,2026-10-02T10:15:00+00:00,2026-10-02T13:15:00+03:00,30.97887,0.0,877.1496,58.81285,0.5035477,0.5523766,,,2026-10-03T08:26:04Z,2026-10-03T11:32:16Z,0
30252,49521,Kyenjojo KyenjojoMC,0.6130612575199993,30.641008786833954,1790936100000,2026-10-02T10:15:00+00:00,2026-10-02T13:15:00+03:00,27.2282,0.0,1016.465,35.89838,7.537957,12.9427,,,2026-10-03T08:26:04Z,2026-10-03T10:52:55Z,0
25494,45719,Wakiso KawandaNARO,0.5757356735589316,32.2094519796799,1790937000000,2026-10-02T10:30:00+00:00,2026-10-02T13:30:00+03:00,29.64828,0.0,267.216,59.9054,0.0,,,,2026-10-03T08:26:04Z,2026-10-03T10:17:15Z,0
28357,518274,Amudat KaritaHCIV,1.5419923880012918,34.82910539376184,1790937000000,2026-10-02T10:30:00+00:00,2026-10-02T13:30:00+03:00,30.74,0.0,706.9505,31.65,11.96429,16.56214,,,2026-10-03T08:26:04Z,2026-10-04T16:05:44Z,0
28650,518275,Nakapiripirit NabulengerHCII,1.8399992209235494,34.569297846559095,1790937000000,2026-10-02T10:30:00+00:00,2026-10-02T13:30:00+03:00,33.75,0.0,875.8373,28.38,12.12085,24.05219,,,2026-10-03T07:56:04Z,2026-10-03T09:47:15Z,1
29892,516056,Budaka BudakaTC2,0.11576196513474404,33.453613566274235,1790937000000,2026-10-02T10:30:00+00:00,2026-10-02T13:30:00+03:00,29.03,0.0,1064.5,71.78,5.32845,,,,2026-10-03T07:56:04Z,2026-10-03T09:47:15Z,0
30381,45666,Mukono NtawoNARO,0.37885800528124053,32.7292665823493,1790937000000,2026-10-02T10:30:00+00:00,2026-10-02T13:30:00+03:00,29.83443,0.0,501.6862,63.42413,6.967269,13.43709,,,2026-10-03T08:26:04Z,2026-10-03T09:47:15Z,0
31712,518846,Sironko SironkoTC,1.2330289483318788,34.24436423053502,1790937000000,2026-10-02T10:30:00+00:00,2026-10-02T13:30:00+03:00,30.75,0.0,114.5953,47.37,6.601053,11.57549,,,2026-10-03T08:26:04Z,2026-10-03T10:02:15Z,0
31267,518847,Bukedea Kachumbala SC,1.2266404886375875,34.11571805530725,1790937600000,2026-10-02T10:40:00+00:00,2026-10-02T13:40:00+03:00,30.53,0.0,10.89494,37.2,3.601129,8.233768,,,2026-10-03T07:56:04Z,2026-10-03T11:32:16Z,0
31441,518845,Kapchorwa KapchorwaTC,1.3911330664844062,34.44711975629734,1790937600000,2026-10-02T10:40:00+00:00,2026-10-02T13:40:00+03:00,,0.0,,,0.0,0.3875792,t_air_c;rh_pct,,2026-10-03T08:26:04Z,2026-10-03T11:17:15Z,1
18675,511038,Bushenyi KyamuhungaTC,-0.43140075953825036,30.06284619401695,1790937900000,2026-10-02T10:45:00+00:00,2026-10-02T13:45:00+03:00,24.99,0.0,352.4224,76.63,7.101549,10.83085,,,2026-10-03T08:26:04Z,2026-10-03T10:02:15Z,0
18831,511028,Kibuku KadamaTC,1.230158490836445,33.75766971001673,1790937900000,2026-10-02T10:45:00+00:00,2026-10-02T13:45:00+03:00,28.81,0.0,985.2446,70.89,5.352865,8.612192,,,2026-10-03T08:26:04Z,2026-10-03T10:17:15Z,0
23570,860744,Kabarole KyembogoNARO,0.7373272793620456,30.378182216821177,1790937900000,2026-10-02T10:45:00+00:00,2026-10-02T13:45:00+03:00,25.14839,0.0,1084.978,81.92722,12.8336,21.63378,,,2026-10-03T08:26:04Z,2026-10-03T10:17:15Z,0
27651,514554,Lamwo LamwoTC,3.5293008898067413,32.800069272228264,1790937900000,2026-10-02T10:45:00+00:00,2026-10-02T13:45:00+03:00,30.05,0.0,748.2414,47.87,8.484016,15.59777,,,2026-10-03T07:56:04Z,2026-10-03T07:56:04Z,0
31495,518862,Kapchorwa SipiTC,1.2267354469379133,34.365906405123326,1790937900000,2026-10-02T10:45:00+00:00,2026-10-02T13:45:00+03:00,25.06,0.0,0.0,85.66,4.11078,6.314183,,,2026-10-03T07:56:04Z,2026-10-03T07:56:04Z,0
31567,518860,Bulambuli Bunambutye HCIII,1.456486355349107,34.36072118430061,1790937900000,2026-10-02T10:45:00+00:00,2026-10-02T13:45:00+03:00,33.13,0.0,11.96307,26.0,16.25391,24.33509,,,2026-10-03T08:26:04Z,2026-10-03T10:47:14Z,0
32414,518863,Sironko Bugusege NARO,1.3301129163684409,33.67749128727189,1790937900000,2026-10-02T10:45:00+00:00,2026-10-02T13:45:00+03:00,27.17,0.0,89.20424,54.76,8.911268,,,,2026-10-03T08:26:04Z,2026-10-03T10:32:15Z,0
31567,518860,Bulambuli Bunambutye HCIII,1.456486355349107,34.36072118430061,1790938800000,2026-10-02T11:00:00+00:00,2026-10-02T14:00:00+03:00,33.38,0.0,11.74945,25.12,14.41062,18.68925,,,2026-10-03T10:52:55Z,2026-10-03T11:02:15Z,0
32414,518863,Sironko Bugusege NARO,1.3301129163684409,33.67749128727189,1790938800000,2026-10-02T11:00:00+00:00,2026-10-02T14:00:00+03:00,27.19,0.0,95.12475,54.68,9.094378,,,,2026-10-03T10:47:14Z,2026-10-03T10:47:14Z,0
30066,49455,Kayunga DistrictAdmin,0.7203001611290255,32.893290564677095,1790939700000,2026-10-02T11:15:00+00:00,2026-10-02T14:15:00+03:00,31.58923,0.0,399.115,55.61456,185.214,,,wind_sensor_suspect,2026-10-03T08:26:04Z,2026-10-03T08:26:04Z,1
31567,518860,Bulambuli Bunambutye HCIII,1.456486355349107,34.36072118430061,1790939700000,2026-10-02T11:15:00+00:00,2026-10-02T14:15:00+03:00,33.6,0.0,11.68841,25.73,15.52453,23.73083,,,2026-10-03T11:17:15Z,2026-10-03T11:17:15Z,0
32414,518863,Sironko Bugusege NARO,1.3301129163684409,33.67749128727189,1790939700000,2026-10-02T11:15:00+00:00,2026-10-02T14:15:00+03:00,27.45,0.0,109.926,58.0,9.344625,,,,2026-10-03T10:52:55Z,2026-10-03T11:17:15Z,1
18831,511028,Kibuku KadamaTC,1.230158490836445,33.75766971001673,1790940600000,2026-10-02T11:30:00+00:00,2026-10-02T14:30:00+03:00,29.2,0.0,914.5037,67.75,4.040589,6.637674,,,2026-10-03T10:32:15Z,2026-10-03T10:32:15Z,0
28650,518275,Nakapiripirit NabulengerHCII,1.8399992209235494,34.569297846559095,1790940600000,2026-10-02T11:30:00+00:00,2026-10-02T14:30:00+03:00,33.59,0.0,534.493,28.17,9.224537,22.14878,,,2026-10-03T10:02:15Z,2026-10-03T10:02:15Z,0
32414,518863,Sironko Bugusege NARO,1.3301129163684409,33.67749128727189,1790940600000,2026-10-02T11:30:00+00:00,2026-10-02T14:30:00+03:00,27.45,0.0,109.8344,58.0,9.344625,,,,2026-10-03T11:32:16Z,2026-10-03T11:32:16Z,0
31567,518860,Bulambuli Bunambutye HCIII,1.456486355349107,34.36072118430061,1790941500000,2026-10-02T11:45:00+00:00,2026-10-02T14:45:00+03:00,33.63,0.0,12.90913,25.07,18.19791,28.37263,,,2026-10-03T11:32:16Z,2026-10-03T11:32:16Z,0
31267,518847,Bukedea Kachumbala SC,1.2266404886375875,34.11571805530725,1790941800000,2026-10-02T11:50:00+00:00,2026-10-02T14:50:00+03:00,29.81,0.0,10.62028,45.94,10.27543,16.10437,,,2026-10-03T13:55:03Z,2026-10-03T14:02:17Z,0
18831,511028,Kibuku KadamaTC,1.230158490836445,33.75766971001673,1790942400000,2026-10-02T12:00:00+00:00,2026-10-02T15:00:00+03:00,29.98,0.0,836.9573,62.1,5.197223,7.42504,,,2026-10-03T10:47:14Z,2026-10-03T11:02:15Z,0
31267,518847,Bukedea Kachumbala SC,1.2266404886375875,34.11571805530725,1790942400000,2026-10-02T12:00:00+00:00,2026-10-02T15:00:00+03:00,29.81,0.0,10.43717,45.94,10.27543,16.10437,,,2026-10-03T14:17:17Z,2026-10-03T14:17:17Z,0
29892,516056,Budaka BudakaTC2,0.11576196513474404,33.453613566274235,1790943300000,2026-10-02T12:15:00+00:00,2026-10-02T15:15:00+03:00,30.24,0.0,711.4366,64.88,4.998856,,,,2026-10-03T10:02:15Z,2026-10-03T10:02:15Z,0
31267,518847,Bukedea Kachumbala SC,1.2266404886375875,34.11571805530725,1790944200000,2026-10-02T12:30:00+00:00,2026-10-02T15:30:00+03:00,31.0,0.0,13.67208,40.43,5.407797,8.459602,,,2026-10-03T14:32:15Z,2026-10-03T14:47:15Z,0
31809,518861,Bulambuli Bulegeni NARO,1.2990504672186247,34.322697246680406,1790944200000,2026-10-02T12:30:00+00:00,2026-10-02T15:30:00+03:00,27.96,0.0,7.873655,52.28,11.40764,16.09827,,,2026-10-03T08:26:04Z,2026-10-03T10:02:15Z,0
27651,514554,Lamwo LamwoTC,3.5293008898067413,32.800069272228264,1790945100000,2026-10-02T12:45:00+00:00,2026-10-02T15:45:00+03:00,26.18,0.0,145.1438,74.0,10.57145,15.59777,,,2026-10-03T08:26:04Z,2026-10-03T09:47:15Z,0
28650,518275,Nakapiripirit NabulengerHCII,1.8399992209235494,34.569297846559095,1790945100000,2026-10-02T12:45:00+00:00,2026-10-02T15:45:00+03:00,33.23,0.0,345.9525,25.95,20.08057,26.50355,,,2026-10-03T10:17:15Z,2026-10-03T10:47:14Z,0
28465,518272,Nabilatuk NabilatukDLG,2.0853119097380035,34.60581875063605,1790948700000,2026-10-02T13:45:00+00:00,2026-10-02T16:45:00+03:00,32.65,0.0,433.4478,24.46,21.9881,29.81598,,,2026-10-02T13:56:04Z,2026-10-02T13:56:04Z,0
18831,511028,Kibuku KadamaTC,1.230158490836445,33.75766971001673,1790949600000,2026-10-02T14:00:00+00:00,2026-10-02T17:00:00+03:00,29.71,0.0,215.1522,61.96,4.779126,6.491188,,,2026-10-03T11:17:15Z,2026-10-03T11:17:15Z,0
26371,514572,EntebbeCity NMTS,0.002068145970468316,32.47029039760271,1790949600000,2026-10-02T14:00:00+00:00,2026-10-02T17:00:00+03:00,22.93,0.0,0.0,78.33,1.660182,3.521782,,,2026-10-02T14:26:03Z,2026-10-02T14:26:03Z,0
28465,518272,Nabilatuk NabilatukDLG,2.0853119097380035,34.60581875063605,1790949600000,2026-10-02T14:00:00+00:00,2026-10-02T17:00:00+03:00,32.04,0.0,365.1179,24.67,22.77913,31.71939,,,2026-10-02T14:26:03Z,2026-10-02T14:26:03Z,0
28650,518275,Nakapiripirit NabulengerHCII,1.8399992209235494,34.569297846559095,1790949600000,2026-10-02T14:00:00+00:00,2026-10-02T17:00:00+03:00,33.33,0.0,439.704,25.01,21.83978,33.56924,,,2026-10-03T10:52:55Z,2026-10-03T11:02:15Z,0
29036,514566,Nabilatuk Nabuin ZARDI,1.716485049322414,34.51313788762028,1790949600000,2026-10-02T14:00:00+00:00,2026-10-02T17:00:00+03:00,29.95,0.0,0.0,29.68,21.30007,,,,2026-10-02T14:56:04Z,2026-10-02T16:56:05Z,0
29892,516056,Budaka BudakaTC2,0.11576196513474404,33.453613566274235,1790950500000,2026-10-02T14:15:00+00:00,2026-10-02T17:15:00+03:00,29.63,0.0,128.1453,61.98,3.363088,,,,2026-10-03T10:17:15Z,2026-10-03T10:17:15Z,0
26371,514572,EntebbeCity NMTS,0.002068145970468316,32.47029039760271,1790951400000,2026-10-02T14:30:00+00:00,2026-10-02T17:30:00+03:00,23.32,0.0,0.0,79.57,0.6439307,1.702907,,,2026-10-02T14:56:04Z,2026-10-02T14:56:04Z,0
27204,515136,Kirihura MburoNP,-0.32644602379535037,30.558912625750658,1790952300000,2026-10-02T14:45:00+00:00,2026-10-02T17:45:00+03:00,25.93,0.0,0.0,74.64,0.0,0.3509575,,,2026-10-02T15:26:04Z,2026-10-02T15:26:04Z,0
28465,518272,Nabilatuk NabilatukDLG,2.0853119097380035,34.60581875063605,1790952300000,2026-10-02T14:45:00+00:00,2026-10-02T17:45:00+03:00,30.68,0.0,59.44915,27.77,21.58434,30.89952,,,2026-10-02T14:56:04Z,2026-10-02T14:56:04Z,0
29432,514563,Kikuube Hoima Sugar,1.250555426321004,31.194469848676302,1790952300000,2026-10-02T14:45:00+00:00,2026-10-02T17:45:00+03:00,26.09,0.0,18.00565,75.17,2.133211,6.411841,,,2026-10-02T15:26:04Z,2026-10-02T15:26:04Z,0
29593,514561,Pallisa KasodoSC,1.2320044388064466,33.6019957700963,1790953200000,2026-10-02T15:00:00+00:00,2026-10-02T18:00:00+03:00,30.44,0.0,118.9899,67.62,0.6015106,,,,2026-10-02T15:26:04Z,2026-10-02T15:26:04Z,0
31267,518847,Bukedea Kachumbala SC,1.2266404886375875,34.11571805530725,1790953800000,2026-10-02T15:10:00+00:00,2026-10-02T18:10:00+03:00,27.29,0.0,5.645838,60.68,6.033417,7.421988,,,2026-10-03T15:02:15Z,2026-10-03T15:17:15Z,1
26371,514572,EntebbeCity NMTS,0.002068145970468316,32.47029039760271,1790954100000,2026-10-02T15:15:00+00:00,2026-10-02T18:15:00+03:00,22.68,0.0,0.0,82.8,2.157626,4.324407,,,2026-10-02T15:26:04Z,2026-10-02T15:56:03Z,1
28465,518272,Nabilatuk NabilatukDLG,2.0853119097380035,34.60581875063605,1790954100000,2026-10-02T15:15:00+00:00,2026-10-02T18:15:00+03:00,29.59,0.0,20.66072,29.76,18.53971,26.56535,,,2026-10-02T15:26:04Z,2026-10-02T15:26:04Z,0
31267,518847,Bukedea Kachumbala SC,1.2266404886375875,34.11571805530725,1790954400000,2026-10-02T15:20:00+00:00,2026-10-02T18:20:00+03:00,27.01,0.0,5.46273,61.49,5.502403,6.619363,,,2026-10-03T15:32:14Z,2026-10-03T15:32:14Z,0
28465,518272,Nabilatuk NabilatukDLG,2.0853119097380035,34.60581875063605,1790955000000,2026-10-02T15:30:00+00:00,2026-10-02T18:30:00+03:00,29.3,0.0,11.53582,29.94,19.2607,25.4818,,,2026-10-02T15:56:03Z,2026-10-02T15:56:03Z,0
30316,860746,Mayuge IkulweNARO,0.4388712184461232,33.476196856980515,1790955000000,2026-10-02T15:30:00+00:00,2026-10-02T18:30:00+03:00,0.0,0.0,25.36049,0.0,0.6550698,,,temp_rh_dead,2026-10-02T15:56:03Z,2026-10-02T15:56:03Z,1
31267,518847,Bukedea Kachumbala SC,1.2266404886375875,34.11571805530725,1790955000000,2026-10-02T15:30:00+00:00,2026-10-02T18:30:00+03:00,27.01,0.0,5.31014,61.49,5.502403,6.619363,,,2026-10-03T15:47:15Z,2026-10-03T15:47:15Z,0
27204,515136,Kirihura MburoNP,-0.32644602379535037,30.558912625750658,1790955900000,2026-10-02T15:45:00+00:00,2026-10-02T18:45:00+03:00,25.93,0.0,0.0,74.64,0.0,0.265507,,,2026-10-02T15:56:03Z,2026-10-02T15:56:03Z,0
28282,49381,Amolatar NamasaleHCIII2,1.890942556037648,33.03500809176537,1790955900000,2026-10-02T15:45:00+00:00,2026-10-02T18:45:00+03:00,26.62,0.0,0.0,70.8,4.074159,4.928664,,,2026-10-02T15:56:03Z,2026-10-02T15:56:03Z,0
29432,514563,Kikuube Hoima Sugar,1.250555426321004,31.194469848676302,1790955900000,2026-10-02T15:45:00+00:00,2026-10-02T18:45:00+03:00,23.59,0.0,15.96094,82.98,0.0,0.4974441,,,2026-10-02T15:56:03Z,2026-10-02T16:26:05Z,0
29497,514558,Bulisa ButiabaHydro,2.1126939171888264,31.436768666464783,1790955900000,2026-10-02T15:45:00+00:00,2026-10-02T18:45:00+03:00,27.28,0.0,0.0,72.45,1.610895,,,,2026-10-02T15:56:03Z,2026-10-02T15:56:03Z,0
29593,514561,Pallisa KasodoSC,1.2320044388064466,33.6019957700963,1790955900000,2026-10-02T15:45:00+00:00,2026-10-02T18:45:00+03:00,27.29,0.0,0.0,95.2,1.458457,,,,2026-10-02T15:56:03Z,2026-10-02T15:56:03Z,0
30757,860735,Arua Airfield,3.022727728757243,30.902049741391995,1790955900000,2026-10-02T15:45:00+00:00,2026-10-02T18:45:00+03:00,26.69,0.0,17.57839,75.48,4.095521,5.685512,,,2026-10-02T15:56:03Z,2026-10-02T15:56:03Z,0
26371,514572,EntebbeCity NMTS,0.002068145970468316,32.47029039760271,1790956800000,2026-10-02T16:00:00+00:00,2026-10-02T19:00:00+03:00,22.69,0.0,0.0,83.6,1.644922,2.511635,,,2026-10-02T16:26:05Z,2026-10-02T16:26:05Z,0
27204,515136,Kirihura MburoNP,-0.32644602379535037,30.558912625750658,1790956800000,2026-10-02T16:00:00+00:00,2026-10-02T19:00:00+03:00,25.93,0.0,0.0,74.64,0.0,0.2441444,,,2026-10-02T16:26:05Z,2026-10-02T16:26:05Z,0
28282,49381,Amolatar NamasaleHCIII2,1.890942556037648,33.03500809176537,1790956800000,2026-10-02T16:00:00+00:00,2026-10-02T19:00:00+03:00,25.9,0.0,0.0,75.06,3.732357,4.544137,,,2026-10-02T16:26:05Z,2026-10-02T16:26:05Z,0
28465,518272,Nabilatuk NabilatukDLG,2.0853119097380035,34.60581875063605,1790956800000,2026-10-02T16:00:00+00:00,2026-10-02T19:00:00+03:00,28.78,0.0,0.0,31.54,15.79995,23.79675,,,2026-10-02T16:26:05Z,2026-10-02T16:26:05Z,0
29593,514561,Pallisa KasodoSC,1.2320044388064466,33.6019957700963,1790956800000,2026-10-02T16:00:00+00:00,2026-10-02T19:00:00+03:00,25.98,0.0,0.0,94.78,0.576791,,,,2026-10-02T16:26:05Z,2026-10-02T16:56:05Z,0
30757,860735,Arua Airfield,3.022727728757243,30.902049741391995,1790956800000,2026-10-02T16:00:00+00:00,2026-10-02T19:00:00+03:00,25.73,0.0,0.3967346,80.92,3.979553,5.694667,,,2026-10-02T16:26:05Z,2026-10-02T16:26:05Z,0
28465,518272,Nabilatuk NabilatukDLG,2.0853119097380035,34.60581875063605,1790957700000,2026-10-02T16:15:00+00:00,2026-10-02T19:15:00+03:00,28.45,0.0,0.0,31.61,14.58869,18.87755,,,2026-10-02T16:56:05Z,2026-10-02T16:56:05Z,0
29407,860737,Soroti Airfield,1.7125019696651427,33.60989885031907,1790957700000,2026-10-02T16:15:00+00:00,2026-10-02T19:15:00+03:00,26.87,0.0,0.0,93.44,0.5644312,,,,2026-10-02T16:26:05Z,2026-10-02T16:26:05Z,0
29497,514558,Bulisa ButiabaHydro,2.1126939171888264,31.436768666464783,1790957700000,2026-10-02T16:15:00+00:00,2026-10-02T19:15:00+03:00,26.92,0.0,0.0,76.23,1.540856,,,,2026-10-02T16:26:05Z,2026-10-02T16:56:05Z,0
30316,860746,Mayuge IkulweNARO,0.4388712184461232,33.476196856980515,1790957700000,2026-10-02T16:15:00+00:00,2026-10-02T19:15:00+03:00,0.0,0.0,24.0177,0.0,0.64271,,,temp_rh_dead,2026-10-02T16:26:05Z,2026-10-02T16:26:05Z,1
30757,860735,Arua Airfield,3.022727728757243,30.902049741391995,1790957700000,2026-10-02T16:15:00+00:00,2026-10-02T19:15:00+03:00,25.32,0.0,0.0,83.61,2.517739,3.689631,,,2026-10-02T16:56:05Z,2026-10-02T16:56:05Z,0
27204,515136,Kirihura MburoNP,-0.32644602379535037,30.558912625750658,1790958600000,2026-10-02T16:30:00+00:00,2026-10-02T19:30:00+03:00,25.93,0.0,0.0,74.64,0.0,0.2288853,,,2026-10-02T16:56:05Z,2026-10-02T16:56:05Z,0
29432,514563,Kikuube Hoima Sugar,1.250555426321004,31.194469848676302,1790958600000,2026-10-02T16:30:00+00:00,2026-10-02T19:30:00+03:00,22.52,0.0,13.91623,85.01,0.0,0.4852369,,,2026-10-02T16:56:05Z,2026-10-02T17:26:04Z,0
26371,514572,EntebbeCity NMTS,0.002068145970468316,32.47029039760271,1790959500000,2026-10-02T16:45:00+00:00,2026-10-02T19:45:00+03:00,22.06,0.0,0.0,85.07,1.309224,2.307164,,,2026-10-02T16:56:05Z,2026-10-02T17:26:04Z,1
28282,49381,Amolatar NamasaleHCIII2,1.890942556037648,33.03500809176537,1790959500000,2026-10-02T16:45:00+00:00,2026-10-02T19:45:00+03:00,23.97,0.0,0.0,85.1,4.007019,5.127031,,,2026-10-02T16:56:05Z,2026-10-02T16:56:05Z,0
29407,860737,Soroti Airfield,1.7125019696651427,33.60989885031907,1790959500000,2026-10-02T16:45:00+00:00,2026-10-02T19:45:00+03:00,27.47,0.0,0.0,92.53,9.793088,,,,2026-10-02T16:56:05Z,2026-10-02T16:56:05Z,0
30143,860494,Lira NARONgetta,2.1557054334938868,32.88785061975556,1790959500000,2026-10-02T16:45:00+00:00,2026-10-02T19:45:00+03:00,24.43,0.0,0.0,93.3,4.173495,,,,2026-10-02T16:56:05Z,2026-10-02T16:56:05Z,0
30316,860746,Mayuge IkulweNARO,0.4388712184461232,33.476196856980515,1790959500000,2026-10-02T16:45:00+00:00,2026-10-02T19:45:00+03:00,0.0,0.0,23.65148,0.0,0.6674296,,,temp_rh_dead,2026-10-02T16:56:05Z,2026-10-02T16:56:05Z,1
28465,518272,Nabilatuk NabilatukDLG,2.0853119097380035,34.60581875063605,1790960400000,2026-10-02T17:00:00+00:00,2026-10-02T20:00:00+03:00,27.47,0.0,0.0,35.3,11.70062,16.48798,,,2026-10-02T17:26:04Z,2026-10-02T17:26:04Z,0
29036,514566,Nabilatuk Nabuin ZARDI,1.716485049322414,34.51313788762028,1790960400000,2026-10-02T17:00:00+00:00,2026-10-02T20:00:00+03:00,27.7,0.0,0.0,36.07,14.63813,,,,2026-10-02T17:26:04Z,2026-10-02T17:26:04Z,0
29529,514573,Bundibugyo BundibugyoTC,0.8026268481642997,30.27578425237216,1790960400000,2026-10-02T17:00:00+00:00,2026-10-02T20:00:00+03:00,24.44,0.0,0.0,81.45,6.892653,,,,2026-10-02T17:26:04Z,2026-10-02T17:26:04Z,0
29593,514561,Pallisa KasodoSC,1.2320044388064466,33.6019957700963,1790960400000,2026-10-02T17:00:00+00:00,2026-10-02T20:00:00+03:00,25.83,0.0,0.0,99.6,3.922179,,,,2026-10-02T17:26:04Z,2026-10-02T17:26:04Z,0
22494,511046,Bukedea BukedeaTC,1.344383477320109,34.65405915348999,1790961300000,2026-10-02T17:15:00+00:00,2026-10-02T20:15:00+03:00,24.75,0.0,0.0,85.69,0.0,0.0,,,2026-10-02T17:26:04Z,2026-10-02T17:26:04Z,0
27204,515136,Kirihura MburoNP,-0.32644602379535037,30.558912625750658,1790961300000,2026-10-02T17:15:00+00:00,2026-10-02T20:15:00+03:00,25.93,0.0,0.0,74.64,0.0,0.2136263,,,2026-10-02T17:26:04Z,2026-10-02T17:26:04Z,0
28282,49381,Amolatar NamasaleHCIII2,1.890942556037648,33.03500809176537,1790961300000,2026-10-02T17:15:00+00:00,2026-10-02T20:15:00+03:00,23.72,0.0,0.0,85.69,7.33959,9.542992,,,2026-10-02T17:26:04Z,2026-10-02T17:26:04Z,0
29407,860737,Soroti Airfield,1.7125019696651427,33.60989885031907,1790961300000,2026-10-02T17:15:00+00:00,2026-10-02T20:15:00+03:00,26.61,0.0,0.0,99.03,0.5891508,,,,2026-10-02T17:26:04Z,2026-10-02T17:26:04Z,0
29497,514558,Bulisa ButiabaHydro,2.1126939171888264,31.436768666464783,1790961300000,2026-10-02T17:15:00+00:00,2026-10-02T20:15:00+03:00,26.3,0.0,0.0,79.62,1.516136,,,,2026-10-02T17:26:04Z,2026-10-02T17:26:04Z,0
30143,860494,Lira NARONgetta,2.1557054334938868,32.88785061975556,1790961300000,2026-10-02T17:15:00+00:00,2026-10-02T20:15:00+03:00,24.44,0.0,0.0,93.17,0.8281071,,,,2026-10-02T17:26:04Z,2026-10-02T17:26:04Z,0
30316,860746,Mayuge IkulweNARO,0.4388712184461232,33.476196856980515,1790961300000,2026-10-02T17:15:00+00:00,2026-10-02T20:15:00+03:00,0.0,0.0,23.74304,0.0,0.6344702,,,temp_rh_dead,2026-10-02T17:26:04Z,2026-10-02T17:26:04Z,1
30757,860735,Arua Airfield,3.022727728757243,30.902049741391995,1790961300000,2026-10-02T17:15:00+00:00,2026-10-02T20:15:00+03:00,24.96,0.0,0.0,83.53,3.723202,4.669261,,,2026-10-02T17:26:04Z,2026-10-02T17:26:04Z,0
20513,512647,Kitgum2 KitgumMC,3.329416943369524,33.176767183806454,1790962200000,2026-10-02T17:30:00+00:00,2026-10-02T20:30:00+03:00,24.42,0.0,0.0,95.2,2.999924,,,,2026-10-03T06:26:06Z,2026-10-03T06:26:06Z,0
31267,518847,Bukedea Kachumbala SC,1.2266404886375875,34.11571805530725,1790962800000,2026-10-02T17:40:00+00:00,2026-10-02T20:40:00+03:00,25.43,0.0,0.0,65.46,0.546273,1.571679,,,2026-10-03T14:02:22Z,2026-10-03T17:02:16Z,0
18831,511028,Kibuku KadamaTC,1.230158490836445,33.75766971001673,1790964000000,2026-10-02T18:00:00+00:00,2026-10-02T21:00:00+03:00,25.92,0.0,0.0,81.7,3.903258,5.593957,,,2026-10-03T11:32:16Z,2026-10-03T11:32:16Z,0
31267,518847,Bukedea Kachumbala SC,1.2266404886375875,34.11571805530725,1790966400000,2026-10-02T18:40:00+00:00,2026-10-02T21:40:00+03:00,24.31,0.0,0.0,70.83,2.566567,4.403754,,,2026-10-03T17:17:16Z,2026-10-03T17:17:16Z,0
31267,518847,Bukedea Kachumbala SC,1.2266404886375875,34.11571805530725,1790967000000,2026-10-02T18:50:00+00:00,2026-10-02T21:50:00+03:00,24.82,0.0,0.0,67.86,3.384451,4.995804,,,2026-10-03T17:32:15Z,2026-10-03T17:32:15Z,0
31267,518847,Bukedea Kachumbala SC,1.2266404886375875,34.11571805530725,1790967600000,2026-10-02T19:00:00+00:00,2026-10-02T22:00:00+03:00,25.0,0.0,0.0,65.04,3.384451,4.995804,,,2026-10-03T17:47:15Z,2026-10-03T17:47:15Z,0
31267,518847,Bukedea Kachumbala SC,1.2266404886375875,34.11571805530725,1790970000000,2026-10-02T19:40:00+00:00,2026-10-02T22:40:00+03:00,23.86,0.0,0.0,72.58,6.402686,8.01709,,,2026-10-03T18:40:23Z,2026-10-03T18:40:23Z,0
27651,514554,Lamwo LamwoTC,3.5293008898067413,32.800069272228264,1790970300000,2026-10-02T19:45:00+00:00,2026-10-02T22:45:00+03:00,23.34,,,,1.187152,,rain_mm;solar_wm2;rh_pct;wind_max_kmh,,2026-10-03T10:02:15Z,2026-10-03T10:02:15Z,0
31267,518847,Bukedea Kachumbala SC,1.2266404886375875,34.11571805530725,1790971200000,2026-10-02T20:00:00+00:00,2026-10-02T23:00:00+03:00,23.87,0.0,0.0,73.43,5.020218,7.608149,,,2026-10-03T19:25:07Z,2026-10-03T19:25:07Z,0
31712,518846,Sironko SironkoTC,1.2330289483318788,34.24436423053502,1790972100000,2026-10-02T20:15:00+00:00,2026-10-02T23:15:00+03:00,21.07,0.0,96.52857,81.13,0.9918364,3.137255,,,2026-10-03T10:17:15Z,2026-10-03T10:32:15Z,0
24483,860745,EntebbeCity AirportBuku,0.09822006591206939,32.232094187247235,1790973000000,2026-10-02T20:30:00+00:00,2026-10-02T23:30:00+03:00,20.65,0.0,7.171741,98.31,4.284733,,,,2026-10-02T22:26:07Z,2026-10-04T16:05:44Z,0
30283,514568,Kampala KyambogoUnv2,0.3228582483254613,32.59455916940114,1790973000000,2026-10-02T20:30:00+00:00,2026-10-02T23:30:00+03:00,21.19,0.0,0.0,85.35,0.6550698,0.6674296,,,2026-10-02T22:26:07Z,2026-10-02T22:26:07Z,0
31495,518862,Kapchorwa SipiTC,1.2267354469379133,34.365906405123326,1790973000000,2026-10-02T20:30:00+00:00,2026-10-02T23:30:00+03:00,21.07,0.0,0.0,45.19,5.36202,8.184939,,,2026-10-03T08:26:04Z,2026-10-03T10:17:15Z,0
31809,518861,Bulambuli Bulegeni NARO,1.2990504672186247,34.322697246680406,1790973000000,2026-10-02T20:30:00+00:00,2026-10-02T23:30:00+03:00,22.43,0.0,0.0,56.83,4.101625,6.805524,,,2026-10-03T10:17:15Z,2026-10-03T10:17:15Z,0
22531,514574,Ntungamo NtungamoTC,-0.8743084927533056,30.25887027699915,1790973900000,2026-10-02T20:45:00+00:00,2026-10-02T23:45:00+03:00,19.21,0.0,0.0,90.72,1.040665,,,,2026-10-02T22:26:07Z,2026-10-02T23:26:03Z,0
31267,518847,Bukedea Kachumbala SC,1.2266404886375875,34.11571805530725,1790975400000,2026-10-02T21:10:00+00:00,2026-10-03T00:10:00+03:00,22.89,0.0,0.0,76.7,1.455711,3.381399,,,2026-10-03T21:35:26Z,2026-10-03T21:35:26Z,0
28650,518275,Nakapiripirit NabulengerHCII,1.8399992209235494,34.569297846559095,1790975700000,2026-10-02T21:15:00+00:00,2026-10-03T00:15:00+03:00,27.49,0.0,0.0,36.89,23.49187,33.26024,,,2026-10-03T11:17:15Z,2026-10-03T11:17:15Z,0
26934,863098,Kampala LubigiNWSC,0.3440953682915257,32.54509647954191,1790976600000,2026-10-02T21:30:00+00:00,2026-10-03T00:30:00+03:00,19.54986,0.0,6.103609,99.4461,0.0,0.0,,,2026-10-02T22:26:07Z,2026-10-02T22:26:07Z,0
29561,514560,Kikuube Hoima Airport,1.4920191900781956,31.31796244549898,1790976600000,2026-10-02T21:30:00+00:00,2026-10-03T00:30:00+03:00,21.32,0.0,8.361944,92.2,7.972076,,,,2026-10-02T22:26:07Z,2026-10-02T22:26:07Z,0
26371,514572,EntebbeCity NMTS,0.002068145970468316,32.47029039760271,1790977500000,2026-10-02T21:45:00+00:00,2026-10-03T00:45:00+03:00,21.4,0.0,0.0,88.16,3.50042,4.721141,,,2026-10-02T22:26:07Z,2026-10-02T22:26:07Z,0
29432,514563,Kikuube Hoima Sugar,1.250555426321004,31.194469848676302,1790977500000,2026-10-02T21:45:00+00:00,2026-10-03T00:45:00+03:00,19.44,0.0,11.96307,89.06,3.903258,5.072099,,,2026-10-02T22:26:07Z,2026-10-02T22:26:07Z,0
29593,514561,Pallisa KasodoSC,1.2320044388064466,33.6019957700963,1790977500000,2026-10-02T21:45:00+00:00,2026-10-03T00:45:00+03:00,20.91,0.0,0.0,999.0,0.5603113,,,rh_sensor_suspect,2026-10-02T22:26:07Z,2026-10-02T22:26:07Z,0
30600,514575,Buvuma BuvumaCollege,0.20227217732623182,33.298299581212675,1790977500000,2026-10-02T21:45:00+00:00,2026-10-03T00:45:00+03:00,22.3,0.0,0.0,100.0,3.609064,,,,2026-10-02T22:26:07Z,2026-10-02T22:26:07Z,0
19913,512648,Rubanda Kachwekano,-1.2492907374261277,29.94650239241936,1790978400000,2026-10-02T22:00:00+00:00,2026-10-03T01:00:00+03:00,16.02502,0.0,0.0,96.74068,1.422141,2.719158,,,2026-10-02T22:26:07Z,2026-10-02T22:26:07Z,0
26350,516055,Bushenyi PIBID2,-0.34476582916148607,30.12697463332902,1790978400000,2026-10-02T22:00:00+00:00,2026-10-03T01:00:00+03:00,11.17,0.0,0.0,100.0,2.926681,5.227741,,,2026-10-02T22:26:07Z,2026-10-02T22:26:07Z,0
27651,514554,Lamwo LamwoTC,3.5293008898067413,32.800069272228264,1790978400000,2026-10-02T22:00:00+00:00,2026-10-03T01:00:00+03:00,23.57,0.0,0.0,75.17,2.362097,3.726253,,,2026-10-03T10:17:15Z,2026-10-03T10:52:55Z,1
28935,518278,Kaabong SidokHCIII,3.3616463406052675,34.12346082801267,1790978400000,2026-10-02T22:00:00+00:00,2026-10-03T01:00:00+03:00,23.25,0.0,0.0,45.99,7.031357,,,,2026-10-02T22:26:07Z,2026-10-02T22:26:07Z,0
29036,514566,Nabilatuk Nabuin ZARDI,1.716485049322414,34.51313788762028,1790978400000,2026-10-02T22:00:00+00:00,2026-10-03T01:00:00+03:00,25.0,0.0,0.0,40.74,8.36347,,,,2026-10-02T22:26:07Z,2026-10-02T22:26:07Z,0
29180,517853,Moroto RupaSC,2.582841223352566,34.66924742947938,1790978400000,2026-10-02T22:00:00+00:00,2026-10-03T01:00:00+03:00,25.54,0.0,0.0,38.83,12.33845,20.31891,,,2026-10-02T22:26:07Z,2026-10-02T22:26:07Z,0
29529,514573,Bundibugyo BundibugyoTC,0.8026268481642997,30.27578425237216,1790978400000,2026-10-02T22:00:00+00:00,2026-10-03T01:00:00+03:00,22.0,0.0,0.0,82.53,4.890364,,,,2026-10-02T22:26:07Z,2026-10-02T22:26:07Z,0
30033,45670,Apac ApacTC,1.9892647841094635,32.531624149345156,1790978400000,2026-10-02T22:00:00+00:00,2026-10-03T01:00:00+03:00,21.93,0.0,0.0,100.0,0.0,0.0,,,2026-10-02T22:26:07Z,2026-10-02T22:26:07Z,0
30347,860738,Bulambuli BuginyanyaNARO,1.2292008829492236,34.512188495373756,1790978400000,2026-10-02T22:00:00+00:00,2026-10-03T01:00:00+03:00,15.26,0.0,22.43076,93.37,0.07415885,,,,2026-10-02T22:26:07Z,2026-10-02T22:26:07Z,0
30476,518276,Moroto Airfield,2.499539862843011,34.60336771655714,1790978400000,2026-10-02T22:00:00+00:00,2026-10-03T01:00:00+03:00,21.59,0.0,0.0,45.15,9.072099,,,,2026-10-02T22:26:07Z,2026-10-02T22:26:07Z,0
30518,45678,Kwania AdukuTC,2.0141834426175826,32.722869192593286,1790978400000,2026-10-02T22:00:00+00:00,2026-10-03T01:00:00+03:00,21.99,0.0,0.0,100.0,0.0,0.0,,,2026-10-02T22:26:07Z,2026-10-02T22:26:07Z,0
30757,860735,Arua Airfield,3.022727728757243,30.902049741391995,1790978400000,2026-10-02T22:00:00+00:00,2026-10-03T01:00:00+03:00,20.59,0.0,0.0,100.0,10.02518,11.89288,,,2026-10-02T22:26:07Z,2026-10-02T22:26:07Z,0
30820,518844,Kanungu MatandaHCIII,-0.6465365596528061,29.742748867338342,1790978400000,2026-10-02T22:00:00+00:00,2026-10-03T01:00:00+03:00,22.47,0.0,0.0,83.82,7.016098,8.413824,,,2026-10-02T22:26:07Z,2026-10-02T22:26:07Z,0
28133,514567,Rukiga RwamuchuchuSC,-1.147093805481443,30.065473322928664,1790979000000,2026-10-02T22:10:00+00:00,2026-10-03T01:10:00+03:00,16.51,0.0,0.0,86.34,0.7049668,2.450599,,,2026-10-02T22:26:07Z,2026-10-02T22:26:07Z,0
22494,511046,Bukedea BukedeaTC,1.344383477320109,34.65405915348999,1790979300000,2026-10-02T22:15:00+00:00,2026-10-03T01:15:00+03:00,23.0,0.0,0.0,91.98,0.0,0.0,,,2026-10-02T22:26:07Z,2026-10-02T22:26:07Z,0
22745,860739,Tororo TororoMC,0.7363404161562512,34.16750975530811,1790979300000,2026-10-02T22:15:00+00:00,2026-10-03T01:15:00+03:00,20.35,0.0,0.0,100.0,1.052873,,,,2026-10-02T22:26:07Z,2026-10-02T22:26:07Z,0
26371,514572,EntebbeCity NMTS,0.002068145970468316,32.47029039760271,1790979300000,2026-10-02T22:15:00+00:00,2026-10-03T01:15:00+03:00,21.45,0.0,0.0,88.17,3.070115,3.710994,,,2026-10-02T22:56:03Z,2026-10-02T22:56:03Z,0
26934,863098,Kampala LubigiNWSC,0.3440953682915257,32.54509647954191,1790979300000,2026-10-02T22:15:00+00:00,2026-10-03T01:15:00+03:00,19.60174,0.0,6.042573,100.0,0.250248,2.084382,,,2026-10-02T22:56:03Z,2026-10-02T22:56:03Z,0
27204,515136,Kirihura MburoNP,-0.32644602379535037,30.558912625750658,1790979300000,2026-10-02T22:15:00+00:00,2026-10-03T01:15:00+03:00,25.93,0.0,0.0,74.64,0.0,0.1892119,,,2026-10-02T22:26:07Z,2026-10-02T22:56:03Z,0
27429,853290,Tororo MoroTC,1.347804683283513,33.56157669447344,1790979300000,2026-10-02T22:15:00+00:00,2026-10-03T01:15:00+03:00,20.48,0.0,0.0,100.0,3.311208,4.122988,,,2026-10-02T22:26:07Z,2026-10-02T22:26:07Z,0
28282,49381,Amolatar NamasaleHCIII2,1.890942556037648,33.03500809176537,1790979300000,2026-10-02T22:15:00+00:00,2026-10-03T01:15:00+03:00,21.67,0.0,0.0,100.0,4.986648,5.743496,,,2026-10-02T22:26:07Z,2026-10-02T22:26:07Z,0
28465,518272,Nabilatuk NabilatukDLG,2.0853119097380035,34.60581875063605,1790979300000,2026-10-02T22:15:00+00:00,2026-10-03T01:15:00+03:00,23.95,0.0,0.0,46.05,13.03136,15.94003,,,2026-10-02T22:26:07Z,2026-10-02T22:26:07Z,0
29306,514576,Butaleja ButalejaTC,0.6919682458015968,34.09885656329347,1790979300000,2026-10-02T22:15:00+00:00,2026-10-03T01:15:00+03:00,20.46,0.0,0.0,100.0,0.6303502,,,,2026-10-02T22:26:07Z,2026-10-02T22:26:07Z,0
29407,860737,Soroti Airfield,1.7125019696651427,33.60989885031907,1790979300000,2026-10-02T22:15:00+00:00,2026-10-03T01:15:00+03:00,22.98,0.0,0.0,100.0,0.576791,,,,2026-10-02T22:26:07Z,2026-10-02T22:26:07Z,0
29432,514563,Kikuube Hoima Sugar,1.250555426321004,31.194469848676302,1790979300000,2026-10-02T22:15:00+00:00,2026-10-03T01:15:00+03:00,19.15,0.0,11.87152,90.17,5.053788,5.673304,,,2026-10-02T22:56:03Z,2026-10-02T22:56:03Z,0
29497,514558,Bulisa ButiabaHydro,2.1126939171888264,31.436768666464783,1790979300000,2026-10-02T22:15:00+00:00,2026-10-03T01:15:00+03:00,24.9,0.0,0.0,78.2,6.550698,,,,2026-10-02T22:26:07Z,2026-10-02T22:56:03Z,0
29756,862010,Nakasongola KalungiSC,1.2852342933913012,32.662599686414936,1790979300000,2026-10-02T22:15:00+00:00,2026-10-03T01:15:00+03:00,20.17395,0.0,0.0,92.77332,0.1617456,2.43534,,,2026-10-02T22:56:03Z,2026-10-02T22:56:03Z,0
30143,860494,Lira NARONgetta,2.1557054334938868,32.88785061975556,1790979300000,2026-10-02T22:15:00+00:00,2026-10-03T01:15:00+03:00,21.14,0.0,0.0,100.0,0.5726711,,,,2026-10-02T22:26:07Z,2026-10-02T22:26:07Z,0
30220,45708,Dokolo DokoloTC,1.914993229491238,33.176049575854904,1790979300000,2026-10-02T22:15:00+00:00,2026-10-03T01:15:00+03:00,22.02945,0.0,0.0,81.07576,0.4861525,0.5520715,,,2026-10-02T22:26:07Z,2026-10-02T22:26:07Z,0
30283,514568,Kampala KyambogoUnv2,0.3228582483254613,32.59455916940114,1790979300000,2026-10-02T22:15:00+00:00,2026-10-03T01:15:00+03:00,20.86,0.0,0.0,91.93,0.6509499,0.6674296,,,2026-10-02T22:56:03Z,2026-10-02T22:56:03Z,0
30316,860746,Mayuge IkulweNARO,0.4388712184461232,33.476196856980515,1790979300000,2026-10-02T22:15:00+00:00,2026-10-03T01:15:00+03:00,0.0,0.0,22.58335,0.0,0.6550698,,,temp_rh_dead,2026-10-02T22:26:07Z,2026-10-02T22:26:07Z,1
30600,514575,Buvuma BuvumaCollege,0.20227217732623182,33.298299581212675,1790979300000,2026-10-02T22:15:00+00:00,2026-10-03T01:15:00+03:00,22.01,0.0,0.0,100.0,4.536049,,,,2026-10-02T22:56:03Z,2026-10-02T22:56:03Z,0
33816,512617,Buyende Kidera1,1.1427018347181084,33.27926712214954,1790979300000,2026-10-02T22:15:00+00:00,2026-10-03T01:15:00+03:00,22.32853,0.0,0.0,86.18906,0.0,0.0,,,2026-10-02T22:26:07Z,2026-10-02T22:26:07Z,0
28247,853287,KaberamaidoTC,1.3267002801667445,33.24551213582627,1790979600000,2026-10-02T22:20:00+00:00,2026-10-03T01:20:00+03:00,22.52689,0.0,0.0,68.26276,3.439384,6.118868,,,2026-10-02T22:26:07Z,2026-10-02T22:26:07Z,0
30820,518844,Kanungu MatandaHCIII,-0.6465365596528061,29.742748867338342,1790979600000,2026-10-02T22:20:00+00:00,2026-10-03T01:20:00+03:00,22.53,0.0,0.0,82.45,6.298924,9.219501,,,2026-10-02T22:56:03Z,2026-10-02T23:56:03Z,0
22745,860739,Tororo TororoMC,0.7363404161562512,34.16750975530811,1790980200000,2026-10-02T22:30:00+00:00,2026-10-03T01:30:00+03:00,20.62,0.0,0.0,100.0,0.4974441,,,,2026-10-02T22:56:03Z,2026-10-02T22:56:03Z,0
26314,511026,Buhweju BuhwejuTC,-0.36217852027400727,30.438745738821645,1790980200000,2026-10-02T22:30:00+00:00,2026-10-03T01:30:00+03:00,16.86732,0.0,14.67918,100.0,0.0,,,,2026-10-02T22:56:03Z,2026-10-02T22:56:03Z,0
28133,514567,Rukiga RwamuchuchuSC,-1.147093805481443,30.065473322928664,1790980200000,2026-10-02T22:30:00+00:00,2026-10-03T01:30:00+03:00,16.34,0.0,0.0,88.32,2.264439,4.061952,,,2026-10-02T22:56:03Z,2026-10-02T23:56:03Z,0
28465,518272,Nabilatuk NabilatukDLG,2.0853119097380035,34.60581875063605,1790980200000,2026-10-02T22:30:00+00:00,2026-10-03T01:30:00+03:00,23.8,0.0,0.0,46.31,11.3051,13.76471,,,2026-10-02T22:56:03Z,2026-10-02T22:56:03Z,0
29036,514566,Nabilatuk Nabuin ZARDI,1.716485049322414,34.51313788762028,1790980200000,2026-10-02T22:30:00+00:00,2026-10-03T01:30:00+03:00,24.21,0.0,0.0,41.56,9.154498,,,,2026-10-02T22:56:03Z,2026-10-02T22:56:03Z,0
29366,860740,Kasese Airfield,0.16776145042270435,30.06946870555926,1790980200000,2026-10-02T22:30:00+00:00,2026-10-03T01:30:00+03:00,21.45,0.0,5.61532,86.27,4.280613,,,,2026-10-02T22:56:03Z,2026-10-02T23:26:03Z,0
29529,514573,Bundibugyo BundibugyoTC,0.8026268481642997,30.27578425237216,1790980200000,2026-10-02T22:30:00+00:00,2026-10-03T01:30:00+03:00,21.67,0.0,0.0,87.16,3.411307,,,,2026-10-02T22:56:03Z,2026-10-02T22:56:03Z,0
29593,514561,Pallisa KasodoSC,1.2320044388064466,33.6019957700963,1790980200000,2026-10-02T22:30:00+00:00,2026-10-03T01:30:00+03:00,20.91,0.0,0.0,999.0,0.5561914,,,rh_sensor_suspect,2026-10-02T22:56:03Z,2026-10-02T22:56:03Z,0
30220,45708,Dokolo DokoloTC,1.914993229491238,33.176049575854904,1790980200000,2026-10-02T22:30:00+00:00,2026-10-03T01:30:00+03:00,21.561,0.0,0.0,84.16267,0.5273518,0.5973907,,,2026-10-02T22:56:03Z,2026-10-02T22:56:03Z,0
30347,860738,Bulambuli BuginyanyaNARO,1.2292008829492236,34.512188495373756,1790980200000,2026-10-02T22:30:00+00:00,2026-10-03T01:30:00+03:00,14.91,0.0,22.30869,95.02,0.06591897,,,,2026-10-02T22:56:03Z,2026-10-02T22:56:03Z,0
33816,512617,Buyende Kidera1,1.1427018347181084,33.27926712214954,1790980200000,2026-10-02T22:30:00+00:00,2026-10-03T01:30:00+03:00,22.13626,0.0,0.0,87.02983,0.0,0.0,,,2026-10-02T22:56:03Z,2026-10-02T22:56:03Z,0
28247,853287,KaberamaidoTC,1.3267002801667445,33.24551213582627,1790980800000,2026-10-02T22:40:00+00:00,2026-10-03T01:40:00+03:00,22.32547,0.0,0.0,74.09781,6.195163,10.11368,,,2026-10-02T22:56:03Z,2026-10-02T22:56:03Z,0
14926,45633,NARO NaFIRRI,1.2369277861017918,34.56704375600076,1790981100000,2026-10-02T22:45:00+00:00,2026-10-03T01:45:00+03:00,-39.91608,0.0,0.0,0.09918365,0.0,0.0,,temp_sensor_suspect,2026-10-02T22:56:03Z,2026-10-02T22:56:03Z,0
19913,512648,Rubanda Kachwekano,-1.2492907374261277,29.94650239241936,1790981100000,2026-10-02T22:45:00+00:00,2026-10-03T01:45:00+03:00,16.41261,0.0,0.0,92.02716,5.27657,6.344701,,,2026-10-02T22:56:03Z,2026-10-02T22:56:03Z,0
22494,511046,Bukedea BukedeaTC,1.344383477320109,34.65405915348999,1790981100000,2026-10-02T22:45:00+00:00,2026-10-03T01:45:00+03:00,22.62,0.0,0.0,93.66,0.0,0.0,,,2026-10-02T22:56:03Z,2026-10-02T22:56:03Z,0
26350,516055,Bushenyi PIBID2,-0.34476582916148607,30.12697463332902,1790981100000,2026-10-02T22:45:00+00:00,2026-10-03T01:45:00+03:00,11.29,0.0,0.0,100.0,2.188144,2.203403,,,2026-10-02T22:56:03Z,2026-10-02T22:56:03Z,0
27429,853290,Tororo MoroTC,1.347804683283513,33.56157669447344,1790981100000,2026-10-02T22:45:00+00:00,2026-10-03T01:45:00+03:00,20.39,0.0,0.0,100.0,3.826963,4.669261,,,2026-10-02T22:56:03Z,2026-10-02T22:56:03Z,0
28282,49381,Amolatar NamasaleHCIII2,1.890942556037648,33.03500809176537,1790981100000,2026-10-02T22:45:00+00:00,2026-10-03T01:45:00+03:00,21.81,0.0,0.0,100.0,8.386358,9.591822,,,2026-10-02T22:56:03Z,2026-10-02T22:56:03Z,0
28935,518278,Kaabong SidokHCIII,3.3616463406052675,34.12346082801267,1790981100000,2026-10-02T22:45:00+00:00,2026-10-03T01:45:00+03:00,23.41,0.0,0.0,45.33,8.313115,,,,2026-10-02T22:56:03Z,2026-10-02T22:56:03Z,0
29180,517853,Moroto RupaSC,2.582841223352566,34.66924742947938,1790981100000,2026-10-02T22:45:00+00:00,2026-10-03T01:45:00+03:00,24.96,0.0,0.0,37.31,9.872587,15.45739,,,2026-10-02T22:56:03Z,2026-10-02T22:56:03Z,0
29306,514576,Butaleja ButalejaTC,0.6919682458015968,34.09885656329347,1790981100000,2026-10-02T22:45:00+00:00,2026-10-03T01:45:00+03:00,20.33,0.0,0.0,100.0,0.6303502,,,,2026-10-02T22:56:03Z,2026-10-02T22:56:03Z,0
29407,860737,Soroti Airfield,1.7125019696651427,33.60989885031907,1790981100000,2026-10-02T22:45:00+00:00,2026-10-03T01:45:00+03:00,22.05,0.0,0.0,100.0,0.5809109,,,,2026-10-02T22:56:03Z,2026-10-02T22:56:03Z,0
29561,514560,Kikuube Hoima Airport,1.4920191900781956,31.31796244549898,1790981100000,2026-10-02T22:45:00+00:00,2026-10-03T01:45:00+03:00,20.67,0.0,9.460594,94.08,10.39048,,,,2026-10-02T22:56:03Z,2026-10-02T22:56:03Z,0
30033,45670,Apac ApacTC,1.9892647841094635,32.531624149345156,1790981100000,2026-10-02T22:45:00+00:00,2026-10-03T01:45:00+03:00,21.92,0.0,0.0,100.0,0.0,0.0,,,2026-10-02T22:56:03Z,2026-10-02T22:56:03Z,0
30143,860494,Lira NARONgetta,2.1557054334938868,32.88785061975556,1790981100000,2026-10-02T22:45:00+00:00,2026-10-03T01:45:00+03:00,20.88,0.0,0.0,100.0,0.6839094,,,,2026-10-02T22:56:03Z,2026-10-02T22:56:03Z,0
30316,860746,Mayuge IkulweNARO,0.4388712184461232,33.476196856980515,1790981100000,2026-10-02T22:45:00+00:00,2026-10-03T01:45:00+03:00,0.0,0.0,22.40024,0.0,0.6344702,,,temp_rh_dead,2026-10-02T22:56:03Z,2026-10-02T22:56:03Z,1
30476,518276,Moroto Airfield,2.499539862843011,34.60336771655714,1790981100000,2026-10-02T22:45:00+00:00,2026-10-03T01:45:00+03:00,21.26,0.0,0.0,47.29,9.463492,,,,2026-10-02T22:56:03Z,2026-10-02T22:56:03Z,0
30518,45678,Kwania AdukuTC,2.0141834426175826,32.722869192593286,1790981100000,2026-10-02T22:45:00+00:00,2026-10-03T01:45:00+03:00,21.46,0.0,0.0,100.0,0.0,0.0,,,2026-10-02T22:56:03Z,2026-10-02T22:56:03Z,0
30757,860735,Arua Airfield,3.022727728757243,30.902049741391995,1790981100000,2026-10-02T22:45:00+00:00,2026-10-03T01:45:00+03:00,20.28,0.0,0.0,100.0,9.005875,10.51347,,,2026-10-02T22:56:03Z,2026-10-02T22:56:03Z,0
31267,518847,Bukedea Kachumbala SC,1.2266404886375875,34.11571805530725,1790981400000,2026-10-02T22:50:00+00:00,2026-10-03T01:50:00+03:00,21.9,0.0,0.0,81.25,1.532006,3.164721,,,2026-10-03T21:47:17Z,2026-10-03T21:47:17Z,0
19036,511025,Kumi Mukongoro,1.3213023670796662,33.886075111016034,1790982000000,2026-10-02T23:00:00+00:00,2026-10-03T02:00:00+03:00,23.07,0.0,16.2356,100.0,0.4730297,0.5706874,,,2026-10-02T23:26:03Z,2026-10-02T23:26:03Z,0
22745,860739,Tororo TororoMC,0.7363404161562512,34.16750975530811,1790982000000,2026-10-02T23:00:00+00:00,2026-10-03T02:00:00+03:00,21.22,0.0,0.0,100.0,1.171893,,,,2026-10-02T23:26:03Z,2026-10-02T23:26:03Z,0
26350,516055,Bushenyi PIBID2,-0.34476582916148607,30.12697463332902,1790982000000,2026-10-02T23:00:00+00:00,2026-10-03T02:00:00+03:00,11.4,0.0,0.0,100.0,2.896162,5.227741,,,2026-10-02T23:26:03Z,2026-10-02T23:26:03Z,0
26371,514572,EntebbeCity NMTS,0.002068145970468316,32.47029039760271,1790982000000,2026-10-02T23:00:00+00:00,2026-10-03T02:00:00+03:00,21.5,0.0,0.0,90.68,2.273594,3.11284,,,2026-10-02T23:26:03Z,2026-10-02T23:26:03Z,0
26934,863098,Kampala LubigiNWSC,0.3440953682915257,32.54509647954191,1790982000000,2026-10-02T23:00:00+00:00,2026-10-03T02:00:00+03:00,19.65057,0.0,5.981536,100.0,0.0,0.0,,,2026-10-02T23:26:03Z,2026-10-02T23:26:03Z,0
27204,515136,Kirihura MburoNP,-0.32644602379535037,30.558912625750658,1790982000000,2026-10-02T23:00:00+00:00,2026-10-03T02:00:00+03:00,25.93,0.0,0.0,74.64,0.0,0.1831083,,,2026-10-02T23:26:03Z,2026-10-02T23:26:03Z,0
28935,518278,Kaabong SidokHCIII,3.3616463406052675,34.12346082801267,1790982000000,2026-10-02T23:00:00+00:00,2026-10-03T02:00:00+03:00,23.19,0.0,0.0,45.89,8.340582,,,,2026-10-02T23:26:03Z,2026-10-02T23:26:03Z,0
29180,517853,Moroto RupaSC,2.582841223352566,34.66924742947938,1790982000000,2026-10-02T23:00:00+00:00,2026-10-03T02:00:00+03:00,23.46,0.0,0.0,41.78,4.87068,8.45655,,,2026-10-02T23:26:03Z,2026-10-02T23:26:03Z,0
29306,514576,Butaleja ButalejaTC,0.6919682458015968,34.09885656329347,1790982000000,2026-10-02T23:00:00+00:00,2026-10-03T02:00:00+03:00,20.2,0.0,0.0,100.0,0.6262302,,,,2026-10-02T23:26:03Z,2026-10-02T23:26:03Z,0
29432,514563,Kikuube Hoima Sugar,1.250555426321004,31.194469848676302,1790982000000,2026-10-02T23:00:00+00:00,2026-10-03T02:00:00+03:00,18.02,0.0,11.65789,93.46,0.0,0.4882887,,,2026-10-02T23:26:03Z,2026-10-02T23:26:03Z,0
29756,862010,Nakasongola KalungiSC,1.2852342933913012,32.662599686414936,1790982000000,2026-10-02T23:00:00+00:00,2026-10-03T02:00:00+03:00,19.75586,0.0,0.0,93.83383,1.144427,6.445411,,,2026-10-02T23:26:03Z,2026-10-02T23:26:03Z,0
30033,45670,Apac ApacTC,1.9892647841094635,32.531624149345156,1790982000000,2026-10-02T23:00:00+00:00,2026-10-03T02:00:00+03:00,21.7,0.2,0.0,100.0,0.0,0.0,,,2026-10-02T23:26:03Z,2026-10-02T23:26:03Z,0
30220,45708,Dokolo DokoloTC,1.914993229491238,33.176049575854904,1790982000000,2026-10-02T23:00:00+00:00,2026-10-03T02:00:00+03:00,21.04372,0.0,0.0,88.17883,0.5273518,0.6015106,,,2026-10-02T23:26:03Z,2026-10-02T23:26:03Z,0
30283,514568,Kampala KyambogoUnv2,0.3228582483254613,32.59455916940114,1790982000000,2026-10-02T23:00:00+00:00,2026-10-03T02:00:00+03:00,20.84,0.0,0.0,92.89,0.6509499,0.6674296,,,2026-10-02T23:26:03Z,2026-10-02T23:26:03Z,0
30476,518276,Moroto Airfield,2.499539862843011,34.60336771655714,1790982000000,2026-10-02T23:00:00+00:00,2026-10-03T02:00:00+03:00,21.07,0.0,0.0,49.08,8.35935,,,,2026-10-02T23:26:03Z,2026-10-02T23:26:03Z,0
30600,514575,Buvuma BuvumaCollege,0.20227217732623182,33.298299581212675,1790982000000,2026-10-02T23:00:00+00:00,2026-10-03T02:00:00+03:00,21.55,0.0,0.0,100.0,2.331884,,,,2026-10-02T23:26:03Z,2026-10-02T23:56:03Z,0
30757,860735,Arua Airfield,3.022727728757243,30.902049741391995,1790982000000,2026-10-02T23:00:00+00:00,2026-10-03T02:00:00+03:00,20.17,0.0,0.0,100.0,6.24094,8.276493,,,2026-10-02T23:26:03Z,2026-10-02T23:26:03Z,0
31267,518847,Bukedea Kachumbala SC,1.2266404886375875,34.11571805530725,1790982000000,2026-10-02T23:00:00+00:00,2026-10-03T02:00:00+03:00,22.27,0.0,0.0,79.68,3.070115,4.965286,,,2026-10-03T22:02:16Z,2026-10-03T22:02:16Z,0
14926,45633,NARO NaFIRRI,1.2369277861017918,34.56704375600076,1790982900000,2026-10-02T23:15:00+00:00,2026-10-03T02:15:00+03:00,-39.9176,0.0,0.0,0.09918365,0.0,0.0,,temp_sensor_suspect,2026-10-02T23:26:03Z,2026-10-02T23:26:03Z,0
19913,512648,Rubanda Kachwekano,-1.2492907374261277,29.94650239241936,1790982900000,2026-10-02T23:15:00+00:00,2026-10-03T02:15:00+03:00,16.37293,0.0,0.0,91.27641,4.470893,5.17586,,,2026-10-02T23:26:03Z,2026-10-02T23:26:03Z,0
22494,511046,Bukedea BukedeaTC,1.344383477320109,34.65405915348999,1790982900000,2026-10-02T23:15:00+00:00,2026-10-03T02:15:00+03:00,22.09,0.0,0.0,95.76,0.0,0.0,,,2026-10-02T23:26:03Z,2026-10-02T23:26:03Z,0
26314,511026,Buhweju BuhwejuTC,-0.36217852027400727,30.438745738821645,1790982900000,2026-10-02T23:15:00+00:00,2026-10-03T02:15:00+03:00,16.54993,0.0,14.374,100.0,0.0,,,,2026-10-02T23:26:03Z,2026-10-02T23:26:03Z,0
27429,853290,Tororo MoroTC,1.347804683283513,33.56157669447344,1790982900000,2026-10-02T23:15:00+00:00,2026-10-03T02:15:00+03:00,20.41,0.0,0.0,100.0,3.118944,4.721141,,,2026-10-02T23:26:03Z,2026-10-02T23:26:03Z,0
27630,514559,Gulu Airfield2,2.3315839569642756,32.403314261884674,1790982900000,2026-10-02T23:15:00+00:00,2026-10-03T02:15:00+03:00,20.66,0.0,0.0,97.78,0.5249103,,,,2026-10-02T23:26:03Z,2026-10-02T23:26:03Z,0
28282,49381,Amolatar NamasaleHCIII2,1.890942556037648,33.03500809176537,1790982900000,2026-10-02T23:15:00+00:00,2026-10-03T02:15:00+03:00,21.62,0.0,0.0,100.0,6.247044,6.768902,,,2026-10-02T23:26:03Z,2026-10-02T23:26:03Z,0
28465,518272,Nabilatuk NabilatukDLG,2.0853119097380035,34.60581875063605,1790982900000,2026-10-02T23:15:00+00:00,2026-10-03T02:15:00+03:00,23.09,0.0,0.0,48.15,9.871367,11.8613,,,2026-10-02T23:26:03Z,2026-10-02T23:26:03Z,0
29036,514566,Nabilatuk Nabuin ZARDI,1.716485049322414,34.51313788762028,1790982900000,2026-10-02T23:15:00+00:00,2026-10-03T02:15:00+03:00,23.22,0.0,0.0,43.36,10.48112,,,,2026-10-02T23:26:03Z,2026-10-02T23:26:03Z,0
29347,862041,Kabale KabaleMC,-1.2542908115437144,29.987880749577656,1790982900000,2026-10-02T23:15:00+00:00,2026-10-03T02:15:00+03:00,16.46,0.0,0.0,85.6,0.5232319,,,,2026-10-02T23:26:03Z,2026-10-02T23:26:03Z,0
29366,860740,Kasese Airfield,0.16776145042270435,30.06946870555926,1790982900000,2026-10-02T23:15:00+00:00,2026-10-03T02:15:00+03:00,20.77,0.0,5.584802,93.9,4.935683,,,,2026-10-02T23:56:03Z,2026-10-02T23:56:03Z,0
29407,860737,Soroti Airfield,1.7125019696651427,33.60989885031907,1790982900000,2026-10-02T23:15:00+00:00,2026-10-03T02:15:00+03:00,20.68,0.0,0.0,100.0,0.5438315,,,,2026-10-02T23:26:03Z,2026-10-02T23:26:03Z,0
29432,514563,Kikuube Hoima Sugar,1.250555426321004,31.194469848676302,1790982900000,2026-10-02T23:15:00+00:00,2026-10-03T02:15:00+03:00,18.62,0.0,11.5053,93.5,5.053788,6.729228,,,2026-10-02T23:56:03Z,2026-10-02T23:56:03Z,0
29497,514558,Bulisa ButiabaHydro,2.1126939171888264,31.436768666464783,1790982900000,2026-10-02T23:15:00+00:00,2026-10-03T02:15:00+03:00,25.23,0.0,0.0,77.55,6.41474,,,,2026-10-02T23:26:03Z,2026-10-02T23:26:03Z,0
29529,514573,Bundibugyo BundibugyoTC,0.8026268481642997,30.27578425237216,1790982900000,2026-10-02T23:15:00+00:00,2026-10-03T02:15:00+03:00,22.38,0.0,0.0,81.04,4.626688,,,,2026-10-02T23:26:03Z,2026-10-02T23:26:03Z,0
29561,514560,Kikuube Hoima Airport,1.4920191900781956,31.31796244549898,1790982900000,2026-10-02T23:15:00+00:00,2026-10-03T02:15:00+03:00,20.92,0.0,10.58976,91.46,11.02083,,,,2026-10-02T23:26:03Z,2026-10-02T23:26:03Z,0
29593,514561,Pallisa KasodoSC,1.2320044388064466,33.6019957700963,1790982900000,2026-10-02T23:15:00+00:00,2026-10-03T02:15:00+03:00,20.3,0.0,0.0,999.0,0.5644312,,,rh_sensor_suspect,2026-10-02T23:26:03Z,2026-10-02T23:26:03Z,0
30143,860494,Lira NARONgetta,2.1557054334938868,32.88785061975556,1790982900000,2026-10-02T23:15:00+00:00,2026-10-03T02:15:00+03:00,20.5,0.0,0.0,100.0,0.5726711,,,,2026-10-02T23:26:03Z,2026-10-02T23:26:03Z,0
30316,860746,Mayuge IkulweNARO,0.4388712184461232,33.476196856980515,1790982900000,2026-10-02T23:15:00+00:00,2026-10-03T02:15:00+03:00,0.0,0.0,22.24765,0.0,0.64271,,,temp_rh_dead,2026-10-02T23:26:03Z,2026-10-02T23:26:03Z,1
30347,860738,Bulambuli BuginyanyaNARO,1.2292008829492236,34.512188495373756,1790982900000,2026-10-02T23:15:00+00:00,2026-10-03T02:15:00+03:00,14.88,0.0,22.21714,98.97,0.1071183,,,,2026-10-02T23:26:03Z,2026-10-02T23:26:03Z,0
30518,45678,Kwania AdukuTC,2.0141834426175826,32.722869192593286,1790982900000,2026-10-02T23:15:00+00:00,2026-10-03T02:15:00+03:00,20.97,0.0,0.0,100.0,0.0,0.0,,,2026-10-02T23:26:03Z,2026-10-02T23:26:03Z,0
33816,512617,Buyende Kidera1,1.1427018347181084,33.27926712214954,1790982900000,2026-10-02T23:15:00+00:00,2026-10-03T02:15:00+03:00,21.84024,0.0,0.0,90.19302,0.0,0.0,,,2026-10-02T23:26:03Z,2026-10-02T23:26:03Z,0
28247,853287,KaberamaidoTC,1.3267002801667445,33.24551213582627,1790983200000,2026-10-02T23:20:00+00:00,2026-10-03T02:20:00+03:00,21.12154,0.0,0.0,83.45465,4.071107,6.533913,,,2026-10-02T23:26:03Z,2026-10-02T23:26:03Z,0
12322,853288,Mukono MpomaNARO,0.4283966588777295,32.76213604190826,1790983800000,2026-10-02T23:30:00+00:00,2026-10-03T02:30:00+03:00,20.3769,0.0,0.0,100.0,0.0,,,,2026-10-02T23:56:03Z,2026-10-02T23:56:03Z,0
14926,45633,NARO NaFIRRI,1.2369277861017918,34.56704375600076,1790983800000,2026-10-02T23:30:00+00:00,2026-10-03T02:30:00+03:00,-39.9176,0.0,0.0,0.09765774,0.0,0.0,,temp_sensor_suspect,2026-10-02T23:56:03Z,2026-10-02T23:56:03Z,0
19913,512648,Rubanda Kachwekano,-1.2492907374261277,29.94650239241936,1790983800000,2026-10-02T23:30:00+00:00,2026-10-03T02:30:00+03:00,16.141,0.0,0.0,96.31494,5.270466,6.338597,,,2026-10-02T23:56:03Z,2026-10-02T23:56:03Z,0
22531,514574,Ntungamo NtungamoTC,-0.8743084927533056,30.25887027699915,1790983800000,2026-10-02T23:30:00+00:00,2026-10-03T02:30:00+03:00,17.15,0.0,0.0,100.0,0.0,,,,2026-10-02T23:56:03Z,2026-10-02T23:56:03Z,0
22745,860739,Tororo TororoMC,0.7363404161562512,34.16750975530811,1790983800000,2026-10-02T23:30:00+00:00,2026-10-03T02:30:00+03:00,20.05,0.0,0.0,100.0,0.280766,,,,2026-10-02T23:56:03Z,2026-10-02T23:56:03Z,0
26314,511026,Buhweju BuhwejuTC,-0.36217852027400727,30.438745738821645,1790983800000,2026-10-02T23:30:00+00:00,2026-10-03T02:30:00+03:00,16.63538,0.0,14.374,100.0,0.0,,,,2026-10-02T23:56:03Z,2026-10-02T23:56:03Z,0
26371,514572,EntebbeCity NMTS,0.002068145970468316,32.47029039760271,1790983800000,2026-10-02T23:30:00+00:00,2026-10-03T02:30:00+03:00,21.26,0.0,0.0,89.18,2.716106,3.512627,,,2026-10-02T23:56:03Z,2026-10-02T23:56:03Z,0
26934,863098,Kampala LubigiNWSC,0.3440953682915257,32.54509647954191,1790983800000,2026-10-02T23:30:00+00:00,2026-10-03T02:30:00+03:00,19.63684,0.0,5.951019,100.0,1.190204,2.294957,,,2026-10-02T23:56:03Z,2026-10-02T23:56:03Z,0
27204,515136,Kirihura MburoNP,-0.32644602379535037,30.558912625750658,1790983800000,2026-10-02T23:30:00+00:00,2026-10-03T02:30:00+03:00,25.93,0.0,0.0,74.64,0.0,0.1800565,,,2026-10-02T23:56:03Z,2026-10-02T23:56:03Z,0
28247,853287,KaberamaidoTC,1.3267002801667445,33.24551213582627,1790983800000,2026-10-02T23:30:00+00:00,2026-10-03T02:30:00+03:00,21.09254,0.0,0.0,84.19166,4.132143,5.316243,,,2026-10-02T23:56:03Z,2026-10-02T23:56:03Z,0
28465,518272,Nabilatuk NabilatukDLG,2.0853119097380035,34.60581875063605,1790983800000,2026-10-02T23:30:00+00:00,2026-10-03T02:30:00+03:00,22.9,0.0,0.0,48.69,11.91897,14.03662,,,2026-10-02T23:56:03Z,2026-10-02T23:56:03Z,0
29180,517853,Moroto RupaSC,2.582841223352566,34.66924742947938,1790983800000,2026-10-02T23:30:00+00:00,2026-10-03T02:30:00+03:00,22.5,0.0,0.0,44.08,2.426184,5.432212,,,2026-10-02T23:56:03Z,2026-10-02T23:56:03Z,0
29306,514576,Butaleja ButalejaTC,0.6919682458015968,34.09885656329347,1790983800000,2026-10-02T23:30:00+00:00,2026-10-03T02:30:00+03:00,20.01,0.0,0.0,100.0,0.6221103,,,,2026-10-02T23:56:03Z,2026-10-02T23:56:03Z,0
29347,862041,Kabale KabaleMC,-1.2542908115437144,29.987880749577656,1790983800000,2026-10-02T23:30:00+00:00,2026-10-03T02:30:00+03:00,16.04,0.0,0.0,86.93,0.7869078,,,,2026-10-02T23:56:03Z,2026-10-02T23:56:03Z,0
29497,514558,Bulisa ButiabaHydro,2.1126939171888264,31.436768666464783,1790983800000,2026-10-02T23:30:00+00:00,2026-10-03T02:30:00+03:00,24.75,0.0,0.0,78.38,2.916914,,,,2026-10-02T23:56:03Z,2026-10-02T23:56:03Z,0
29529,514573,Bundibugyo BundibugyoTC,0.8026268481642997,30.27578425237216,1790983800000,2026-10-02T23:30:00+00:00,2026-10-03T02:30:00+03:00,22.38,0.0,0.0,81.04,4.408331,,,,2026-10-02T23:56:03Z,2026-10-02T23:56:03Z,0
29593,514561,Pallisa KasodoSC,1.2320044388064466,33.6019957700963,1790983800000,2026-10-02T23:30:00+00:00,2026-10-03T02:30:00+03:00,20.28,0.0,0.0,999.0,0.5685512,,,rh_sensor_suspect,2026-10-02T23:56:03Z,2026-10-02T23:56:03Z,0
29756,862010,Nakasongola KalungiSC,1.2852342933913012,32.662599686414936,1790983800000,2026-10-02T23:30:00+00:00,2026-10-03T02:30:00+03:00,19.68719,0.0,0.0,93.6904,0.0,0.0,,,2026-10-02T23:56:03Z,2026-10-02T23:56:03Z,0
29787,862013,Kamuli Namasagali,1.0190806821802028,32.949594981070824,1790983800000,2026-10-02T23:30:00+00:00,2026-10-03T02:30:00+03:00,19.85,0.0,0.0,100.0,3.344778,7.608149,,,2026-10-02T23:56:03Z,2026-10-02T23:56:03Z,0
30033,45670,Apac ApacTC,1.9892647841094635,32.531624149345156,1790983800000,2026-10-02T23:30:00+00:00,2026-10-03T02:30:00+03:00,21.37,0.0,0.0,100.0,0.0,0.0,,,2026-10-02T23:56:03Z,2026-10-02T23:56:03Z,0
30220,45708,Dokolo DokoloTC,1.914993229491238,33.176049575854904,1790983800000,2026-10-02T23:30:00+00:00,2026-10-03T02:30:00+03:00,20.02441,0.0,0.0,92.57954,0.5273518,0.6015106,,,2026-10-02T23:56:03Z,2026-10-02T23:56:03Z,0
30283,514568,Kampala KyambogoUnv2,0.3228582483254613,32.59455916940114,1790983800000,2026-10-02T23:30:00+00:00,2026-10-03T02:30:00+03:00,20.46,0.0,0.0,94.75,0.6468299,0.6591898,,,2026-10-02T23:56:03Z,2026-10-02T23:56:03Z,0
30347,860738,Bulambuli BuginyanyaNARO,1.2292008829492236,34.512188495373756,1790983800000,2026-10-02T23:30:00+00:00,2026-10-03T02:30:00+03:00,14.75,0.0,22.12558,98.51,0.1071183,,,,2026-10-02T23:56:03Z,2026-10-02T23:56:03Z,0
30476,518276,Moroto Airfield,2.499539862843011,34.60336771655714,1790983800000,2026-10-02T23:30:00+00:00,2026-10-03T02:30:00+03:00,20.54,0.0,0.0,50.65,6.45594,,,,2026-10-02T23:56:03Z,2026-10-02T23:56:03Z,0
31267,518847,Bukedea Kachumbala SC,1.2266404886375875,34.11571805530725,1790983800000,2026-10-02T23:30:00+00:00,2026-10-03T02:30:00+03:00,20.93,0.0,0.0,86.31,3.796444,5.383383,,,2026-10-03T22:17:16Z,2026-10-03T22:32:15Z,1
33816,512617,Buyende Kidera1,1.1427018347181084,33.27926712214954,1790983800000,2026-10-02T23:30:00+00:00,2026-10-03T02:30:00+03:00,21.68154,0.0,0.0,91.36034,0.0,0.0,,,2026-10-02T23:56:03Z,2026-10-02T23:56:03Z,0
19036,511025,Kumi Mukongoro,1.3213023670796662,33.886075111016034,1790984700000,2026-10-02T23:45:00+00:00,2026-10-03T02:45:00+03:00,22.19,0.0,16.02197,100.0,0.5371176,0.5645838,,,2026-10-02T23:56:03Z,2026-10-02T23:56:03Z,0
22494,511046,Bukedea BukedeaTC,1.344383477320109,34.65405915348999,1790984700000,2026-10-02T23:45:00+00:00,2026-10-03T02:45:00+03:00,20.98,0.0,0.0,99.29,0.0,0.0,,,2026-10-02T23:56:03Z,2026-10-02T23:56:03Z,0
26350,516055,Bushenyi PIBID2,-0.34476582916148607,30.12697463332902,1790984700000,2026-10-02T23:45:00+00:00,2026-10-03T02:45:00+03:00,11.17,0.0,0.0,100.0,2.85954,4.626535,,,2026-10-02T23:56:03Z,2026-10-02T23:56:03Z,0
27429,853290,Tororo MoroTC,1.347804683283513,33.56157669447344,1790984700000,2026-10-02T23:45:00+00:00,2026-10-03T02:45:00+03:00,20.5,0.0,0.0,100.0,3.701839,4.916457,,,2026-10-02T23:56:03Z,2026-10-02T23:56:03Z,0
27630,514559,Gulu Airfield2,2.3315839569642756,32.403314261884674,1790984700000,2026-10-02T23:45:00+00:00,2026-10-03T02:45:00+03:00,20.44,0.0,0.0,94.21,0.5249103,,,,2026-10-02T23:56:03Z,2026-10-02T23:56:03Z,0
28282,49381,Amolatar NamasaleHCIII2,1.890942556037648,33.03500809176537,1790984700000,2026-10-02T23:45:00+00:00,2026-10-03T02:45:00+03:00,21.57,0.0,0.0,100.0,6.128023,7.125963,,,2026-10-02T23:56:03Z,2026-10-02T23:56:03Z,0
28935,518278,Kaabong SidokHCIII,3.3616463406052675,34.12346082801267,1790984700000,2026-10-02T23:45:00+00:00,2026-10-03T02:45:00+03:00,23.19,0.0,0.0,45.98,8.099488,,,,2026-10-02T23:56:03Z,2026-10-02T23:56:03Z,0
29036,514566,Nabilatuk Nabuin ZARDI,1.716485049322414,34.51313788762028,1790984700000,2026-10-02T23:45:00+00:00,2026-10-03T02:45:00+03:00,23.93,0.0,0.0,42.12,8.33051,,,,2026-10-02T23:56:03Z,2026-10-02T23:56:03Z,0
29407,860737,Soroti Airfield,1.7125019696651427,33.60989885031907,1790984700000,2026-10-02T23:45:00+00:00,2026-10-03T02:45:00+03:00,20.14,0.0,0.0,100.0,0.5685512,,,,2026-10-02T23:56:03Z,2026-10-02T23:56:03Z,0
29561,514560,Kikuube Hoima Airport,1.4920191900781956,31.31796244549898,1790984700000,2026-10-02T23:45:00+00:00,2026-10-03T02:45:00+03:00,20.92,0.0,10.58976,92.94,10.69947,,,,2026-10-02T23:56:03Z,2026-10-02T23:56:03Z,0
30143,860494,Lira NARONgetta,2.1557054334938868,32.88785061975556,1790984700000,2026-10-02T23:45:00+00:00,2026-10-03T02:45:00+03:00,20.1,0.0,0.0,100.0,0.5726711,,,,2026-10-02T23:56:03Z,2026-10-02T23:56:03Z,0
30316,860746,Mayuge IkulweNARO,0.4388712184461232,33.476196856980515,1790984700000,2026-10-02T23:45:00+00:00,2026-10-03T02:45:00+03:00,0.0,0.0,21.91195,0.0,0.6509499,,,temp_rh_dead,2026-10-02T23:56:03Z,2026-10-02T23:56:03Z,1
30518,45678,Kwania AdukuTC,2.0141834426175826,32.722869192593286,1790984700000,2026-10-02T23:45:00+00:00,2026-10-03T02:45:00+03:00,20.66,0.0,0.0,100.0,0.0,0.0,,,2026-10-02T23:56:03Z,2026-10-02T23:56:03Z,0
30757,860735,Arua Airfield,3.022727728757243,30.902049741391995,1790984700000,2026-10-02T23:45:00+00:00,2026-10-03T02:45:00+03:00,20.52,0.0,0.0,100.0,8.957046,9.92752,,,2026-10-02T23:56:03Z,2026-10-02T23:56:03Z,0
32414,518863,Sironko Bugusege NARO,1.3301129163684409,33.67749128727189,1790985600000,2026-10-03T00:00:00+00:00,2026-10-03T03:00:00+03:00,19.32,0.0,97.96292,77.5,6.009003,,,,2026-10-03T13:55:03Z,2026-10-03T13:55:03Z,0
32414,518863,Sironko Bugusege NARO,1.3301129163684409,33.67749128727189,1790986500000,2026-10-03T00:15:00+00:00,2026-10-03T03:15:00+03:00,19.65,0.0,97.96292,76.69,4.113832,,,,2026-10-03T14:02:17Z,2026-10-03T14:17:17Z,1
32414,518863,Sironko Bugusege NARO,1.3301129163684409,33.67749128727189,1790987400000,2026-10-03T00:30:00+00:00,2026-10-03T03:30:00+03:00,19.65,0.0,97.99344,76.69,4.113832,,,,2026-10-03T14:32:15Z,2026-10-03T14:32:15Z,0
32414,518863,Sironko Bugusege NARO,1.3301129163684409,33.67749128727189,1790988300000,2026-10-03T00:45:00+00:00,2026-10-03T03:45:00+03:00,20.08,0.0,97.96292,73.78,2.813764,,,,2026-10-03T14:47:15Z,2026-10-03T14:47:15Z,0
31267,518847,Bukedea Kachumbala SC,1.2266404886375875,34.11571805530725,1790991000000,2026-10-03T01:30:00+00:00,2026-10-03T04:30:00+03:00,20.36,0.0,0.0,84.79,0.0,0.451667,,,2026-10-03T22:47:15Z,2026-10-03T22:47:15Z,0
32414,518863,Sironko Bugusege NARO,1.3301129163684409,33.67749128727189,1790991000000,2026-10-03T01:30:00+00:00,2026-10-03T04:30:00+03:00,20.99,0.0,97.87137,67.48,1.300069,,,,2026-10-03T15:02:15Z,2026-10-03T15:32:14Z,2
31267,518847,Bukedea Kachumbala SC,1.2266404886375875,34.11571805530725,1790991600000,2026-10-03T01:40:00+00:00,2026-10-03T04:40:00+03:00,20.6,0.0,0.0,83.28,3.015182,3.457694,,,2026-10-03T23:02:15Z,2026-10-03T23:02:15Z,0
32414,518863,Sironko Bugusege NARO,1.3301129163684409,33.67749128727189,1790991900000,2026-10-03T01:45:00+00:00,2026-10-03T04:45:00+03:00,20.99,0.0,97.90189,67.48,1.300069,,,,2026-10-03T15:47:15Z,2026-10-03T15:47:15Z,0
31267,518847,Bukedea Kachumbala SC,1.2266404886375875,34.11571805530725,1790992200000,2026-10-03T01:50:00+00:00,2026-10-03T04:50:00+03:00,20.4,0.0,0.0,84.93,2.725261,3.167773,,,2026-10-03T23:17:14Z,2026-10-03T23:17:14Z,0
25494,45719,Wakiso KawandaNARO,0.5757356735589316,32.2094519796799,1790992800000,2026-10-03T02:00:00+00:00,2026-10-03T05:00:00+03:00,18.62822,0.0,0.0,98.87083,0.0,,,,2026-10-03T10:32:15Z,2026-10-03T10:32:15Z,0
31267,518847,Bukedea Kachumbala SC,1.2266404886375875,34.11571805530725,1790992800000,2026-10-03T02:00:00+00:00,2026-10-03T05:00:00+03:00,20.4,0.0,0.0,82.62,0.7202259,1.968414,,,2026-10-03T23:32:14Z,2026-10-03T23:47:15Z,0
31267,518847,Bukedea Kachumbala SC,1.2266404886375875,34.11571805530725,1790993400000,2026-10-03T02:10:00+00:00,2026-10-03T05:10:00+03:00,20.4,0.0,0.0,82.62,0.0,0.4669261,,,2026-10-04T00:02:14Z,2026-10-04T00:02:14Z,0
28210,514564,Kiryandongo KiryandongoSF,-1.338837687838001,30.43596025320078,1790997000000,2026-10-03T03:10:00+00:00,2026-10-03T06:10:00+03:00,20.13,0.0,0.0,88.35,6.323339,6.71397,,,2026-10-03T11:17:15Z,2026-10-03T11:32:16Z,0
18831,511028,Kibuku KadamaTC,1.230158490836445,33.75766971001673,1790997300000,2026-10-03T03:15:00+00:00,2026-10-03T06:15:00+03:00,19.85,0.0,,100.0,,2.801556,solar_wm2;wind_kmh,,2026-10-03T13:55:03Z,2026-10-03T13:55:03Z,0
18831,511028,Kibuku KadamaTC,1.230158490836445,33.75766971001673,1790998200000,2026-10-03T03:30:00+00:00,2026-10-03T06:30:00+03:00,19.85,0.0,0.0,100.0,1.626612,2.801556,,,2026-10-03T14:02:17Z,2026-10-03T14:02:17Z,0
28650,518275,Nakapiripirit NabulengerHCII,1.8399992209235494,34.569297846559095,1790998200000,2026-10-03T03:30:00+00:00,2026-10-03T06:30:00+03:00,18.06,0.0,0.0,74.02,6.670176,13.9501,,,2026-10-03T11:32:16Z,2026-10-03T11:32:16Z,0
29892,516056,Budaka BudakaTC2,0.11576196513474404,33.453613566274235,1791000900000,2026-10-03T04:15:00+00:00,2026-10-03T07:15:00+03:00,20.03,0.0,36.10285,100.0,2.340734,,,,2026-10-03T10:32:15Z,2026-10-03T11:02:15Z,0
18831,511028,Kibuku KadamaTC,1.230158490836445,33.75766971001673,1791002700000,2026-10-03T04:45:00+00:00,2026-10-03T07:45:00+03:00,20.53,0.0,201.1139,100.0,3.491264,4.806592,,,2026-10-03T14:17:17Z,2026-10-03T14:17:17Z,0
29432,514563,Kikuube Hoima Sugar,1.250555426321004,31.194469848676302,1791003600000,2026-10-03T05:00:00+00:00,2026-10-03T08:00:00+03:00,18.35,0.0,11.87152,98.41,0.0,0.4730297,,,2026-10-03T06:26:06Z,2026-10-03T10:17:15Z,0
31809,518861,Bulambuli Bulegeni NARO,1.2990504672186247,34.322697246680406,1791004500000,2026-10-03T05:15:00+00:00,2026-10-03T08:15:00+03:00,,,6.500343,,,,t_air_c;rain_mm;rh_pct;wind_kmh;wind_max_kmh,,2026-10-03T10:32:15Z,2026-10-03T10:32:15Z,0
32414,518863,Sironko Bugusege NARO,1.3301129163684409,33.67749128727189,1791004500000,2026-10-03T05:15:00+00:00,2026-10-03T08:15:00+03:00,22.95,0.0,96.92531,66.35,3.970397,,,,2026-10-03T14:02:22Z,2026-10-03T17:47:15Z,0
18831,511028,Kibuku KadamaTC,1.230158490836445,33.75766971001673,1791005400000,2026-10-03T05:30:00+00:00,2026-10-03T08:30:00+03:00,22.71,0.0,401.0071,99.77,4.406806,7.235828,,,2026-10-03T14:32:15Z,2026-10-03T14:32:15Z,0
30518,45678,Kwania AdukuTC,2.0141834426175826,32.722869192593286,1791006300000,2026-10-03T05:45:00+00:00,2026-10-03T08:45:00+03:00,25.03,0.0,306.5843,99.99,0.0,0.0,,,2026-10-03T06:26:06Z,2026-10-03T07:56:04Z,0
12322,853288,Mukono MpomaNARO,0.4283966588777295,32.76213604190826,1791007200000,2026-10-03T06:00:00+00:00,2026-10-03T09:00:00+03:00,24.88289,0.0,240.6043,84.25727,3.596704,,,,2026-10-03T06:26:06Z,2026-10-03T10:02:15Z,0
19036,511025,Kumi Mukongoro,1.3213023670796662,33.886075111016034,1791007200000,2026-10-03T06:00:00+00:00,2026-10-03T09:00:00+03:00,25.22,0.0,17.09011,100.0,0.5157549,0.5645838,,,2026-10-03T06:26:06Z,2026-10-03T06:26:06Z,0
19216,511040,Ngora Kobwin,1.3996404514823648,33.746259878723855,1791007200000,2026-10-03T06:00:00+00:00,2026-10-03T09:00:00+03:00,24.88,0.0,377.6303,97.72,0.5828946,0.6134127,,,2026-10-03T06:26:06Z,2026-10-03T06:26:06Z,0
19560,511036,Rukungiri RukungiriTC,-0.7824612451972481,29.919168920717752,1791007200000,2026-10-03T06:00:00+00:00,2026-10-03T09:00:00+03:00,19.84,0.0,195.5596,98.66,6.591897,,,,2026-10-03T06:26:06Z,2026-10-03T06:26:06Z,0
19689,511063,Isingiro Mbaale SC,-0.8229276501909935,30.80641202589177,1791007200000,2026-10-03T06:00:00+00:00,2026-10-03T09:00:00+03:00,21.79,0.0,151.5221,89.36,6.079195,7.675288,,,2026-10-03T06:26:06Z,2026-10-03T06:26:06Z,0
19913,512648,Rubanda Kachwekano,-1.2492907374261277,29.94650239241936,1791007200000,2026-10-03T06:00:00+00:00,2026-10-03T09:00:00+03:00,17.17556,0.0,276.2798,100.0,4.449531,5.786221,,,2026-10-03T06:26:06Z,2026-10-03T06:26:06Z,0
22531,514574,Ntungamo NtungamoTC,-0.8743084927533056,30.25887027699915,1791007200000,2026-10-03T06:00:00+00:00,2026-10-03T09:00:00+03:00,21.53,0.0,189.0593,83.52,1.058976,,,,2026-10-03T06:26:06Z,2026-10-03T06:26:06Z,0
23068,44186,Hoima Bulindi,1.4649547824354439,31.438459956597924,1791007200000,2026-10-03T06:00:00+00:00,2026-10-03T09:00:00+03:00,22.63676,0.0,193.2402,99.56512,0.7003891,,,,2026-10-03T06:26:06Z,2026-10-03T06:26:06Z,0
26314,511026,Buhweju BuhwejuTC,-0.36217852027400727,30.438745738821645,1791007200000,2026-10-03T06:00:00+00:00,2026-10-03T09:00:00+03:00,17.673,0.0,15.77783,100.0,0.0,,,,2026-10-03T06:26:06Z,2026-10-03T06:26:06Z,0
26350,516055,Bushenyi PIBID2,-0.34476582916148607,30.12697463332902,1791007200000,2026-10-03T06:00:00+00:00,2026-10-03T09:00:00+03:00,15.64,0.0,511.5435,99.92,5.825894,7.318227,,,2026-10-03T06:26:06Z,2026-10-03T06:26:06Z,0
29306,514576,Butaleja ButalejaTC,0.6919682458015968,34.09885656329347,1791007200000,2026-10-03T06:00:00+00:00,2026-10-03T09:00:00+03:00,24.64,0.0,505.4704,95.53,0.6839094,,,,2026-10-03T06:26:06Z,2026-10-03T06:26:06Z,0
29497,514558,Bulisa ButiabaHydro,2.1126939171888264,31.436768666464783,1791007200000,2026-10-03T06:00:00+00:00,2026-10-03T09:00:00+03:00,27.24,0.0,244.9683,71.69,6.826734,,,,2026-10-03T06:26:06Z,2026-10-03T06:26:06Z,0
29593,514561,Pallisa KasodoSC,1.2320044388064466,33.6019957700963,1791007200000,2026-10-03T06:00:00+00:00,2026-10-03T09:00:00+03:00,24.92,0.0,499.794,100.0,4.943923,,,,2026-10-03T06:26:06Z,2026-10-03T06:26:06Z,0
29787,862013,Kamuli Namasagali,1.0190806821802028,32.949594981070824,1791007200000,2026-10-03T06:00:00+00:00,2026-10-03T09:00:00+03:00,24.09,0.0,112.459,100.0,3.332571,5.014114,,,2026-10-03T06:26:06Z,2026-10-03T06:26:06Z,0
30411,45716,Lwengo KamenyamigoNARO,-0.28429808513865706,31.664636340132986,1791007200000,2026-10-03T06:00:00+00:00,2026-10-03T09:00:00+03:00,22.17,0.0,327.306,83.03,0.5279621,0.5584802,,,2026-10-03T06:26:06Z,2026-10-03T06:26:06Z,0
30476,518276,Moroto Airfield,2.499539862843011,34.60336771655714,1791007200000,2026-10-03T06:00:00+00:00,2026-10-03T09:00:00+03:00,27.67,0.0,579.2935,34.12,7.477684,,,,2026-10-03T06:26:06Z,2026-10-03T06:26:06Z,0
33112,45718,Kaliro KaliroTC3,0.3200660892230024,30.52341859895648,1791007200000,2026-10-03T06:00:00+00:00,2026-10-03T09:00:00+03:00,0.0,0.0,0.0,0.0,0.8880751,0.8941787,,temp_rh_dead,2026-10-03T06:26:06Z,2026-10-03T06:26:06Z,1
33816,512617,Buyende Kidera1,1.1427018347181084,33.27926712214954,1791007200000,2026-10-03T06:00:00+00:00,2026-10-03T09:00:00+03:00,26.40879,0.0,475.5322,78.51987,0.0,0.0,,,2026-10-03T06:26:06Z,2026-10-03T06:26:06Z,0
30820,518844,Kanungu MatandaHCIII,-0.6465365596528061,29.742748867338342,1791007800000,2026-10-03T06:10:00+00:00,2026-10-03T09:10:00+03:00,23.93,0.0,0.0,77.39,4.345769,5.181964,,,2026-10-03T06:26:06Z,2026-10-03T06:26:06Z,0
14926,45633,NARO NaFIRRI,1.2369277861017918,34.56704375600076,1791008100000,2026-10-03T06:15:00+00:00,2026-10-03T09:15:00+03:00,-39.88098,0.0,520.4852,0.1083391,3.079271,5.841154,,temp_sensor_suspect,2026-10-03T06:26:06Z,2026-10-03T06:26:06Z,0
19216,511040,Ngora Kobwin,1.3996404514823648,33.746259878723855,1791008100000,2026-10-03T06:15:00+00:00,2026-10-03T09:15:00+03:00,25.49,0.0,376.1654,93.5,0.5981537,0.6225681,,,2026-10-03T06:56:05Z,2026-10-03T09:47:15Z,0
19410,511043,Rubanda KarengyereNARO,-1.500172417819356,29.80055712733001,1791008100000,2026-10-03T06:15:00+00:00,2026-10-03T09:15:00+03:00,18.24,0.0,531.9905,71.3,16.70222,,,,2026-10-03T06:26:06Z,2026-10-03T06:26:06Z,0
19644,511034,Ntungamo RukoneEast,-0.9026492749586166,30.53713188060457,1791008100000,2026-10-03T06:15:00+00:00,2026-10-03T09:15:00+03:00,21.89,0.0,489.5399,94.77,8.454108,,,,2026-10-03T06:26:06Z,2026-10-03T06:26:06Z,0
21602,44434,Mbarara NARO,-0.33912497379417256,30.53875374336554,1791008100000,2026-10-03T06:15:00+00:00,2026-10-03T09:15:00+03:00,23.72,0.0,425.5741,91.86,0.0,0.0,,,2026-10-03T06:26:06Z,2026-10-03T06:26:06Z,0
22494,511046,Bukedea BukedeaTC,1.344383477320109,34.65405915348999,1791008100000,2026-10-03T06:15:00+00:00,2026-10-03T09:15:00+03:00,27.52,0.0,611.0933,76.21,0.0,0.0,,,2026-10-03T06:26:06Z,2026-10-03T06:26:06Z,0
22745,860739,Tororo TororoMC,0.7363404161562512,34.16750975530811,1791008100000,2026-10-03T06:15:00+00:00,2026-10-03T09:15:00+03:00,25.06,0.0,569.8634,75.96,2.124056,,,,2026-10-03T06:26:06Z,2026-10-03T06:26:06Z,0
24597,511024,Kanungu KirimaSC,-0.8665190597972187,29.750001331073445,1791008100000,2026-10-03T06:15:00+00:00,2026-10-03T09:15:00+03:00,21.28,0.0,268.4367,100.0,4.132143,5.423057,,,2026-10-03T06:26:06Z,2026-10-03T06:26:06Z,0
25858,860733,Masindi MasindiMC,1.6873183106449883,31.720847713796427,1791008100000,2026-10-03T06:15:00+00:00,2026-10-03T09:15:00+03:00,24.87,0.0,497.8713,100.0,2.316319,,,,2026-10-03T06:26:06Z,2026-10-03T06:26:06Z,0
26314,511026,Buhweju BuhwejuTC,-0.36217852027400727,30.438745738821645,1791008100000,2026-10-03T06:15:00+00:00,2026-10-03T09:15:00+03:00,18.39475,0.0,17.02907,100.0,0.0,,,,2026-10-03T06:56:05Z,2026-10-03T07:56:04Z,0
26371,514572,EntebbeCity NMTS,0.002068145970468316,32.47029039760271,1791008100000,2026-10-03T06:15:00+00:00,2026-10-03T09:15:00+03:00,23.14,0.0,0.0,80.68,4.919509,6.9337,,,2026-10-03T06:26:06Z,2026-10-03T06:26:06Z,0
26934,863098,Kampala LubigiNWSC,0.3440953682915257,32.54509647954191,1791008100000,2026-10-03T06:15:00+00:00,2026-10-03T09:15:00+03:00,24.90883,0.0,6.439307,79.82909,4.373236,7.968261,,,2026-10-03T06:26:06Z,2026-10-03T06:26:06Z,0
27204,515136,Kirihura MburoNP,-0.32644602379535037,30.558912625750658,1791008100000,2026-10-03T06:15:00+00:00,2026-10-03T09:15:00+03:00,25.93,0.0,0.0,74.64,0.0,0.2258335,,,2026-10-03T06:26:06Z,2026-10-03T06:26:06Z,0
27429,853290,Tororo MoroTC,1.347804683283513,33.56157669447344,1791008100000,2026-10-03T06:15:00+00:00,2026-10-03T09:15:00+03:00,25.8,0.0,536.9955,75.53,3.634699,6.301976,,,2026-10-03T06:26:06Z,2026-10-03T06:26:06Z,0
27592,514557,Kampala MakerereUnv3,0.33461539452981,32.571512848339765,1791008100000,2026-10-03T06:15:00+00:00,2026-10-03T09:15:00+03:00,25.15,0.0,511.7571,70.58,2.380407,6.280613,,,2026-10-03T06:26:06Z,2026-10-03T06:26:06Z,0
27630,514559,Gulu Airfield2,2.3315839569642756,32.403314261884674,1791008100000,2026-10-03T06:15:00+00:00,2026-10-03T09:15:00+03:00,25.62,0.0,559.8535,74.97,0.5676357,,,,2026-10-03T06:26:06Z,2026-10-03T06:26:06Z,0
28282,49381,Amolatar NamasaleHCIII2,1.890942556037648,33.03500809176537,1791008100000,2026-10-03T06:15:00+00:00,2026-10-03T09:15:00+03:00,27.21,0.0,468.7877,80.35,6.05478,13.71786,,,2026-10-03T06:26:06Z,2026-10-03T06:26:06Z,0
28465,518272,Nabilatuk NabilatukDLG,2.0853119097380035,34.60581875063605,1791008100000,2026-10-03T06:15:00+00:00,2026-10-03T09:15:00+03:00,29.46,0.0,679.3622,29.93,16.54154,21.40307,,,2026-10-03T06:26:06Z,2026-10-03T06:26:06Z,0
28835,518279,Karenga KidepoAirfield,3.433006937417964,33.45274286601015,1791008100000,2026-10-03T06:15:00+00:00,2026-10-03T09:15:00+03:00,28.66,0.0,594.3083,35.3,5.822843,,,,2026-10-03T06:26:06Z,2026-10-03T06:26:06Z,0
28935,518278,Kaabong SidokHCIII,3.3616463406052675,34.12346082801267,1791008100000,2026-10-03T06:15:00+00:00,2026-10-03T09:15:00+03:00,27.76,0.0,438.3612,34.5,12.28656,,,,2026-10-03T06:26:06Z,2026-10-03T06:26:06Z,0
29036,514566,Nabilatuk Nabuin ZARDI,1.716485049322414,34.51313788762028,1791008100000,2026-10-03T06:15:00+00:00,2026-10-03T09:15:00+03:00,29.11,0.0,0.0,30.35,19.30602,,,,2026-10-03T06:26:06Z,2026-10-03T06:26:06Z,0
29180,517853,Moroto RupaSC,2.582841223352566,34.66924742947938,1791008100000,2026-10-03T06:15:00+00:00,2026-10-03T09:15:00+03:00,27.16,0.0,547.5547,35.24,6.979477,9.317159,,,2026-10-03T06:26:06Z,2026-10-03T06:26:06Z,0
29347,862041,Kabale KabaleMC,-1.2542908115437144,29.987880749577656,1791008100000,2026-10-03T06:15:00+00:00,2026-10-03T09:15:00+03:00,19.42,0.0,413.7941,77.67,0.8899062,,,,2026-10-03T06:26:06Z,2026-10-03T06:26:06Z,0
29366,860740,Kasese Airfield,0.16776145042270435,30.06946870555926,1791008100000,2026-10-03T06:15:00+00:00,2026-10-03T09:15:00+03:00,25.62,0.0,545.4185,74.33,3.073472,,,,2026-10-03T06:26:06Z,2026-10-03T06:26:06Z,0
29407,860737,Soroti Airfield,1.7125019696651427,33.60989885031907,1791008100000,2026-10-03T06:15:00+00:00,2026-10-03T09:15:00+03:00,25.5,0.0,596.8414,100.0,0.5973907,,,,2026-10-03T06:26:06Z,2026-10-03T06:26:06Z,0
29529,514573,Bundibugyo BundibugyoTC,0.8026268481642997,30.27578425237216,1791008100000,2026-10-03T06:15:00+00:00,2026-10-03T09:15:00+03:00,26.11,0.0,5.676356,66.89,5.1252,,,,2026-10-03T06:26:06Z,2026-10-03T06:26:06Z,0
29561,514560,Kikuube Hoima Airport,1.4920191900781956,31.31796244549898,1791008100000,2026-10-03T06:15:00+00:00,2026-10-03T09:15:00+03:00,24.34,0.0,17.18166,86.36,6.270543,,,,2026-10-03T06:26:06Z,2026-10-03T06:26:06Z,0
29756,862010,Nakasongola KalungiSC,1.2852342933913012,32.662599686414936,1791008100000,2026-10-03T06:15:00+00:00,2026-10-03T09:15:00+03:00,28.62746,0.0,398.4131,67.09392,0.0,0.0,,,2026-10-03T06:26:06Z,2026-10-03T06:26:06Z,0
29823,860732,Kotido KotidoTC,3.007038604042491,34.10733499015392,1791008100000,2026-10-03T06:15:00+00:00,2026-10-03T09:15:00+03:00,28.72,0.0,573.8308,47.49,0.0,0.0,,,2026-10-03T06:26:06Z,2026-10-03T06:26:06Z,0
29932,514577,Namutumba NamutumbaTC2,1.9758008082349363,33.56106699819666,1791008100000,2026-10-03T06:15:00+00:00,2026-10-03T09:15:00+03:00,25.65,0.0,634.4091,68.37,0.0,0.5035477,,,2026-10-03T06:26:06Z,2026-10-03T06:26:06Z,0
30001,860741,Mbarara MbararaMC,-0.6104058469568668,30.637128687200217,1791008100000,2026-10-03T06:15:00+00:00,2026-10-03T09:15:00+03:00,22.03,0.0,261.1124,83.08,8.507668,11.38338,,,2026-10-03T06:26:06Z,2026-10-03T06:26:06Z,0
30033,45670,Apac ApacTC,1.9892647841094635,32.531624149345156,1791008100000,2026-10-03T06:15:00+00:00,2026-10-03T09:15:00+03:00,25.33,0.0,0.0,100.0,0.0,0.0,,,2026-10-03T06:26:06Z,2026-10-03T06:26:06Z,0
30143,860494,Lira NARONgetta,2.1557054334938868,32.88785061975556,1791008100000,2026-10-03T06:15:00+00:00,2026-10-03T09:15:00+03:00,25.87,0.0,652.3537,92.08,3.732662,,,,2026-10-03T06:26:06Z,2026-10-03T06:26:06Z,0
30220,45708,Dokolo DokoloTC,1.914993229491238,33.176049575854904,1791008100000,2026-10-03T06:15:00+00:00,2026-10-03T09:15:00+03:00,27.72412,0.0,458.381,62.38499,0.5726711,0.6179904,,,2026-10-03T06:26:06Z,2026-10-03T06:26:06Z,0
30283,514568,Kampala KyambogoUnv2,0.3228582483254613,32.59455916940114,1791008100000,2026-10-03T06:15:00+00:00,2026-10-03T09:15:00+03:00,26.71,0.0,428.2292,68.87,0.6385901,0.64271,,,2026-10-03T06:26:06Z,2026-10-03T06:26:06Z,0
30316,860746,Mayuge IkulweNARO,0.4388712184461232,33.476196856980515,1791008100000,2026-10-03T06:15:00+00:00,2026-10-03T09:15:00+03:00,0.0,0.0,28.50385,0.0,0.6591898,,,temp_rh_dead,2026-10-03T06:26:06Z,2026-10-03T06:26:06Z,1
30347,860738,Bulambuli BuginyanyaNARO,1.2292008829492236,34.512188495373756,1791008100000,2026-10-03T06:15:00+00:00,2026-10-03T09:15:00+03:00,22.66,0.0,48.82887,72.43,0.07003891,,,,2026-10-03T06:26:06Z,2026-10-03T07:56:04Z,0
30411,45716,Lwengo KamenyamigoNARO,-0.28429808513865706,31.664636340132986,1791008100000,2026-10-03T06:15:00+00:00,2026-10-03T09:15:00+03:00,23.11,0.0,391.577,83.72,0.5279621,0.576791,,,2026-10-03T06:56:05Z,2026-10-03T10:02:15Z,0
30600,514575,Buvuma BuvumaCollege,0.20227217732623182,33.298299581212675,1791008100000,2026-10-03T06:15:00+00:00,2026-10-03T09:15:00+03:00,26.01,0.0,602.6398,93.6,8.099794,,,,2026-10-03T06:26:06Z,2026-10-03T06:26:06Z,0
30695,514556,EntebbeCity AirportNMC,-0.34891969990053573,30.46770493505511,1791008100000,2026-10-03T06:15:00+00:00,2026-10-03T09:15:00+03:00,22.08,0.0,280.1556,90.77,7.675288,9.430076,,,2026-10-03T06:26:06Z,2026-10-03T06:26:06Z,0
30757,860735,Arua Airfield,3.022727728757243,30.902049741391995,1791008100000,2026-10-03T06:15:00+00:00,2026-10-03T09:15:00+03:00,23.12,0.0,465.8579,100.0,3.994812,5.084306,,,2026-10-03T06:26:06Z,2026-10-03T06:26:06Z,0
31712,518846,Sironko SironkoTC,1.2330289483318788,34.24436423053502,1791008100000,2026-10-03T06:15:00+00:00,2026-10-03T09:15:00+03:00,26.03,0.0,94.97215,60.51,4.739452,6.567483,,,2026-10-03T10:47:14Z,2026-10-03T10:47:14Z,0
32252,518843,Isingiro KabuyandaTC,-0.9482535956706091,30.623306857245286,1791008100000,2026-10-03T06:15:00+00:00,2026-10-03T09:15:00+03:00,21.77,0.0,0.0,69.69,2.426184,3.024338,,,2026-10-03T06:26:06Z,2026-10-03T06:26:06Z,0
32414,518863,Sironko Bugusege NARO,1.3301129163684409,33.67749128727189,1791008100000,2026-10-03T06:15:00+00:00,2026-10-03T09:15:00+03:00,25.36,0.0,89.72305,59.56,0.7354849,,,,2026-10-03T18:40:23Z,2026-10-03T18:40:23Z,0
29787,862013,Kamuli Namasagali,1.0190806821802028,32.949594981070824,1791008172000,2026-10-03T06:16:12+00:00,2026-10-03T09:16:12+03:00,0.0,0.0,0.0,0.0,0.0,0.0,,all_zero_dead,2026-10-03T06:56:05Z,2026-10-03T07:56:04Z,0
28133,514567,Rukiga RwamuchuchuSC,-1.147093805481443,30.065473322928664,1791008400000,2026-10-03T06:20:00+00:00,2026-10-03T09:20:00+03:00,22.08,0.0,5.035477,64.45,2.743572,4.083314,,,2026-10-03T06:26:06Z,2026-10-03T06:26:06Z,0
28247,853287,KaberamaidoTC,1.3267002801667445,33.24551213582627,1791008400000,2026-10-03T06:20:00+00:00,2026-10-03T09:20:00+03:00,26.91539,0.0,581.6434,73.93149,7.891966,10.52873,,,2026-10-03T06:26:06Z,2026-10-03T06:26:06Z,0
14926,45633,NARO NaFIRRI,1.2369277861017918,34.56704375600076,1791009000000,2026-10-03T06:30:00+00:00,2026-10-03T09:30:00+03:00,-39.87793,0.0,584.2679,0.1068132,3.283741,7.278553,,temp_sensor_suspect,2026-10-03T06:56:05Z,2026-10-03T09:47:15Z,0
19036,511025,Kumi Mukongoro,1.3213023670796662,33.886075111016034,1791009000000,2026-10-03T06:30:00+00:00,2026-10-03T09:30:00+03:00,26.58,0.0,17.88357,98.82,0.5432212,0.5584802,,,2026-10-03T06:56:05Z,2026-10-03T07:56:04Z,0
19410,511043,Rubanda KarengyereNARO,-1.500172417819356,29.80055712733001,1791009000000,2026-10-03T06:30:00+00:00,2026-10-03T09:30:00+03:00,18.7,0.0,526.3752,71.18,16.14191,,,,2026-10-03T06:56:05Z,2026-10-03T07:56:04Z,0
19560,511036,Rukungiri RukungiriTC,-0.7824612451972481,29.919168920717752,1791009000000,2026-10-03T06:30:00+00:00,2026-10-03T09:30:00+03:00,20.18,0.0,259.617,98.02,6.727855,,,,2026-10-03T06:56:05Z,2026-10-03T08:26:04Z,0
19644,511034,Ntungamo RukoneEast,-0.9026492749586166,30.53713188060457,1791009000000,2026-10-03T06:30:00+00:00,2026-10-03T09:30:00+03:00,24.29,0.0,503.7614,82.63,5.528954,,,,2026-10-03T06:56:05Z,2026-10-03T07:56:04Z,0
19689,511063,Isingiro Mbaale SC,-0.8229276501909935,30.80641202589177,1791009000000,2026-10-03T06:30:00+00:00,2026-10-03T09:30:00+03:00,21.5,0.0,106.7826,86.83,8.578623,10.91936,,,2026-10-03T06:56:05Z,2026-10-03T07:56:04Z,0
19913,512648,Rubanda Kachwekano,-1.2492907374261277,29.94650239241936,1791009000000,2026-10-03T06:30:00+00:00,2026-10-03T09:30:00+03:00,21.14443,0.0,427.7714,69.00893,5.984588,8.142214,,,2026-10-03T06:56:05Z,2026-10-03T08:26:04Z,0
20513,512647,Kitgum2 KitgumMC,3.329416943369524,33.176767183806454,1791009000000,2026-10-03T06:30:00+00:00,2026-10-03T09:30:00+03:00,26.95,0.0,613.5958,83.44,3.808652,,,,2026-10-03T06:56:05Z,2026-10-03T07:56:04Z,0
21602,44434,Mbarara NARO,-0.33912497379417256,30.53875374336554,1791009000000,2026-10-03T06:30:00+00:00,2026-10-03T09:30:00+03:00,23.22,0.0,194.3999,95.33,1.342794,6.491188,,,2026-10-03T06:56:05Z,2026-10-03T09:47:15Z,0
22494,511046,Bukedea BukedeaTC,1.344383477320109,34.65405915348999,1791009000000,2026-10-03T06:30:00+00:00,2026-10-03T09:30:00+03:00,27.75,0.0,679.8199,72.13,0.0,0.0,,,2026-10-03T06:56:05Z,2026-10-03T07:56:04Z,0
22531,514574,Ntungamo NtungamoTC,-0.8743084927533056,30.25887027699915,1791009000000,2026-10-03T06:30:00+00:00,2026-10-03T09:30:00+03:00,23.86,0.0,493.2937,72.9,2.737468,,,,2026-10-03T06:56:05Z,2026-10-03T11:02:15Z,0
22745,860739,Tororo TororoMC,0.7363404161562512,34.16750975530811,1791009000000,2026-10-03T06:30:00+00:00,2026-10-03T09:30:00+03:00,25.48,,618.9059,75.84,5.154498,,rain_mm,,2026-10-03T06:56:05Z,2026-10-03T11:32:16Z,1
23068,44186,Hoima Bulindi,1.4649547824354439,31.438459956597924,1791009000000,2026-10-03T06:30:00+00:00,2026-10-03T09:30:00+03:00,23.85443,0.0,248.3253,89.62234,4.601969,,,,2026-10-03T06:56:05Z,2026-10-03T07:56:04Z,0
24597,511024,Kanungu KirimaSC,-0.8665190597972187,29.750001331073445,1791009000000,2026-10-03T06:30:00+00:00,2026-10-03T09:30:00+03:00,21.94,0.0,414.9844,100.0,3.573663,5.850309,,,2026-10-03T06:56:05Z,2026-10-03T07:56:04Z,0
25494,45719,Wakiso KawandaNARO,0.5757356735589316,32.2094519796799,1791009000000,2026-10-03T06:30:00+00:00,2026-10-03T09:30:00+03:00,26.09293,0.0,463.6301,74.36332,0.0,,,,2026-10-03T10:47:14Z,2026-10-03T11:17:15Z,0
25858,860733,Masindi MasindiMC,1.6873183106449883,31.720847713796427,1791009000000,2026-10-03T06:30:00+00:00,2026-10-03T09:30:00+03:00,25.31,0.0,576.2112,100.0,2.584878,,,,2026-10-03T06:56:05Z,2026-10-03T07:56:04Z,0
26350,516055,Bushenyi PIBID2,-0.34476582916148607,30.12697463332902,1791009000000,2026-10-03T06:30:00+00:00,2026-10-03T09:30:00+03:00,17.21,0.0,591.0125,87.67,7.229724,9.729153,,,2026-10-03T06:56:05Z,2026-10-03T07:56:04Z,0
26371,514572,EntebbeCity NMTS,0.002068145970468316,32.47029039760271,1791009000000,2026-10-03T06:30:00+00:00,2026-10-03T09:30:00+03:00,24.25,0.0,0.0,75.72,5.340658,6.564431,,,2026-10-03T06:56:05Z,2026-10-03T07:56:04Z,0
26934,863098,Kampala LubigiNWSC,0.3440953682915257,32.54509647954191,1791009000000,2026-10-03T06:30:00+00:00,2026-10-03T09:30:00+03:00,25.62905,0.0,6.378272,77.95529,3.918517,6.912337,,,2026-10-03T06:56:05Z,2026-10-03T07:56:04Z,0
27204,515136,Kirihura MburoNP,-0.32644602379535037,30.558912625750658,1791009000000,2026-10-03T06:30:00+00:00,2026-10-03T09:30:00+03:00,25.93,0.0,27.7409,74.64,0.0,0.2563516,,,2026-10-03T06:56:05Z,2026-10-03T07:56:04Z,0
27429,853290,Tororo MoroTC,1.347804683283513,33.56157669447344,1791009000000,2026-10-03T06:30:00+00:00,2026-10-03T09:30:00+03:00,26.8,0.0,595.2544,74.65,4.223697,6.301976,,,2026-10-03T06:56:05Z,2026-10-03T11:02:15Z,0
27592,514557,Kampala MakerereUnv3,0.33461539452981,32.571512848339765,1791009000000,2026-10-03T06:30:00+00:00,2026-10-03T09:30:00+03:00,25.68,0.0,534.9203,69.14,3.103685,6.076143,,,2026-10-03T06:56:05Z,2026-10-03T10:17:15Z,0
27630,514559,Gulu Airfield2,2.3315839569642756,32.403314261884674,1791009000000,2026-10-03T06:30:00+00:00,2026-10-03T09:30:00+03:00,26.33,0.0,618.3566,74.38,4.49836,,,,2026-10-03T06:56:05Z,2026-10-03T10:52:55Z,0
28282,49381,Amolatar NamasaleHCIII2,1.890942556037648,33.03500809176537,1791009000000,2026-10-03T06:30:00+00:00,2026-10-03T09:30:00+03:00,27.03,0.0,416.144,80.35,6.05478,13.71786,,,2026-10-03T06:56:05Z,2026-10-03T07:56:04Z,0
28465,518272,Nabilatuk NabilatukDLG,2.0853119097380035,34.60581875063605,1791009000000,2026-10-03T06:30:00+00:00,2026-10-03T09:30:00+03:00,29.88,0.0,732.9214,29.58,15.88647,23.57427,,,2026-10-03T06:56:05Z,2026-10-03T07:56:04Z,0
28835,518279,Karenga KidepoAirfield,3.433006937417964,33.45274286601015,1791009000000,2026-10-03T06:30:00+00:00,2026-10-03T09:30:00+03:00,29.03,0.0,645.2125,35.06,7.05272,,,,2026-10-03T06:56:05Z,2026-10-03T10:17:15Z,0
28935,518278,Kaabong SidokHCIII,3.3616463406052675,34.12346082801267,1791009000000,2026-10-03T06:30:00+00:00,2026-10-03T09:30:00+03:00,27.54,0.0,536.7819,33.91,15.13695,,,,2026-10-03T06:56:05Z,2026-10-03T07:56:04Z,0
29036,514566,Nabilatuk Nabuin ZARDI,1.716485049322414,34.51313788762028,1791009000000,2026-10-03T06:30:00+00:00,2026-10-03T09:30:00+03:00,29.71,0.0,0.0,28.81,19.33898,,,,2026-10-03T06:56:05Z,2026-10-03T07:56:04Z,0
29180,517853,Moroto RupaSC,2.582841223352566,34.66924742947938,1791009000000,2026-10-03T06:30:00+00:00,2026-10-03T09:30:00+03:00,28.83,0.0,648.8746,32.39,5.624475,7.061875,,,2026-10-03T06:56:05Z,2026-10-03T07:56:04Z,0
29306,514576,Butaleja ButalejaTC,0.6919682458015968,34.09885656329347,1791009000000,2026-10-03T06:30:00+00:00,2026-10-03T09:30:00+03:00,25.42,0.0,630.6554,90.76,0.6962692,,,,2026-10-03T06:56:05Z,2026-10-03T07:56:04Z,0
29347,862041,Kabale KabaleMC,-1.2542908115437144,29.987880749577656,1791009000000,2026-10-03T06:30:00+00:00,2026-10-03T09:30:00+03:00,19.84,0.0,521.4618,75.72,1.470817,,,,2026-10-03T06:56:05Z,2026-10-03T07:56:04Z,0
29366,860740,Kasese Airfield,0.16776145042270435,30.06946870555926,1791009000000,2026-10-03T06:30:00+00:00,2026-10-03T09:30:00+03:00,25.14,0.0,485.6946,75.99,5.77203,,,,2026-10-03T06:56:05Z,2026-10-03T07:56:04Z,0
29497,514558,Bulisa ButiabaHydro,2.1126939171888264,31.436768666464783,1791009000000,2026-10-03T06:30:00+00:00,2026-10-03T09:30:00+03:00,28.26,0.0,492.1339,67.28,5.553674,,,,2026-10-03T06:56:05Z,2026-10-03T07:56:04Z,0
29529,514573,Bundibugyo BundibugyoTC,0.8026268481642997,30.27578425237216,1791009000000,2026-10-03T06:30:00+00:00,2026-10-03T09:30:00+03:00,26.14,0.0,5.889982,63.56,5.549553,,,,2026-10-03T06:56:05Z,2026-10-03T09:47:15Z,0
29561,514560,Kikuube Hoima Airport,1.4920191900781956,31.31796244549898,1791009000000,2026-10-03T06:30:00+00:00,2026-10-03T09:30:00+03:00,25.03,0.0,19.40948,80.96,6.962692,,,,2026-10-03T06:56:05Z,2026-10-03T08:26:04Z,0
29593,514561,Pallisa KasodoSC,1.2320044388064466,33.6019957700963,1791009000000,2026-10-03T06:30:00+00:00,2026-10-03T09:30:00+03:00,26.51,0.0,621.4389,100.0,2.59556,,,,2026-10-03T06:56:05Z,2026-10-03T07:56:04Z,0
29756,862010,Nakasongola KalungiSC,1.2852342933913012,32.662599686414936,1791009000000,2026-10-03T06:30:00+00:00,2026-10-03T09:30:00+03:00,29.0135,0.0,469.7947,65.16061,0.6012055,9.057755,,,2026-10-03T06:56:05Z,2026-10-03T11:02:15Z,0
29823,860732,Kotido KotidoTC,3.007038604042491,34.10733499015392,1791009000000,2026-10-03T06:30:00+00:00,2026-10-03T09:30:00+03:00,29.27,0.0,627.7562,46.35,0.0,0.0,,,2026-10-03T06:56:05Z,2026-10-03T06:56:05Z,0
29932,514577,Namutumba NamutumbaTC2,1.9758008082349363,33.56106699819666,1791009000000,2026-10-03T06:30:00+00:00,2026-10-03T09:30:00+03:00,26.15,0.0,686.5339,70.54,0.0,0.4852369,,,2026-10-03T06:56:05Z,2026-10-03T11:02:15Z,0
30001,860741,Mbarara MbararaMC,-0.6104058469568668,30.637128687200217,1791009000000,2026-10-03T06:30:00+00:00,2026-10-03T09:30:00+03:00,21.62,0.0,324.4678,86.13,11.05791,14.31678,,,2026-10-03T06:56:05Z,2026-10-03T10:02:15Z,0
30033,45670,Apac ApacTC,1.9892647841094635,32.531624149345156,1791009000000,2026-10-03T06:30:00+00:00,2026-10-03T09:30:00+03:00,26.67,0.0,0.0,97.53,0.0,0.0,,,2026-10-03T06:56:05Z,2026-10-03T10:17:15Z,0
30143,860494,Lira NARONgetta,2.1557054334938868,32.88785061975556,1791009000000,2026-10-03T06:30:00+00:00,2026-10-03T09:30:00+03:00,26.84,0.0,703.7156,76.88,4.124056,,,,2026-10-03T06:56:05Z,2026-10-03T10:02:15Z,0
30220,45708,Dokolo DokoloTC,1.914993229491238,33.176049575854904,1791009000000,2026-10-03T06:30:00+00:00,2026-10-03T09:30:00+03:00,27.96368,0.0,493.1411,59.78637,0.576791,0.5973907,,,2026-10-03T06:56:05Z,2026-10-03T10:02:15Z,0
30283,514568,Kampala KyambogoUnv2,0.3228582483254613,32.59455916940114,1791009000000,2026-10-03T06:30:00+00:00,2026-10-03T09:30:00+03:00,27.11,0.0,450.9956,66.93,3.19295,8.260471,,,2026-10-03T06:56:05Z,2026-10-03T09:47:15Z,0
30316,860746,Mayuge IkulweNARO,0.4388712184461232,33.476196856980515,1791009000000,2026-10-03T06:30:00+00:00,2026-10-03T09:30:00+03:00,0.0,0.0,28.0766,0.0,0.6468299,,,temp_rh_dead,2026-10-03T06:56:05Z,2026-10-03T08:26:04Z,1
30476,518276,Moroto Airfield,2.499539862843011,34.60336771655714,1791009000000,2026-10-03T06:30:00+00:00,2026-10-03T09:30:00+03:00,29.12,0.0,689.4332,31.55,8.647745,,,,2026-10-03T06:56:05Z,2026-10-03T07:56:04Z,0
30600,514575,Buvuma BuvumaCollege,0.20227217732623182,33.298299581212675,1791009000000,2026-10-03T06:30:00+00:00,2026-10-03T09:30:00+03:00,26.55,0.0,657.4502,88.56,7.770199,,,,2026-10-03T06:56:05Z,2026-10-03T07:56:04Z,0
30695,514556,EntebbeCity AirportNMC,-0.34891969990053573,30.46770493505511,1791009000000,2026-10-03T06:30:00+00:00,2026-10-03T09:30:00+03:00,23.81,0.0,510.2922,84.34,9.32021,11.40764,,,2026-10-03T06:56:05Z,2026-10-03T07:56:04Z,0
30757,860735,Arua Airfield,3.022727728757243,30.902049741391995,1791009000000,2026-10-03T06:30:00+00:00,2026-10-03T09:30:00+03:00,23.95,0.0,558.3887,99.04,5.282673,7.52575,,,2026-10-03T06:56:05Z,2026-10-03T10:32:15Z,0
31495,518862,Kapchorwa SipiTC,1.2267354469379133,34.365906405123326,1791009000000,2026-10-03T06:30:00+00:00,2026-10-03T09:30:00+03:00,22.87,0.0,6.042573,63.52,4.400702,8.197146,,,2026-10-03T10:32:15Z,2026-10-03T10:47:14Z,0
31809,518861,Bulambuli Bulegeni NARO,1.2990504672186247,34.322697246680406,1791009000000,2026-10-03T06:30:00+00:00,2026-10-03T09:30:00+03:00,25.39,0.0,7.232776,52.26,5.682459,8.023193,,,2026-10-03T10:47:14Z,2026-10-03T10:52:55Z,0
32252,518843,Isingiro KabuyandaTC,-0.9482535956706091,30.623306857245286,1791009000000,2026-10-03T06:30:00+00:00,2026-10-03T09:30:00+03:00,23.18,0.0,0.0,63.26,2.868696,4.235905,,,2026-10-03T06:56:05Z,2026-10-03T07:56:04Z,0
33112,45718,Kaliro KaliroTC3,0.3200660892230024,30.52341859895648,1791009000000,2026-10-03T06:30:00+00:00,2026-10-03T09:30:00+03:00,0.0,0.0,0.0,0.0,0.8911269,0.8972305,,temp_rh_dead,2026-10-03T06:56:05Z,2026-10-03T09:47:15Z,1
33816,512617,Buyende Kidera1,1.1427018347181084,33.27926712214954,1791009000000,2026-10-03T06:30:00+00:00,2026-10-03T09:30:00+03:00,27.3167,0.0,578.1033,74.36485,0.0,0.0,,,2026-10-03T06:56:05Z,2026-10-03T10:02:15Z,0
28133,514567,Rukiga RwamuchuchuSC,-1.147093805481443,30.065473322928664,1791009600000,2026-10-03T06:40:00+00:00,2026-10-03T09:40:00+03:00,23.18,0.0,0.0,60.46,3.561456,4.892042,,,2026-10-03T06:56:05Z,2026-10-03T06:56:05Z,0
28247,853287,KaberamaidoTC,1.3267002801667445,33.24551213582627,1791009600000,2026-10-03T06:40:00+00:00,2026-10-03T09:40:00+03:00,28.06744,0.0,654.0932,71.74792,5.795376,8.953994,,,2026-10-03T06:56:05Z,2026-10-03T06:56:05Z,0
30820,518844,Kanungu MatandaHCIII,-0.6465365596528061,29.742748867338342,1791009600000,2026-10-03T06:40:00+00:00,2026-10-03T09:40:00+03:00,24.85,0.0,5.584802,74.29,5.606165,7.193103,,,2026-10-03T06:56:05Z,2026-10-03T08:26:04Z,1
29407,860737,Soroti Airfield,1.7125019696651427,33.60989885031907,1791009900000,2026-10-03T06:45:00+00:00,2026-10-03T09:45:00+03:00,26.13,0.0,690.898,100.0,0.6962692,,,,2026-10-03T06:56:05Z,2026-10-03T06:56:05Z,0
28133,514567,Rukiga RwamuchuchuSC,-1.147093805481443,30.065473322928664,1791010200000,2026-10-03T06:50:00+00:00,2026-10-03T09:50:00+03:00,23.18,0.0,0.0,60.46,3.680476,4.88899,,,2026-10-03T07:26:03Z,2026-10-03T07:56:04Z,0
28247,853287,KaberamaidoTC,1.3267002801667445,33.24551213582627,1791011400000,2026-10-03T07:10:00+00:00,2026-10-03T10:10:00+03:00,28.63203,0.0,741.1307,66.67429,5.249104,7.93164,,,2026-10-03T07:26:03Z,2026-10-03T07:56:04Z,0
29407,860737,Soroti Airfield,1.7125019696651427,33.60989885031907,1791011700000,2026-10-03T07:15:00+00:00,2026-10-03T10:15:00+03:00,26.96,0.0,790.2037,95.52,0.5932708,,,,2026-10-03T07:26:03Z,2026-10-03T07:26:03Z,0
29823,860732,Kotido KotidoTC,3.007038604042491,34.10733499015392,1791011700000,2026-10-03T07:15:00+00:00,2026-10-03T10:15:00+03:00,30.48,0.0,771.7098,44.3,0.0,0.0,,,2026-10-03T07:26:03Z,2026-10-03T10:17:15Z,1
31267,518847,Bukedea Kachumbala SC,1.2266404886375875,34.11571805530725,1791012000000,2026-10-03T07:20:00+00:00,2026-10-03T10:20:00+03:00,28.21,0.0,9.765774,50.61,5.203326,7.434196,,,2026-10-04T05:11:19Z,2026-10-04T05:11:19Z,0
30143,860494,Lira NARONgetta,2.1557054334938868,32.88785061975556,1791012600000,2026-10-03T07:30:00+00:00,2026-10-03T10:30:00+03:00,,0.0,,,8.013275,,t_air_c;solar_wm2;rh_pct,,2026-10-03T10:17:15Z,2026-10-03T10:17:15Z,0
31267,518847,Bukedea Kachumbala SC,1.2266404886375875,34.11571805530725,1791012600000,2026-10-03T07:30:00+00:00,2026-10-03T10:30:00+03:00,27.97,0.0,9.918365,54.4,4.113832,6.4271,,,2026-10-04T05:17:15Z,2026-10-04T05:17:15Z,0
29366,860740,Kasese Airfield,0.16776145042270435,30.06946870555926,1791013500000,2026-10-03T07:45:00+00:00,2026-10-03T10:45:00+03:00,26.34,0.0,853.9559,74.82,7.988555,,,,2026-10-03T08:26:04Z,2026-10-03T10:17:15Z,0
29407,860737,Soroti Airfield,1.7125019696651427,33.60989885031907,1791013500000,2026-10-03T07:45:00+00:00,2026-10-03T10:45:00+03:00,27.8,0.0,880.1099,93.52,0.6015106,,,,2026-10-03T07:56:04Z,2026-10-03T07:56:04Z,0
19644,511034,Ntungamo RukoneEast,-0.9026492749586166,30.53713188060457,1791014400000,2026-10-03T08:00:00+00:00,2026-10-03T11:00:00+03:00,27.84,0.0,880.9338,62.96,14.82353,,,,2026-10-03T08:26:04Z,2026-10-03T10:17:15Z,0
19689,511063,Isingiro Mbaale SC,-0.8229276501909935,30.80641202589177,1791014400000,2026-10-03T08:00:00+00:00,2026-10-03T11:00:00+03:00,25.0,0.0,574.8074,74.4,8.1178,12.97322,,,2026-10-03T08:26:04Z,2026-10-03T08:26:04Z,0
19913,512648,Rubanda Kachwekano,-1.2492907374261277,29.94650239241936,1791014400000,2026-10-03T08:00:00+00:00,2026-10-03T11:00:00+03:00,21.92264,0.0,215.6405,57.04128,10.61112,16.73304,,,2026-10-03T08:30:31Z,2026-10-03T10:02:15Z,0
24597,511024,Kanungu KirimaSC,-0.8665190597972187,29.750001331073445,1791014400000,2026-10-03T08:00:00+00:00,2026-10-03T11:00:00+03:00,24.07,0.0,496.6201,90.92,5.181964,7.275501,,,2026-10-03T08:26:04Z,2026-10-03T10:02:15Z,0
26350,516055,Bushenyi PIBID2,-0.34476582916148607,30.12697463332902,1791014400000,2026-10-03T08:00:00+00:00,2026-10-03T11:00:00+03:00,18.66,0.0,716.289,72.73,10.28763,15.37499,,,2026-10-03T08:26:04Z,2026-10-03T09:47:15Z,0
26371,514572,EntebbeCity NMTS,0.002068145970468316,32.47029039760271,1791014400000,2026-10-03T08:00:00+00:00,2026-10-03T11:00:00+03:00,28.36,0.0,8.911269,67.99,3.802548,5.532922,,,2026-10-03T08:26:04Z,2026-10-03T10:17:15Z,0
26934,863098,Kampala LubigiNWSC,0.3440953682915257,32.54509647954191,1791014400000,2026-10-03T08:00:00+00:00,2026-10-03T11:00:00+03:00,28.22766,0.0,6.256199,60.30213,6.036469,10.73625,,,2026-10-03T08:26:04Z,2026-10-03T10:02:15Z,0
27204,515136,Kirihura MburoNP,-0.32644602379535037,30.558912625750658,1791014400000,2026-10-03T08:00:00+00:00,2026-10-03T11:00:00+03:00,,0.0,37.14046,,0.0,0.3051804,t_air_c;rh_pct,,2026-10-03T08:26:04Z,2026-10-03T09:47:15Z,1
29180,517853,Moroto RupaSC,2.582841223352566,34.66924742947938,1791014400000,2026-10-03T08:00:00+00:00,2026-10-03T11:00:00+03:00,30.93,0.0,890.6691,27.65,14.3679,20.96895,,,2026-10-03T08:26:04Z,2026-10-03T10:17:15Z,0
29347,862041,Kabale KabaleMC,-1.2542908115437144,29.987880749577656,1791014400000,2026-10-03T08:00:00+00:00,2026-10-03T11:00:00+03:00,25.5,0.0,647.3182,42.1,1.90753,,,,2026-10-03T08:26:04Z,2026-10-03T10:02:15Z,0
29407,860737,Soroti Airfield,1.7125019696651427,33.60989885031907,1791014400000,2026-10-03T08:00:00+00:00,2026-10-03T11:00:00+03:00,28.74,0.0,923.8117,84.14,0.8487068,,,,2026-10-03T08:26:04Z,2026-10-03T09:47:15Z,0
29497,514558,Bulisa ButiabaHydro,2.1126939171888264,31.436768666464783,1791014400000,2026-10-03T08:00:00+00:00,2026-10-03T11:00:00+03:00,30.17,0.0,913.5881,66.59,6.081026,,,,2026-10-03T08:26:04Z,2026-10-03T10:17:15Z,0
29787,862013,Kamuli Namasagali,1.0190806821802028,32.949594981070824,1791014400000,2026-10-03T08:00:00+00:00,2026-10-03T11:00:00+03:00,29.17,0.0,840.6806,64.38,4.284733,5.679408,,,2026-10-03T08:26:04Z,2026-10-03T10:02:15Z,0
30518,45678,Kwania AdukuTC,2.0141834426175826,32.722869192593286,1791014400000,2026-10-03T08:00:00+00:00,2026-10-03T11:00:00+03:00,29.8,0.0,718.2117,57.91,0.0,0.0,,,2026-10-03T08:26:04Z,2026-10-03T10:32:15Z,0
31267,518847,Bukedea Kachumbala SC,1.2266404886375875,34.11571805530725,1791014400000,2026-10-03T08:00:00+00:00,2026-10-03T11:00:00+03:00,28.84,0.0,9.36904,50.64,5.255208,9.246967,,,2026-10-04T05:32:16Z,2026-10-04T05:32:16Z,0
32252,518843,Isingiro KabuyandaTC,-0.9482535956706091,30.623306857245286,1791014400000,2026-10-03T08:00:00+00:00,2026-10-03T11:00:00+03:00,28.15,0.0,8.575571,46.08,7.40673,12.72908,,,2026-10-03T08:26:04Z,2026-10-03T08:26:04Z,0
32414,518863,Sironko Bugusege NARO,1.3301129163684409,33.67749128727189,1791014400000,2026-10-03T08:00:00+00:00,2026-10-03T11:00:00+03:00,26.72,0.0,95.09422,57.52,6.506447,,,,2026-10-03T19:25:07Z,2026-10-03T19:25:07Z,0
28247,853287,KaberamaidoTC,1.3267002801667445,33.24551213582627,1791015000000,2026-10-03T08:10:00+00:00,2026-10-03T11:10:00+03:00,30.00381,0.0,910.2617,57.29305,7.754635,12.06683,,,2026-10-03T08:26:04Z,2026-10-03T10:17:15Z,0
31267,518847,Bukedea Kachumbala SC,1.2266404886375875,34.11571805530725,1791015000000,2026-10-03T08:10:00+00:00,2026-10-03T11:10:00+03:00,29.16,0.0,9.521629,48.38,4.504463,8.84718,,,2026-10-04T05:47:15Z,2026-10-04T05:47:15Z,0
19036,511025,Kumi Mukongoro,1.3213023670796662,33.886075111016034,1791015300000,2026-10-03T08:15:00+00:00,2026-10-03T11:15:00+03:00,29.4,0.0,20.56916,73.62,6.219577,10.79118,,,2026-10-03T08:26:04Z,2026-10-03T10:17:15Z,0
19410,511043,Rubanda KarengyereNARO,-1.500172417819356,29.80055712733001,1791015300000,2026-10-03T08:15:00+00:00,2026-10-03T11:15:00+03:00,18.45,0.0,177.5845,72.97,14.08606,,,,2026-10-03T08:26:04Z,2026-10-03T10:02:15Z,0
19560,511036,Rukungiri RukungiriTC,-0.7824612451972481,29.919168920717752,1791015300000,2026-10-03T08:15:00+00:00,2026-10-03T11:15:00+03:00,23.99,0.0,969.5582,83.11,4.956283,,,,2026-10-03T08:30:31Z,2026-10-03T10:02:15Z,0
19689,511063,Isingiro Mbaale SC,-0.8229276501909935,30.80641202589177,1791015300000,2026-10-03T08:15:00+00:00,2026-10-03T11:15:00+03:00,25.2,0.0,590.158,73.32,6.271458,9.35378,,,2026-10-03T08:30:31Z,2026-10-03T10:02:15Z,0
20513,512647,Kitgum2 KitgumMC,3.329416943369524,33.176767183806454,1791015300000,2026-10-03T08:15:00+00:00,2026-10-03T11:15:00+03:00,31.05,0.0,898.5428,51.86,8.694591,,,,2026-10-03T08:26:04Z,2026-10-03T10:02:15Z,0
22494,511046,Bukedea BukedeaTC,1.344383477320109,34.65405915348999,1791015300000,2026-10-03T08:15:00+00:00,2026-10-03T11:15:00+03:00,30.11,0.0,986.2516,55.32,6.695659,13.30587,,,2026-10-03T08:26:04Z,2026-10-03T09:47:15Z,0
23068,44186,Hoima Bulindi,1.4649547824354439,31.438459956597924,1791015300000,2026-10-03T08:15:00+00:00,2026-10-03T11:15:00+03:00,27.98657,0.0,608.1331,72.54139,8.829022,,,,2026-10-03T08:26:04Z,2026-10-03T10:02:15Z,0
25858,860733,Masindi MasindiMC,1.6873183106449883,31.720847713796427,1791015300000,2026-10-03T08:15:00+00:00,2026-10-03T11:15:00+03:00,27.9,0.0,846.7231,87.96,7.129015,,,,2026-10-03T08:26:04Z,2026-10-03T10:17:15Z,0
26314,511026,Buhweju BuhwejuTC,-0.36217852027400727,30.438745738821645,1791015300000,2026-10-03T08:15:00+00:00,2026-10-03T11:15:00+03:00,23.28222,0.0,10.92546,69.28054,4.623484,,,,2026-10-03T08:26:04Z,2026-10-03T09:47:15Z,0
28282,49381,Amolatar NamasaleHCIII2,1.890942556037648,33.03500809176537,1791015300000,2026-10-03T08:15:00+00:00,2026-10-03T11:15:00+03:00,29.77,0.0,885.1759,71.85,9.89395,15.01183,,,2026-10-03T08:26:04Z,2026-10-03T09:47:15Z,0
28465,518272,Nabilatuk NabilatukDLG,2.0853119097380035,34.60581875063605,1791015300000,2026-10-03T08:15:00+00:00,2026-10-03T11:15:00+03:00,33.24,0.0,1041.52,24.31,21.62966,33.94003,,,2026-10-03T08:26:04Z,2026-10-03T09:47:15Z,1
28935,518278,Kaabong SidokHCIII,3.3616463406052675,34.12346082801267,1791015300000,2026-10-03T08:15:00+00:00,2026-10-03T11:15:00+03:00,28.65,0.0,802.6855,33.58,16.46754,,,,2026-10-03T08:26:04Z,2026-10-03T10:02:15Z,0
29036,514566,Nabilatuk Nabuin ZARDI,1.716485049322414,34.51313788762028,1791015300000,2026-10-03T08:15:00+00:00,2026-10-03T11:15:00+03:00,32.24,0.0,5.004959,25.94,23.96155,,,,2026-10-03T08:26:04Z,2026-10-03T10:17:15Z,0
29306,514576,Butaleja ButalejaTC,0.6919682458015968,34.09885656329347,1791015300000,2026-10-03T08:15:00+00:00,2026-10-03T11:15:00+03:00,28.89,0.0,918.4711,68.1,1.046464,,,,2026-10-03T08:26:04Z,2026-10-03T09:47:15Z,0
29561,514560,Kikuube Hoima Airport,1.4920191900781956,31.31796244549898,1791015300000,2026-10-03T08:15:00+00:00,2026-10-03T11:15:00+03:00,26.04,0.0,17.30373,81.67,12.00961,,,,2026-10-03T08:30:31Z,2026-10-03T09:47:15Z,0
29593,514561,Pallisa KasodoSC,1.2320044388064466,33.6019957700963,1791015300000,2026-10-03T08:15:00+00:00,2026-10-03T11:15:00+03:00,29.78,0.0,933.7911,68.66,5.491875,,,,2026-10-03T08:26:04Z,2026-10-03T10:02:15Z,0
30066,49455,Kayunga DistrictAdmin,0.7203001611290255,32.893290564677095,1791015300000,2026-10-03T08:15:00+00:00,2026-10-03T11:15:00+03:00,,0.0,816.8765,55.10796,133.1075,,t_air_c,wind_sensor_suspect,2026-10-03T08:30:31Z,2026-10-03T11:17:15Z,1
30316,860746,Mayuge IkulweNARO,0.4388712184461232,33.476196856980515,1791015300000,2026-10-03T08:15:00+00:00,2026-10-03T11:15:00+03:00,,0.0,30.09079,,12.42573,,t_air_c;rh_pct,,2026-10-03T08:30:31Z,2026-10-03T10:02:15Z,1
30347,860738,Bulambuli BuginyanyaNARO,1.2292008829492236,34.512188495373756,1791015300000,2026-10-03T08:15:00+00:00,2026-10-03T11:15:00+03:00,23.68,0.0,66.34623,74.98,0.09887846,,,,2026-10-03T08:26:04Z,2026-10-03T09:47:15Z,0
30476,518276,Moroto Airfield,2.499539862843011,34.60336771655714,1791015300000,2026-10-03T08:15:00+00:00,2026-10-03T11:15:00+03:00,32.74,0.0,977.8896,24.81,26.04211,,,,2026-10-03T08:26:04Z,2026-10-03T09:47:15Z,1
30600,514575,Buvuma BuvumaCollege,0.20227217732623182,33.298299581212675,1791015300000,2026-10-03T08:15:00+00:00,2026-10-03T11:15:00+03:00,28.9,0.0,938.735,59.44,9.059739,,,,2026-10-03T08:26:04Z,2026-10-03T10:17:15Z,0
30695,514556,EntebbeCity AirportNMC,-0.34891969990053573,30.46770493505511,1791015300000,2026-10-03T08:15:00+00:00,2026-10-03T11:15:00+03:00,27.65,0.0,959.9146,72.72,7.574578,9.445334,,,2026-10-03T08:26:04Z,2026-10-03T09:47:15Z,0
32252,518843,Isingiro KabuyandaTC,-0.9482535956706091,30.623306857245286,1791015300000,2026-10-03T08:15:00+00:00,2026-10-03T11:15:00+03:00,27.9,0.0,9.246967,46.08,7.098497,12.72908,,,2026-10-03T08:30:31Z,2026-10-03T10:02:15Z,0
28133,514567,Rukiga RwamuchuchuSC,-1.147093805481443,30.065473322928664,1791015600000,2026-10-03T08:20:00+00:00,2026-10-03T11:20:00+03:00,24.38,0.0,167.6661,46.23,11.33135,16.7483,,,2026-10-03T08:26:04Z,2026-10-03T10:47:14Z,0
30820,518844,Kanungu MatandaHCIII,-0.6465365596528061,29.742748867338342,1791015600000,2026-10-03T08:20:00+00:00,2026-10-03T11:20:00+03:00,27.7,0.0,9.155414,62.56,5.83505,8.20325,,,2026-10-03T08:30:31Z,2026-10-03T09:47:15Z,0
31267,518847,Bukedea Kachumbala SC,1.2266404886375875,34.11571805530725,1791016200000,2026-10-03T08:30:00+00:00,2026-10-03T11:30:00+03:00,29.48,0.0,9.765774,47.91,6.778058,11.05974,,,2026-10-04T06:02:15Z,2026-10-04T06:17:15Z,1
18831,511028,Kibuku KadamaTC,1.230158490836445,33.75766971001673,1791017100000,2026-10-03T08:45:00+00:00,2026-10-03T11:45:00+03:00,28.56,0.0,893.2021,71.26,4.470893,6.631571,,,2026-10-03T14:47:15Z,2026-10-03T14:47:15Z,0
27630,514559,Gulu Airfield2,2.3315839569642756,32.403314261884674,1791017100000,2026-10-03T08:45:00+00:00,2026-10-03T11:45:00+03:00,29.42,0.0,953.3837,49.76,10.63554,,,,2026-10-03T11:02:15Z,2026-10-03T11:02:15Z,0
18831,511028,Kibuku KadamaTC,1.230158490836445,33.75766971001673,1791019800000,2026-10-03T09:30:00+00:00,2026-10-03T12:30:00+03:00,29.48,0.0,515.0225,67.98,4.562448,8.435187,,,2026-10-03T15:02:15Z,2026-10-03T15:02:15Z,0
14926,45633,NARO NaFIRRI,1.2369277861017918,34.56704375600076,1791020700000,2026-10-03T09:45:00+00:00,2026-10-03T12:45:00+03:00,-39.88403,0.0,901.1673,0.1022355,4.788281,8.078126,,temp_sensor_suspect,2026-10-03T10:02:15Z,2026-10-03T10:17:15Z,0
19216,511040,Ngora Kobwin,1.3996404514823648,33.746259878723855,1791020700000,2026-10-03T09:45:00+00:00,2026-10-03T12:45:00+03:00,32.23,0.0,1041.428,46.18,4.107728,7.217517,,,2026-10-03T10:02:15Z,2026-10-03T10:17:15Z,0
21602,44434,Mbarara NARO,-0.33912497379417256,30.53875374336554,1791020700000,2026-10-03T09:45:00+00:00,2026-10-03T12:45:00+03:00,26.5,0.0,652.2316,69.9,8.160525,14.16342,,,2026-10-03T10:02:15Z,2026-10-03T10:02:15Z,0
22494,511046,Bukedea BukedeaTC,1.344383477320109,34.65405915348999,1791020700000,2026-10-03T09:45:00+00:00,2026-10-03T12:45:00+03:00,32.67,0.0,1004.501,40.95,6.396582,12.43305,,,2026-10-03T10:02:15Z,2026-10-03T10:02:15Z,0
26314,511026,Buhweju BuhwejuTC,-0.36217852027400727,30.438745738821645,1791020700000,2026-10-03T09:45:00+00:00,2026-10-03T12:45:00+03:00,25.12398,0.0,9.765774,56.86427,7.699702,,,,2026-10-03T10:02:15Z,2026-10-03T10:17:15Z,0
26350,516055,Bushenyi PIBID2,-0.34476582916148607,30.12697463332902,1791020700000,2026-10-03T09:45:00+00:00,2026-10-03T12:45:00+03:00,20.73,0.0,1103.594,66.6,11.02617,19.43999,,,2026-10-03T10:02:15Z,2026-10-03T10:17:15Z,0
27204,515136,Kirihura MburoNP,-0.32644602379535037,30.558912625750658,1791020700000,2026-10-03T09:45:00+00:00,2026-10-03T12:45:00+03:00,,0.0,84.47395,,0.6378272,0.6500343,t_air_c;rh_pct,,2026-10-03T10:02:15Z,2026-10-03T10:17:15Z,0
28282,49381,Amolatar NamasaleHCIII2,1.890942556037648,33.03500809176537,1791020700000,2026-10-03T09:45:00+00:00,2026-10-03T12:45:00+03:00,31.71,0.0,975.7839,54.73,12.16754,20.8774,,,2026-10-03T10:02:15Z,2026-10-03T10:02:15Z,0
28465,518272,Nabilatuk NabilatukDLG,2.0853119097380035,34.60581875063605,1791020700000,2026-10-03T09:45:00+00:00,2026-10-03T12:45:00+03:00,33.77,,,22.35,,,rain_mm;solar_wm2;wind_kmh;wind_max_kmh,,2026-10-03T10:02:15Z,2026-10-03T10:02:15Z,0
29306,514576,Butaleja ButalejaTC,0.6919682458015968,34.09885656329347,1791020700000,2026-10-03T09:45:00+00:00,2026-10-03T12:45:00+03:00,30.58,0.0,993.7896,60.09,1.194781,,,,2026-10-03T10:02:15Z,2026-10-03T10:32:15Z,0
29407,860737,Soroti Airfield,1.7125019696651427,33.60989885031907,1791020700000,2026-10-03T09:45:00+00:00,2026-10-03T12:45:00+03:00,30.28,0.0,1047.349,69.86,10.42344,,,,2026-10-03T10:02:15Z,2026-10-03T10:02:15Z,0
29529,514573,Bundibugyo BundibugyoTC,0.8026268481642997,30.27578425237216,1791020700000,2026-10-03T09:45:00+00:00,2026-10-03T12:45:00+03:00,28.93,0.0,7.110704,59.43,4.288854,,,,2026-10-03T10:02:15Z,2026-10-03T10:02:15Z,0
29561,514560,Kikuube Hoima Airport,1.4920191900781956,31.31796244549898,1791020700000,2026-10-03T09:45:00+00:00,2026-10-03T12:45:00+03:00,27.15,0.0,20.11139,76.23,11.96841,,,,2026-10-03T10:02:15Z,2026-10-03T10:17:15Z,0
29593,514561,Pallisa KasodoSC,1.2320044388064466,33.6019957700963,1791020700000,2026-10-03T09:45:00+00:00,2026-10-03T12:45:00+03:00,31.54,0.0,1030.137,61.24,6.212863,,,,2026-10-03T10:17:15Z,2026-10-03T10:17:15Z,0
30283,514568,Kampala KyambogoUnv2,0.3228582483254613,32.59455916940114,1791020700000,2026-10-03T09:45:00+00:00,2026-10-03T12:45:00+03:00,30.31,0.0,879.8352,50.93,5.265278,10.16388,,,2026-10-03T10:02:15Z,2026-10-03T10:02:15Z,0
30347,860738,Bulambuli BuginyanyaNARO,1.2292008829492236,34.512188495373756,1791020700000,2026-10-03T09:45:00+00:00,2026-10-03T12:45:00+03:00,25.55,0.0,69.36752,71.85,0.03295949,,,,2026-10-03T10:02:15Z,2026-10-03T10:17:15Z,0
30381,45666,Mukono NtawoNARO,0.37885800528124053,32.7292665823493,1791020700000,2026-10-03T09:45:00+00:00,2026-10-03T12:45:00+03:00,30.71488,0.0,498.3291,56.14862,5.682459,8.767834,,,2026-10-03T10:02:15Z,2026-10-03T10:17:15Z,0
30476,518276,Moroto Airfield,2.499539862843011,34.60336771655714,1791020700000,2026-10-03T09:45:00+00:00,2026-10-03T12:45:00+03:00,32.91,0.0,852.613,22.73,31.30327,,,,2026-10-03T10:02:15Z,2026-10-03T10:17:15Z,0
30695,514556,EntebbeCity AirportNMC,-0.34891969990053573,30.46770493505511,1791020700000,2026-10-03T09:45:00+00:00,2026-10-03T12:45:00+03:00,26.94,0.0,996.5361,72.57,10.76677,13.47066,,,2026-10-03T10:02:15Z,2026-10-03T10:17:15Z,0
33112,45718,Kaliro KaliroTC3,0.3200660892230024,30.52341859895648,1791020700000,2026-10-03T09:45:00+00:00,2026-10-03T12:45:00+03:00,0.0,0.0,0.0,0.0,0.8911269,0.9002823,,temp_rh_dead,2026-10-03T10:02:15Z,2026-10-03T10:32:15Z,0
30820,518844,Kanungu MatandaHCIII,-0.6465365596528061,29.742748867338342,1791021000000,2026-10-03T09:50:00+00:00,2026-10-03T12:50:00+03:00,29.23,0.0,9.338521,57.74,7.507439,12.42084,,,2026-10-03T10:02:15Z,2026-10-03T10:02:15Z,0
12322,853288,Mukono MpomaNARO,0.4283966588777295,32.76213604190826,1791021600000,2026-10-03T10:00:00+00:00,2026-10-03T13:00:00+03:00,30.27848,0.0,418.4329,59.5697,5.627832,,,,2026-10-03T10:17:15Z,2026-10-03T10:32:15Z,0
18675,511038,Bushenyi KyamuhungaTC,-0.43140075953825036,30.06284619401695,1791021600000,2026-10-03T10:00:00+00:00,2026-10-03T13:00:00+03:00,24.49,0.0,545.449,78.56,6.585794,10.02518,,,2026-10-03T10:17:15Z,2026-10-03T10:17:15Z,0
18831,511028,Kibuku KadamaTC,1.230158490836445,33.75766971001673,1791021600000,2026-10-03T10:00:00+00:00,2026-10-03T13:00:00+03:00,30.28,0.0,1027.42,63.61,4.229801,9.652857,,,2026-10-03T15:17:15Z,2026-10-03T15:17:15Z,0
19410,511043,Rubanda KarengyereNARO,-1.500172417819356,29.80055712733001,1791021600000,2026-10-03T10:00:00+00:00,2026-10-03T13:00:00+03:00,18.83,0.0,333.4706,69.41,18.2266,,,,2026-10-03T10:17:15Z,2026-10-03T10:17:15Z,0
19560,511036,Rukungiri RukungiriTC,-0.7824612451972481,29.919168920717752,1791021600000,2026-10-03T10:00:00+00:00,2026-10-03T13:00:00+03:00,25.97,0.0,736.4919,70.09,11.06615,,,,2026-10-03T10:17:15Z,2026-10-03T10:17:15Z,0
19689,511063,Isingiro Mbaale SC,-0.8229276501909935,30.80641202589177,1791021600000,2026-10-03T10:00:00+00:00,2026-10-03T13:00:00+03:00,24.99,0.0,638.8342,70.03,16.53162,32.63295,,,2026-10-03T10:17:15Z,2026-10-03T10:17:15Z,0
19913,512648,Rubanda Kachwekano,-1.2492907374261277,29.94650239241936,1791021600000,2026-10-03T10:00:00+00:00,2026-10-03T13:00:00+03:00,21.15969,0.0,153.4752,61.37636,12.16754,14.93248,,,2026-10-03T10:17:15Z,2026-10-03T10:17:15Z,0
20513,512647,Kitgum2 KitgumMC,3.329416943369524,33.176767183806454,1791021600000,2026-10-03T10:00:00+00:00,2026-10-03T13:00:00+03:00,33.01,0.0,915.5107,42.32,6.332494,,,,2026-10-03T10:17:15Z,2026-10-03T10:17:15Z,0
21602,44434,Mbarara NARO,-0.33912497379417256,30.53875374336554,1791021600000,2026-10-03T10:00:00+00:00,2026-10-03T13:00:00+03:00,26.56,0.0,612.192,71.27,5.737392,10.33341,,,2026-10-03T10:17:15Z,2026-10-03T10:17:15Z,0
22494,511046,Bukedea BukedeaTC,1.344383477320109,34.65405915348999,1791021600000,2026-10-03T10:00:00+00:00,2026-10-03T13:00:00+03:00,33.39,0.0,992.3857,34.0,11.35882,15.87243,,,2026-10-03T10:17:15Z,2026-10-03T10:17:15Z,0
23068,44186,Hoima Bulindi,1.4649547824354439,31.438459956597924,1791021600000,2026-10-03T10:00:00+00:00,2026-10-03T13:00:00+03:00,30.06943,0.0,763.0427,62.68254,7.181048,,,,2026-10-03T10:17:15Z,2026-10-03T10:17:15Z,0
24597,511024,Kanungu KirimaSC,-0.8665190597972187,29.750001331073445,1791021600000,2026-10-03T10:00:00+00:00,2026-10-03T13:00:00+03:00,,0.0,,,,,t_air_c;solar_wm2;rh_pct;wind_kmh;wind_max_kmh,,2026-10-03T10:17:15Z,2026-10-03T10:17:15Z,0
26934,863098,Kampala LubigiNWSC,0.3440953682915257,32.54509647954191,1791021600000,2026-10-03T10:00:00+00:00,2026-10-03T13:00:00+03:00,29.73525,0.0,6.012054,55.66644,5.532922,10.1503,,,2026-10-03T10:17:15Z,2026-10-03T10:17:15Z,0
28282,49381,Amolatar NamasaleHCIII2,1.890942556037648,33.03500809176537,1791021600000,2026-10-03T10:00:00+00:00,2026-10-03T13:00:00+03:00,31.15,0.0,988.8151,52.71,13.2845,19.04936,,,2026-10-03T10:17:15Z,2026-10-03T10:17:15Z,0
28465,518272,Nabilatuk NabilatukDLG,2.0853119097380035,34.60581875063605,1791021600000,2026-10-03T10:00:00+00:00,2026-10-03T13:00:00+03:00,34.29,0.0,933.4859,21.45,17.13069,20.57084,,,2026-10-03T10:17:15Z,2026-10-03T10:17:15Z,0
28935,518278,Kaabong SidokHCIII,3.3616463406052675,34.12346082801267,1791021600000,2026-10-03T10:00:00+00:00,2026-10-03T13:00:00+03:00,30.64,0.0,895.735,28.24,17.78897,,,,2026-10-03T10:17:15Z,2026-10-03T10:17:15Z,0
29036,514566,Nabilatuk Nabuin ZARDI,1.716485049322414,34.51313788762028,1791021600000,2026-10-03T10:00:00+00:00,2026-10-03T13:00:00+03:00,32.63,0.0,0.0,23.92,25.832,,,,2026-10-03T10:32:15Z,2026-10-03T10:32:15Z,0
29180,517853,Moroto RupaSC,2.582841223352566,34.66924742947938,1791021600000,2026-10-03T10:00:00+00:00,2026-10-03T13:00:00+03:00,31.65,0.0,936.9344,26.16,17.83169,26.8101,,,2026-10-03T10:32:15Z,2026-10-03T10:32:15Z,0
29347,862041,Kabale KabaleMC,-1.2542908115437144,29.987880749577656,1791021600000,2026-10-03T10:00:00+00:00,2026-10-03T13:00:00+03:00,24.69,0.0,459.5102,49.13,2.088807,,,,2026-10-03T10:17:15Z,2026-10-03T10:17:15Z,0
29407,860737,Soroti Airfield,1.7125019696651427,33.60989885031907,1791021600000,2026-10-03T10:00:00+00:00,2026-10-03T13:00:00+03:00,30.67,0.0,1036.729,70.89,4.614328,,,,2026-10-03T10:17:15Z,2026-10-03T10:17:15Z,0
29432,514563,Kikuube Hoima Sugar,1.250555426321004,31.194469848676302,1791021600000,2026-10-03T10:00:00+00:00,2026-10-03T13:00:00+03:00,28.1,0.0,20.23346,62.9,3.915465,6.939803,,,2026-10-03T10:32:15Z,2026-10-03T10:32:15Z,0
29529,514573,Bundibugyo BundibugyoTC,0.8026268481642997,30.27578425237216,1791021600000,2026-10-03T10:00:00+00:00,2026-10-03T13:00:00+03:00,28.62,0.0,6.71397,59.79,7.391165,,,,2026-10-03T10:17:15Z,2026-10-03T10:17:15Z,0
29787,862013,Kamuli Namasagali,1.0190806821802028,32.949594981070824,1791021600000,2026-10-03T10:00:00+00:00,2026-10-03T13:00:00+03:00,31.95,0.0,1005.966,60.43,4.052796,6.253147,,,2026-10-03T10:17:15Z,2026-10-03T10:17:15Z,0
30001,860741,Mbarara MbararaMC,-0.6104058469568668,30.637128687200217,1791021600000,2026-10-03T10:00:00+00:00,2026-10-03T13:00:00+03:00,25.75,0.0,679.9115,67.82,8.767223,14.02426,,,2026-10-03T10:17:15Z,2026-10-03T10:17:15Z,0
30220,45708,Dokolo DokoloTC,1.914993229491238,33.176049575854904,1791021600000,2026-10-03T10:00:00+00:00,2026-10-03T13:00:00+03:00,32.45899,0.0,770.7332,41.9852,11.96841,20.71092,,,2026-10-03T10:17:15Z,2026-10-03T10:17:15Z,0
30283,514568,Kampala KyambogoUnv2,0.3228582483254613,32.59455916940114,1791021600000,2026-10-03T10:00:00+00:00,2026-10-03T13:00:00+03:00,29.91,0.0,571.0842,48.83,6.299382,13.17556,,,2026-10-03T10:17:15Z,2026-10-03T10:17:15Z,0
30411,45716,Lwengo KamenyamigoNARO,-0.28429808513865706,31.664636340132986,1791021600000,2026-10-03T10:00:00+00:00,2026-10-03T13:00:00+03:00,25.23,0.0,280.0336,70.32,28.10712,37.45785,,,2026-10-03T10:17:15Z,2026-10-03T10:17:15Z,0
31567,518860,Bulambuli Bunambutye HCIII,1.456486355349107,34.36072118430061,1791021600000,2026-10-03T10:00:00+00:00,2026-10-03T13:00:00+03:00,36.17,0.0,14.16037,18.31,15.97009,25.35744,,,2026-10-03T13:55:03Z,2026-10-03T14:02:17Z,0
32252,518843,Isingiro KabuyandaTC,-0.9482535956706091,30.623306857245286,1791021600000,2026-10-03T10:00:00+00:00,2026-10-03T13:00:00+03:00,29.72,0.0,9.36904,41.78,8.77699,14.14206,,,2026-10-03T10:17:15Z,2026-10-03T10:17:15Z,0
33816,512617,Buyende Kidera1,1.1427018347181084,33.27926712214954,1791021600000,2026-10-03T10:00:00+00:00,2026-10-03T13:00:00+03:00,31.43664,0.0,918.3185,49.90158,1.672389,14.65782,,,2026-10-03T10:17:15Z,2026-10-03T10:17:15Z,0
28247,853287,KaberamaidoTC,1.3267002801667445,33.24551213582627,1791022200000,2026-10-03T10:10:00+00:00,2026-10-03T13:10:00+03:00,32.08209,0.0,1010.117,41.80667,14.02304,21.69528,,,2026-10-03T10:32:15Z,2026-10-03T10:32:15Z,0
30820,518844,Kanungu MatandaHCIII,-0.6465365596528061,29.742748867338342,1791022200000,2026-10-03T10:10:00+00:00,2026-10-03T13:10:00+03:00,,,,,4.849317,,t_air_c;rain_mm;solar_wm2;rh_pct;wind_max_kmh,,2026-10-03T10:17:15Z,2026-10-03T10:17:15Z,0
18675,511038,Bushenyi KyamuhungaTC,-0.43140075953825036,30.06284619401695,1791022500000,2026-10-03T10:15:00+00:00,2026-10-03T13:15:00+03:00,24.3,0.0,446.9673,78.15,6.250095,10.82475,,,2026-10-03T10:32:15Z,2026-10-03T10:52:55Z,0
19036,511025,Kumi Mukongoro,1.3213023670796662,33.886075111016034,1791022500000,2026-10-03T10:15:00+00:00,2026-10-03T13:15:00+03:00,32.5,0.0,24.0177,47.14,7.852293,15.63439,,,2026-10-03T10:32:15Z,2026-10-03T11:02:15Z,0
19216,511040,Ngora Kobwin,1.3996404514823648,33.746259878723855,1791022500000,2026-10-03T10:15:00+00:00,2026-10-03T13:15:00+03:00,32.73,0.0,1020.951,40.26,5.233845,8.01709,,,2026-10-03T10:32:15Z,2026-10-03T11:02:15Z,0
19410,511043,Rubanda KarengyereNARO,-1.500172417819356,29.80055712733001,1791022500000,2026-10-03T10:15:00+00:00,2026-10-03T13:15:00+03:00,19.49,0.0,656.8704,69.88,21.56374,,,,2026-10-03T10:32:15Z,2026-10-03T10:32:15Z,0
19560,511036,Rukungiri RukungiriTC,-0.7824612451972481,29.919168920717752,1791022500000,2026-10-03T10:15:00+00:00,2026-10-03T13:15:00+03:00,25.27,0.0,442.8779,70.41,11.11971,,,,2026-10-03T10:32:15Z,2026-10-03T10:32:15Z,0
19644,511034,Ntungamo RukoneEast,-0.9026492749586166,30.53713188060457,1791022500000,2026-10-03T10:15:00+00:00,2026-10-03T13:15:00+03:00,27.41,0.0,611.7037,64.18,14.90593,,,,2026-10-03T10:32:15Z,2026-10-03T10:32:15Z,0
19689,511063,Isingiro Mbaale SC,-0.8229276501909935,30.80641202589177,1791022500000,2026-10-03T10:15:00+00:00,2026-10-03T13:15:00+03:00,23.72,0.0,790.2953,75.34,18.30777,25.00954,,,2026-10-03T10:32:15Z,2026-10-03T10:32:15Z,0
19913,512648,Rubanda Kachwekano,-1.2492907374261277,29.94650239241936,1791022500000,2026-10-03T10:15:00+00:00,2026-10-03T13:15:00+03:00,21.04219,0.0,179.6597,61.67239,11.03838,12.96712,,,2026-10-03T10:32:15Z,2026-10-03T10:32:15Z,0
20513,512647,Kitgum2 KitgumMC,3.329416943369524,33.176767183806454,1791022500000,2026-10-03T10:15:00+00:00,2026-10-03T13:15:00+03:00,33.6,0.0,900.1297,41.48,8.307012,,,,2026-10-03T10:32:15Z,2026-10-03T10:32:15Z,0
21602,44434,Mbarara NARO,-0.33912497379417256,30.53875374336554,1791022500000,2026-10-03T10:15:00+00:00,2026-10-03T13:15:00+03:00,26.52,0.0,512.2759,70.25,5.923553,13.69345,,,2026-10-03T10:32:15Z,2026-10-03T10:32:15Z,0
22494,511046,Bukedea BukedeaTC,1.344383477320109,34.65405915348999,1791022500000,2026-10-03T10:15:00+00:00,2026-10-03T13:15:00+03:00,33.83,0.0,975.3567,32.04,11.69452,17.31899,,,2026-10-03T10:32:15Z,2026-10-03T10:32:15Z,0
23068,44186,Hoima Bulindi,1.4649547824354439,31.438459956597924,1791022500000,2026-10-03T10:15:00+00:00,2026-10-03T13:15:00+03:00,30.11063,0.0,567.483,60.96437,9.504692,,,,2026-10-03T10:32:15Z,2026-10-03T10:32:15Z,0
23570,860744,Kabarole KyembogoNARO,0.7373272793620456,30.378182216821177,1791022500000,2026-10-03T10:15:00+00:00,2026-10-03T13:15:00+03:00,24.10468,0.0,205.0202,83.20592,5.454795,16.61158,,,2026-10-03T10:32:15Z,2026-10-03T10:32:15Z,0
24597,511024,Kanungu KirimaSC,-0.8665190597972187,29.750001331073445,1791022500000,2026-10-03T10:15:00+00:00,2026-10-03T13:15:00+03:00,25.12,0.0,468.6046,86.33,5.743496,7.907225,,,2026-10-03T10:32:15Z,2026-10-03T10:47:14Z,0
25858,860733,Masindi MasindiMC,1.6873183106449883,31.720847713796427,1791022500000,2026-10-03T10:15:00+00:00,2026-10-03T13:15:00+03:00,29.28,0.0,901.7166,77.83,8.496223,,,,2026-10-03T10:32:15Z,2026-10-03T10:32:15Z,0
26314,511026,Buhweju BuhwejuTC,-0.36217852027400727,30.438745738821645,1791022500000,2026-10-03T10:15:00+00:00,2026-10-03T13:15:00+03:00,25.96017,0.0,8.972305,56.9894,7.953002,,,,2026-10-03T10:32:15Z,2026-10-03T10:32:15Z,0
26350,516055,Bushenyi PIBID2,-0.34476582916148607,30.12697463332902,1791022500000,2026-10-03T10:15:00+00:00,2026-10-03T13:15:00+03:00,20.47,0.0,955.8862,66.35,12.22248,16.21119,,,2026-10-03T10:32:15Z,2026-10-03T10:32:15Z,0
26371,514572,EntebbeCity NMTS,0.002068145970468316,32.47029039760271,1791022500000,2026-10-03T10:15:00+00:00,2026-10-03T13:15:00+03:00,27.36,0.0,5.920501,69.74,3.680476,4.730297,,,2026-10-03T10:32:15Z,2026-10-03T10:32:15Z,0
26934,863098,Kampala LubigiNWSC,0.3440953682915257,32.54509647954191,1791022500000,2026-10-03T10:15:00+00:00,2026-10-03T13:15:00+03:00,29.03639,0.0,5.981536,58.60991,8.889906,14.5449,,,2026-10-03T10:32:15Z,2026-10-03T10:32:15Z,0
27592,514557,Kampala MakerereUnv3,0.33461539452981,32.571512848339765,1791022500000,2026-10-03T10:15:00+00:00,2026-10-03T13:15:00+03:00,28.97,0.0,564.9805,52.13,3.549249,8.291752,,,2026-10-03T10:32:15Z,2026-10-03T10:32:15Z,0
28282,49381,Amolatar NamasaleHCIII2,1.890942556037648,33.03500809176537,1791022500000,2026-10-03T10:15:00+00:00,2026-10-03T13:15:00+03:00,31.26,0.0,991.6228,52.28,16.73304,21.54269,,,2026-10-03T10:32:15Z,2026-10-03T10:32:15Z,0
28465,518272,Nabilatuk NabilatukDLG,2.0853119097380035,34.60581875063605,1791022500000,2026-10-03T10:15:00+00:00,2026-10-03T13:15:00+03:00,34.72,0.0,1064.561,20.69,18.61387,27.0927,,,2026-10-03T10:32:15Z,2026-10-03T10:32:15Z,0
28835,518279,Karenga KidepoAirfield,3.433006937417964,33.45274286601015,1791022500000,2026-10-03T10:15:00+00:00,2026-10-03T13:15:00+03:00,33.26,0.0,964.1871,27.1,17.08705,,,,2026-10-03T10:32:15Z,2026-10-03T10:32:15Z,0
28935,518278,Kaabong SidokHCIII,3.3616463406052675,34.12346082801267,1791022500000,2026-10-03T10:15:00+00:00,2026-10-03T13:15:00+03:00,30.63,0.0,896.7421,30.24,18.93034,,,,2026-10-03T10:32:15Z,2026-10-03T10:32:15Z,0
29036,514566,Nabilatuk Nabuin ZARDI,1.716485049322414,34.51313788762028,1791022500000,2026-10-03T10:15:00+00:00,2026-10-03T13:15:00+03:00,32.61,0.0,5.065995,24.27,27.92904,,,,2026-10-03T10:47:14Z,2026-10-03T10:47:14Z,0
29347,862041,Kabale KabaleMC,-1.2542908115437144,29.987880749577656,1791022500000,2026-10-03T10:15:00+00:00,2026-10-03T13:15:00+03:00,24.69,0.0,463.7522,49.13,2.319524,,,,2026-10-03T10:32:15Z,2026-10-03T10:32:15Z,0
29366,860740,Kasese Airfield,0.16776145042270435,30.06946870555926,1791022500000,2026-10-03T10:15:00+00:00,2026-10-03T13:15:00+03:00,30.2,0.0,1062.425,62.36,8.919662,,,,2026-10-03T10:32:15Z,2026-10-03T10:32:15Z,0
29407,860737,Soroti Airfield,1.7125019696651427,33.60989885031907,1791022500000,2026-10-03T10:15:00+00:00,2026-10-03T13:15:00+03:00,30.72,0.0,1019.76,70.72,6.839094,,,,2026-10-03T10:32:15Z,2026-10-03T10:32:15Z,0
29529,514573,Bundibugyo BundibugyoTC,0.8026268481642997,30.27578425237216,1791022500000,2026-10-03T10:15:00+00:00,2026-10-03T13:15:00+03:00,28.65,0.0,6.561379,63.69,6.151064,,,,2026-10-03T10:32:15Z,2026-10-03T10:32:15Z,0
29561,514560,Kikuube Hoima Airport,1.4920191900781956,31.31796244549898,1791022500000,2026-10-03T10:15:00+00:00,2026-10-03T13:15:00+03:00,26.98,0.0,18.4329,75.88,12.47517,,,,2026-10-03T10:32:15Z,2026-10-03T10:32:15Z,0
29593,514561,Pallisa KasodoSC,1.2320044388064466,33.6019957700963,1791022500000,2026-10-03T10:15:00+00:00,2026-10-03T13:15:00+03:00,31.37,0.0,946.7612,57.22,6.983291,,,,2026-10-03T10:32:15Z,2026-10-03T10:47:14Z,0
29787,862013,Kamuli Namasagali,1.0190806821802028,32.949594981070824,1791022500000,2026-10-03T10:15:00+00:00,2026-10-03T13:15:00+03:00,32.18,0.0,1002.365,58.17,4.550241,7.101549,,,2026-10-03T10:32:15Z,2026-10-03T10:47:14Z,0
29823,860732,Kotido KotidoTC,3.007038604042491,34.10733499015392,1791022500000,2026-10-03T10:15:00+00:00,2026-10-03T13:15:00+03:00,32.77,0.0,948.9891,40.13,0.0453193,0.6880293,,,2026-10-03T10:32:15Z,2026-10-03T10:32:15Z,0
29892,516056,Budaka BudakaTC2,0.11576196513474404,33.453613566274235,1791022500000,2026-10-03T10:15:00+00:00,2026-10-03T13:15:00+03:00,30.31,0.0,1072.923,61.82,4.11078,,,,2026-10-03T11:17:15Z,2026-10-03T11:32:16Z,1
30001,860741,Mbarara MbararaMC,-0.6104058469568668,30.637128687200217,1791022500000,2026-10-03T10:15:00+00:00,2026-10-03T13:15:00+03:00,25.99,0.0,551.8883,66.06,11.22683,15.40444,,,2026-10-03T10:32:15Z,2026-10-03T10:47:14Z,0
30143,860494,Lira NARONgetta,2.1557054334938868,32.88785061975556,1791022500000,2026-10-03T10:15:00+00:00,2026-10-03T13:15:00+03:00,30.58,0.0,953.2617,49.88,13.45571,,,,2026-10-03T10:32:15Z,2026-10-03T10:32:15Z,0
30220,45708,Dokolo DokoloTC,1.914993229491238,33.176049575854904,1791022500000,2026-10-03T10:15:00+00:00,2026-10-03T13:15:00+03:00,32.49866,0.0,825.7267,40.72938,16.65278,26.33051,,,2026-10-03T10:32:15Z,2026-10-03T10:32:15Z,0
30283,514568,Kampala KyambogoUnv2,0.3228582483254613,32.59455916940114,1791022500000,2026-10-03T10:15:00+00:00,2026-10-03T13:15:00+03:00,30.33,0.0,560.6165,51.58,4.284734,8.779583,,,2026-10-03T10:32:15Z,2026-10-03T10:32:15Z,0
30316,860746,Mayuge IkulweNARO,0.4388712184461232,33.476196856980515,1791022500000,2026-10-03T10:15:00+00:00,2026-10-03T13:15:00+03:00,,0.0,32.8069,,0.64271,,t_air_c;rh_pct,,2026-10-03T10:17:15Z,2026-10-03T10:32:15Z,0
30347,860738,Bulambuli BuginyanyaNARO,1.2292008829492236,34.512188495373756,1791022500000,2026-10-03T10:15:00+00:00,2026-10-03T13:15:00+03:00,25.09,0.0,36.34699,70.01,0.03295949,,,,2026-10-03T10:32:15Z,2026-10-03T10:32:15Z,0
30381,45666,Mukono NtawoNARO,0.37885800528124053,32.7292665823493,1791022500000,2026-10-03T10:15:00+00:00,2026-10-03T13:15:00+03:00,31.57244,0.0,503.2426,53.19295,5.416953,8.712901,,,2026-10-03T10:32:15Z,2026-10-03T10:47:14Z,0
30411,45716,Lwengo KamenyamigoNARO,-0.28429808513865706,31.664636340132986,1791022500000,2026-10-03T10:15:00+00:00,2026-10-03T13:15:00+03:00,25.23,0.0,223.209,70.32,25.78164,35.32463,,,2026-10-03T10:32:15Z,2026-10-03T10:47:14Z,1
30476,518276,Moroto Airfield,2.499539862843011,34.60336771655714,1791022500000,2026-10-03T10:15:00+00:00,2026-10-03T13:15:00+03:00,33.38,0.0,1072.984,21.84,32.68757,,,,2026-10-03T10:32:15Z,2026-10-03T10:52:55Z,0
30600,514575,Buvuma BuvumaCollege,0.20227217732623182,33.298299581212675,1791022500000,2026-10-03T10:15:00+00:00,2026-10-03T13:15:00+03:00,29.87,0.0,964.7669,47.6,9.657129,,,,2026-10-03T10:32:15Z,2026-10-03T10:32:15Z,0
30695,514556,EntebbeCity AirportNMC,-0.34891969990053573,30.46770493505511,1791022500000,2026-10-03T10:15:00+00:00,2026-10-03T13:15:00+03:00,26.77,0.0,985.2751,72.45,12.1004,14.47776,,,2026-10-03T10:32:15Z,2026-10-03T10:32:15Z,0
31567,518860,Bulambuli Bunambutye HCIII,1.456486355349107,34.36072118430061,1791022500000,2026-10-03T10:15:00+00:00,2026-10-03T13:15:00+03:00,36.17,0.0,14.80125,19.05,15.2163,20.51728,,,2026-10-03T14:17:17Z,2026-10-03T14:17:17Z,0
33112,45718,Kaliro KaliroTC3,0.3200660892230024,30.52341859895648,1791022500000,2026-10-03T10:15:00+00:00,2026-10-03T13:15:00+03:00,0.0,0.0,0.0,0.0,0.8880751,0.8972305,,temp_rh_dead,2026-10-03T10:47:14Z,2026-10-03T11:32:16Z,0
33816,512617,Buyende Kidera1,1.1427018347181084,33.27926712214954,1791022500000,2026-10-03T10:15:00+00:00,2026-10-03T13:15:00+03:00,31.53124,0.0,906.3859,49.34005,0.0,0.0,,,2026-10-03T10:32:15Z,2026-10-03T10:47:14Z,0
30820,518844,Kanungu MatandaHCIII,-0.6465365596528061,29.742748867338342,1791022800000,2026-10-03T10:20:00+00:00,2026-10-03T13:20:00+03:00,29.91,0.0,9.9794,50.69,4.608225,7.202258,,,2026-10-03T10:32:15Z,2026-10-03T10:32:15Z,0
12322,853288,Mukono MpomaNARO,0.4283966588777295,32.76213604190826,1791023400000,2026-10-03T10:30:00+00:00,2026-10-03T13:30:00+03:00,31.15282,0.0,472.9076,54.15579,4.033417,,,,2026-10-03T10:47:14Z,2026-10-03T11:02:15Z,0
14926,45633,NARO NaFIRRI,1.2369277861017918,34.56704375600076,1791023400000,2026-10-03T10:30:00+00:00,2026-10-03T13:30:00+03:00,-39.87793,0.0,870.7713,0.1022355,4.647898,6.668193,,temp_sensor_suspect,2026-10-03T10:32:15Z,2026-10-03T10:47:14Z,1
19410,511043,Rubanda KarengyereNARO,-1.500172417819356,29.80055712733001,1791023400000,2026-10-03T10:30:00+00:00,2026-10-03T13:30:00+03:00,19.84,0.0,861.7991,71.98,24.38178,,,,2026-10-03T10:47:14Z,2026-10-03T10:52:55Z,0
19560,511036,Rukungiri RukungiriTC,-0.7824612451972481,29.919168920717752,1791023400000,2026-10-03T10:30:00+00:00,2026-10-03T13:30:00+03:00,24.01,0.0,199.4964,71.09,12.22797,,,,2026-10-03T10:47:14Z,2026-10-03T10:52:55Z,0
19644,511034,Ntungamo RukoneEast,-0.9026492749586166,30.53713188060457,1791023400000,2026-10-03T10:30:00+00:00,2026-10-03T13:30:00+03:00,27.56,0.0,774.3954,62.89,16.38087,,,,2026-10-03T10:47:14Z,2026-10-03T10:52:55Z,0
19689,511063,Isingiro Mbaale SC,-0.8229276501909935,30.80641202589177,1791023400000,2026-10-03T10:30:00+00:00,2026-10-03T13:30:00+03:00,23.14,0.0,344.3656,77.5,14.45945,19.31487,,,2026-10-03T10:47:14Z,2026-10-03T10:52:55Z,0
19913,512648,Rubanda Kachwekano,-1.2492907374261277,29.94650239241936,1791023400000,2026-10-03T10:30:00+00:00,2026-10-03T13:30:00+03:00,21.42214,0.0,277.2869,60.40284,10.41886,14.18784,,,2026-10-03T10:47:14Z,2026-10-03T10:52:55Z,0
21602,44434,Mbarara NARO,-0.33912497379417256,30.53875374336554,1791023400000,2026-10-03T10:30:00+00:00,2026-10-03T13:30:00+03:00,26.31,0.0,413.611,69.51,8.792249,13.29061,,,2026-10-03T10:47:14Z,2026-10-03T10:52:55Z,0
22494,511046,Bukedea BukedeaTC,1.344383477320109,34.65405915348999,1791023400000,2026-10-03T10:30:00+00:00,2026-10-03T13:30:00+03:00,33.98,0.0,729.3507,31.92,14.84703,22.52232,,,2026-10-03T10:47:14Z,2026-10-03T10:52:55Z,0
23068,44186,Hoima Bulindi,1.4649547824354439,31.438459956597924,1791023400000,2026-10-03T10:30:00+00:00,2026-10-03T13:30:00+03:00,29.63912,0.0,588.5099,60.78127,11.48638,,,,2026-10-03T10:47:14Z,2026-10-03T11:02:15Z,0
23570,860744,Kabarole KyembogoNARO,0.7373272793620456,30.378182216821177,1791023400000,2026-10-03T10:30:00+00:00,2026-10-03T13:30:00+03:00,23.54314,0.0,159.8535,83.91852,14.61341,18.88579,,,2026-10-03T10:47:14Z,2026-10-03T10:47:14Z,0
24597,511024,Kanungu KirimaSC,-0.8665190597972187,29.750001331073445,1791023400000,2026-10-03T10:30:00+00:00,2026-10-03T13:30:00+03:00,25.03,0.0,315.5871,84.43,6.890974,8.871595,,,2026-10-03T10:52:55Z,2026-10-03T11:02:15Z,0
25858,860733,Masindi MasindiMC,1.6873183106449883,31.720847713796427,1791023400000,2026-10-03T10:30:00+00:00,2026-10-03T13:30:00+03:00,29.33,0.0,827.7714,75.75,7.473869,,,,2026-10-03T10:47:14Z,2026-10-03T10:52:55Z,0
26314,511026,Buhweju BuhwejuTC,-0.36217852027400727,30.438745738821645,1791023400000,2026-10-03T10:30:00+00:00,2026-10-03T13:30:00+03:00,26.04715,0.0,8.911269,56.79256,6.643778,,,,2026-10-03T10:47:14Z,2026-10-03T10:52:55Z,0
26350,516055,Bushenyi PIBID2,-0.34476582916148607,30.12697463332902,1791023400000,2026-10-03T10:30:00+00:00,2026-10-03T13:30:00+03:00,20.82,0.0,863.5996,63.01,12.01801,18.62211,,,2026-10-03T10:47:14Z,2026-10-03T10:52:55Z,0
26371,514572,EntebbeCity NMTS,0.002068145970468316,32.47029039760271,1791023400000,2026-10-03T10:30:00+00:00,2026-10-03T13:30:00+03:00,27.62,0.0,6.012054,68.49,4.205386,6.74754,,,2026-10-03T10:47:14Z,2026-10-03T11:02:15Z,0
26934,863098,Kampala LubigiNWSC,0.3440953682915257,32.54509647954191,1791023400000,2026-10-03T10:30:00+00:00,2026-10-03T13:30:00+03:00,29.26833,0.0,5.951019,59.3103,7.98352,11.97833,,,2026-10-03T10:47:14Z,2026-10-03T11:02:15Z,0
27204,515136,Kirihura MburoNP,-0.32644602379535037,30.558912625750658,1791023400000,2026-10-03T10:30:00+00:00,2026-10-03T13:30:00+03:00,,0.0,0.0,,0.5706874,0.6164645,t_air_c;rh_pct,,2026-10-03T10:32:15Z,2026-10-03T10:47:14Z,0
27592,514557,Kampala MakerereUnv3,0.33461539452981,32.571512848339765,1791023400000,2026-10-03T10:30:00+00:00,2026-10-03T13:30:00+03:00,29.39,0.0,564.9805,52.77,3.549249,8.291752,,,2026-10-03T10:47:14Z,2026-10-03T10:47:14Z,0
28282,49381,Amolatar NamasaleHCIII2,1.890942556037648,33.03500809176537,1791023400000,2026-10-03T10:30:00+00:00,2026-10-03T13:30:00+03:00,31.82,0.0,960.2808,51.59,11.39544,16.20813,,,2026-10-03T10:47:14Z,2026-10-03T10:52:55Z,0
28465,518272,Nabilatuk NabilatukDLG,2.0853119097380035,34.60581875063605,1791023400000,2026-10-03T10:30:00+00:00,2026-10-03T13:30:00+03:00,34.69,0.0,966.2623,20.45,19.76333,32.07782,,,2026-10-03T10:47:14Z,2026-10-03T11:32:16Z,0
28835,518279,Karenga KidepoAirfield,3.433006937417964,33.45274286601015,1791023400000,2026-10-03T10:30:00+00:00,2026-10-03T13:30:00+03:00,33.43,0.0,895.613,26.33,13.30892,,,,2026-10-03T10:47:14Z,2026-10-03T11:02:15Z,0
28935,518278,Kaabong SidokHCIII,3.3616463406052675,34.12346082801267,1791023400000,2026-10-03T10:30:00+00:00,2026-10-03T13:30:00+03:00,30.44,0.0,875.6848,28.79,20.90181,,,,2026-10-03T10:47:14Z,2026-10-03T10:47:14Z,0
29180,517853,Moroto RupaSC,2.582841223352566,34.66924742947938,1791023400000,2026-10-03T10:30:00+00:00,2026-10-03T13:30:00+03:00,31.78,0.0,910.3838,25.16,13.89792,22.72679,,,2026-10-03T10:47:14Z,2026-10-03T10:47:14Z,0
29306,514576,Butaleja ButalejaTC,0.6919682458015968,34.09885656329347,1791023400000,2026-10-03T10:30:00+00:00,2026-10-03T13:30:00+03:00,31.26,0.0,962.295,56.42,0.898146,,,,2026-10-03T10:47:14Z,2026-10-03T11:02:15Z,0
29347,862041,Kabale KabaleMC,-1.2542908115437144,29.987880749577656,1791023400000,2026-10-03T10:30:00+00:00,2026-10-03T13:30:00+03:00,25.35,0.0,606.2715,49.52,1.874571,,,,2026-10-03T10:47:14Z,2026-10-03T10:47:14Z,0
29366,860740,Kasese Airfield,0.16776145042270435,30.06946870555926,1791023400000,2026-10-03T10:30:00+00:00,2026-10-03T13:30:00+03:00,30.21,0.0,880.1709,55.45,7.255208,,,,2026-10-03T10:47:14Z,2026-10-03T10:47:14Z,0
29407,860737,Soroti Airfield,1.7125019696651427,33.60989885031907,1791023400000,2026-10-03T10:30:00+00:00,2026-10-03T13:30:00+03:00,30.81,0.0,989.8832,70.26,11.09499,,,,2026-10-03T10:47:14Z,2026-10-03T10:52:55Z,0
29432,514563,Kikuube Hoima Sugar,1.250555426321004,31.194469848676302,1791023400000,2026-10-03T10:30:00+00:00,2026-10-03T13:30:00+03:00,30.39,0.0,22.33921,54.71,5.423057,8.560311,,,2026-10-03T10:47:14Z,2026-10-03T11:32:16Z,0
29497,514558,Bulisa ButiabaHydro,2.1126939171888264,31.436768666464783,1791023400000,2026-10-03T10:30:00+00:00,2026-10-03T13:30:00+03:00,31.18,0.0,993.0266,65.12,10.47288,,,,2026-10-03T10:32:15Z,2026-10-03T10:47:14Z,0
29529,514573,Bundibugyo BundibugyoTC,0.8026268481642997,30.27578425237216,1791023400000,2026-10-03T10:30:00+00:00,2026-10-03T13:30:00+03:00,28.64,0.0,6.469826,61.68,8.145113,,,,2026-10-03T10:47:14Z,2026-10-03T10:52:55Z,0
29561,514560,Kikuube Hoima Airport,1.4920191900781956,31.31796244549898,1791023400000,2026-10-03T10:30:00+00:00,2026-10-03T13:30:00+03:00,28.03,0.0,19.77569,75.8,13.70703,,,,2026-10-03T10:47:14Z,2026-10-03T10:52:55Z,0
29823,860732,Kotido KotidoTC,3.007038604042491,34.10733499015392,1791023400000,2026-10-03T10:30:00+00:00,2026-10-03T13:30:00+03:00,33.01,0.0,937.087,40.22,0.08239872,0.7621881,,,2026-10-03T10:47:14Z,2026-10-03T11:02:15Z,0
30033,45670,Apac ApacTC,1.9892647841094635,32.531624149345156,1791023400000,2026-10-03T10:30:00+00:00,2026-10-03T13:30:00+03:00,32.23,0.0,0.0,55.97,0.0,0.0,,,2026-10-03T10:32:15Z,2026-10-03T11:02:15Z,1
30143,860494,Lira NARONgetta,2.1557054334938868,32.88785061975556,1791023400000,2026-10-03T10:30:00+00:00,2026-10-03T13:30:00+03:00,30.79,0.0,930.5562,49.57,10.55116,,,,2026-10-03T10:47:14Z,2026-10-03T10:52:55Z,0
30220,45708,Dokolo DokoloTC,1.914993229491238,33.176049575854904,1791023400000,2026-10-03T10:30:00+00:00,2026-10-03T13:30:00+03:00,33.1609,0.0,824.6586,41.4313,11.84482,21.47311,,,2026-10-03T10:47:14Z,2026-10-03T10:47:14Z,0
30283,514568,Kampala KyambogoUnv2,0.3228582483254613,32.59455916940114,1791023400000,2026-10-03T10:30:00+00:00,2026-10-03T13:30:00+03:00,29.72,0.0,515.0836,55.72,5.603113,8.816663,,,2026-10-03T10:47:14Z,2026-10-03T10:52:55Z,0
30347,860738,Bulambuli BuginyanyaNARO,1.2292008829492236,34.512188495373756,1791023400000,2026-10-03T10:30:00+00:00,2026-10-03T13:30:00+03:00,24.24,0.0,33.50881,74.06,0.0,,,,2026-10-03T10:47:14Z,2026-10-03T10:52:55Z,0
30381,45666,Mukono NtawoNARO,0.37885800528124053,32.7292665823493,1791023400000,2026-10-03T10:30:00+00:00,2026-10-03T13:30:00+03:00,31.25963,0.0,372.961,55.32769,6.86656,12.97932,,,2026-10-03T10:52:55Z,2026-10-03T11:02:15Z,0
30411,45716,Lwengo KamenyamigoNARO,-0.28429808513865706,31.664636340132986,1791023400000,2026-10-03T10:30:00+00:00,2026-10-03T13:30:00+03:00,24.79,0.0,281.1017,71.38,26.60258,32.95033,,,2026-10-03T10:52:55Z,2026-10-03T10:52:55Z,0
30518,45678,Kwania AdukuTC,2.0141834426175826,32.722869192593286,1791023400000,2026-10-03T10:30:00+00:00,2026-10-03T13:30:00+03:00,32.43,0.0,855.726,48.43,0.0,0.0,,,2026-10-03T10:47:14Z,2026-10-03T11:02:15Z,0
30600,514575,Buvuma BuvumaCollege,0.20227217732623182,33.298299581212675,1791023400000,2026-10-03T10:30:00+00:00,2026-10-03T13:30:00+03:00,30.13,0.0,951.3695,45.52,9.290455,,,,2026-10-03T10:47:14Z,2026-10-03T11:02:15Z,0
30695,514556,EntebbeCity AirportNMC,-0.34891969990053573,30.46770493505511,1791023400000,2026-10-03T10:30:00+00:00,2026-10-03T13:30:00+03:00,26.98,0.0,1015.976,74.16,10.79728,14.07187,,,2026-10-03T10:47:14Z,2026-10-03T11:32:16Z,0
30757,860735,Arua Airfield,3.022727728757243,30.902049741391995,1791023400000,2026-10-03T10:30:00+00:00,2026-10-03T13:30:00+03:00,27.9,0.0,951.7662,70.43,9.735256,16.11048,,,2026-10-03T10:47:14Z,2026-10-03T10:47:14Z,0
31567,518860,Bulambuli Bunambutye HCIII,1.456486355349107,34.36072118430061,1791023400000,2026-10-03T10:30:00+00:00,2026-10-03T13:30:00+03:00,35.46,0.0,14.74022,18.72,15.0576,20.92012,,,2026-10-03T14:32:15Z,2026-10-03T14:32:15Z,0
32252,518843,Isingiro KabuyandaTC,-0.9482535956706091,30.623306857245286,1791023400000,2026-10-03T10:30:00+00:00,2026-10-03T13:30:00+03:00,30.1,0.0,9.399558,38.08,7.186999,13.69039,,,2026-10-03T10:32:15Z,2026-10-03T10:52:55Z,1
33816,512617,Buyende Kidera1,1.1427018347181084,33.27926712214954,1791023400000,2026-10-03T10:30:00+00:00,2026-10-03T13:30:00+03:00,31.98901,0.0,879.6216,49.06538,0.0,0.0,,,2026-10-03T10:52:55Z,2026-10-03T10:52:55Z,0
28247,853287,KaberamaidoTC,1.3267002801667445,33.24551213582627,1791024000000,2026-10-03T10:40:00+00:00,2026-10-03T13:40:00+03:00,32.16144,0.0,981.1246,42.95567,10.26627,16.56519,,,2026-10-03T10:47:14Z,2026-10-03T10:52:55Z,0
30820,518844,Kanungu MatandaHCIII,-0.6465365596528061,29.742748867338342,1791024000000,2026-10-03T10:40:00+00:00,2026-10-03T13:40:00+03:00,30.02,0.0,10.92546,50.3,7.043564,14.4686,,,2026-10-03T10:47:14Z,2026-10-03T10:47:14Z,0
14926,45633,NARO NaFIRRI,1.2369277861017918,34.56704375600076,1791024300000,2026-10-03T10:45:00+00:00,2026-10-03T13:45:00+03:00,-39.87182,0.0,852.3079,0.1037613,5.575647,9.494164,,temp_sensor_suspect,2026-10-03T10:52:55Z,2026-10-03T11:02:15Z,0
18675,511038,Bushenyi KyamuhungaTC,-0.43140075953825036,30.06284619401695,1791024300000,2026-10-03T10:45:00+00:00,2026-10-03T13:45:00+03:00,24.88,0.0,686.0762,78.36,7.446403,11.22759,,,2026-10-03T11:02:15Z,2026-10-03T11:02:15Z,0
19410,511043,Rubanda KarengyereNARO,-1.500172417819356,29.80055712733001,1791024300000,2026-10-03T10:45:00+00:00,2026-10-03T13:45:00+03:00,18.71,0.0,250.0954,75.23,19.90753,,,,2026-10-03T11:02:15Z,2026-10-03T11:02:15Z,0
19560,511036,Rukungiri RukungiriTC,-0.7824612451972481,29.919168920717752,1791024300000,2026-10-03T10:45:00+00:00,2026-10-03T13:45:00+03:00,23.95,0.0,294.2245,72.0,11.47402,,,,2026-10-03T11:02:15Z,2026-10-03T11:02:15Z,0
19644,511034,Ntungamo RukoneEast,-0.9026492749586166,30.53713188060457,1791024300000,2026-10-03T10:45:00+00:00,2026-10-03T13:45:00+03:00,28.23,0.0,650.1869,60.46,19.2401,,,,2026-10-03T11:02:15Z,2026-10-03T11:02:15Z,0
19689,511063,Isingiro Mbaale SC,-0.8229276501909935,30.80641202589177,1791024300000,2026-10-03T10:45:00+00:00,2026-10-03T13:45:00+03:00,21.71,0.0,152.0104,81.75,17.18166,22.14695,,,2026-10-03T11:02:15Z,2026-10-03T11:02:15Z,0
19913,512648,Rubanda Kachwekano,-1.2492907374261277,29.94650239241936,1791024300000,2026-10-03T10:45:00+00:00,2026-10-03T13:45:00+03:00,21.78226,0.0,315.5566,59.54681,10.08621,14.91417,,,2026-10-03T11:02:15Z,2026-10-03T11:02:15Z,0
20513,512647,Kitgum2 KitgumMC,3.329416943369524,33.176767183806454,1791024300000,2026-10-03T10:45:00+00:00,2026-10-03T13:45:00+03:00,33.89,0.0,847.1199,40.07,7.867551,,,,2026-10-03T10:47:14Z,2026-10-03T10:52:55Z,1
21602,44434,Mbarara NARO,-0.33912497379417256,30.53875374336554,1791024300000,2026-10-03T10:45:00+00:00,2026-10-03T13:45:00+03:00,26.23,0.0,357.2137,70.73,7.20531,10.69657,,,2026-10-03T11:02:15Z,2026-10-03T11:02:15Z,0
23570,860744,Kabarole KyembogoNARO,0.7373272793620456,30.378182216821177,1791024300000,2026-10-03T10:45:00+00:00,2026-10-03T13:45:00+03:00,23.2639,0.0,287.1443,87.70733,16.52918,22.17761,,,2026-10-03T10:52:55Z,2026-10-03T11:02:15Z,0
26314,511026,Buhweju BuhwejuTC,-0.36217852027400727,30.438745738821645,1791024300000,2026-10-03T10:45:00+00:00,2026-10-03T13:45:00+03:00,26.29129,0.0,8.667125,56.27832,7.156481,,,,2026-10-03T11:02:15Z,2026-10-03T11:02:15Z,0
26350,516055,Bushenyi PIBID2,-0.34476582916148607,30.12697463332902,1791024300000,2026-10-03T10:45:00+00:00,2026-10-03T13:45:00+03:00,20.47,0.0,636.2097,60.84,12.19501,15.62524,,,2026-10-03T11:02:15Z,2026-10-03T11:02:15Z,0
27204,515136,Kirihura MburoNP,-0.32644602379535037,30.558912625750658,1791024300000,2026-10-03T10:45:00+00:00,2026-10-03T13:45:00+03:00,,0.0,0.0,,0.0,0.4425116,t_air_c;rh_pct,,2026-10-03T10:52:55Z,2026-10-03T10:52:55Z,0
27592,514557,Kampala MakerereUnv3,0.33461539452981,32.571512848339765,1791024300000,2026-10-03T10:45:00+00:00,2026-10-03T13:45:00+03:00,28.44,0.0,227.2374,53.77,3.31426,6.076143,,,2026-10-03T10:52:55Z,2026-10-03T10:52:55Z,0
27651,514554,Lamwo LamwoTC,3.5293008898067413,32.800069272228264,1791024300000,2026-10-03T10:45:00+00:00,2026-10-03T13:45:00+03:00,31.78,0.0,750.7439,42.92,7.583734,16.56214,,,2026-10-03T11:02:15Z,2026-10-03T11:02:15Z,0
28282,49381,Amolatar NamasaleHCIII2,1.890942556037648,33.03500809176537,1791024300000,2026-10-03T10:45:00+00:00,2026-10-03T13:45:00+03:00,32.1,0.0,963.0579,53.74,12.06683,17.5845,,,2026-10-03T11:02:15Z,2026-10-03T11:02:15Z,0
28935,518278,Kaabong SidokHCIII,3.3616463406052675,34.12346082801267,1791024300000,2026-10-03T10:45:00+00:00,2026-10-03T13:45:00+03:00,30.45,0.0,878.0346,28.51,15.60693,,,,2026-10-03T10:52:55Z,2026-10-03T11:17:15Z,1
29036,514566,Nabilatuk Nabuin ZARDI,1.716485049322414,34.51313788762028,1791024300000,2026-10-03T10:45:00+00:00,2026-10-03T13:45:00+03:00,32.55,0.0,5.401694,24.47,30.39689,,,,2026-10-03T10:52:55Z,2026-10-03T11:02:15Z,1
29180,517853,Moroto RupaSC,2.582841223352566,34.66924742947938,1791024300000,2026-10-03T10:45:00+00:00,2026-10-03T13:45:00+03:00,31.35,0.0,877.5768,25.46,16.6537,34.36027,,,2026-10-03T10:52:55Z,2026-10-03T11:02:15Z,0
29347,862041,Kabale KabaleMC,-1.2542908115437144,29.987880749577656,1791024300000,2026-10-03T10:45:00+00:00,2026-10-03T13:45:00+03:00,25.94,0.0,689.7689,44.63,1.759212,,,,2026-10-03T10:52:55Z,2026-10-03T11:02:15Z,0
29366,860740,Kasese Airfield,0.16776145042270435,30.06946870555926,1791024300000,2026-10-03T10:45:00+00:00,2026-10-03T13:45:00+03:00,30.41,0.0,926.1005,53.86,6.760815,,,,2026-10-03T10:52:55Z,2026-10-03T11:02:15Z,0
29407,860737,Soroti Airfield,1.7125019696651427,33.60989885031907,1791024300000,2026-10-03T10:45:00+00:00,2026-10-03T13:45:00+03:00,30.85,0.0,963.4852,68.74,5.669032,,,,2026-10-03T11:02:15Z,2026-10-03T11:02:15Z,0
29497,514558,Bulisa ButiabaHydro,2.1126939171888264,31.436768666464783,1791024300000,2026-10-03T10:45:00+00:00,2026-10-03T13:45:00+03:00,31.15,0.0,1000.473,66.05,9.541772,,,,2026-10-03T10:52:55Z,2026-10-03T11:02:15Z,0
29529,514573,Bundibugyo BundibugyoTC,0.8026268481642997,30.27578425237216,1791024300000,2026-10-03T10:45:00+00:00,2026-10-03T13:45:00+03:00,28.64,0.0,6.439307,60.94,8.408789,,,,2026-10-03T11:02:15Z,2026-10-03T11:02:15Z,0
29561,514560,Kikuube Hoima Airport,1.4920191900781956,31.31796244549898,1791024300000,2026-10-03T10:45:00+00:00,2026-10-03T13:45:00+03:00,28.45,0.0,21.45419,72.99,15.2108,,,,2026-10-03T11:02:15Z,2026-10-03T11:02:15Z,0
29593,514561,Pallisa KasodoSC,1.2320044388064466,33.6019957700963,1791024300000,2026-10-03T10:45:00+00:00,2026-10-03T13:45:00+03:00,31.47,0.0,969.4972,54.53,5.026322,,,,2026-10-03T10:52:55Z,2026-10-03T11:02:15Z,0
29787,862013,Kamuli Namasagali,1.0190806821802028,32.949594981070824,1791024300000,2026-10-03T10:45:00+00:00,2026-10-03T13:45:00+03:00,32.33,0.0,953.6279,58.23,4.214542,5.477989,,,2026-10-03T10:52:55Z,2026-10-03T11:02:15Z,0
29823,860732,Kotido KotidoTC,3.007038604042491,34.10733499015392,1791024300000,2026-10-03T10:45:00+00:00,2026-10-03T13:45:00+03:00,33.2,0.0,950.2098,39.4,0.03295949,0.5026322,,,2026-10-03T11:17:15Z,2026-10-03T11:17:15Z,0
30001,860741,Mbarara MbararaMC,-0.6104058469568668,30.637128687200217,1791024300000,2026-10-03T10:45:00+00:00,2026-10-03T13:45:00+03:00,25.82,0.0,354.6197,66.63,10.81071,15.39208,,,2026-10-03T10:52:55Z,2026-10-03T11:02:15Z,0
30143,860494,Lira NARONgetta,2.1557054334938868,32.88785061975556,1791024300000,2026-10-03T10:45:00+00:00,2026-10-03T13:45:00+03:00,31.01,0.0,901.1978,48.87,12.28565,,,,2026-10-03T11:02:15Z,2026-10-03T11:02:15Z,0
30220,45708,Dokolo DokoloTC,1.914993229491238,33.176049575854904,1791024300000,2026-10-03T10:45:00+00:00,2026-10-03T13:45:00+03:00,32.92287,0.0,813.7941,41.66323,6.332341,18.1648,,,2026-10-03T10:52:55Z,2026-10-03T11:02:15Z,1
30252,49521,Kyenjojo KyenjojoMC,0.6130612575199993,30.641008786833954,1791024300000,2026-10-03T10:45:00+00:00,2026-10-03T13:45:00+03:00,28.29328,0.0,883.3447,31.07347,7.486076,11.5816,,,2026-10-03T11:02:15Z,2026-10-03T11:17:15Z,0
30283,514568,Kampala KyambogoUnv2,0.3228582483254613,32.59455916940114,1791024300000,2026-10-03T10:45:00+00:00,2026-10-03T13:45:00+03:00,30.35,0.0,922.0112,53.56,8.070954,13.17556,,,2026-10-03T11:02:15Z,2026-10-03T11:02:15Z,0
30316,860746,Mayuge IkulweNARO,0.4388712184461232,33.476196856980515,1791024300000,2026-10-03T10:45:00+00:00,2026-10-03T13:45:00+03:00,,0.0,33.35622,,4.52369,,t_air_c;rh_pct,,2026-10-03T10:47:14Z,2026-10-03T11:02:15Z,0
30347,860738,Bulambuli BuginyanyaNARO,1.2292008829492236,34.512188495373756,1791024300000,2026-10-03T10:45:00+00:00,2026-10-03T13:45:00+03:00,23.81,0.0,31.67773,75.38,0.0,,,,2026-10-03T11:02:15Z,2026-10-03T11:17:15Z,0
30411,45716,Lwengo KamenyamigoNARO,-0.28429808513865706,31.664636340132986,1791024300000,2026-10-03T10:45:00+00:00,2026-10-03T13:45:00+03:00,25.29,0.0,281.1017,71.38,26.60258,32.95033,,,2026-10-03T11:02:15Z,2026-10-03T11:02:15Z,0
30476,518276,Moroto Airfield,2.499539862843011,34.60336771655714,1791024300000,2026-10-03T10:45:00+00:00,2026-10-03T13:45:00+03:00,32.15,0.0,496.8948,24.91,29.25979,,,,2026-10-03T11:02:15Z,2026-10-03T11:17:15Z,0
30518,45678,Kwania AdukuTC,2.0141834426175826,32.722869192593286,1791024300000,2026-10-03T10:45:00+00:00,2026-10-03T13:45:00+03:00,32.42,0.0,823.4379,49.08,0.0,0.0,,,2026-10-03T11:17:15Z,2026-10-03T11:17:15Z,0
30757,860735,Arua Airfield,3.022727728757243,30.902049741391995,1791024300000,2026-10-03T10:45:00+00:00,2026-10-03T13:45:00+03:00,28.36,0.0,786.5721,67.68,11.45342,20.19379,,,2026-10-03T10:52:55Z,2026-10-03T11:02:15Z,0
31495,518862,Kapchorwa SipiTC,1.2267354469379133,34.365906405123326,1791024300000,2026-10-03T10:45:00+00:00,2026-10-03T13:45:00+03:00,26.42,0.0,6.744488,38.28,5.081254,7.388418,,,2026-10-03T10:52:55Z,2026-10-03T11:02:15Z,0
31712,518846,Sironko SironkoTC,1.2330289483318788,34.24436423053502,1791024300000,2026-10-03T10:45:00+00:00,2026-10-03T13:45:00+03:00,30.04,0.0,94.33127,43.85,5.889983,8.578623,,,2026-10-03T10:52:55Z,2026-10-03T11:02:15Z,0
31809,518861,Bulambuli Bulegeni NARO,1.2990504672186247,34.322697246680406,1791024300000,2026-10-03T10:45:00+00:00,2026-10-03T13:45:00+03:00,27.77,0.0,7.32433,48.35,10.73625,15.88464,,,2026-10-03T11:02:15Z,2026-10-03T11:02:15Z,0
32252,518843,Isingiro KabuyandaTC,-0.9482535956706091,30.623306857245286,1791024300000,2026-10-03T10:45:00+00:00,2026-10-03T13:45:00+03:00,24.68,0.0,7.904173,57.06,11.10552,20.39216,,,2026-10-03T11:02:15Z,2026-10-03T11:02:15Z,0
33816,512617,Buyende Kidera1,1.1427018347181084,33.27926712214954,1791024300000,2026-10-03T10:45:00+00:00,2026-10-03T13:45:00+03:00,31.98901,0.0,879.6216,49.06538,0.0,0.0,,,2026-10-03T11:02:15Z,2026-10-03T11:02:15Z,0
28133,514567,Rukiga RwamuchuchuSC,-1.147093805481443,30.065473322928664,1791024600000,2026-10-03T10:50:00+00:00,2026-10-03T13:50:00+03:00,25.0,0.0,195.5291,51.66,7.031357,9.512474,,,2026-10-03T10:52:55Z,2026-10-03T11:02:15Z,0
28247,853287,KaberamaidoTC,1.3267002801667445,33.24551213582627,1791024600000,2026-10-03T10:50:00+00:00,2026-10-03T13:50:00+03:00,32.10651,0.0,967.2999,42.32242,11.41375,19.08293,,,2026-10-03T11:02:15Z,2026-10-03T11:17:15Z,0
30820,518844,Kanungu MatandaHCIII,-0.6465365596528061,29.742748867338342,1791024600000,2026-10-03T10:50:00+00:00,2026-10-03T13:50:00+03:00,29.48,0.0,10.3151,52.2,4.263371,6.405737,,,2026-10-03T10:52:55Z,2026-10-03T11:02:15Z,1
12322,853288,Mukono MpomaNARO,0.4283966588777295,32.76213604190826,1791025200000,2026-10-03T11:00:00+00:00,2026-10-03T14:00:00+03:00,28.52979,0.6,61.43282,65.17587,1.985809,,,,2026-10-03T11:17:15Z,2026-10-03T11:32:16Z,0
14926,45633,NARO NaFIRRI,1.2369277861017918,34.56704375600076,1791025200000,2026-10-03T11:00:00+00:00,2026-10-03T14:00:00+03:00,-39.87182,0.0,538.2467,0.1052873,3.875792,6.259251,,temp_sensor_suspect,2026-10-03T11:17:15Z,2026-10-03T11:17:15Z,0
18675,511038,Bushenyi KyamuhungaTC,-0.43140075953825036,30.06284619401695,1791025200000,2026-10-03T11:00:00+00:00,2026-10-03T14:00:00+03:00,25.28,0.0,885.8473,76.45,6.24094,10.02823,,,2026-10-03T11:17:15Z,2026-10-03T11:17:15Z,0
19036,511025,Kumi Mukongoro,1.3213023670796662,33.886075111016034,1791025200000,2026-10-03T11:00:00+00:00,2026-10-03T14:00:00+03:00,32.91,0.0,24.65858,46.92,9.585717,13.55306,,,2026-10-03T11:17:15Z,2026-10-03T11:17:15Z,0
19216,511040,Ngora Kobwin,1.3996404514823648,33.746259878723855,1791025200000,2026-10-03T11:00:00+00:00,2026-10-03T14:00:00+03:00,33.59,0.0,844.7394,37.52,7.443351,23.88952,,,2026-10-03T11:17:15Z,2026-10-03T11:32:16Z,0
19410,511043,Rubanda KarengyereNARO,-1.500172417819356,29.80055712733001,1791025200000,2026-10-03T11:00:00+00:00,2026-10-03T14:00:00+03:00,18.33,0.0,204.1352,76.47,15.93179,,,,2026-10-03T11:17:15Z,2026-10-03T11:17:15Z,0
19560,511036,Rukungiri RukungiriTC,-0.7824612451972481,29.919168920717752,1791025200000,2026-10-03T11:00:00+00:00,2026-10-03T14:00:00+03:00,24.44,0.0,475.288,71.07,10.29572,,,,2026-10-03T11:17:15Z,2026-10-03T11:17:15Z,0
19644,511034,Ntungamo RukoneEast,-0.9026492749586166,30.53713188060457,1791025200000,2026-10-03T11:00:00+00:00,2026-10-03T14:00:00+03:00,27.94,0.0,523.8422,61.32,16.01419,,,,2026-10-03T11:17:15Z,2026-10-03T11:17:15Z,0
19689,511063,Isingiro Mbaale SC,-0.8229276501909935,30.80641202589177,1791025200000,2026-10-03T11:00:00+00:00,2026-10-03T14:00:00+03:00,21.29,0.0,221.9883,83.36,13.08919,22.77562,,,2026-10-03T11:17:15Z,2026-10-03T11:17:15Z,0
19913,512648,Rubanda Kachwekano,-1.2492907374261277,29.94650239241936,1791025200000,2026-10-03T11:00:00+00:00,2026-10-03T14:00:00+03:00,22.25986,0.0,430.7927,57.51736,9.839018,14.59068,,,2026-10-03T11:17:15Z,2026-10-03T11:17:15Z,0
20513,512647,Kitgum2 KitgumMC,3.329416943369524,33.176767183806454,1791025200000,2026-10-03T11:00:00+00:00,2026-10-03T14:00:00+03:00,33.35,0.0,508.0034,42.1,7.498283,,,,2026-10-03T11:02:15Z,2026-10-03T11:02:15Z,0
21602,44434,Mbarara NARO,-0.33912497379417256,30.53875374336554,1791025200000,2026-10-03T11:00:00+00:00,2026-10-03T14:00:00+03:00,26.23,0.0,373.6935,72.25,5.535974,10.9102,,,2026-10-03T11:17:15Z,2026-10-03T11:17:15Z,0
22494,511046,Bukedea BukedeaTC,1.344383477320109,34.65405915348999,1791025200000,2026-10-03T11:00:00+00:00,2026-10-03T14:00:00+03:00,32.88,0.0,394.5678,33.42,13.14107,18.16434,,,2026-10-03T11:02:15Z,2026-10-03T11:17:15Z,1
22531,514574,Ntungamo NtungamoTC,-0.8743084927533056,30.25887027699915,1791025200000,2026-10-03T11:00:00+00:00,2026-10-03T14:00:00+03:00,23.04,0.0,266.0258,79.97,4.507515,,,,2026-10-03T11:17:15Z,2026-10-03T11:17:15Z,0
23068,44186,Hoima Bulindi,1.4649547824354439,31.438459956597924,1791025200000,2026-10-03T11:00:00+00:00,2026-10-03T14:00:00+03:00,30.09995,0.0,660.8377,58.45274,11.07439,,,,2026-10-03T11:17:15Z,2026-10-03T11:17:15Z,0
24597,511024,Kanungu KirimaSC,-0.8665190597972187,29.750001331073445,1791025200000,2026-10-03T11:00:00+00:00,2026-10-03T14:00:00+03:00,26.11,0.0,724.1627,80.99,6.27451,9.475853,,,2026-10-03T11:17:15Z,2026-10-03T11:17:15Z,0
25858,860733,Masindi MasindiMC,1.6873183106449883,31.720847713796427,1791025200000,2026-10-03T11:00:00+00:00,2026-10-03T14:00:00+03:00,29.62,0.0,646.3722,71.34,6.552224,,,,2026-10-03T11:02:15Z,2026-10-03T11:17:15Z,0
26314,511026,Buhweju BuhwejuTC,-0.36217852027400727,30.438745738821645,1791025200000,2026-10-03T11:00:00+00:00,2026-10-03T14:00:00+03:00,25.48104,0.0,9.246967,57.19692,9.240864,,,,2026-10-03T11:17:15Z,2026-10-03T11:17:15Z,0
26350,516055,Bushenyi PIBID2,-0.34476582916148607,30.12697463332902,1791025200000,2026-10-03T11:00:00+00:00,2026-10-03T14:00:00+03:00,21.19,0.0,636.2097,60.84,12.19501,15.62524,,,2026-10-03T11:17:15Z,2026-10-03T11:17:15Z,0
26371,514572,EntebbeCity NMTS,0.002068145970468316,32.47029039760271,1791025200000,2026-10-03T11:00:00+00:00,2026-10-03T14:00:00+03:00,25.98,0.0,0.0,71.65,3.909361,5.130083,,,2026-10-03T11:17:15Z,2026-10-03T11:17:15Z,0
26934,863098,Kampala LubigiNWSC,0.3440953682915257,32.54509647954191,1791025200000,2026-10-03T11:00:00+00:00,2026-10-03T14:00:00+03:00,29.66201,0.0,5.828947,56.70863,4.806592,8.371099,,,2026-10-03T11:17:15Z,2026-10-03T11:17:15Z,0
27204,515136,Kirihura MburoNP,-0.32644602379535037,30.558912625750658,1791025200000,2026-10-03T11:00:00+00:00,2026-10-03T14:00:00+03:00,,0.2,0.0,,0.0,0.265507,t_air_c;rh_pct,,2026-10-03T11:02:15Z,2026-10-03T11:17:15Z,0
27429,853290,Tororo MoroTC,1.347804683283513,33.56157669447344,1791025200000,2026-10-03T11:00:00+00:00,2026-10-03T14:00:00+03:00,31.85,0.0,970.84,50.62,8.160525,12.88777,,,2026-10-03T11:17:15Z,2026-10-03T11:17:15Z,0
27592,514557,Kampala MakerereUnv3,0.33461539452981,32.571512848339765,1791025200000,2026-10-03T11:00:00+00:00,2026-10-03T14:00:00+03:00,28.25,0.0,199.4659,54.99,3.262379,5.673304,,,2026-10-03T11:02:15Z,2026-10-03T11:17:15Z,0
27630,514559,Gulu Airfield2,2.3315839569642756,32.403314261884674,1791025200000,2026-10-03T11:00:00+00:00,2026-10-03T14:00:00+03:00,31.47,0.0,960.1282,41.17,9.01503,,,,2026-10-03T11:17:15Z,2026-10-03T11:17:15Z,0
27771,853292,Palisa PallisaTC2,1.2019752388359248,33.32467996636534,1791025200000,2026-10-03T11:00:00+00:00,2026-10-03T14:00:00+03:00,33.92,0.0,940.0778,46.23,0.0,,,,2026-10-03T11:17:15Z,2026-10-03T11:17:15Z,0
28282,49381,Amolatar NamasaleHCIII2,1.890942556037648,33.03500809176537,1791025200000,2026-10-03T11:00:00+00:00,2026-10-03T14:00:00+03:00,31.74,0.0,946.3035,54.78,15.57336,22.45213,,,2026-10-03T11:17:15Z,2026-10-03T11:17:15Z,0
28835,518279,Karenga KidepoAirfield,3.433006937417964,33.45274286601015,1791025200000,2026-10-03T11:00:00+00:00,2026-10-03T14:00:00+03:00,33.2,0.0,829.1143,27.44,12.3415,,,,2026-10-03T11:17:15Z,2026-10-03T11:17:15Z,0
29036,514566,Nabilatuk Nabuin ZARDI,1.716485049322414,34.51313788762028,1791025200000,2026-10-03T11:00:00+00:00,2026-10-03T14:00:00+03:00,32.33,0.0,5.554284,24.06,27.39757,,,,2026-10-03T11:17:15Z,2026-10-03T11:17:15Z,0
29180,517853,Moroto RupaSC,2.582841223352566,34.66924742947938,1791025200000,2026-10-03T11:00:00+00:00,2026-10-03T14:00:00+03:00,33.01,0.0,852.613,24.7,16.63844,30.48447,,,2026-10-03T11:17:15Z,2026-10-03T11:17:15Z,0
29306,514576,Butaleja ButalejaTC,0.6919682458015968,34.09885656329347,1791025200000,2026-10-03T11:00:00+00:00,2026-10-03T14:00:00+03:00,31.62,0.0,890.6996,55.07,0.6962692,,,,2026-10-03T11:17:15Z,2026-10-03T11:17:15Z,0
29347,862041,Kabale KabaleMC,-1.2542908115437144,29.987880749577656,1791025200000,2026-10-03T11:00:00+00:00,2026-10-03T14:00:00+03:00,25.49,0.0,595.8343,48.43,1.91989,,,,2026-10-03T11:17:15Z,2026-10-03T11:17:15Z,0
29366,860740,Kasese Airfield,0.16776145042270435,30.06946870555926,1791025200000,2026-10-03T11:00:00+00:00,2026-10-03T14:00:00+03:00,30.58,0.0,950.1488,50.91,9.525292,,,,2026-10-03T11:17:15Z,2026-10-03T11:17:15Z,0
29407,860737,Soroti Airfield,1.7125019696651427,33.60989885031907,1791025200000,2026-10-03T11:00:00+00:00,2026-10-03T14:00:00+03:00,31.1,0.0,926.5888,68.52,1.211261,,,,2026-10-03T11:17:15Z,2026-10-03T11:17:15Z,0
29497,514558,Bulisa ButiabaHydro,2.1126939171888264,31.436768666464783,1791025200000,2026-10-03T11:00:00+00:00,2026-10-03T14:00:00+03:00,32.18,0.0,988.5099,62.06,8.98146,,,,2026-10-03T11:17:15Z,2026-10-03T11:17:15Z,0
29529,514573,Bundibugyo BundibugyoTC,0.8026268481642997,30.27578425237216,1791025200000,2026-10-03T11:00:00+00:00,2026-10-03T14:00:00+03:00,28.64,0.0,6.042573,62.55,7.312887,,,,2026-10-03T11:17:15Z,2026-10-03T11:17:15Z,0
29561,514560,Kikuube Hoima Airport,1.4920191900781956,31.31796244549898,1791025200000,2026-10-03T11:00:00+00:00,2026-10-03T14:00:00+03:00,28.41,0.0,19.77569,73.2,15.3138,,,,2026-10-03T11:17:15Z,2026-10-03T11:17:15Z,0
29593,514561,Pallisa KasodoSC,1.2320044388064466,33.6019957700963,1791025200000,2026-10-03T11:00:00+00:00,2026-10-03T14:00:00+03:00,32.04,0.0,949.0197,54.57,7.650721,,,,2026-10-03T11:17:15Z,2026-10-03T11:17:15Z,0
29756,862010,Nakasongola KalungiSC,1.2852342933913012,32.662599686414936,1791025200000,2026-10-03T11:00:00+00:00,2026-10-03T14:00:00+03:00,33.07393,0.0,828.9922,41.67849,13.62631,19.09209,,,2026-10-03T11:17:15Z,2026-10-03T11:17:15Z,0
29787,862013,Kamuli Namasagali,1.0190806821802028,32.949594981070824,1791025200000,2026-10-03T11:00:00+00:00,2026-10-03T14:00:00+03:00,32.33,0.0,947.1886,58.9,4.184024,5.453575,,,2026-10-03T11:17:15Z,2026-10-03T11:17:15Z,0
29932,514577,Namutumba NamutumbaTC2,1.9758008082349363,33.56106699819666,1791025200000,2026-10-03T11:00:00+00:00,2026-10-03T14:00:00+03:00,31.61,0.0,974.0444,52.53,0.0,0.5035477,,,2026-10-03T11:17:15Z,2026-10-03T11:17:15Z,0
30033,45670,Apac ApacTC,1.9892647841094635,32.531624149345156,1791025200000,2026-10-03T11:00:00+00:00,2026-10-03T14:00:00+03:00,32.76,0.0,0.0,55.99,0.0,0.0,,,2026-10-03T11:17:15Z,2026-10-03T11:17:15Z,0
30143,860494,Lira NARONgetta,2.1557054334938868,32.88785061975556,1791025200000,2026-10-03T11:00:00+00:00,2026-10-03T14:00:00+03:00,31.24,0.0,866.804,48.14,11.85306,,,,2026-10-03T11:17:15Z,2026-10-03T11:17:15Z,0
30220,45708,Dokolo DokoloTC,1.914993229491238,33.176049575854904,1791025200000,2026-10-03T11:00:00+00:00,2026-10-03T14:00:00+03:00,33.0312,0.0,795.8801,41.18715,7.893797,18.74159,,,2026-10-03T11:17:15Z,2026-10-03T11:17:15Z,0
30252,49521,Kyenjojo KyenjojoMC,0.6130612575199993,30.641008786833954,1791025200000,2026-10-03T11:00:00+00:00,2026-10-03T14:00:00+03:00,28.27802,0.0,658.5794,30.9514,7.687495,13.40963,,,2026-10-03T11:32:16Z,2026-10-03T11:32:16Z,0
30283,514568,Kampala KyambogoUnv2,0.3228582483254613,32.59455916940114,1791025200000,2026-10-03T11:00:00+00:00,2026-10-03T14:00:00+03:00,30.79,0.0,891.9203,53.33,8.388189,15.02541,,,2026-10-03T11:17:15Z,2026-10-03T11:17:15Z,0
30316,860746,Mayuge IkulweNARO,0.4388712184461232,33.476196856980515,1791025200000,2026-10-03T11:00:00+00:00,2026-10-03T14:00:00+03:00,,0.0,33.56985,,7.910277,,t_air_c;rh_pct,,2026-10-03T11:17:15Z,2026-10-03T11:17:15Z,0
30381,45666,Mukono NtawoNARO,0.37885800528124053,32.7292665823493,1791025200000,2026-10-03T11:00:00+00:00,2026-10-03T14:00:00+03:00,29.94125,0.0,317.5403,65.87015,10.84306,14.83482,,,2026-10-03T11:17:15Z,2026-10-03T11:17:15Z,0
30411,45716,Lwengo KamenyamigoNARO,-0.28429808513865706,31.664636340132986,1791025200000,2026-10-03T11:00:00+00:00,2026-10-03T14:00:00+03:00,25.63,0.0,426.8254,61.36,23.42565,28.18036,,,2026-10-03T11:17:15Z,2026-10-03T11:17:15Z,0
30600,514575,Buvuma BuvumaCollege,0.20227217732623182,33.298299581212675,1791025200000,2026-10-03T11:00:00+00:00,2026-10-03T14:00:00+03:00,30.55,0.0,902.8458,45.87,9.179217,,,,2026-10-03T11:17:15Z,2026-10-03T11:17:15Z,0
30757,860735,Arua Airfield,3.022727728757243,30.902049741391995,1791025200000,2026-10-03T11:00:00+00:00,2026-10-03T14:00:00+03:00,28.2,0.0,856.733,67.52,11.57244,16.02502,,,2026-10-03T11:17:15Z,2026-10-03T11:17:15Z,0
30820,518844,Kanungu MatandaHCIII,-0.6465365596528061,29.742748867338342,1791025200000,2026-10-03T11:00:00+00:00,2026-10-03T14:00:00+03:00,28.78,0.0,8.941787,53.59,7.598993,10.62943,,,2026-10-03T11:17:15Z,2026-10-03T11:17:15Z,0
31495,518862,Kapchorwa SipiTC,1.2267354469379133,34.365906405123326,1791025200000,2026-10-03T11:00:00+00:00,2026-10-03T14:00:00+03:00,25.04,0.0,7.202259,53.72,5.593957,8.200198,,,2026-10-03T11:17:15Z,2026-10-03T11:17:15Z,0
31567,518860,Bulambuli Bunambutye HCIII,1.456486355349107,34.36072118430061,1791025200000,2026-10-03T11:00:00+00:00,2026-10-03T14:00:00+03:00,36.72,0.0,16.96803,17.0,13.0251,16.28748,,,2026-10-03T14:47:15Z,2026-10-03T15:02:15Z,1
31712,518846,Sironko SironkoTC,1.2330289483318788,34.24436423053502,1791025200000,2026-10-03T11:00:00+00:00,2026-10-03T14:00:00+03:00,29.84,0.0,94.39231,46.68,5.658045,7.568475,,,2026-10-03T11:17:15Z,2026-10-03T11:17:15Z,0
31809,518861,Bulambuli Bulegeni NARO,1.2990504672186247,34.322697246680406,1791025200000,2026-10-03T11:00:00+00:00,2026-10-03T14:00:00+03:00,27.4,0.0,7.080186,50.09,10.53788,15.07897,,,2026-10-03T11:17:15Z,2026-10-03T11:17:15Z,0
32252,518843,Isingiro KabuyandaTC,-0.9482535956706091,30.623306857245286,1791025200000,2026-10-03T11:00:00+00:00,2026-10-03T14:00:00+03:00,23.47,0.0,5.157549,61.47,11.61212,16.51026,,,2026-10-03T11:17:15Z,2026-10-03T11:17:15Z,0
33816,512617,Buyende Kidera1,1.1427018347181084,33.27926712214954,1791025200000,2026-10-03T11:00:00+00:00,2026-10-03T14:00:00+03:00,31.76013,0.0,849.7139,51.68688,2.288853,17.71572,,,2026-10-03T11:17:15Z,2026-10-03T11:17:15Z,0
28133,514567,Rukiga RwamuchuchuSC,-1.147093805481443,30.065473322928664,1791025800000,2026-10-03T11:10:00+00:00,2026-10-03T14:10:00+03:00,25.42,0.0,189.8833,50.13,7.196155,9.314107,,,2026-10-03T11:17:15Z,2026-10-03T11:17:15Z,0
28210,514564,Kiryandongo KiryandongoSF,-1.338837687838001,30.43596025320078,1791025800000,2026-10-03T11:10:00+00:00,2026-10-03T14:10:00+03:00,32.92,0.0,1042.618,35.76,10.6569,17.45632,,,2026-10-03T13:55:03Z,2026-10-03T15:47:15Z,0
31441,518845,Kapchorwa KapchorwaTC,1.3911330664844062,34.44711975629734,1791025800000,2026-10-03T11:10:00+00:00,2026-10-03T14:10:00+03:00,,0.0,,,0.5157549,0.5432212,t_air_c;rh_pct,,2026-10-03T11:32:16Z,2026-10-03T11:32:16Z,0
14926,45633,NARO NaFIRRI,1.2369277861017918,34.56704375600076,1791026100000,2026-10-03T11:15:00+00:00,2026-10-03T14:15:00+03:00,-39.86877,0.0,78.49241,0.1052873,5.279622,7.251087,,temp_sensor_suspect,2026-10-03T11:32:16Z,2026-10-03T11:32:16Z,0
18675,511038,Bushenyi KyamuhungaTC,-0.43140075953825036,30.06284619401695,1791026100000,2026-10-03T11:15:00+00:00,2026-10-03T14:15:00+03:00,25.27,0.0,950.4235,76.67,8.654918,12.23468,,,2026-10-03T11:32:16Z,2026-10-03T11:32:16Z,0
19036,511025,Kumi Mukongoro,1.3213023670796662,33.886075111016034,1791026100000,2026-10-03T11:15:00+00:00,2026-10-03T14:15:00+03:00,33.43,0.0,25.14687,44.99,8.969254,15.84192,,,2026-10-03T11:32:16Z,2026-10-03T11:32:16Z,0
19410,511043,Rubanda KarengyereNARO,-1.500172417819356,29.80055712733001,1791026100000,2026-10-03T11:15:00+00:00,2026-10-03T14:15:00+03:00,18.18,0.0,192.4773,76.78,18.13184,,,,2026-10-03T11:32:16Z,2026-10-03T11:32:16Z,0
19560,511036,Rukungiri RukungiriTC,-0.7824612451972481,29.919168920717752,1791026100000,2026-10-03T11:15:00+00:00,2026-10-03T14:15:00+03:00,25.7,0.0,653.1166,68.61,11.96841,,,,2026-10-03T11:32:16Z,2026-10-03T11:32:16Z,0
19644,511034,Ntungamo RukoneEast,-0.9026492749586166,30.53713188060457,1791026100000,2026-10-03T11:15:00+00:00,2026-10-03T14:15:00+03:00,27.18,0.0,603.769,65.63,29.11147,,,,2026-10-03T11:32:16Z,2026-10-03T11:32:16Z,0
19689,511063,Isingiro Mbaale SC,-0.8229276501909935,30.80641202589177,1791026100000,2026-10-03T11:15:00+00:00,2026-10-03T14:15:00+03:00,21.74,0.0,218.4482,82.08,7.278553,11.49615,,,2026-10-03T11:32:16Z,2026-10-03T11:32:16Z,0
19913,512648,Rubanda Kachwekano,-1.2492907374261277,29.94650239241936,1791026100000,2026-10-03T11:15:00+00:00,2026-10-03T14:15:00+03:00,23.36919,0.0,526.9551,56.99702,7.901121,15.19493,,,2026-10-03T11:32:16Z,2026-10-03T11:32:16Z,0
20513,512647,Kitgum2 KitgumMC,3.329416943369524,33.176767183806454,1791026100000,2026-10-03T11:15:00+00:00,2026-10-03T14:15:00+03:00,33.34,0.0,828.5344,41.75,7.718014,,,,2026-10-03T11:17:15Z,2026-10-03T11:32:16Z,0
21602,44434,Mbarara NARO,-0.33912497379417256,30.53875374336554,1791026100000,2026-10-03T11:15:00+00:00,2026-10-03T14:15:00+03:00,26.39,0.0,477.2412,72.57,7.333486,14.89586,,,2026-10-03T11:32:16Z,2026-10-03T11:32:16Z,0
22494,511046,Bukedea BukedeaTC,1.344383477320109,34.65405915348999,1791026100000,2026-10-03T11:15:00+00:00,2026-10-03T14:15:00+03:00,33.02,0.0,426.215,35.06,10.1442,17.56924,,,2026-10-03T11:32:16Z,2026-10-03T11:32:16Z,0
22531,514574,Ntungamo NtungamoTC,-0.8743084927533056,30.25887027699915,1791026100000,2026-10-03T11:15:00+00:00,2026-10-03T14:15:00+03:00,24.62,0.0,321.5381,71.46,4.690623,,,,2026-10-03T11:32:16Z,2026-10-03T11:32:16Z,0
23068,44186,Hoima Bulindi,1.4649547824354439,31.438459956597924,1791026100000,2026-10-03T11:15:00+00:00,2026-10-03T14:15:00+03:00,29.92905,0.0,414.1299,57.6791,10.25864,,,,2026-10-03T11:32:16Z,2026-10-03T11:32:16Z,0
23570,860744,Kabarole KyembogoNARO,0.7373272793620456,30.378182216821177,1791026100000,2026-10-03T11:15:00+00:00,2026-10-03T14:15:00+03:00,25.07668,0.0,1099.596,85.47341,13.27031,19.14122,,,2026-10-03T11:17:15Z,2026-10-03T11:32:16Z,1
24597,511024,Kanungu KirimaSC,-0.8665190597972187,29.750001331073445,1791026100000,2026-10-03T11:15:00+00:00,2026-10-03T14:15:00+03:00,26.79,0.0,628.6717,74.5,9.921416,18.33524,,,2026-10-03T11:32:16Z,2026-10-03T11:32:16Z,0
25494,45719,Wakiso KawandaNARO,0.5757356735589316,32.2094519796799,1791026100000,2026-10-03T11:15:00+00:00,2026-10-03T14:15:00+03:00,30.29679,0.0,186.1295,53.56069,3.374228,,,,2026-10-03T11:32:16Z,2026-10-03T11:32:16Z,0
25858,860733,Masindi MasindiMC,1.6873183106449883,31.720847713796427,1791026100000,2026-10-03T11:15:00+00:00,2026-10-03T14:15:00+03:00,29.55,0.0,776.4095,69.54,8.719005,,,,2026-10-03T11:32:16Z,2026-10-03T11:32:16Z,0
26314,511026,Buhweju BuhwejuTC,-0.36217852027400727,30.438745738821645,1791026100000,2026-10-03T11:15:00+00:00,2026-10-03T14:15:00+03:00,26.45609,0.0,9.246967,55.96857,9.283589,,,,2026-10-03T11:32:16Z,2026-10-03T11:32:16Z,0
26350,516055,Bushenyi PIBID2,-0.34476582916148607,30.12697463332902,1791026100000,2026-10-03T11:15:00+00:00,2026-10-03T14:15:00+03:00,21.53,0.0,840.7722,61.83,11.55108,15.58251,,,2026-10-03T11:32:16Z,2026-10-03T11:32:16Z,0
27204,515136,Kirihura MburoNP,-0.32644602379535037,30.558912625750658,1791026100000,2026-10-03T11:15:00+00:00,2026-10-03T14:15:00+03:00,,1.4,0.0,,0.0,0.1922637,t_air_c;rh_pct,,2026-10-03T11:32:16Z,2026-10-03T11:32:16Z,0
27429,853290,Tororo MoroTC,1.347804683283513,33.56157669447344,1791026100000,2026-10-03T11:15:00+00:00,2026-10-03T14:15:00+03:00,32.03,0.0,943.9231,49.93,7.531853,11.52972,,,2026-10-03T11:32:16Z,2026-10-03T11:32:16Z,0
27592,514557,Kampala MakerereUnv3,0.33461539452981,32.571512848339765,1791026100000,2026-10-03T11:15:00+00:00,2026-10-03T14:15:00+03:00,29.17,0.0,578.1949,53.59,4.959182,11.71588,,,2026-10-03T11:32:16Z,2026-10-03T11:32:16Z,0
27651,514554,Lamwo LamwoTC,3.5293008898067413,32.800069272228264,1791026100000,2026-10-03T11:15:00+00:00,2026-10-03T14:15:00+03:00,31.81,0.0,703.9292,42.98,7.504387,10.5684,,,2026-10-03T11:17:15Z,2026-10-03T11:32:16Z,1
27771,853292,Palisa PallisaTC2,1.2019752388359248,33.32467996636534,1791026100000,2026-10-03T11:15:00+00:00,2026-10-03T14:15:00+03:00,33.88,0.0,940.0778,46.23,0.3051804,,,,2026-10-03T11:32:16Z,2026-10-03T11:32:16Z,0
28282,49381,Amolatar NamasaleHCIII2,1.890942556037648,33.03500809176537,1791026100000,2026-10-03T11:15:00+00:00,2026-10-03T14:15:00+03:00,31.57,0.0,924.0558,55.23,11.78912,19.16838,,,2026-10-03T11:32:16Z,2026-10-03T11:32:16Z,0
28835,518279,Karenga KidepoAirfield,3.433006937417964,33.45274286601015,1791026100000,2026-10-03T11:15:00+00:00,2026-10-03T14:15:00+03:00,33.64,0.0,868.5435,25.53,11.20928,,,,2026-10-03T11:32:16Z,2026-10-03T11:32:16Z,0
29036,514566,Nabilatuk Nabuin ZARDI,1.716485049322414,34.51313788762028,1791026100000,2026-10-03T11:15:00+00:00,2026-10-03T14:15:00+03:00,32.9,0.0,5.676356,24.07,24.27466,,,,2026-10-03T11:32:16Z,2026-10-03T11:32:16Z,0
29180,517853,Moroto RupaSC,2.582841223352566,34.66924742947938,1791026100000,2026-10-03T11:15:00+00:00,2026-10-03T14:15:00+03:00,32.17,0.0,826.7643,25.64,14.70054,23.39513,,,2026-10-03T11:32:16Z,2026-10-03T11:32:16Z,0
29306,514576,Butaleja ButalejaTC,0.6919682458015968,34.09885656329347,1791026100000,2026-10-03T11:15:00+00:00,2026-10-03T14:15:00+03:00,32.36,0.0,847.9438,51.09,0.6921492,,,,2026-10-03T11:32:16Z,2026-10-03T11:32:16Z,0
29347,862041,Kabale KabaleMC,-1.2542908115437144,29.987880749577656,1791026100000,2026-10-03T11:15:00+00:00,2026-10-03T14:15:00+03:00,25.68,0.0,530.4341,47.38,1.94461,,,,2026-10-03T11:32:16Z,2026-10-03T11:32:16Z,0
29366,860740,Kasese Airfield,0.16776145042270435,30.06946870555926,1791026100000,2026-10-03T11:15:00+00:00,2026-10-03T14:15:00+03:00,30.73,0.0,509.7734,53.37,3.89334,,,,2026-10-03T11:32:16Z,2026-10-03T11:32:16Z,0
29407,860737,Soroti Airfield,1.7125019696651427,33.60989885031907,1791026100000,2026-10-03T11:15:00+00:00,2026-10-03T14:15:00+03:00,31.18,0.0,907.9728,68.26,10.30396,,,,2026-10-03T11:32:16Z,2026-10-03T11:32:16Z,0
29497,514558,Bulisa ButiabaHydro,2.1126939171888264,31.436768666464783,1791026100000,2026-10-03T11:15:00+00:00,2026-10-03T14:15:00+03:00,32.42,0.0,983.9627,63.1,8.936141,,,,2026-10-03T11:32:16Z,2026-10-03T11:32:16Z,0
29529,514573,Bundibugyo BundibugyoTC,0.8026268481642997,30.27578425237216,1791026100000,2026-10-03T11:15:00+00:00,2026-10-03T14:15:00+03:00,28.61,0.0,5.828947,62.96,7.436484,,,,2026-10-03T11:32:16Z,2026-10-03T11:32:16Z,0
29561,514560,Kikuube Hoima Airport,1.4920191900781956,31.31796244549898,1791026100000,2026-10-03T11:15:00+00:00,2026-10-03T14:15:00+03:00,28.39,0.0,21.05745,67.58,17.34493,,,,2026-10-03T11:32:16Z,2026-10-03T11:32:16Z,0
29593,514561,Pallisa KasodoSC,1.2320044388064466,33.6019957700963,1791026100000,2026-10-03T11:15:00+00:00,2026-10-03T14:15:00+03:00,32.52,0.0,924.7272,51.91,6.727855,,,,2026-10-03T11:32:16Z,2026-10-03T11:32:16Z,0
29756,862010,Nakasongola KalungiSC,1.2852342933913012,32.662599686414936,1791026100000,2026-10-03T11:15:00+00:00,2026-10-03T14:15:00+03:00,33.47829,0.0,809.5522,40.57069,13.51339,23.32494,,,2026-10-03T11:32:16Z,2026-10-03T11:32:16Z,0
29787,862013,Kamuli Namasagali,1.0190806821802028,32.949594981070824,1791026100000,2026-10-03T11:15:00+00:00,2026-10-03T14:15:00+03:00,32.65,0.0,921.767,55.72,5.673304,8.572518,,,2026-10-03T11:32:16Z,2026-10-03T11:32:16Z,0
29823,860732,Kotido KotidoTC,3.007038604042491,34.10733499015392,1791026100000,2026-10-03T11:15:00+00:00,2026-10-03T14:15:00+03:00,33.8,0.0,904.1276,38.6,0.0,0.0,,,2026-10-03T11:32:16Z,2026-10-03T11:32:16Z,0
29932,514577,Namutumba NamutumbaTC2,1.9758008082349363,33.56106699819666,1791026100000,2026-10-03T11:15:00+00:00,2026-10-03T14:15:00+03:00,31.43,0.0,234.1649,52.17,0.0,0.5127031,,,2026-10-03T11:32:16Z,2026-10-03T11:32:16Z,0
30001,860741,Mbarara MbararaMC,-0.6104058469568668,30.637128687200217,1791026100000,2026-10-03T11:15:00+00:00,2026-10-03T14:15:00+03:00,26.29,0.0,563.4547,65.75,18.45319,33.31792,,,2026-10-03T11:17:15Z,2026-10-03T11:32:16Z,0
30033,45670,Apac ApacTC,1.9892647841094635,32.531624149345156,1791026100000,2026-10-03T11:15:00+00:00,2026-10-03T14:15:00+03:00,33.19,0.0,0.0,54.21,0.0,0.0,,,2026-10-03T11:32:16Z,2026-10-03T11:32:16Z,0
30066,49455,Kayunga DistrictAdmin,0.7203001611290255,32.893290564677095,1791026100000,2026-10-03T11:15:00+00:00,2026-10-03T14:15:00+03:00,32.86031,0.0,220.6149,44.7715,165.3193,,,wind_sensor_suspect,2026-10-03T11:32:16Z,2026-10-03T11:32:16Z,0
30143,860494,Lira NARONgetta,2.1557054334938868,32.88785061975556,1791026100000,2026-10-03T11:15:00+00:00,2026-10-03T14:15:00+03:00,31.2,0.0,798.6877,47.76,11.97253,,,,2026-10-03T11:32:16Z,2026-10-03T11:32:16Z,0
30220,45708,Dokolo DokoloTC,1.914993229491238,33.176049575854904,1791026100000,2026-10-03T11:15:00+00:00,2026-10-03T14:15:00+03:00,33.06935,0.0,776.1654,41.44503,8.070954,14.10254,,,2026-10-03T11:32:16Z,2026-10-03T11:32:16Z,0
30283,514568,Kampala KyambogoUnv2,0.3228582483254613,32.59455916940114,1791026100000,2026-10-03T11:15:00+00:00,2026-10-03T14:15:00+03:00,29.48,0.0,674.7234,56.22,9.545892,15.04189,,,2026-10-03T11:32:16Z,2026-10-03T11:32:16Z,0
30316,860746,Mayuge IkulweNARO,0.4388712184461232,33.476196856980515,1791026100000,2026-10-03T11:15:00+00:00,2026-10-03T14:15:00+03:00,,0.0,34.11917,,9.311055,,t_air_c;rh_pct,,2026-10-03T11:32:16Z,2026-10-03T11:32:16Z,0
30347,860738,Bulambuli BuginyanyaNARO,1.2292008829492236,34.512188495373756,1791026100000,2026-10-03T11:15:00+00:00,2026-10-03T14:15:00+03:00,24.92,0.0,43.54925,74.16,0.03295949,,,,2026-10-03T11:32:16Z,2026-10-03T11:32:16Z,0
30381,45666,Mukono NtawoNARO,0.37885800528124053,32.7292665823493,1791026100000,2026-10-03T11:15:00+00:00,2026-10-03T14:15:00+03:00,29.38583,0.0,126.6194,65.28725,6.555276,10.55009,,,2026-10-03T11:32:16Z,2026-10-03T11:32:16Z,0
30411,45716,Lwengo KamenyamigoNARO,-0.28429808513865706,31.664636340132986,1791026100000,2026-10-03T11:15:00+00:00,2026-10-03T14:15:00+03:00,27.93,0.0,970.962,54.91,23.56603,29.36751,,,2026-10-03T11:32:16Z,2026-10-03T11:32:16Z,0
30476,518276,Moroto Airfield,2.499539862843011,34.60336771655714,1791026100000,2026-10-03T11:15:00+00:00,2026-10-03T14:15:00+03:00,31.8,0.0,382.0249,24.98,29.51934,,,,2026-10-03T11:32:16Z,2026-10-03T11:32:16Z,0
30518,45678,Kwania AdukuTC,2.0141834426175826,32.722869192593286,1791026100000,2026-10-03T11:15:00+00:00,2026-10-03T14:15:00+03:00,32.77,0.0,813.7331,46.45,0.0,0.0,,,2026-10-03T11:32:16Z,2026-10-03T11:32:16Z,0
30757,860735,Arua Airfield,3.022727728757243,30.902049741391995,1791026100000,2026-10-03T11:15:00+00:00,2026-10-03T14:15:00+03:00,28.53,0.0,836.347,67.5,11.10857,14.91112,,,2026-10-03T11:32:16Z,2026-10-03T11:32:16Z,0
31495,518862,Kapchorwa SipiTC,1.2267354469379133,34.365906405123326,1791026100000,2026-10-03T11:15:00+00:00,2026-10-03T14:15:00+03:00,25.75,0.0,6.775006,51.75,3.570611,5.172808,,,2026-10-03T11:32:16Z,2026-10-03T11:32:16Z,0
31712,518846,Sironko SironkoTC,1.2330289483318788,34.24436423053502,1791026100000,2026-10-03T11:15:00+00:00,2026-10-03T14:15:00+03:00,29.39,0.0,94.42283,49.5,8.23682,11.39544,,,2026-10-03T11:32:16Z,2026-10-03T11:32:16Z,0
31809,518861,Bulambuli Bulegeni NARO,1.2990504672186247,34.322697246680406,1791026100000,2026-10-03T11:15:00+00:00,2026-10-03T14:15:00+03:00,28.9,0.0,7.873655,45.85,10.69963,16.52247,,,2026-10-03T11:32:16Z,2026-10-03T11:32:16Z,0
32252,518843,Isingiro KabuyandaTC,-0.9482535956706091,30.623306857245286,1791026100000,2026-10-03T11:15:00+00:00,2026-10-03T14:15:00+03:00,23.97,0.0,0.0,59.93,9.878691,17.34035,,,2026-10-03T11:32:16Z,2026-10-03T11:32:16Z,0
33816,512617,Buyende Kidera1,1.1427018347181084,33.27926712214954,1791026100000,2026-10-03T11:15:00+00:00,2026-10-03T14:15:00+03:00,31.64568,0.0,828.1987,51.92035,0.0,0.0,,,2026-10-03T11:32:16Z,2026-10-03T11:32:16Z,0
28133,514567,Rukiga RwamuchuchuSC,-1.147093805481443,30.065473322928664,1791026400000,2026-10-03T11:20:00+00:00,2026-10-03T14:20:00+03:00,25.06,0.0,191.5618,50.4,6.430152,11.72198,,,2026-10-03T11:32:16Z,2026-10-03T11:32:16Z,0
28247,853287,KaberamaidoTC,1.3267002801667445,33.24551213582627,1791026400000,2026-10-03T11:20:00+00:00,2026-10-03T14:20:00+03:00,32.16754,0.0,917.8912,43.91852,9.390402,12.27741,,,2026-10-03T11:32:16Z,2026-10-03T11:32:16Z,0
30820,518844,Kanungu MatandaHCIII,-0.6465365596528061,29.742748867338342,1791026400000,2026-10-03T11:20:00+00:00,2026-10-03T14:20:00+03:00,29.36,0.0,8.636606,52.53,2.001984,3.363088,,,2026-10-03T11:32:16Z,2026-10-03T11:32:16Z,0
18831,511028,Kibuku KadamaTC,1.230158490836445,33.75766971001673,1791027000000,2026-10-03T11:30:00+00:00,2026-10-03T14:30:00+03:00,31.4,0.0,900.9842,56.31,6.500343,9.811551,,,2026-10-03T15:32:14Z,2026-10-03T15:32:14Z,0
26371,514572,EntebbeCity NMTS,0.002068145970468316,32.47029039760271,1791027000000,2026-10-03T11:30:00+00:00,2026-10-03T14:30:00+03:00,25.66,0.0,0.0,73.79,2.789349,3.915465,,,2026-10-03T11:32:16Z,2026-10-03T11:32:16Z,0
26934,863098,Kampala LubigiNWSC,0.3440953682915257,32.54509647954191,1791027000000,2026-10-03T11:30:00+00:00,2026-10-03T14:30:00+03:00,29.55978,0.0,5.828947,57.41665,4.51667,6.329442,,,2026-10-03T11:32:16Z,2026-10-03T11:32:16Z,0
27630,514559,Gulu Airfield2,2.3315839569642756,32.403314261884674,1791027000000,2026-10-03T11:30:00+00:00,2026-10-03T14:30:00+03:00,31.23,0.0,863.386,43.76,10.52262,,,,2026-10-03T11:32:16Z,2026-10-03T11:32:16Z,0
28935,518278,Kaabong SidokHCIII,3.3616463406052675,34.12346082801267,1791027000000,2026-10-03T11:30:00+00:00,2026-10-03T14:30:00+03:00,31.44,0.0,840.6194,28.15,16.10132,,,,2026-10-03T11:32:16Z,2026-10-03T11:32:16Z,0
30600,514575,Buvuma BuvumaCollege,0.20227217732623182,33.298299581212675,1791027000000,2026-10-03T11:30:00+00:00,2026-10-03T14:30:00+03:00,30.41,0.0,876.3561,46.66,10.60472,,,,2026-10-03T11:32:16Z,2026-10-03T11:32:16Z,0
31567,518860,Bulambuli Bunambutye HCIII,1.456486355349107,34.36072118430061,1791027900000,2026-10-03T11:45:00+00:00,2026-10-03T14:45:00+03:00,36.06,0.0,14.55711,,,23.31884,rh_pct;wind_kmh,,2026-10-03T15:17:15Z,2026-10-03T15:17:15Z,0
31567,518860,Bulambuli Bunambutye HCIII,1.456486355349107,34.36072118430061,1791029700000,2026-10-03T12:15:00+00:00,2026-10-03T15:15:00+03:00,35.3,0.0,14.89281,18.15,12.80232,17.4258,,,2026-10-03T15:32:14Z,2026-10-03T15:32:14Z,0
32414,518863,Sironko Bugusege NARO,1.3301129163684409,33.67749128727189,1791030600000,2026-10-03T12:30:00+00:00,2026-10-03T15:30:00+03:00,27.14,0.0,89.44839,58.69,4.135195,,,,2026-10-03T21:35:26Z,2026-10-03T21:35:26Z,0
30695,514556,EntebbeCity AirportNMC,-0.34891969990053573,30.46770493505511,1791032400000,2026-10-03T13:00:00+00:00,2026-10-03T16:00:00+03:00,26.02,0.0,200.2289,74.39,8.477913,12.25299,,,2026-10-03T13:55:03Z,2026-10-03T14:32:15Z,0
29036,514566,Nabilatuk Nabuin ZARDI,1.716485049322414,34.51313788762028,1791033300000,2026-10-03T13:15:00+00:00,2026-10-03T16:15:00+03:00,32.61,0.0,5.76791,22.86,26.58183,,,,2026-10-03T13:55:03Z,2026-10-03T14:17:17Z,0
32414,518863,Sironko Bugusege NARO,1.3301129163684409,33.67749128727189,1791033300000,2026-10-03T13:15:00+00:00,2026-10-03T16:15:00+03:00,27.1,0.0,89.60098,57.51,4.116884,,,,2026-10-03T21:47:17Z,2026-10-03T21:47:17Z,0
8765,45675,Serere Bugondo,1.1032982147304293,33.65208682230397,1791034200000,2026-10-03T13:30:00+00:00,2026-10-03T16:30:00+03:00,32.89388,0.0,294.9264,43.75372,4.254215,8.801404,,,2026-10-03T13:55:03Z,2026-10-03T14:02:17Z,0
14926,45633,NARO NaFIRRI,1.2369277861017918,34.56704375600076,1791034200000,2026-10-03T13:30:00+00:00,2026-10-03T16:30:00+03:00,-39.87946,0.0,125.185,0.1022355,6.359961,10.49821,,temp_sensor_suspect,2026-10-03T13:55:03Z,2026-10-03T13:55:03Z,0
18831,511028,Kibuku KadamaTC,1.230158490836445,33.75766971001673,1791034200000,2026-10-03T13:30:00+00:00,2026-10-03T16:30:00+03:00,32.18,0.0,510.9331,51.74,4.547189,6.213474,,,2026-10-03T15:47:15Z,2026-10-03T15:47:15Z,0
19560,511036,Rukungiri RukungiriTC,-0.7824612451972481,29.919168920717752,1791034200000,2026-10-03T13:30:00+00:00,2026-10-03T16:30:00+03:00,22.78,0.0,163.6072,78.4,10.29572,,,,2026-10-03T13:55:03Z,2026-10-03T13:55:03Z,0
19644,511034,Ntungamo RukoneEast,-0.9026492749586166,30.53713188060457,1791034200000,2026-10-03T13:30:00+00:00,2026-10-03T16:30:00+03:00,27.48,0.0,583.9628,56.25,15.00893,,,,2026-10-03T13:55:03Z,2026-10-03T13:55:03Z,0
19689,511063,Isingiro Mbaale SC,-0.8229276501909935,30.80641202589177,1791034200000,2026-10-03T13:30:00+00:00,2026-10-03T16:30:00+03:00,24.93,0.0,718.8831,68.98,7.733273,12.06378,,,2026-10-03T13:55:03Z,2026-10-03T13:55:03Z,0
22745,860739,Tororo TororoMC,0.7363404161562512,34.16750975530811,1791034200000,2026-10-03T13:30:00+00:00,2026-10-03T16:30:00+03:00,32.08,,464.9729,46.32,6.497292,,rain_mm,,2026-10-03T13:55:03Z,2026-10-03T13:55:03Z,0
23570,860744,Kabarole KyembogoNARO,0.7373272793620456,30.378182216821177,1791034200000,2026-10-03T13:30:00+00:00,2026-10-03T16:30:00+03:00,16.8246,0.0,79.77416,99.99847,10.06912,11.7789,,,2026-10-03T13:55:03Z,2026-10-03T13:55:03Z,0
24597,511024,Kanungu KirimaSC,-0.8665190597972187,29.750001331073445,1791034200000,2026-10-03T13:30:00+00:00,2026-10-03T16:30:00+03:00,26.07,0.0,353.0327,70.54,13.17464,24.96071,,,2026-10-03T13:55:03Z,2026-10-03T13:55:03Z,0
25858,860733,Masindi MasindiMC,1.6873183106449883,31.720847713796427,1791034200000,2026-10-03T13:30:00+00:00,2026-10-03T16:30:00+03:00,30.67,0.0,506.63,62.81,8.841077,,,,2026-10-03T13:55:03Z,2026-10-03T13:55:03Z,0
26314,511026,Buhweju BuhwejuTC,-0.36217852027400727,30.438745738821645,1791034200000,2026-10-03T13:30:00+00:00,2026-10-03T16:30:00+03:00,23.37377,0.0,10.74235,59.22485,7.718014,,,,2026-10-03T13:55:03Z,2026-10-03T13:55:03Z,0
26350,516055,Bushenyi PIBID2,-0.34476582916148607,30.12697463332902,1791034200000,2026-10-03T13:30:00+00:00,2026-10-03T16:30:00+03:00,18.87,0.0,323.3387,66.09,12.10346,18.40543,,,2026-10-03T13:55:03Z,2026-10-03T14:02:17Z,0
27771,853292,Palisa PallisaTC2,1.2019752388359248,33.32467996636534,1791034200000,2026-10-03T13:30:00+00:00,2026-10-03T16:30:00+03:00,34.44,0.0,520.0275,44.44,7.324331,,,,2026-10-03T13:55:03Z,2026-10-03T13:55:03Z,0
28465,518272,Nabilatuk NabilatukDLG,2.0853119097380035,34.60581875063605,1791034200000,2026-10-03T13:30:00+00:00,2026-10-03T16:30:00+03:00,33.23,0.0,437.6898,22.51,23.14992,33.87823,,,2026-10-03T13:55:03Z,2026-10-03T13:55:03Z,0
28650,518275,Nakapiripirit NabulengerHCII,1.8399992209235494,34.569297846559095,1791034200000,2026-10-03T13:30:00+00:00,2026-10-03T16:30:00+03:00,34.8,0.0,465.5833,22.24,25.77432,34.11307,,,2026-10-03T13:55:03Z,2026-10-03T14:02:17Z,0
28935,518278,Kaabong SidokHCIII,3.3616463406052675,34.12346082801267,1791034200000,2026-10-03T13:30:00+00:00,2026-10-03T16:30:00+03:00,30.04,0.0,471.6259,30.03,18.60685,,,,2026-10-03T13:55:03Z,2026-10-03T14:02:17Z,0
29347,862041,Kabale KabaleMC,-1.2542908115437144,29.987880749577656,1791034200000,2026-10-03T13:30:00+00:00,2026-10-03T16:30:00+03:00,21.66,0.0,390.4173,68.52,2.076448,,,,2026-10-03T13:55:03Z,2026-10-03T13:55:03Z,0
29407,860737,Soroti Airfield,1.7125019696651427,33.60989885031907,1791034200000,2026-10-03T13:30:00+00:00,2026-10-03T16:30:00+03:00,32.58,0.0,399.5117,59.4,0.6138704,,,,2026-10-03T13:55:03Z,2026-10-03T13:55:03Z,0
29892,516056,Budaka BudakaTC2,0.11576196513474404,33.453613566274235,1791034200000,2026-10-03T13:30:00+00:00,2026-10-03T16:30:00+03:00,32.34,0.0,269.9626,48.68,3.405814,,,,2026-10-03T13:55:03Z,2026-10-03T13:55:03Z,0
30066,49455,Kayunga DistrictAdmin,0.7203001611290255,32.893290564677095,1791034200000,2026-10-03T13:30:00+00:00,2026-10-03T16:30:00+03:00,31.22301,0.0,88.07507,56.65827,169.5461,,,wind_sensor_suspect,2026-10-03T13:55:03Z,2026-10-03T13:55:03Z,0
30252,49521,Kyenjojo KyenjojoMC,0.6130612575199993,30.641008786833954,1791034200000,2026-10-03T13:30:00+00:00,2026-10-03T16:30:00+03:00,22.43076,0.0,140.2915,61.69222,5.774014,8.10254,,,2026-10-03T13:55:03Z,2026-10-03T13:55:03Z,0
30381,45666,Mukono NtawoNARO,0.37885800528124053,32.7292665823493,1791034200000,2026-10-03T13:30:00+00:00,2026-10-03T16:30:00+03:00,25.26284,0.0,217.2579,82.19578,6.521706,10.34256,,,2026-10-03T13:55:03Z,2026-10-03T13:55:03Z,0
30411,45716,Lwengo KamenyamigoNARO,-0.28429808513865706,31.664636340132986,1791034200000,2026-10-03T13:30:00+00:00,2026-10-03T16:30:00+03:00,27.59,0.0,495.1247,60.69,14.77684,19.05852,,,2026-10-03T13:55:03Z,2026-10-03T14:02:17Z,0
30476,518276,Moroto Airfield,2.499539862843011,34.60336771655714,1791034200000,2026-10-03T13:30:00+00:00,2026-10-03T16:30:00+03:00,31.21,0.0,277.8668,26.33,31.49279,,,,2026-10-03T13:55:03Z,2026-10-03T13:55:03Z,0
31567,518860,Bulambuli Bunambutye HCIII,1.456486355349107,34.36072118430061,1791034200000,2026-10-03T13:30:00+00:00,2026-10-03T16:30:00+03:00,35.46,0.0,15.65576,18.39,11.63043,19.29351,,,2026-10-03T15:47:15Z,2026-10-03T15:47:15Z,0
31712,518846,Sironko SironkoTC,1.2330289483318788,34.24436423053502,1791034200000,2026-10-03T13:30:00+00:00,2026-10-03T16:30:00+03:00,29.07,0.0,94.60593,51.89,5.133135,7.971313,,,2026-10-03T13:55:03Z,2026-10-03T13:55:03Z,0
32414,518863,Sironko Bugusege NARO,1.3301129163684409,33.67749128727189,1791034200000,2026-10-03T13:30:00+00:00,2026-10-03T16:30:00+03:00,26.61,0.0,95.94873,60.23,3.506523,,,,2026-10-03T22:02:16Z,2026-10-03T22:02:16Z,0
33816,512617,Buyende Kidera1,1.1427018347181084,33.27926712214954,1791034200000,2026-10-03T13:30:00+00:00,2026-10-03T16:30:00+03:00,32.33997,0.0,425.2384,46.47593,0.0,0.0,,,2026-10-03T13:55:03Z,2026-10-03T13:55:03Z,0
28247,853287,KaberamaidoTC,1.3267002801667445,33.24551213582627,1791034800000,2026-10-03T13:40:00+00:00,2026-10-03T16:40:00+03:00,33.75449,0.0,424.3534,37.113,4.855421,8.047608,,,2026-10-03T13:55:03Z,2026-10-03T13:55:03Z,0
12322,853288,Mukono MpomaNARO,0.4283966588777295,32.76213604190826,1791035100000,2026-10-03T13:45:00+00:00,2026-10-03T16:45:00+03:00,27.23125,0.0,198.2757,71.20012,5.743191,,,,2026-10-03T13:55:03Z,2026-10-03T14:02:17Z,0
14926,45633,NARO NaFIRRI,1.2369277861017918,34.56704375600076,1791035100000,2026-10-03T13:45:00+00:00,2026-10-03T16:45:00+03:00,-39.88861,0.0,104.9515,0.1007095,6.604105,9.826811,,temp_sensor_suspect,2026-10-03T14:02:17Z,2026-10-03T14:02:17Z,0
18675,511038,Bushenyi KyamuhungaTC,-0.43140075953825036,30.06284619401695,1791035100000,2026-10-03T13:45:00+00:00,2026-10-03T16:45:00+03:00,23.05,0.0,141.9394,78.33,9.457541,19.47356,,,2026-10-03T13:55:03Z,2026-10-03T14:02:17Z,0
19036,511025,Kumi Mukongoro,1.3213023670796662,33.886075111016034,1791035100000,2026-10-03T13:45:00+00:00,2026-10-03T16:45:00+03:00,32.09,0.0,22.67491,53.66,3.875792,6.176852,,,2026-10-03T13:55:03Z,2026-10-03T14:02:17Z,0
19216,511040,Ngora Kobwin,1.3996404514823648,33.746259878723855,1791035100000,2026-10-03T13:45:00+00:00,2026-10-03T16:45:00+03:00,31.32,0.0,348.4855,53.24,8.42298,11.86847,,,2026-10-03T13:55:03Z,2026-10-03T14:17:17Z,0
19410,511043,Rubanda KarengyereNARO,-1.500172417819356,29.80055712733001,1791035100000,2026-10-03T13:45:00+00:00,2026-10-03T16:45:00+03:00,15.27,0.0,41.71817,99.59,24.2417,,,,2026-10-03T13:55:03Z,2026-10-03T13:55:03Z,0
19560,511036,Rukungiri RukungiriTC,-0.7824612451972481,29.919168920717752,1791035100000,2026-10-03T13:45:00+00:00,2026-10-03T16:45:00+03:00,22.77,0.0,140.0168,79.44,9.447013,,,,2026-10-03T14:02:17Z,2026-10-03T14:02:17Z,0
19644,511034,Ntungamo RukoneEast,-0.9026492749586166,30.53713188060457,1791035100000,2026-10-03T13:45:00+00:00,2026-10-03T16:45:00+03:00,27.96,0.0,600.9918,54.44,11.68002,,,,2026-10-03T14:02:17Z,2026-10-03T14:02:17Z,0
19689,511063,Isingiro Mbaale SC,-0.8229276501909935,30.80641202589177,1791035100000,2026-10-03T13:45:00+00:00,2026-10-03T16:45:00+03:00,25.42,0.0,644.3885,64.89,7.803464,13.49508,,,2026-10-03T14:02:17Z,2026-10-03T14:02:17Z,0
19913,512648,Rubanda Kachwekano,-1.2492907374261277,29.94650239241936,1791035100000,2026-10-03T13:45:00+00:00,2026-10-03T16:45:00+03:00,18.3093,0.0,161.5015,85.37423,10.53788,15.94873,,,2026-10-03T13:55:03Z,2026-10-03T14:02:17Z,0
20513,512647,Kitgum2 KitgumMC,3.329416943369524,33.176767183806454,1791035100000,2026-10-03T13:45:00+00:00,2026-10-03T16:45:00+03:00,34.32,0.0,351.2017,36.25,7.083238,,,,2026-10-03T13:55:03Z,2026-10-03T13:55:03Z,0
21602,44434,Mbarara NARO,-0.33912497379417256,30.53875374336554,1791035100000,2026-10-03T13:45:00+00:00,2026-10-03T16:45:00+03:00,22.4,0.0,109.6513,80.32,7.580682,12.94881,,,2026-10-03T13:55:03Z,2026-10-03T14:02:17Z,0
22494,511046,Bukedea BukedeaTC,1.344383477320109,34.65405915348999,1791035100000,2026-10-03T13:45:00+00:00,2026-10-03T16:45:00+03:00,32.39,0.0,313.1456,43.55,4.095521,6.622416,,,2026-10-03T13:55:03Z,2026-10-03T14:02:17Z,0
22531,514574,Ntungamo NtungamoTC,-0.8743084927533056,30.25887027699915,1791035100000,2026-10-03T13:45:00+00:00,2026-10-03T16:45:00+03:00,26.54,0.0,252.8115,54.48,7.241931,,,,2026-10-03T13:55:03Z,2026-10-03T14:02:17Z,0
22745,860739,Tororo TororoMC,0.7363404161562512,34.16750975530811,1791035100000,2026-10-03T13:45:00+00:00,2026-10-03T16:45:00+03:00,32.01,,408.8197,46.29,6.665141,,rain_mm,,2026-10-03T14:02:17Z,2026-10-03T14:02:17Z,0
23068,44186,Hoima Bulindi,1.4649547824354439,31.438459956597924,1791035100000,2026-10-03T13:45:00+00:00,2026-10-03T16:45:00+03:00,28.56031,0.0,249.485,71.65789,5.018082,,,,2026-10-03T13:55:03Z,2026-10-03T14:02:17Z,1
23570,860744,Kabarole KyembogoNARO,0.7373272793620456,30.378182216821177,1791035100000,2026-10-03T13:45:00+00:00,2026-10-03T16:45:00+03:00,17.1603,0.0,76.75288,99.99695,10.05264,11.99725,,,2026-10-03T14:02:17Z,2026-10-03T14:02:17Z,0
24597,511024,Kanungu KirimaSC,-0.8665190597972187,29.750001331073445,1791035100000,2026-10-03T13:45:00+00:00,2026-10-03T16:45:00+03:00,25.38,0.0,121.2482,71.12,13.05562,17.10231,,,2026-10-03T14:02:17Z,2026-10-03T14:02:17Z,0
25494,45719,Wakiso KawandaNARO,0.5757356735589316,32.2094519796799,1791035100000,2026-10-03T13:45:00+00:00,2026-10-03T16:45:00+03:00,21.63424,0.0,199.9237,100.0,0.0,,,,2026-10-03T13:55:03Z,2026-10-03T14:17:17Z,0
25858,860733,Masindi MasindiMC,1.6873183106449883,31.720847713796427,1791035100000,2026-10-03T13:45:00+00:00,2026-10-03T16:45:00+03:00,30.78,0.0,374.2733,61.52,10.40665,,,,2026-10-03T14:02:17Z,2026-10-03T14:02:17Z,0
26314,511026,Buhweju BuhwejuTC,-0.36217852027400727,30.438745738821645,1791035100000,2026-10-03T13:45:00+00:00,2026-10-03T16:45:00+03:00,23.23796,0.0,13.00069,60.98878,5.80148,,,,2026-10-03T14:02:17Z,2026-10-03T14:02:17Z,0
26371,514572,EntebbeCity NMTS,0.002068145970468316,32.47029039760271,1791035100000,2026-10-03T13:45:00+00:00,2026-10-03T16:45:00+03:00,25.62,0.0,0.0,75.86,2.987716,3.942931,,,2026-10-03T13:55:03Z,2026-10-03T14:02:17Z,0
26934,863098,Kampala LubigiNWSC,0.3440953682915257,32.54509647954191,1791035100000,2026-10-03T13:45:00+00:00,2026-10-03T16:45:00+03:00,25.14992,0.0,6.86656,82.73899,2.191195,3.11284,,,2026-10-03T13:55:03Z,2026-10-03T13:55:03Z,0
27204,515136,Kirihura MburoNP,-0.32644602379535037,30.558912625750658,1791035100000,2026-10-03T13:45:00+00:00,2026-10-03T16:45:00+03:00,,0.0,63.96582,,1.965362,2.288853,t_air_c;rh_pct,,2026-10-03T13:55:03Z,2026-10-03T13:55:03Z,0
27429,853290,Tororo MoroTC,1.347804683283513,33.56157669447344,1791035100000,2026-10-03T13:45:00+00:00,2026-10-03T16:45:00+03:00,33.17,0.0,605.2949,46.54,5.865568,8.715953,,,2026-10-03T13:55:03Z,2026-10-03T13:55:03Z,0
27592,514557,Kampala MakerereUnv3,0.33461539452981,32.571512848339765,1791035100000,2026-10-03T13:45:00+00:00,2026-10-03T16:45:00+03:00,25.33,0.0,144.5029,74.51,1.342794,3.463798,,,2026-10-03T13:55:03Z,2026-10-03T14:02:17Z,0
27630,514559,Gulu Airfield2,2.3315839569642756,32.403314261884674,1791035100000,2026-10-03T13:45:00+00:00,2026-10-03T16:45:00+03:00,32.24,0.0,464.6372,35.81,10.35477,,,,2026-10-03T13:55:03Z,2026-10-03T14:02:17Z,0
27651,514554,Lamwo LamwoTC,3.5293008898067413,32.800069272228264,1791035100000,2026-10-03T13:45:00+00:00,2026-10-03T16:45:00+03:00,30.87,0.0,343.9384,53.84,7.733273,10.85527,,,2026-10-03T13:55:03Z,2026-10-03T14:02:17Z,0
27771,853292,Palisa PallisaTC2,1.2019752388359248,33.32467996636534,1791035100000,2026-10-03T13:45:00+00:00,2026-10-03T16:45:00+03:00,33.95,0.0,453.7423,44.77,7.324331,,,,2026-10-03T14:02:17Z,2026-10-03T14:02:17Z,0
28282,49381,Amolatar NamasaleHCIII2,1.890942556037648,33.03500809176537,1791035100000,2026-10-03T13:45:00+00:00,2026-10-03T16:45:00+03:00,31.77,0.0,453.2845,54.39,10.43717,12.01801,,,2026-10-03T13:55:03Z,2026-10-03T13:55:03Z,0
28835,518279,Karenga KidepoAirfield,3.433006937417964,33.45274286601015,1791035100000,2026-10-03T13:45:00+00:00,2026-10-03T16:45:00+03:00,32.68,0.0,457.9538,27.33,21.27718,,,,2026-10-03T13:55:03Z,2026-10-03T14:02:17Z,0
29180,517853,Moroto RupaSC,2.582841223352566,34.66924742947938,1791035100000,2026-10-03T13:45:00+00:00,2026-10-03T16:45:00+03:00,30.71,0.0,47.79126,26.98,19.30877,27.393,,,2026-10-03T13:55:03Z,2026-10-03T14:02:17Z,1
29306,514576,Butaleja ButalejaTC,0.6919682458015968,34.09885656329347,1791035100000,2026-10-03T13:45:00+00:00,2026-10-03T16:45:00+03:00,33.1,0.0,369.0852,40.35,0.8116274,,,,2026-10-03T13:55:03Z,2026-10-03T14:02:17Z,0
29347,862041,Kabale KabaleMC,-1.2542908115437144,29.987880749577656,1791035100000,2026-10-03T13:45:00+00:00,2026-10-03T16:45:00+03:00,21.26,0.0,330.5715,67.61,1.825132,,,,2026-10-03T14:02:17Z,2026-10-03T14:02:17Z,0
29366,860740,Kasese Airfield,0.16776145042270435,30.06946870555926,1791035100000,2026-10-03T13:45:00+00:00,2026-10-03T16:45:00+03:00,23.64,0.0,156.9238,73.21,20.83864,,,,2026-10-03T13:55:03Z,2026-10-03T14:02:17Z,0
29432,514563,Kikuube Hoima Sugar,1.250555426321004,31.194469848676302,1791035100000,2026-10-03T13:45:00+00:00,2026-10-03T16:45:00+03:00,26.37,0.0,16.14404,71.65,4.135195,6.735332,,,2026-10-03T13:55:03Z,2026-10-03T14:02:17Z,0
29497,514558,Bulisa ButiabaHydro,2.1126939171888264,31.436768666464783,1791035100000,2026-10-03T13:45:00+00:00,2026-10-03T16:45:00+03:00,30.95,0.0,353.6431,63.06,7.729,,,,2026-10-03T13:55:03Z,2026-10-03T14:02:17Z,0
29529,514573,Bundibugyo BundibugyoTC,0.8026268481642997,30.27578425237216,1791035100000,2026-10-03T13:45:00+00:00,2026-10-03T16:45:00+03:00,26.62,0.0,0.0,51.74,13.55871,,,,2026-10-03T13:55:03Z,2026-10-03T14:02:17Z,0
29561,514560,Kikuube Hoima Airport,1.4920191900781956,31.31796244549898,1791035100000,2026-10-03T13:45:00+00:00,2026-10-03T16:45:00+03:00,28.29,0.0,19.25689,64.49,11.02907,,,,2026-10-03T13:55:03Z,2026-10-03T14:02:17Z,0
29593,514561,Pallisa KasodoSC,1.2320044388064466,33.6019957700963,1791035100000,2026-10-03T13:45:00+00:00,2026-10-03T16:45:00+03:00,32.9,0.0,284.6418,46.13,4.610209,,,,2026-10-03T13:55:03Z,2026-10-03T14:02:17Z,0
29756,862010,Nakasongola KalungiSC,1.2852342933913012,32.662599686414936,1791035100000,2026-10-03T13:45:00+00:00,2026-10-03T16:45:00+03:00,32.83284,0.0,400.1831,39.59411,10.78202,17.71878,,,2026-10-03T13:55:03Z,2026-10-03T14:02:17Z,0
29787,862013,Kamuli Namasagali,1.0190806821802028,32.949594981070824,1791035100000,2026-10-03T13:45:00+00:00,2026-10-03T16:45:00+03:00,32.8,0.0,461.6159,54.78,4.547189,6.710918,,,2026-10-03T13:55:03Z,2026-10-03T14:02:17Z,0
29823,860732,Kotido KotidoTC,3.007038604042491,34.10733499015392,1791035100000,2026-10-03T13:45:00+00:00,2026-10-03T16:45:00+03:00,32.34,0.0,458.7473,40.55,0.0,0.0,,,2026-10-03T13:55:03Z,2026-10-03T14:02:17Z,0
29892,516056,Budaka BudakaTC2,0.11576196513474404,33.453613566274235,1791035100000,2026-10-03T13:45:00+00:00,2026-10-03T16:45:00+03:00,31.97,0.0,287.8767,51.24,3.317311,,,,2026-10-03T14:02:17Z,2026-10-03T14:17:17Z,0
29932,514577,Namutumba NamutumbaTC2,1.9758008082349363,33.56106699819666,1791035100000,2026-10-03T13:45:00+00:00,2026-10-03T16:45:00+03:00,32.61,0.0,387.4876,44.37,0.0,0.4882887,,,2026-10-03T13:55:03Z,2026-10-03T14:02:17Z,1
30001,860741,Mbarara MbararaMC,-0.6104058469568668,30.637128687200217,1791035100000,2026-10-03T13:45:00+00:00,2026-10-03T16:45:00+03:00,21.97,0.0,108.3696,76.93,13.44335,17.95056,,,2026-10-03T13:55:03Z,2026-10-03T13:55:03Z,0
30033,45670,Apac ApacTC,1.9892647841094635,32.531624149345156,1791035100000,2026-10-03T13:45:00+00:00,2026-10-03T16:45:00+03:00,33.24,0.0,0.0,52.31,0.0,0.0,,,2026-10-03T13:55:03Z,2026-10-03T14:02:17Z,0
30066,49455,Kayunga DistrictAdmin,0.7203001611290255,32.893290564677095,1791035100000,2026-10-03T13:45:00+00:00,2026-10-03T16:45:00+03:00,30.96056,0.0,74.49454,56.91158,183.386,,,wind_sensor_suspect,2026-10-03T14:02:17Z,2026-10-03T14:02:17Z,0
30143,860494,Lira NARONgetta,2.1557054334938868,32.88785061975556,1791035100000,2026-10-03T13:45:00+00:00,2026-10-03T16:45:00+03:00,32.88,0.0,342.5345,44.13,5.669032,,,,2026-10-03T13:55:03Z,2026-10-03T14:02:17Z,0
30220,45708,Dokolo DokoloTC,1.914993229491238,33.176049575854904,1791035100000,2026-10-03T13:45:00+00:00,2026-10-03T16:45:00+03:00,33.47524,0.0,352.2087,35.87701,11.67178,17.92172,,,2026-10-03T13:55:03Z,2026-10-03T14:02:17Z,0
30252,49521,Kyenjojo KyenjojoMC,0.6130612575199993,30.641008786833954,1791035100000,2026-10-03T13:45:00+00:00,2026-10-03T16:45:00+03:00,23.04417,0.0,130.19,58.49393,2.883955,5.12398,,,2026-10-03T14:02:17Z,2026-10-03T14:02:17Z,0
30283,514568,Kampala KyambogoUnv2,0.3228582483254613,32.59455916940114,1791035100000,2026-10-03T13:45:00+00:00,2026-10-03T16:45:00+03:00,23.12,0.0,105.1041,91.75,2.200046,4.989242,,,2026-10-03T13:55:03Z,2026-10-03T14:02:17Z,0
30316,860746,Mayuge IkulweNARO,0.4388712184461232,33.476196856980515,1791035100000,2026-10-03T13:45:00+00:00,2026-10-03T16:45:00+03:00,,0.0,31.49462,,0.6550698,,t_air_c;rh_pct,,2026-10-03T13:55:03Z,2026-10-03T14:02:17Z,0
30347,860738,Bulambuli BuginyanyaNARO,1.2292008829492236,34.512188495373756,1791035100000,2026-10-03T13:45:00+00:00,2026-10-03T16:45:00+03:00,25.07,0.0,31.55566,63.56,0.1730373,,,,2026-10-03T13:55:03Z,2026-10-03T14:02:17Z,0
30381,45666,Mukono NtawoNARO,0.37885800528124053,32.7292665823493,1791035100000,2026-10-03T13:45:00+00:00,2026-10-03T16:45:00+03:00,25.85336,0.0,111.4519,84.40681,8.706798,13.20516,,,2026-10-03T14:02:17Z,2026-10-03T14:02:17Z,0
30476,518276,Moroto Airfield,2.499539862843011,34.60336771655714,1791035100000,2026-10-03T13:45:00+00:00,2026-10-03T16:45:00+03:00,31.85,0.0,371.6793,25.68,27.91257,,,,2026-10-03T14:02:17Z,2026-10-03T14:02:17Z,0
30518,45678,Kwania AdukuTC,2.0141834426175826,32.722869192593286,1791035100000,2026-10-03T13:45:00+00:00,2026-10-03T16:45:00+03:00,33.4,0.0,381.6587,44.11,0.0,0.0,,,2026-10-03T13:55:03Z,2026-10-03T14:02:17Z,0
30600,514575,Buvuma BuvumaCollege,0.20227217732623182,33.298299581212675,1791035100000,2026-10-03T13:45:00+00:00,2026-10-03T16:45:00+03:00,27.68,0.0,245.2125,74.25,9.706569,,,,2026-10-03T13:55:03Z,2026-10-03T14:02:17Z,0
30757,860735,Arua Airfield,3.022727728757243,30.902049741391995,1791035100000,2026-10-03T13:45:00+00:00,2026-10-03T16:45:00+03:00,28.09,0.0,304.5396,69.26,8.82887,10.95293,,,2026-10-03T13:55:03Z,2026-10-03T13:55:03Z,0
31495,518862,Kapchorwa SipiTC,1.2267354469379133,34.365906405123326,1791035100000,2026-10-03T13:45:00+00:00,2026-10-03T16:45:00+03:00,26.57,0.0,8.331427,39.55,5.883879,10.62333,,,2026-10-03T13:55:03Z,2026-10-03T14:02:17Z,0
31712,518846,Sironko SironkoTC,1.2330289483318788,34.24436423053502,1791035100000,2026-10-03T13:45:00+00:00,2026-10-03T16:45:00+03:00,28.9,0.0,94.69749,55.26,5.349813,7.364004,,,2026-10-03T14:02:17Z,2026-10-03T14:02:17Z,0
31809,518861,Bulambuli Bulegeni NARO,1.2990504672186247,34.322697246680406,1791035100000,2026-10-03T13:45:00+00:00,2026-10-03T16:45:00+03:00,28.45,0.0,7.385366,38.59,7.586785,11.05974,,,2026-10-03T13:55:03Z,2026-10-03T14:02:17Z,0
32252,518843,Isingiro KabuyandaTC,-0.9482535956706091,30.623306857245286,1791035100000,2026-10-03T13:45:00+00:00,2026-10-03T16:45:00+03:00,27.85,0.0,6.71397,40.21,6.61326,9.295796,,,2026-10-03T13:55:03Z,2026-10-03T14:02:17Z,0
33112,45718,Kaliro KaliroTC3,0.3200660892230024,30.52341859895648,1791035100000,2026-10-03T13:45:00+00:00,2026-10-03T16:45:00+03:00,0.0,0.0,0.0,0.0,0.9338521,0.9430075,,temp_rh_dead,2026-10-03T13:55:03Z,2026-10-03T14:02:17Z,0
33816,512617,Buyende Kidera1,1.1427018347181084,33.27926712214954,1791035100000,2026-10-03T13:45:00+00:00,2026-10-03T16:45:00+03:00,32.35828,0.0,373.2357,44.75624,0.0,0.0,,,2026-10-03T14:02:17Z,2026-10-03T14:02:17Z,0
28133,514567,Rukiga RwamuchuchuSC,-1.147093805481443,30.065473322928664,1791035400000,2026-10-03T13:50:00+00:00,2026-10-03T16:50:00+03:00,19.96,0.0,192.5994,80.13,5.783169,7.486076,,,2026-10-03T13:55:03Z,2026-10-03T14:02:17Z,0
30820,518844,Kanungu MatandaHCIII,-0.6465365596528061,29.742748867338342,1791035400000,2026-10-03T13:50:00+00:00,2026-10-03T16:50:00+03:00,23.39,0.0,0.0,95.81,3.607233,5.789273,,,2026-10-03T13:55:03Z,2026-10-03T14:02:17Z,0
31441,518845,Kapchorwa KapchorwaTC,1.3911330664844062,34.44711975629734,1791035400000,2026-10-03T13:50:00+00:00,2026-10-03T16:50:00+03:00,,0.0,,,0.0,0.4425116,t_air_c;rh_pct,,2026-10-03T13:55:03Z,2026-10-03T14:02:17Z,0
8765,45675,Serere Bugondo,1.1032982147304293,33.65208682230397,1791036000000,2026-10-03T14:00:00+00:00,2026-10-03T17:00:00+03:00,31.33287,0.0,147.6158,55.91516,2.478065,9.195086,,,2026-10-03T14:17:17Z,2026-10-03T14:17:17Z,0
12322,853288,Mukono MpomaNARO,0.4283966588777295,32.76213604190826,1791036000000,2026-10-03T14:00:00+00:00,2026-10-03T17:00:00+03:00,26.89861,0.0,117.4639,75.72594,4.461891,,,,2026-10-03T14:17:17Z,2026-10-03T14:17:17Z,0
14926,45633,NARO NaFIRRI,1.2369277861017918,34.56704375600076,1791036000000,2026-10-03T14:00:00+00:00,2026-10-03T17:00:00+03:00,-39.89319,0.0,108.6442,0.1007095,7.641718,11.60906,,temp_sensor_suspect,2026-10-03T14:17:17Z,2026-10-03T14:17:17Z,0
18675,511038,Bushenyi KyamuhungaTC,-0.43140075953825036,30.06284619401695,1791036000000,2026-10-03T14:00:00+00:00,2026-10-03T17:00:00+03:00,22.44,0.0,47.15038,82.83,8.191043,11.01091,,,2026-10-03T14:17:17Z,2026-10-03T14:17:17Z,0
19036,511025,Kumi Mukongoro,1.3213023670796662,33.886075111016034,1791036000000,2026-10-03T14:00:00+00:00,2026-10-03T17:00:00+03:00,32.58,0.0,22.73594,50.16,2.459754,5.120928,,,2026-10-03T14:17:17Z,2026-10-03T14:17:17Z,0
19410,511043,Rubanda KarengyereNARO,-1.500172417819356,29.80055712733001,1791036000000,2026-10-03T14:00:00+00:00,2026-10-03T17:00:00+03:00,15.08,0.0,46.41795,99.99,25.15633,,,,2026-10-03T14:02:17Z,2026-10-03T14:17:17Z,1
19560,511036,Rukungiri RukungiriTC,-0.7824612451972481,29.919168920717752,1791036000000,2026-10-03T14:00:00+00:00,2026-10-03T17:00:00+03:00,22.73,0.0,136.141,79.6,7.333486,,,,2026-10-03T14:17:17Z,2026-10-03T14:17:17Z,0
19644,511034,Ntungamo RukoneEast,-0.9026492749586166,30.53713188060457,1791036000000,2026-10-03T14:00:00+00:00,2026-10-03T17:00:00+03:00,28.32,0.0,523.9033,53.27,14.4445,,,,2026-10-03T14:17:17Z,2026-10-03T14:17:17Z,0
19689,511063,Isingiro Mbaale SC,-0.8229276501909935,30.80641202589177,1791036000000,2026-10-03T14:00:00+00:00,2026-10-03T17:00:00+03:00,25.17,0.0,288.6702,64.68,8.105593,13.1075,,,2026-10-03T14:17:17Z,2026-10-03T14:17:17Z,0
19913,512648,Rubanda Kachwekano,-1.2492907374261277,29.94650239241936,1791036000000,2026-10-03T14:00:00+00:00,2026-10-03T17:00:00+03:00,18.21469,0.0,119.1424,82.56046,10.11063,11.94781,,,2026-10-03T14:17:17Z,2026-10-03T14:17:17Z,0
20513,512647,Kitgum2 KitgumMC,3.329416943369524,33.176767183806454,1791036000000,2026-10-03T14:00:00+00:00,2026-10-03T17:00:00+03:00,34.22,0.0,299.1989,35.72,7.244983,,,,2026-10-03T14:02:17Z,2026-10-03T14:17:17Z,0
21602,44434,Mbarara NARO,-0.33912497379417256,30.53875374336554,1791036000000,2026-10-03T14:00:00+00:00,2026-10-03T17:00:00+03:00,22.24,0.0,100.8927,82.38,4.290837,15.97009,,,2026-10-03T14:17:17Z,2026-10-03T14:17:17Z,0
22494,511046,Bukedea BukedeaTC,1.344383477320109,34.65405915348999,1791036000000,2026-10-03T14:00:00+00:00,2026-10-03T17:00:00+03:00,32.25,0.0,182.8336,42.18,3.421073,6.448462,,,2026-10-03T14:17:17Z,2026-10-03T14:17:17Z,0
22745,860739,Tororo TororoMC,0.7363404161562512,34.16750975530811,1791036000000,2026-10-03T14:00:00+00:00,2026-10-03T17:00:00+03:00,32.24,,347.4174,45.75,5.798428,,rain_mm,,2026-10-03T14:17:17Z,2026-10-03T14:17:17Z,0
23068,44186,Hoima Bulindi,1.4649547824354439,31.438459956597924,1791036000000,2026-10-03T14:00:00+00:00,2026-10-03T17:00:00+03:00,29.54147,0.0,231.2352,68.87007,6.867933,,,,2026-10-03T14:17:17Z,2026-10-03T14:17:17Z,0
23570,860744,Kabarole KyembogoNARO,0.7373272793620456,30.378182216821177,1791036000000,2026-10-03T14:00:00+00:00,2026-10-03T17:00:00+03:00,17.87747,0.0,48.24903,98.22079,11.21859,14.2591,,,2026-10-03T14:17:17Z,2026-10-03T14:17:17Z,0
24597,511024,Kanungu KirimaSC,-0.8665190597972187,29.750001331073445,1791036000000,2026-10-03T14:00:00+00:00,2026-10-03T17:00:00+03:00,24.69,0.0,79.68261,75.05,13.18685,18.3505,,,2026-10-03T14:17:17Z,2026-10-03T14:17:17Z,0
25494,45719,Wakiso KawandaNARO,0.5757356735589316,32.2094519796799,1791036000000,2026-10-03T14:00:00+00:00,2026-10-03T17:00:00+03:00,22.62913,0.0,220.6149,100.0,0.0,,,,2026-10-03T14:32:15Z,2026-10-03T14:47:15Z,0
25858,860733,Masindi MasindiMC,1.6873183106449883,31.720847713796427,1791036000000,2026-10-03T14:00:00+00:00,2026-10-03T17:00:00+03:00,29.98,0.0,112.9473,61.71,6.717021,,,,2026-10-03T14:17:17Z,2026-10-03T14:17:17Z,0
26314,511026,Buhweju BuhwejuTC,-0.36217852027400727,30.438745738821645,1791036000000,2026-10-03T14:00:00+00:00,2026-10-03T17:00:00+03:00,23.0457,0.0,15.99146,61.9028,5.267415,,,,2026-10-03T14:17:17Z,2026-10-03T14:17:17Z,0
26350,516055,Bushenyi PIBID2,-0.34476582916148607,30.12697463332902,1791036000000,2026-10-03T14:00:00+00:00,2026-10-03T17:00:00+03:00,18.0,0.0,109.8344,67.36,8.493172,11.94781,,,2026-10-03T14:17:17Z,2026-10-03T14:17:17Z,0
26371,514572,EntebbeCity NMTS,0.002068145970468316,32.47029039760271,1791036000000,2026-10-03T14:00:00+00:00,2026-10-03T17:00:00+03:00,25.59,0.0,0.0,75.55,2.551309,4.327459,,,2026-10-03T14:17:17Z,2026-10-03T14:17:17Z,0
26934,863098,Kampala LubigiNWSC,0.3440953682915257,32.54509647954191,1791036000000,2026-10-03T14:00:00+00:00,2026-10-03T17:00:00+03:00,26.61326,0.0,5.920501,75.99451,4.122988,8.76173,,,2026-10-03T14:02:17Z,2026-10-03T14:17:17Z,0
27204,515136,Kirihura MburoNP,-0.32644602379535037,30.558912625750658,1791036000000,2026-10-03T14:00:00+00:00,2026-10-03T17:00:00+03:00,,0.0,0.0,,1.141375,1.406882,t_air_c;rh_pct,,2026-10-03T14:02:17Z,2026-10-03T14:17:17Z,0
27429,853290,Tororo MoroTC,1.347804683283513,33.56157669447344,1791036000000,2026-10-03T14:00:00+00:00,2026-10-03T17:00:00+03:00,32.89,0.0,225.3757,46.09,4.968338,10.11368,,,2026-10-03T14:02:17Z,2026-10-03T14:17:17Z,1
27592,514557,Kampala MakerereUnv3,0.33461539452981,32.571512848339765,1791036000000,2026-10-03T14:00:00+00:00,2026-10-03T17:00:00+03:00,26.16,0.0,194.7051,68.28,2.154574,4.672312,,,2026-10-03T14:17:17Z,2026-10-03T14:17:17Z,0
27630,514559,Gulu Airfield2,2.3315839569642756,32.403314261884674,1791036000000,2026-10-03T14:00:00+00:00,2026-10-03T17:00:00+03:00,32.21,0.0,355.1079,36.32,7.223621,,,,2026-10-03T14:17:17Z,2026-10-03T14:32:15Z,0
27771,853292,Palisa PallisaTC2,1.2019752388359248,33.32467996636534,1791036000000,2026-10-03T14:00:00+00:00,2026-10-03T17:00:00+03:00,33.85,0.0,254.0017,44.83,0.03051804,,,,2026-10-03T14:17:17Z,2026-10-03T14:17:17Z,0
28247,853287,KaberamaidoTC,1.3267002801667445,33.24551213582627,1791036000000,2026-10-03T14:00:00+00:00,2026-10-03T17:00:00+03:00,32.55665,0.0,295.079,38.58701,6.982529,11.89898,,,2026-10-03T14:02:17Z,2026-10-03T14:02:17Z,0
28282,49381,Amolatar NamasaleHCIII2,1.890942556037648,33.03500809176537,1791036000000,2026-10-03T14:00:00+00:00,2026-10-03T17:00:00+03:00,31.68,0.0,379.3088,54.65,11.67315,14.43503,,,2026-10-03T14:02:17Z,2026-10-03T14:17:17Z,1
28465,518272,Nabilatuk NabilatukDLG,2.0853119097380035,34.60581875063605,1791036000000,2026-10-03T14:00:00+00:00,2026-10-03T17:00:00+03:00,33.18,0.0,371.7098,21.92,21.42367,28.46052,,,2026-10-03T14:02:17Z,2026-10-03T14:17:17Z,1
28650,518275,Nakapiripirit NabulengerHCII,1.8399992209235494,34.569297846559095,1791036000000,2026-10-03T14:00:00+00:00,2026-10-03T17:00:00+03:00,,,260.0137,,,,t_air_c;rain_mm;rh_pct;wind_kmh;wind_max_kmh,,2026-10-03T14:17:17Z,2026-10-03T14:17:17Z,0
28835,518279,Karenga KidepoAirfield,3.433006937417964,33.45274286601015,1791036000000,2026-10-03T14:00:00+00:00,2026-10-03T17:00:00+03:00,32.35,0.0,386.7247,28.23,18.03922,,,,2026-10-03T14:17:17Z,2026-10-03T14:17:17Z,0
28935,518278,Kaabong SidokHCIII,3.3616463406052675,34.12346082801267,1791036000000,2026-10-03T14:00:00+00:00,2026-10-03T17:00:00+03:00,29.34,0.0,355.169,31.01,19.6231,,,,2026-10-03T14:17:17Z,2026-10-03T14:17:17Z,0
29180,517853,Moroto RupaSC,2.582841223352566,34.66924742947938,1791036000000,2026-10-03T14:00:00+00:00,2026-10-03T17:00:00+03:00,30.09,0.0,43.39666,28.52,14.56321,19.75738,,,2026-10-03T14:17:17Z,2026-10-03T14:17:17Z,0
29306,514576,Butaleja ButalejaTC,0.6919682458015968,34.09885656329347,1791036000000,2026-10-03T14:00:00+00:00,2026-10-03T17:00:00+03:00,33.28,0.0,392.3094,39.71,0.7539483,,,,2026-10-03T14:17:17Z,2026-10-03T14:17:17Z,0
29347,862041,Kabale KabaleMC,-1.2542908115437144,29.987880749577656,1791036000000,2026-10-03T14:00:00+00:00,2026-10-03T17:00:00+03:00,21.25,0.0,220.8286,67.39,1.713893,,,,2026-10-03T14:17:17Z,2026-10-03T14:17:17Z,0
29407,860737,Soroti Airfield,1.7125019696651427,33.60989885031907,1791036000000,2026-10-03T14:00:00+00:00,2026-10-03T17:00:00+03:00,32.81,0.0,348.6381,59.47,0.6056306,,,,2026-10-03T14:02:17Z,2026-10-03T14:17:17Z,1
29432,514563,Kikuube Hoima Sugar,1.250555426321004,31.194469848676302,1791036000000,2026-10-03T14:00:00+00:00,2026-10-03T17:00:00+03:00,26.6,0.0,17.15114,71.26,5.688563,7.345693,,,2026-10-03T14:17:17Z,2026-10-03T14:17:17Z,0
29497,514558,Bulisa ButiabaHydro,2.1126939171888264,31.436768666464783,1791036000000,2026-10-03T14:00:00+00:00,2026-10-03T17:00:00+03:00,30.77,0.0,334.4167,62.54,7.08217,,,,2026-10-03T14:17:17Z,2026-10-03T14:17:17Z,0
29529,514573,Bundibugyo BundibugyoTC,0.8026268481642997,30.27578425237216,1791036000000,2026-10-03T14:00:00+00:00,2026-10-03T17:00:00+03:00,26.6,0.0,0.0,52.01,6.212863,,,,2026-10-03T14:17:17Z,2026-10-03T14:17:17Z,0
29561,514560,Kikuube Hoima Airport,1.4920191900781956,31.31796244549898,1791036000000,2026-10-03T14:00:00+00:00,2026-10-03T17:00:00+03:00,27.87,0.0,17.97513,67.13,9.62417,,,,2026-10-03T14:17:17Z,2026-10-03T14:17:17Z,0
29593,514561,Pallisa KasodoSC,1.2320044388064466,33.6019957700963,1791036000000,2026-10-03T14:00:00+00:00,2026-10-03T17:00:00+03:00,32.59,0.0,389.0746,48.17,6.101625,,,,2026-10-03T14:17:17Z,2026-10-03T14:17:17Z,0
29756,862010,Nakasongola KalungiSC,1.2852342933913012,32.662599686414936,1791036000000,2026-10-03T14:00:00+00:00,2026-10-03T17:00:00+03:00,32.57343,0.0,331.3649,40.11597,11.82879,20.94148,,,2026-10-03T14:17:17Z,2026-10-03T14:17:17Z,0
29787,862013,Kamuli Namasagali,1.0190806821802028,32.949594981070824,1791036000000,2026-10-03T14:00:00+00:00,2026-10-03T17:00:00+03:00,31.69,0.0,203.9826,59.09,4.367132,7.855344,,,2026-10-03T14:17:17Z,2026-10-03T14:17:17Z,0
29823,860732,Kotido KotidoTC,3.007038604042491,34.10733499015392,1791036000000,2026-10-03T14:00:00+00:00,2026-10-03T17:00:00+03:00,32.3,0.0,388.8609,41.05,0.0,0.0,,,2026-10-03T14:17:17Z,2026-10-03T14:17:17Z,0
29932,514577,Namutumba NamutumbaTC2,1.9758008082349363,33.56106699819666,1791036000000,2026-10-03T14:00:00+00:00,2026-10-03T17:00:00+03:00,32.38,0.0,328.5573,44.9,0.0,0.5004959,,,2026-10-03T14:17:17Z,2026-10-03T14:17:17Z,0
30001,860741,Mbarara MbararaMC,-0.6104058469568668,30.637128687200217,1791036000000,2026-10-03T14:00:00+00:00,2026-10-03T17:00:00+03:00,21.97,0.0,108.3696,76.93,13.44335,17.95056,,,2026-10-03T14:02:17Z,2026-10-03T14:02:17Z,0
30033,45670,Apac ApacTC,1.9892647841094635,32.531624149345156,1791036000000,2026-10-03T14:00:00+00:00,2026-10-03T17:00:00+03:00,33.07,0.0,0.0,52.55,0.0,0.0,,,2026-10-03T14:17:17Z,2026-10-03T14:17:17Z,0
30066,49455,Kayunga DistrictAdmin,0.7203001611290255,32.893290564677095,1791036000000,2026-10-03T14:00:00+00:00,2026-10-03T17:00:00+03:00,30.13199,0.0,43.39666,59.39117,171.6335,,,wind_sensor_suspect,2026-10-03T14:17:17Z,2026-10-03T14:17:17Z,0
30143,860494,Lira NARONgetta,2.1557054334938868,32.88785061975556,1791036000000,2026-10-03T14:00:00+00:00,2026-10-03T17:00:00+03:00,32.56,0.0,293.5531,43.82,4.820325,,,,2026-10-03T14:17:17Z,2026-10-03T14:17:17Z,0
30220,45708,Dokolo DokoloTC,1.914993229491238,33.176049575854904,1791036000000,2026-10-03T14:00:00+00:00,2026-10-03T17:00:00+03:00,33.37148,0.0,277.4395,34.82872,12.02609,18.42023,,,2026-10-03T14:17:17Z,2026-10-03T14:17:17Z,0
30252,49521,Kyenjojo KyenjojoMC,0.6130612575199993,30.641008786833954,1791036000000,2026-10-03T14:00:00+00:00,2026-10-03T17:00:00+03:00,22.88395,0.0,130.19,58.49393,3.988708,5.12398,,,2026-10-03T14:17:17Z,2026-10-03T14:17:17Z,0
30283,514568,Kampala KyambogoUnv2,0.3228582483254613,32.59455916940114,1791036000000,2026-10-03T14:00:00+00:00,2026-10-03T17:00:00+03:00,23.87,0.0,128.3284,89.54,2.348363,7.176929,,,2026-10-03T14:17:17Z,2026-10-03T14:17:17Z,0
30347,860738,Bulambuli BuginyanyaNARO,1.2292008829492236,34.512188495373756,1791036000000,2026-10-03T14:00:00+00:00,2026-10-03T17:00:00+03:00,24.57,0.0,31.37255,64.6,0.06591897,,,,2026-10-03T14:17:17Z,2026-10-03T14:17:17Z,0
30381,45666,Mukono NtawoNARO,0.37885800528124053,32.7292665823493,1791036000000,2026-10-03T14:00:00+00:00,2026-10-03T17:00:00+03:00,25.98154,0.0,95.49096,85.14992,5.780118,8.529793,,,2026-10-03T14:17:17Z,2026-10-03T14:17:17Z,0
30411,45716,Lwengo KamenyamigoNARO,-0.28429808513865706,31.664636340132986,1791036000000,2026-10-03T14:00:00+00:00,2026-10-03T17:00:00+03:00,27.0,0.0,236.759,60.36,13.48287,21.09712,,,2026-10-03T14:17:17Z,2026-10-03T14:17:17Z,0
30476,518276,Moroto Airfield,2.499539862843011,34.60336771655714,1791036000000,2026-10-03T14:00:00+00:00,2026-10-03T17:00:00+03:00,31.22,0.0,342.1073,26.52,34.38499,,,,2026-10-03T14:17:17Z,2026-10-03T14:17:17Z,0
30518,45678,Kwania AdukuTC,2.0141834426175826,32.722869192593286,1791036000000,2026-10-03T14:00:00+00:00,2026-10-03T17:00:00+03:00,33.04,0.0,323.6133,44.97,0.0,0.0,,,2026-10-03T14:17:17Z,2026-10-03T14:17:17Z,0
30600,514575,Buvuma BuvumaCollege,0.20227217732623182,33.298299581212675,1791036000000,2026-10-03T14:00:00+00:00,2026-10-03T17:00:00+03:00,28.03,0.0,290.5928,72.71,10.33692,,,,2026-10-03T14:17:17Z,2026-10-03T14:17:17Z,0
30757,860735,Arua Airfield,3.022727728757243,30.902049741391995,1791036000000,2026-10-03T14:00:00+00:00,2026-10-03T17:00:00+03:00,27.84,0.0,220.3403,70.94,7.748531,12.74128,,,2026-10-03T14:02:17Z,2026-10-03T14:17:17Z,0
31495,518862,Kapchorwa SipiTC,1.2267354469379133,34.365906405123326,1791036000000,2026-10-03T14:00:00+00:00,2026-10-03T17:00:00+03:00,26.03,0.0,7.171741,41.07,6.018158,9.808499,,,2026-10-03T14:17:17Z,2026-10-03T14:17:17Z,0
31712,518846,Sironko SironkoTC,1.2330289483318788,34.24436423053502,1791036000000,2026-10-03T14:00:00+00:00,2026-10-03T17:00:00+03:00,28.92,0.0,109.3156,54.42,5.178912,8.374151,,,2026-10-03T14:17:17Z,2026-10-03T14:17:17Z,0
31809,518861,Bulambuli Bulegeni NARO,1.2990504672186247,34.322697246680406,1791036000000,2026-10-03T14:00:00+00:00,2026-10-03T17:00:00+03:00,28.02,0.0,6.683452,39.8,7.064927,10.44022,,,2026-10-03T14:17:17Z,2026-10-03T14:17:17Z,0
32252,518843,Isingiro KabuyandaTC,-0.9482535956706091,30.623306857245286,1791036000000,2026-10-03T14:00:00+00:00,2026-10-03T17:00:00+03:00,27.49,0.0,6.378272,43.7,7.278553,11.11467,,,2026-10-03T14:17:17Z,2026-10-03T14:17:17Z,0
33112,45718,Kaliro KaliroTC3,0.3200660892230024,30.52341859895648,1791036000000,2026-10-03T14:00:00+00:00,2026-10-03T17:00:00+03:00,0.0,0.0,0.0,0.0,0.8972305,0.9185931,,temp_rh_dead,2026-10-03T14:17:17Z,2026-10-03T14:17:17Z,0
33816,512617,Buyende Kidera1,1.1427018347181084,33.27926712214954,1791036000000,2026-10-03T14:00:00+00:00,2026-10-03T17:00:00+03:00,32.48493,0.0,318.6389,43.72168,0.0,0.0,,,2026-10-03T14:17:17Z,2026-10-03T14:17:17Z,0
28133,514567,Rukiga RwamuchuchuSC,-1.147093805481443,30.065473322928664,1791036600000,2026-10-03T14:10:00+00:00,2026-10-03T17:10:00+03:00,20.55,0.0,192.9046,77.57,7.071031,8.691539,,,2026-10-03T14:17:17Z,2026-10-03T14:17:17Z,0
28247,853287,KaberamaidoTC,1.3267002801667445,33.24551213582627,1791036600000,2026-10-03T14:10:00+00:00,2026-10-03T17:10:00+03:00,32.88625,0.0,233.7682,38.82505,3.311208,5.239948,,,2026-10-03T14:17:17Z,2026-10-03T14:17:17Z,0
30820,518844,Kanungu MatandaHCIII,-0.6465365596528061,29.742748867338342,1791036600000,2026-10-03T14:10:00+00:00,2026-10-03T17:10:00+03:00,23.04,1.0,0.0,91.78,5.896086,10.2266,,,2026-10-03T14:17:17Z,2026-10-03T14:32:15Z,0
31441,518845,Kapchorwa KapchorwaTC,1.3911330664844062,34.44711975629734,1791036600000,2026-10-03T14:10:00+00:00,2026-10-03T17:10:00+03:00,,0.0,,,0.0,0.4791333,t_air_c;rh_pct,,2026-10-03T14:17:17Z,2026-10-03T14:32:15Z,0
8765,45675,Serere Bugondo,1.1032982147304293,33.65208682230397,1791036900000,2026-10-03T14:15:00+00:00,2026-10-03T17:15:00+03:00,30.73777,0.0,129.1524,57.61806,7.42504,12.32929,,,2026-10-03T14:32:15Z,2026-10-03T14:47:15Z,0
12322,853288,Mukono MpomaNARO,0.4283966588777295,32.76213604190826,1791036900000,2026-10-03T14:15:00+00:00,2026-10-03T17:15:00+03:00,26.53849,0.0,82.82597,80.0473,5.430076,,,,2026-10-03T14:32:15Z,2026-10-03T14:32:15Z,0
14926,45633,NARO NaFIRRI,1.2369277861017918,34.56704375600076,1791036900000,2026-10-03T14:15:00+00:00,2026-10-03T17:15:00+03:00,-39.89166,0.0,144.4114,0.1007095,7.766842,14.87449,,temp_sensor_suspect,2026-10-03T14:32:15Z,2026-10-03T14:32:15Z,0
18675,511038,Bushenyi KyamuhungaTC,-0.43140075953825036,30.06284619401695,1791036900000,2026-10-03T14:15:00+00:00,2026-10-03T17:15:00+03:00,21.14,0.0,26.24552,93.34,10.01907,14.84398,,,2026-10-03T14:32:15Z,2026-10-03T14:32:15Z,0
19036,511025,Kumi Mukongoro,1.3213023670796662,33.886075111016034,1791036900000,2026-10-03T14:15:00+00:00,2026-10-03T17:15:00+03:00,32.61,0.0,22.73594,49.38,0.1068132,0.5432212,,,2026-10-03T14:32:15Z,2026-10-03T14:32:15Z,0
19216,511040,Ngora Kobwin,1.3996404514823648,33.746259878723855,1791036900000,2026-10-03T14:15:00+00:00,2026-10-03T17:15:00+03:00,30.6,0.0,134.9813,53.59,7.638667,10.05264,,,2026-10-03T14:32:15Z,2026-10-03T14:32:15Z,0
19410,511043,Rubanda KarengyereNARO,-1.500172417819356,29.80055712733001,1791036900000,2026-10-03T14:15:00+00:00,2026-10-03T17:15:00+03:00,15.1,0.0,48.61525,100.0,24.60014,,,,2026-10-03T14:32:15Z,2026-10-03T14:32:15Z,0
19560,511036,Rukungiri RukungiriTC,-0.7824612451972481,29.919168920717752,1791036900000,2026-10-03T14:15:00+00:00,2026-10-03T17:15:00+03:00,22.84,0.0,129.8848,78.13,7.255208,,,,2026-10-03T14:32:15Z,2026-10-03T14:32:15Z,0
19644,511034,Ntungamo RukoneEast,-0.9026492749586166,30.53713188060457,1791036900000,2026-10-03T14:15:00+00:00,2026-10-03T17:15:00+03:00,28.22,0.0,371.9234,53.77,17.19249,,,,2026-10-03T14:32:15Z,2026-10-03T14:32:15Z,0
19689,511063,Isingiro Mbaale SC,-0.8229276501909935,30.80641202589177,1791036900000,2026-10-03T14:15:00+00:00,2026-10-03T17:15:00+03:00,25.33,0.0,246.6774,63.54,9.857328,13.90097,,,2026-10-03T14:32:15Z,2026-10-03T14:32:15Z,0
19913,512648,Rubanda Kachwekano,-1.2492907374261277,29.94650239241936,1791036900000,2026-10-03T14:15:00+00:00,2026-10-03T17:15:00+03:00,18.19791,0.0,92.25604,81.43282,9.506371,11.34966,,,2026-10-03T14:32:15Z,2026-10-03T14:32:15Z,0
20513,512647,Kitgum2 KitgumMC,3.329416943369524,33.176767183806454,1791036900000,2026-10-03T14:15:00+00:00,2026-10-03T17:15:00+03:00,33.99,0.0,252.9335,37.05,6.720073,,,,2026-10-03T14:32:15Z,2026-10-03T14:32:15Z,0
21602,44434,Mbarara NARO,-0.33912497379417256,30.53875374336554,1791036900000,2026-10-03T14:15:00+00:00,2026-10-03T17:15:00+03:00,22.09,0.0,65.70535,81.88,3.985656,13.12581,,,2026-10-03T14:32:15Z,2026-10-03T14:47:15Z,0
22531,514574,Ntungamo NtungamoTC,-0.8743084927533056,30.25887027699915,1791036900000,2026-10-03T14:15:00+00:00,2026-10-03T17:15:00+03:00,25.62,0.0,144.4724,57.23,5.282673,,,,2026-10-03T14:17:17Z,2026-10-03T14:32:15Z,0
23068,44186,Hoima Bulindi,1.4649547824354439,31.438459956597924,1791036900000,2026-10-03T14:15:00+00:00,2026-10-03T17:15:00+03:00,29.94278,0.0,182.3758,68.32227,4.828565,,,,2026-10-03T14:32:15Z,2026-10-03T14:32:15Z,0
23570,860744,Kabarole KyembogoNARO,0.7373272793620456,30.378182216821177,1791036900000,2026-10-03T14:15:00+00:00,2026-10-03T17:15:00+03:00,18.5977,0.0,35.88922,93.14717,9.512932,14.1973,,,2026-10-03T14:32:15Z,2026-10-03T14:32:15Z,0
24597,511024,Kanungu KirimaSC,-0.8665190597972187,29.750001331073445,1791036900000,2026-10-03T14:15:00+00:00,2026-10-03T17:15:00+03:00,24.4,0.0,74.12833,73.87,12.90913,17.48074,,,2026-10-03T14:32:15Z,2026-10-03T14:32:15Z,0
25858,860733,Masindi MasindiMC,1.6873183106449883,31.720847713796427,1791036900000,2026-10-03T14:15:00+00:00,2026-10-03T17:15:00+03:00,29.79,0.0,92.89693,63.82,5.572595,,,,2026-10-03T14:32:15Z,2026-10-03T14:32:15Z,0
26314,511026,Buhweju BuhwejuTC,-0.36217852027400727,30.438745738821645,1791036900000,2026-10-03T14:15:00+00:00,2026-10-03T17:15:00+03:00,22.76188,0.0,18.79912,60.6836,6.637674,,,,2026-10-03T14:32:15Z,2026-10-03T14:32:15Z,0
26350,516055,Bushenyi PIBID2,-0.34476582916148607,30.12697463332902,1791036900000,2026-10-03T14:15:00+00:00,2026-10-03T17:15:00+03:00,17.3,0.0,109.8344,67.36,8.493172,11.94781,,,2026-10-03T14:32:15Z,2026-10-03T14:32:15Z,0
26371,514572,EntebbeCity NMTS,0.002068145970468316,32.47029039760271,1791036900000,2026-10-03T14:15:00+00:00,2026-10-03T17:15:00+03:00,25.27,0.0,0.0,75.12,2.557412,3.31426,,,2026-10-03T14:32:15Z,2026-10-03T14:32:15Z,0
27204,515136,Kirihura MburoNP,-0.32644602379535037,30.558912625750658,1791036900000,2026-10-03T14:15:00+00:00,2026-10-03T17:15:00+03:00,,0.0,0.0,,0.8087282,0.9308004,t_air_c;rh_pct,,2026-10-03T14:32:15Z,2026-10-03T14:32:15Z,0
27592,514557,Kampala MakerereUnv3,0.33461539452981,32.571512848339765,1791036900000,2026-10-03T14:15:00+00:00,2026-10-03T17:15:00+03:00,26.63,0.0,212.1309,66.64,4.165713,8.899061,,,2026-10-03T14:32:15Z,2026-10-03T14:32:15Z,0
27651,514554,Lamwo LamwoTC,3.5293008898067413,32.800069272228264,1791036900000,2026-10-03T14:15:00+00:00,2026-10-03T17:15:00+03:00,30.61,0.0,241.5808,54.08,8.072022,9.771877,,,2026-10-03T14:17:17Z,2026-10-03T14:47:15Z,1
27771,853292,Palisa PallisaTC2,1.2019752388359248,33.32467996636534,1791036900000,2026-10-03T14:15:00+00:00,2026-10-03T17:15:00+03:00,32.79,0.0,219.9741,48.38,1.464866,,,,2026-10-03T14:32:15Z,2026-10-03T14:32:15Z,0
28465,518272,Nabilatuk NabilatukDLG,2.0853119097380035,34.60581875063605,1791036900000,2026-10-03T14:15:00+00:00,2026-10-03T17:15:00+03:00,32.52,0.0,288.0598,23.12,22.981,29.01259,,,2026-10-03T14:32:15Z,2026-10-03T14:32:15Z,0
28650,518275,Nakapiripirit NabulengerHCII,1.8399992209235494,34.569297846559095,1791036900000,2026-10-03T14:15:00+00:00,2026-10-03T17:15:00+03:00,33.27,0.0,184.5426,23.69,26.46647,33.82879,,,2026-10-03T14:32:15Z,2026-10-03T14:47:15Z,0
29036,514566,Nabilatuk Nabuin ZARDI,1.716485049322414,34.51313788762028,1791036900000,2026-10-03T14:15:00+00:00,2026-10-03T17:15:00+03:00,31.06,0.0,4.974441,25.95,25.70016,,,,2026-10-03T14:32:15Z,2026-10-03T14:32:15Z,0
29180,517853,Moroto RupaSC,2.582841223352566,34.66924742947938,1791036900000,2026-10-03T14:15:00+00:00,2026-10-03T17:15:00+03:00,29.94,0.0,39.61242,28.9,16.38514,23.15404,,,2026-10-03T14:32:15Z,2026-10-03T14:32:15Z,0
29306,514576,Butaleja ButalejaTC,0.6919682458015968,34.09885656329347,1791036900000,2026-10-03T14:15:00+00:00,2026-10-03T17:15:00+03:00,33.13,0.0,184.1154,40.79,0.708629,,,,2026-10-03T14:32:15Z,2026-10-03T14:32:15Z,0
29347,862041,Kabale KabaleMC,-1.2542908115437144,29.987880749577656,1791036900000,2026-10-03T14:15:00+00:00,2026-10-03T17:15:00+03:00,20.86,0.0,131.7464,68.27,1.244221,,,,2026-10-03T14:32:15Z,2026-10-03T14:32:15Z,0
29366,860740,Kasese Airfield,0.16776145042270435,30.06946870555926,1791036900000,2026-10-03T14:15:00+00:00,2026-10-03T17:15:00+03:00,22.43,0.0,93.6904,79.82,10.11856,,,,2026-10-03T14:17:17Z,2026-10-03T14:32:15Z,0
29407,860737,Soroti Airfield,1.7125019696651427,33.60989885031907,1791036900000,2026-10-03T14:15:00+00:00,2026-10-03T17:15:00+03:00,31.92,0.0,265.3239,62.28,0.6015106,,,,2026-10-03T14:32:15Z,2026-10-03T14:32:15Z,0
29432,514563,Kikuube Hoima Sugar,1.250555426321004,31.194469848676302,1791036900000,2026-10-03T14:15:00+00:00,2026-10-03T17:15:00+03:00,27.21,0.0,18.0972,69.66,3.469902,5.130083,,,2026-10-03T14:32:15Z,2026-10-03T14:32:15Z,0
29497,514558,Bulisa ButiabaHydro,2.1126939171888264,31.436768666464783,1791036900000,2026-10-03T14:15:00+00:00,2026-10-03T17:15:00+03:00,30.43,0.0,196.2615,62.74,6.958572,,,,2026-10-03T14:32:15Z,2026-10-03T14:32:15Z,0
29529,514573,Bundibugyo BundibugyoTC,0.8026268481642997,30.27578425237216,1791036900000,2026-10-03T14:15:00+00:00,2026-10-03T17:15:00+03:00,26.62,0.0,0.0,51.41,5.487755,,,,2026-10-03T14:32:15Z,2026-10-03T14:32:15Z,0
29561,514560,Kikuube Hoima Airport,1.4920191900781956,31.31796244549898,1791036900000,2026-10-03T14:15:00+00:00,2026-10-03T17:15:00+03:00,27.57,0.0,16.72389,67.91,8.470589,,,,2026-10-03T14:32:15Z,2026-10-03T14:32:15Z,0
29593,514561,Pallisa KasodoSC,1.2320044388064466,33.6019957700963,1791036900000,2026-10-03T14:15:00+00:00,2026-10-03T17:15:00+03:00,32.38,0.0,119.9664,49.9,6.45594,,,,2026-10-03T14:32:15Z,2026-10-03T14:32:15Z,0
29787,862013,Kamuli Namasagali,1.0190806821802028,32.949594981070824,1791036900000,2026-10-03T14:15:00+00:00,2026-10-03T17:15:00+03:00,29.97,0.0,53.16243,66.15,2.639811,2.767987,,,2026-10-03T14:32:15Z,2026-10-03T14:32:15Z,0
29823,860732,Kotido KotidoTC,3.007038604042491,34.10733499015392,1791036900000,2026-10-03T14:15:00+00:00,2026-10-03T17:15:00+03:00,32.19,0.0,329.4728,41.24,0.0,0.0,,,2026-10-03T14:32:15Z,2026-10-03T14:32:15Z,0
29892,516056,Budaka BudakaTC2,0.11576196513474404,33.453613566274235,1791036900000,2026-10-03T14:15:00+00:00,2026-10-03T17:15:00+03:00,30.85,0.0,54.93248,55.61,3.262379,,,,2026-10-03T14:32:15Z,2026-10-03T14:32:15Z,0
29932,514577,Namutumba NamutumbaTC2,1.9758008082349363,33.56106699819666,1791036900000,2026-10-03T14:15:00+00:00,2026-10-03T17:15:00+03:00,32.12,0.0,277.5006,44.64,0.0,0.5157549,,,2026-10-03T14:32:15Z,2026-10-03T14:32:15Z,0
30001,860741,Mbarara MbararaMC,-0.6104058469568668,30.637128687200217,1791036900000,2026-10-03T14:15:00+00:00,2026-10-03T17:15:00+03:00,22.02,0.0,77.69894,77.2,8.454108,11.5935,,,2026-10-03T14:17:17Z,2026-10-03T14:17:17Z,0
30033,45670,Apac ApacTC,1.9892647841094635,32.531624149345156,1791036900000,2026-10-03T14:15:00+00:00,2026-10-03T17:15:00+03:00,32.92,0.0,0.0,52.43,0.0,0.0,,,2026-10-03T14:32:15Z,2026-10-03T14:32:15Z,0
30066,49455,Kayunga DistrictAdmin,0.7203001611290255,32.893290564677095,1791036900000,2026-10-03T14:15:00+00:00,2026-10-03T17:15:00+03:00,29.34921,0.0,22.18662,63.05943,135.2254,,,wind_sensor_suspect,2026-10-03T14:32:15Z,2026-10-03T14:32:15Z,0
30143,860494,Lira NARONgetta,2.1557054334938868,32.88785061975556,1791036900000,2026-10-03T14:15:00+00:00,2026-10-03T17:15:00+03:00,32.41,0.0,236.5148,44.15,6.509499,,,,2026-10-03T14:32:15Z,2026-10-03T14:32:15Z,0
30220,45708,Dokolo DokoloTC,1.914993229491238,33.176049575854904,1791036900000,2026-10-03T14:15:00+00:00,2026-10-03T17:15:00+03:00,32.35828,0.0,102.9374,37.85,8.165713,11.16091,,,2026-10-03T14:32:15Z,2026-10-03T14:32:15Z,0
30252,49521,Kyenjojo KyenjojoMC,0.6130612575199993,30.641008786833954,1791036900000,2026-10-03T14:15:00+00:00,2026-10-03T17:15:00+03:00,22.2034,0.0,131.899,64.24201,9.253071,16.2356,,,2026-10-03T14:32:15Z,2026-10-03T14:32:15Z,0
30316,860746,Mayuge IkulweNARO,0.4388712184461232,33.476196856980515,1791036900000,2026-10-03T14:15:00+00:00,2026-10-03T17:15:00+03:00,,0.0,30.15183,,12.18677,,t_air_c;rh_pct,,2026-10-03T14:17:17Z,2026-10-03T14:17:17Z,0
30347,860738,Bulambuli BuginyanyaNARO,1.2292008829492236,34.512188495373756,1791036900000,2026-10-03T14:15:00+00:00,2026-10-03T17:15:00+03:00,25.28,0.0,32.25757,62.37,0.03295949,,,,2026-10-03T14:32:15Z,2026-10-03T14:47:15Z,0
30381,45666,Mukono NtawoNARO,0.37885800528124053,32.7292665823493,1791036900000,2026-10-03T14:15:00+00:00,2026-10-03T17:15:00+03:00,26.12802,0.0,94.75853,85.6321,6.161593,10.79423,,,2026-10-03T14:32:15Z,2026-10-03T14:32:15Z,0
30411,45716,Lwengo KamenyamigoNARO,-0.28429808513865706,31.664636340132986,1791036900000,2026-10-03T14:15:00+00:00,2026-10-03T17:15:00+03:00,26.15,0.0,149.9962,61.72,6.945907,15.97009,,,2026-10-03T14:32:15Z,2026-10-03T14:32:15Z,0
30476,518276,Moroto Airfield,2.499539862843011,34.60336771655714,1791036900000,2026-10-03T14:15:00+00:00,2026-10-03T17:15:00+03:00,31.02,0.0,280.4914,27.45,29.68002,,,,2026-10-03T14:32:15Z,2026-10-03T14:32:15Z,0
30518,45678,Kwania AdukuTC,2.0141834426175826,32.722869192593286,1791036900000,2026-10-03T14:15:00+00:00,2026-10-03T17:15:00+03:00,33.03,0.0,271.519,45.57,0.0,0.0,,,2026-10-03T14:32:15Z,2026-10-03T14:32:15Z,0
30757,860735,Arua Airfield,3.022727728757243,30.902049741391995,1791036900000,2026-10-03T14:15:00+00:00,2026-10-03T17:15:00+03:00,27.56,0.0,189.1814,71.79,8.020142,12.97322,,,2026-10-03T14:32:15Z,2026-10-03T14:32:15Z,0
31495,518862,Kapchorwa SipiTC,1.2267354469379133,34.365906405123326,1791036900000,2026-10-03T14:15:00+00:00,2026-10-03T17:15:00+03:00,25.18,0.0,6.134127,46.77,5.31014,8.38941,,,2026-10-03T14:32:15Z,2026-10-03T14:32:15Z,0
31712,518846,Sironko SironkoTC,1.2330289483318788,34.24436423053502,1791036900000,2026-10-03T14:15:00+00:00,2026-10-03T17:15:00+03:00,28.63,0.0,109.5598,55.13,5.896086,8.374151,,,2026-10-03T14:32:15Z,2026-10-03T14:32:15Z,0
32252,518843,Isingiro KabuyandaTC,-0.9482535956706091,30.623306857245286,1791036900000,2026-10-03T14:15:00+00:00,2026-10-03T17:15:00+03:00,27.47,0.0,6.805523,45.59,6.771954,10.91325,,,2026-10-03T14:32:15Z,2026-10-03T14:32:15Z,0
32414,518863,Sironko Bugusege NARO,1.3301129163684409,33.67749128727189,1791036900000,2026-10-03T14:15:00+00:00,2026-10-03T17:15:00+03:00,25.89,0.0,96.19287,62.91,4.27863,,,,2026-10-03T22:17:16Z,2026-10-03T22:32:15Z,1
33112,45718,Kaliro KaliroTC3,0.3200660892230024,30.52341859895648,1791036900000,2026-10-03T14:15:00+00:00,2026-10-03T17:15:00+03:00,0.0,0.0,0.0,0.0,0.8819715,0.8880751,,temp_rh_dead,2026-10-03T14:32:15Z,2026-10-03T14:32:15Z,0
33816,512617,Buyende Kidera1,1.1427018347181084,33.27926712214954,1791036900000,2026-10-03T14:15:00+00:00,2026-10-03T17:15:00+03:00,32.39948,0.0,257.5113,43.52178,0.0,0.0,,,2026-10-03T14:32:15Z,2026-10-03T14:32:15Z,0
28133,514567,Rukiga RwamuchuchuSC,-1.147093805481443,30.065473322928664,1791037200000,2026-10-03T14:20:00+00:00,2026-10-03T17:20:00+03:00,20.57,0.0,192.6604,76.84,6.375219,8.896009,,,2026-10-03T14:32:15Z,2026-10-03T14:32:15Z,0
28247,853287,KaberamaidoTC,1.3267002801667445,33.24551213582627,1791037200000,2026-10-03T14:20:00+00:00,2026-10-03T17:20:00+03:00,32.49409,0.0,223.4226,39.59869,4.129091,7.284657,,,2026-10-03T14:32:15Z,2026-10-03T14:32:15Z,0
12322,853288,Mukono MpomaNARO,0.4283966588777295,32.76213604190826,1791037800000,2026-10-03T14:30:00+00:00,2026-10-03T17:30:00+03:00,26.52781,0.0,106.0502,81.62814,4.48249,,,,2026-10-03T14:47:15Z,2026-10-03T14:47:15Z,0
14926,45633,NARO NaFIRRI,1.2369277861017918,34.56704375600076,1791037800000,2026-10-03T14:30:00+00:00,2026-10-03T17:30:00+03:00,-39.89166,0.0,97.01686,0.1007095,6.652933,8.841077,,temp_sensor_suspect,2026-10-03T14:47:15Z,2026-10-03T14:47:15Z,0
18675,511038,Bushenyi KyamuhungaTC,-0.43140075953825036,30.06284619401695,1791037800000,2026-10-03T14:30:00+00:00,2026-10-03T17:30:00+03:00,20.04,0.0,14.95384,99.95,5.069047,7.006943,,,2026-10-03T14:47:15Z,2026-10-03T14:47:15Z,0
19036,511025,Kumi Mukongoro,1.3213023670796662,33.886075111016034,1791037800000,2026-10-03T14:30:00+00:00,2026-10-03T17:30:00+03:00,32.03,0.0,22.55283,54.85,6.472878,13.1136,,,2026-10-03T14:47:15Z,2026-10-03T14:47:15Z,0
19216,511040,Ngora Kobwin,1.3996404514823648,33.746259878723855,1791037800000,2026-10-03T14:30:00+00:00,2026-10-03T17:30:00+03:00,30.26,0.0,180.7889,57.31,6.210422,9.86038,,,2026-10-03T14:47:15Z,2026-10-03T15:02:15Z,0
19410,511043,Rubanda KarengyereNARO,-1.500172417819356,29.80055712733001,1791037800000,2026-10-03T14:30:00+00:00,2026-10-03T17:30:00+03:00,15.06,0.0,26.76432,99.16,21.83566,,,,2026-10-03T14:47:15Z,2026-10-03T14:47:15Z,0
19560,511036,Rukungiri RukungiriTC,-0.7824612451972481,29.919168920717752,1791037800000,2026-10-03T14:30:00+00:00,2026-10-03T17:30:00+03:00,23.02,0.0,101.4725,74.61,7.341726,,,,2026-10-03T14:47:15Z,2026-10-03T14:47:15Z,0
19644,511034,Ntungamo RukoneEast,-0.9026492749586166,30.53713188060457,1791037800000,2026-10-03T14:30:00+00:00,2026-10-03T17:30:00+03:00,27.41,0.0,251.4687,56.73,19.58618,,,,2026-10-03T14:47:15Z,2026-10-03T14:47:15Z,0
19689,511063,Isingiro Mbaale SC,-0.8229276501909935,30.80641202589177,1791037800000,2026-10-03T14:30:00+00:00,2026-10-03T17:30:00+03:00,25.18,0.0,176.669,62.95,6.808576,9.097429,,,2026-10-03T14:47:15Z,2026-10-03T14:47:15Z,0
19913,512648,Rubanda Kachwekano,-1.2492907374261277,29.94650239241936,1791037800000,2026-10-03T14:30:00+00:00,2026-10-03T17:30:00+03:00,18.15213,0.0,48.8899,82.21104,8.838025,12.18585,,,2026-10-03T14:47:15Z,2026-10-03T14:47:15Z,0
20513,512647,Kitgum2 KitgumMC,3.329416943369524,33.176767183806454,1791037800000,2026-10-03T14:30:00+00:00,2026-10-03T17:30:00+03:00,33.94,0.0,218.967,36.35,5.474937,,,,2026-10-03T14:47:15Z,2026-10-03T14:47:15Z,0
22494,511046,Bukedea BukedeaTC,1.344383477320109,34.65405915348999,1791037800000,2026-10-03T14:30:00+00:00,2026-10-03T17:30:00+03:00,31.31,0.0,65.27809,52.13,0.0,0.0,,,2026-10-03T14:32:15Z,2026-10-03T14:47:15Z,0
22531,514574,Ntungamo NtungamoTC,-0.8743084927533056,30.25887027699915,1791037800000,2026-10-03T14:30:00+00:00,2026-10-03T17:30:00+03:00,25.55,0.0,117.0672,57.59,3.848325,,,,2026-10-03T14:47:15Z,2026-10-03T14:47:15Z,0
22745,860739,Tororo TororoMC,0.7363404161562512,34.16750975530811,1791037800000,2026-10-03T14:30:00+00:00,2026-10-03T17:30:00+03:00,32.01,,217.4411,45.72,5.621424,,rain_mm,,2026-10-03T14:32:15Z,2026-10-03T14:47:15Z,0
23068,44186,Hoima Bulindi,1.4649547824354439,31.438459956597924,1791037800000,2026-10-03T14:30:00+00:00,2026-10-03T17:30:00+03:00,29.25918,0.0,125.5818,71.41375,6.591897,,,,2026-10-03T14:47:15Z,2026-10-03T14:47:15Z,0
23570,860744,Kabarole KyembogoNARO,0.7373272793620456,30.378182216821177,1791037800000,2026-10-03T14:30:00+00:00,2026-10-03T17:30:00+03:00,18.6511,0.0,50.26322,94.30991,5.092241,9.059739,,,2026-10-03T14:47:15Z,2026-10-03T14:47:15Z,0
24597,511024,Kanungu KirimaSC,-0.8665190597972187,29.750001331073445,1791037800000,2026-10-03T14:30:00+00:00,2026-10-03T17:30:00+03:00,24.32,0.0,73.7316,73.9,9.152361,12.11872,,,2026-10-03T14:47:15Z,2026-10-03T14:47:15Z,0
25858,860733,Masindi MasindiMC,1.6873183106449883,31.720847713796427,1791037800000,2026-10-03T14:30:00+00:00,2026-10-03T17:30:00+03:00,29.79,0.0,70.49668,64.17,4.968338,,,,2026-10-03T14:47:15Z,2026-10-03T14:47:15Z,0
26314,511026,Buhweju BuhwejuTC,-0.36217852027400727,30.438745738821645,1791037800000,2026-10-03T14:30:00+00:00,2026-10-03T17:30:00+03:00,22.35447,0.0,20.05035,61.97147,6.311131,,,,2026-10-03T14:47:15Z,2026-10-03T14:47:15Z,0
26350,516055,Bushenyi PIBID2,-0.34476582916148607,30.12697463332902,1791037800000,2026-10-03T14:30:00+00:00,2026-10-03T17:30:00+03:00,16.76,0.0,25.42153,72.37,9.430076,12.92439,,,2026-10-03T14:47:15Z,2026-10-03T15:17:15Z,0
26371,514572,EntebbeCity NMTS,0.002068145970468316,32.47029039760271,1791037800000,2026-10-03T14:30:00+00:00,2026-10-03T17:30:00+03:00,25.24,0.0,0.0,75.33,2.236973,3.109789,,,2026-10-03T14:47:15Z,2026-10-03T14:47:15Z,0
26934,863098,Kampala LubigiNWSC,0.3440953682915257,32.54509647954191,1791037800000,2026-10-03T14:30:00+00:00,2026-10-03T17:30:00+03:00,27.79126,0.0,5.61532,69.7322,6.002899,8.920424,,,2026-10-03T14:32:15Z,2026-10-03T14:47:15Z,0
27204,515136,Kirihura MburoNP,-0.32644602379535037,30.558912625750658,1791037800000,2026-10-03T14:30:00+00:00,2026-10-03T17:30:00+03:00,,0.0,0.0,,0.6347753,0.686656,t_air_c;rh_pct,,2026-10-03T14:47:15Z,2026-10-03T14:47:15Z,0
27429,853290,Tororo MoroTC,1.347804683283513,33.56157669447344,1791037800000,2026-10-03T14:30:00+00:00,2026-10-03T17:30:00+03:00,26.3,0.8,91.76776,67.89,6.546121,10.51957,,,2026-10-03T14:32:15Z,2026-10-03T14:47:15Z,1
27592,514557,Kampala MakerereUnv3,0.33461539452981,32.571512848339765,1791037800000,2026-10-03T14:30:00+00:00,2026-10-03T17:30:00+03:00,26.64,0.0,148.5313,67.18,4.632639,8.694591,,,2026-10-03T14:47:15Z,2026-10-03T14:47:15Z,0
27630,514559,Gulu Airfield2,2.3315839569642756,32.403314261884674,1791037800000,2026-10-03T14:30:00+00:00,2026-10-03T17:30:00+03:00,31.94,0.0,254.9172,36.23,5.697719,,,,2026-10-03T14:47:15Z,2026-10-03T14:47:15Z,0
27771,853292,Palisa PallisaTC2,1.2019752388359248,33.32467996636534,1791037800000,2026-10-03T14:30:00+00:00,2026-10-03T17:30:00+03:00,32.54,0.0,186.2821,50.29,1.107805,,,,2026-10-03T14:47:15Z,2026-10-03T15:02:15Z,0
28282,49381,Amolatar NamasaleHCIII2,1.890942556037648,33.03500809176537,1791037800000,2026-10-03T14:30:00+00:00,2026-10-03T17:30:00+03:00,30.92,0.0,226.3829,58.04,8.441291,12.80842,,,2026-10-03T14:32:15Z,2026-10-03T14:47:15Z,1
28465,518272,Nabilatuk NabilatukDLG,2.0853119097380035,34.60581875063605,1791037800000,2026-10-03T14:30:00+00:00,2026-10-03T17:30:00+03:00,32.17,0.0,181.3687,22.89,22.44953,26.54887,,,2026-10-03T14:47:15Z,2026-10-03T14:47:15Z,0
28650,518275,Nakapiripirit NabulengerHCII,1.8399992209235494,34.569297846559095,1791037800000,2026-10-03T14:30:00+00:00,2026-10-03T17:30:00+03:00,32.32,0.0,69.61166,24.64,25.98856,36.2678,,,2026-10-03T15:02:15Z,2026-10-03T15:02:15Z,0
28835,518279,Karenga KidepoAirfield,3.433006937417964,33.45274286601015,1791037800000,2026-10-03T14:30:00+00:00,2026-10-03T17:30:00+03:00,31.68,0.0,245.6397,28.94,18.17044,,,,2026-10-03T14:32:15Z,2026-10-03T14:47:15Z,1
28935,518278,Kaabong SidokHCIII,3.3616463406052675,34.12346082801267,1791037800000,2026-10-03T14:30:00+00:00,2026-10-03T17:30:00+03:00,28.61,0.0,46.57053,32.08,20.77058,,,,2026-10-03T14:32:15Z,2026-10-03T14:47:15Z,0
29036,514566,Nabilatuk Nabuin ZARDI,1.716485049322414,34.51313788762028,1791037800000,2026-10-03T14:30:00+00:00,2026-10-03T17:30:00+03:00,31.04,0.0,0.0,27.27,23.70611,,,,2026-10-03T14:47:15Z,2026-10-03T14:47:15Z,0
29180,517853,Moroto RupaSC,2.582841223352566,34.66924742947938,1791037800000,2026-10-03T14:30:00+00:00,2026-10-03T17:30:00+03:00,29.66,0.0,35.49249,29.35,15.2224,30.21897,,,2026-10-03T14:47:15Z,2026-10-03T14:47:15Z,0
29306,514576,Butaleja ButalejaTC,0.6919682458015968,34.09885656329347,1791037800000,2026-10-03T14:30:00+00:00,2026-10-03T17:30:00+03:00,32.57,0.0,112.8252,42.32,0.7663081,,,,2026-10-03T14:47:15Z,2026-10-03T14:47:15Z,0
29347,862041,Kabale KabaleMC,-1.2542908115437144,29.987880749577656,1791037800000,2026-10-03T14:30:00+00:00,2026-10-03T17:30:00+03:00,20.52,0.0,58.3505,68.81,1.557336,,,,2026-10-03T14:47:15Z,2026-10-03T14:47:15Z,0
29366,860740,Kasese Airfield,0.16776145042270435,30.06946870555926,1791037800000,2026-10-03T14:30:00+00:00,2026-10-03T17:30:00+03:00,22.46,0.0,92.0119,77.95,9.533532,,,,2026-10-03T14:47:15Z,2026-10-03T14:47:15Z,0
29407,860737,Soroti Airfield,1.7125019696651427,33.60989885031907,1791037800000,2026-10-03T14:30:00+00:00,2026-10-03T17:30:00+03:00,31.44,0.0,176.1807,62.51,0.7127489,,,,2026-10-03T14:47:15Z,2026-10-03T15:02:15Z,0
29432,514563,Kikuube Hoima Sugar,1.250555426321004,31.194469848676302,1791037800000,2026-10-03T14:30:00+00:00,2026-10-03T17:30:00+03:00,27.2,0.0,18.7686,70.28,3.323415,6.335546,,,2026-10-03T14:47:15Z,2026-10-03T14:47:15Z,0
29497,514558,Bulisa ButiabaHydro,2.1126939171888264,31.436768666464783,1791037800000,2026-10-03T14:30:00+00:00,2026-10-03T17:30:00+03:00,30.02,0.0,86.88486,65.46,7.420005,,,,2026-10-03T14:47:15Z,2026-10-03T14:47:15Z,0
29529,514573,Bundibugyo BundibugyoTC,0.8026268481642997,30.27578425237216,1791037800000,2026-10-03T14:30:00+00:00,2026-10-03T17:30:00+03:00,25.03,0.0,0.0,62.27,6.550698,,,,2026-10-03T14:47:15Z,2026-10-03T14:47:15Z,0
29561,514560,Kikuube Hoima Airport,1.4920191900781956,31.31796244549898,1791037800000,2026-10-03T14:30:00+00:00,2026-10-03T17:30:00+03:00,27.22,0.0,15.19799,71.55,8.235752,,,,2026-10-03T14:47:15Z,2026-10-03T14:47:15Z,0
29593,514561,Pallisa KasodoSC,1.2320044388064466,33.6019957700963,1791037800000,2026-10-03T14:30:00+00:00,2026-10-03T17:30:00+03:00,31.33,0.0,101.9608,55.26,6.892653,,,,2026-10-03T14:47:15Z,2026-10-03T14:47:15Z,0
29756,862010,Nakasongola KalungiSC,1.2852342933913012,32.662599686414936,1791037800000,2026-10-03T14:30:00+00:00,2026-10-03T17:30:00+03:00,32.05157,0.0,222.6597,40.16175,8.935683,12.75349,,,2026-10-03T14:32:15Z,2026-10-03T15:02:15Z,0
29787,862013,Kamuli Namasagali,1.0190806821802028,32.949594981070824,1791037800000,2026-10-03T14:30:00+00:00,2026-10-03T17:30:00+03:00,29.17,0.0,87.31213,68.22,4.0589,6.497292,,,2026-10-03T14:47:15Z,2026-10-03T14:47:15Z,0
29823,860732,Kotido KotidoTC,3.007038604042491,34.10733499015392,1791037800000,2026-10-03T14:30:00+00:00,2026-10-03T17:30:00+03:00,31.83,0.0,281.3153,41.7,0.0,0.0,,,2026-10-03T14:47:15Z,2026-10-03T14:47:15Z,0
29892,516056,Budaka BudakaTC2,0.11576196513474404,33.453613566274235,1791037800000,2026-10-03T14:30:00+00:00,2026-10-03T17:30:00+03:00,30.32,0.0,63.38597,59.16,3.054856,,,,2026-10-03T14:47:15Z,2026-10-03T15:02:15Z,0
29932,514577,Namutumba NamutumbaTC2,1.9758008082349363,33.56106699819666,1791037800000,2026-10-03T14:30:00+00:00,2026-10-03T17:30:00+03:00,32.15,0.0,223.4836,44.27,0.0,0.5035477,,,2026-10-03T14:47:15Z,2026-10-03T14:47:15Z,0
30001,860741,Mbarara MbararaMC,-0.6104058469568668,30.637128687200217,1791037800000,2026-10-03T14:30:00+00:00,2026-10-03T17:30:00+03:00,22.05,0.0,72.48035,77.74,9.331655,12.45457,,,2026-10-03T14:32:15Z,2026-10-03T14:32:15Z,0
30033,45670,Apac ApacTC,1.9892647841094635,32.531624149345156,1791037800000,2026-10-03T14:30:00+00:00,2026-10-03T17:30:00+03:00,32.78,0.0,0.0,53.34,0.0,0.0,,,2026-10-03T14:47:15Z,2026-10-03T14:47:15Z,0
30066,49455,Kayunga DistrictAdmin,0.7203001611290255,32.893290564677095,1791037800000,2026-10-03T14:30:00+00:00,2026-10-03T17:30:00+03:00,28.66713,0.0,22.18662,64.64179,142.1897,,,wind_sensor_suspect,2026-10-03T14:47:15Z,2026-10-03T14:47:15Z,0
30143,860494,Lira NARONgetta,2.1557054334938868,32.88785061975556,1791037800000,2026-10-03T14:30:00+00:00,2026-10-03T17:30:00+03:00,32.12,0.0,185.4887,45.46,4.218814,,,,2026-10-03T14:47:15Z,2026-10-03T14:47:15Z,0
30220,45708,Dokolo DokoloTC,1.914993229491238,33.176049575854904,1791037800000,2026-10-03T14:30:00+00:00,2026-10-03T17:30:00+03:00,31.5526,0.0,77.11909,40.31128,3.345388,13.56283,,,2026-10-03T14:47:15Z,2026-10-03T14:47:15Z,0
30252,49521,Kyenjojo KyenjojoMC,0.6130612575199993,30.641008786833954,1791037800000,2026-10-03T14:30:00+00:00,2026-10-03T17:30:00+03:00,21.29244,0.0,79.28588,66.45762,6.717021,9.100481,,,2026-10-03T14:47:15Z,2026-10-03T14:47:15Z,0
30283,514568,Kampala KyambogoUnv2,0.3228582483254613,32.59455916940114,1791037800000,2026-10-03T14:30:00+00:00,2026-10-03T17:30:00+03:00,25.2,0.0,111.5129,81.99,3.89334,7.988555,,,2026-10-03T14:32:15Z,2026-10-03T14:32:15Z,0
30316,860746,Mayuge IkulweNARO,0.4388712184461232,33.476196856980515,1791037800000,2026-10-03T14:30:00+00:00,2026-10-03T17:30:00+03:00,,0.0,29.17525,,11.97665,,t_air_c;rh_pct,,2026-10-03T14:32:15Z,2026-10-03T14:47:15Z,0
30381,45666,Mukono NtawoNARO,0.37885800528124053,32.7292665823493,1791037800000,2026-10-03T14:30:00+00:00,2026-10-03T17:30:00+03:00,26.3447,0.0,106.2028,84.30457,8.621347,12.4239,,,2026-10-03T14:47:15Z,2026-10-03T14:47:15Z,0
30411,45716,Lwengo KamenyamigoNARO,-0.28429808513865706,31.664636340132986,1791037800000,2026-10-03T14:30:00+00:00,2026-10-03T17:30:00+03:00,26.15,0.0,102.5101,61.72,3.512627,14.85313,,,2026-10-03T14:47:15Z,2026-10-03T15:02:15Z,0
30476,518276,Moroto Airfield,2.499539862843011,34.60336771655714,1791037800000,2026-10-03T14:30:00+00:00,2026-10-03T17:30:00+03:00,30.67,0.0,215.7626,27.89,32.02426,,,,2026-10-03T14:47:15Z,2026-10-03T14:47:15Z,0
30518,45678,Kwania AdukuTC,2.0141834426175826,32.722869192593286,1791037800000,2026-10-03T14:30:00+00:00,2026-10-03T17:30:00+03:00,32.68,0.0,211.7342,45.22,0.0,0.0,,,2026-10-03T14:47:15Z,2026-10-03T14:47:15Z,0
30600,514575,Buvuma BuvumaCollege,0.20227217732623182,33.298299581212675,1791037800000,2026-10-03T14:30:00+00:00,2026-10-03T17:30:00+03:00,26.79,0.0,62.80614,75.17,10.1062,,,,2026-10-03T14:32:15Z,2026-10-03T14:47:15Z,0
30695,514556,EntebbeCity AirportNMC,-0.34891969990053573,30.46770493505511,1791037800000,2026-10-03T14:30:00+00:00,2026-10-03T17:30:00+03:00,25.32,0.0,110.5669,75.08,8.371099,12.05157,,,2026-10-03T14:47:15Z,2026-10-03T14:47:15Z,0
30757,860735,Arua Airfield,3.022727728757243,30.902049741391995,1791037800000,2026-10-03T14:30:00+00:00,2026-10-03T17:30:00+03:00,27.34,0.0,148.2261,73.66,6.500343,8.719005,,,2026-10-03T14:47:15Z,2026-10-03T14:47:15Z,0
31441,518845,Kapchorwa KapchorwaTC,1.3911330664844062,34.44711975629734,1791037800000,2026-10-03T14:30:00+00:00,2026-10-03T17:30:00+03:00,,0.0,,,0.0,0.3601129,t_air_c;rh_pct,,2026-10-03T14:47:15Z,2026-10-03T15:02:15Z,0
31495,518862,Kapchorwa SipiTC,1.2267354469379133,34.365906405123326,1791037800000,2026-10-03T14:30:00+00:00,2026-10-03T17:30:00+03:00,25.66,0.0,6.347753,43.4,5.069047,7.989624,,,2026-10-03T14:47:15Z,2026-10-03T14:47:15Z,0
31712,518846,Sironko SironkoTC,1.2330289483318788,34.24436423053502,1791037800000,2026-10-03T14:30:00+00:00,2026-10-03T17:30:00+03:00,28.59,0.0,94.8806,57.38,5.471885,7.766842,,,2026-10-03T14:47:15Z,2026-10-03T14:47:15Z,0
31809,518861,Bulambuli Bulegeni NARO,1.2990504672186247,34.322697246680406,1791037800000,2026-10-03T14:30:00+00:00,2026-10-03T17:30:00+03:00,28.26,0.0,6.683452,37.93,7.565423,9.231709,,,2026-10-03T14:32:15Z,2026-10-03T15:02:15Z,1
32252,518843,Isingiro KabuyandaTC,-0.9482535956706091,30.623306857245286,1791037800000,2026-10-03T14:30:00+00:00,2026-10-03T17:30:00+03:00,26.57,0.0,6.225681,46.68,8.386358,14.34043,,,2026-10-03T14:47:15Z,2026-10-03T14:47:15Z,0
32414,518863,Sironko Bugusege NARO,1.3301129163684409,33.67749128727189,1791037800000,2026-10-03T14:30:00+00:00,2026-10-03T17:30:00+03:00,25.89,0.0,96.25391,62.91,4.27863,,,,2026-10-03T22:47:15Z,2026-10-03T22:47:15Z,0
33112,45718,Kaliro KaliroTC3,0.3200660892230024,30.52341859895648,1791037800000,2026-10-03T14:30:00+00:00,2026-10-03T17:30:00+03:00,0.0,0.0,0.0,0.0,0.8819715,0.8850232,,temp_rh_dead,2026-10-03T14:47:15Z,2026-10-03T14:47:15Z,0
33816,512617,Buyende Kidera1,1.1427018347181084,33.27926712214954,1791037800000,2026-10-03T14:30:00+00:00,2026-10-03T17:30:00+03:00,32.224,0.0,193.8201,44.03143,0.0,0.0,,,2026-10-03T14:47:15Z,2026-10-03T14:47:15Z,0
28133,514567,Rukiga RwamuchuchuSC,-1.147093805481443,30.065473322928664,1791038400000,2026-10-03T14:40:00+00:00,2026-10-03T17:40:00+03:00,20.76,0.0,191.8669,75.27,7.089341,10.70878,,,2026-10-03T14:47:15Z,2026-10-03T14:47:15Z,0
28247,853287,KaberamaidoTC,1.3267002801667445,33.24551213582627,1791038400000,2026-10-03T14:40:00+00:00,2026-10-03T17:40:00+03:00,32.61158,0.0,202.5177,40.44861,2.017243,5.899138,,,2026-10-03T14:47:15Z,2026-10-03T14:47:15Z,0
30820,518844,Kanungu MatandaHCIII,-0.6465365596528061,29.742748867338342,1791038400000,2026-10-03T14:40:00+00:00,2026-10-03T17:40:00+03:00,20.21,0.2,0.0,98.03,8.944839,12.44526,,,2026-10-03T14:47:15Z,2026-10-03T14:47:15Z,0
8765,45675,Serere Bugondo,1.1032982147304293,33.65208682230397,1791038700000,2026-10-03T14:45:00+00:00,2026-10-03T17:45:00+03:00,29.66811,0.0,99.91608,60.45777,2.191195,9.597925,,,2026-10-03T15:02:15Z,2026-10-03T15:02:15Z,0
12322,853288,Mukono MpomaNARO,0.4283966588777295,32.76213604190826,1791038700000,2026-10-03T14:45:00+00:00,2026-10-03T17:45:00+03:00,26.392,0.0,63.29442,82.327,4.268254,,,,2026-10-03T15:02:15Z,2026-10-03T15:02:15Z,0
14926,45633,NARO NaFIRRI,1.2369277861017918,34.56704375600076,1791038700000,2026-10-03T14:45:00+00:00,2026-10-03T17:45:00+03:00,-39.89624,0.0,61.5549,0.09918365,7.214466,10.46464,,temp_sensor_suspect,2026-10-03T15:02:15Z,2026-10-03T15:02:15Z,0
18675,511038,Bushenyi KyamuhungaTC,-0.43140075953825036,30.06284619401695,1791038700000,2026-10-03T14:45:00+00:00,2026-10-03T17:45:00+03:00,19.82,0.0,10.58976,100.0,4.681468,5.98764,,,2026-10-03T15:02:15Z,2026-10-03T15:02:15Z,0
19036,511025,Kumi Mukongoro,1.3213023670796662,33.886075111016034,1791038700000,2026-10-03T14:45:00+00:00,2026-10-03T17:45:00+03:00,31.0,0.0,22.33921,63.45,7.01915,10.62333,,,2026-10-03T15:02:15Z,2026-10-03T15:02:15Z,0
19410,511043,Rubanda KarengyereNARO,-1.500172417819356,29.80055712733001,1791038700000,2026-10-03T14:45:00+00:00,2026-10-03T17:45:00+03:00,15.0,0.0,15.80835,98.16,20.05173,,,,2026-10-03T15:02:15Z,2026-10-03T15:02:15Z,0
19560,511036,Rukungiri RukungiriTC,-0.7824612451972481,29.919168920717752,1791038700000,2026-10-03T14:45:00+00:00,2026-10-03T17:45:00+03:00,22.92,0.0,74.06729,76.08,7.378805,,,,2026-10-03T15:02:15Z,2026-10-03T15:02:15Z,0
19644,511034,Ntungamo RukoneEast,-0.9026492749586166,30.53713188060457,1791038700000,2026-10-03T14:45:00+00:00,2026-10-03T17:45:00+03:00,26.61,0.0,120.5768,62.27,15.13252,,,,2026-10-03T15:02:15Z,2026-10-03T15:02:15Z,0
19689,511063,Isingiro Mbaale SC,-0.8229276501909935,30.80641202589177,1791038700000,2026-10-03T14:45:00+00:00,2026-10-03T17:45:00+03:00,25.42,0.0,199.5575,60.72,8.673228,12.73823,,,2026-10-03T15:02:15Z,2026-10-03T15:02:15Z,0
19913,512648,Rubanda Kachwekano,-1.2492907374261277,29.94650239241936,1791038700000,2026-10-03T14:45:00+00:00,2026-10-03T17:45:00+03:00,18.02701,0.0,25.84878,83.27458,6.91844,10.73625,,,2026-10-03T15:02:15Z,2026-10-03T15:02:15Z,0
22494,511046,Bukedea BukedeaTC,1.344383477320109,34.65405915348999,1791038700000,2026-10-03T14:45:00+00:00,2026-10-03T17:45:00+03:00,30.63,0.0,62.10422,63.23,0.0,0.0,,,2026-10-03T15:02:15Z,2026-10-03T15:02:15Z,0
22531,514574,Ntungamo NtungamoTC,-0.8743084927533056,30.25887027699915,1791038700000,2026-10-03T14:45:00+00:00,2026-10-03T17:45:00+03:00,25.44,0.0,94.91112,57.55,2.746624,,,,2026-10-03T15:02:15Z,2026-10-03T15:02:15Z,0
23068,44186,Hoima Bulindi,1.4649547824354439,31.438459956597924,1791038700000,2026-10-03T14:45:00+00:00,2026-10-03T17:45:00+03:00,28.35584,0.0,58.38102,73.68735,2.743877,,,,2026-10-03T15:02:15Z,2026-10-03T15:02:15Z,0
23570,860744,Kabarole KyembogoNARO,0.7373272793620456,30.378182216821177,1791038700000,2026-10-03T14:45:00+00:00,2026-10-03T17:45:00+03:00,19.07988,0.0,45.22774,92.8542,1.808652,4.750286,,,2026-10-03T15:02:15Z,2026-10-03T15:02:15Z,0
24597,511024,Kanungu KirimaSC,-0.8665190597972187,29.750001331073445,1791038700000,2026-10-03T14:45:00+00:00,2026-10-03T17:45:00+03:00,24.23,0.0,79.07225,74.84,7.638667,9.839018,,,2026-10-03T15:02:15Z,2026-10-03T15:02:15Z,0
25494,45719,Wakiso KawandaNARO,0.5757356735589316,32.2094519796799,1791038700000,2026-10-03T14:45:00+00:00,2026-10-03T17:45:00+03:00,25.69009,0.0,53.68124,79.89166,0.0,,,,2026-10-03T15:02:15Z,2026-10-03T15:17:15Z,0
25858,860733,Masindi MasindiMC,1.6873183106449883,31.720847713796427,1791038700000,2026-10-03T14:45:00+00:00,2026-10-03T17:45:00+03:00,29.65,0.0,75.04387,64.57,3.863585,,,,2026-10-03T15:02:15Z,2026-10-03T15:02:15Z,0
26314,511026,Buhweju BuhwejuTC,-0.36217852027400727,30.438745738821645,1791038700000,2026-10-03T14:45:00+00:00,2026-10-03T17:45:00+03:00,22.01877,0.0,20.05035,62.87327,4.760815,,,,2026-10-03T15:02:15Z,2026-10-03T15:02:15Z,0
26371,514572,EntebbeCity NMTS,0.002068145970468316,32.47029039760271,1791038700000,2026-10-03T14:45:00+00:00,2026-10-03T17:45:00+03:00,25.04,0.0,0.0,75.2,1.65713,2.340734,,,2026-10-03T15:02:15Z,2026-10-03T15:02:15Z,0
26934,863098,Kampala LubigiNWSC,0.3440953682915257,32.54509647954191,1791038700000,2026-10-03T14:45:00+00:00,2026-10-03T17:45:00+03:00,27.15648,0.0,5.584802,72.8893,6.839094,8.532845,,,2026-10-03T15:02:15Z,2026-10-03T15:02:15Z,0
27429,853290,Tororo MoroTC,1.347804683283513,33.56157669447344,1791038700000,2026-10-03T14:45:00+00:00,2026-10-03T17:45:00+03:00,25.67,0.0,68.90974,71.16,4.873732,8.920424,,,2026-10-03T15:02:15Z,2026-10-03T15:02:15Z,0
27630,514559,Gulu Airfield2,2.3315839569642756,32.403314261884674,1791038700000,2026-10-03T14:45:00+00:00,2026-10-03T17:45:00+03:00,31.39,0.0,190.9819,39.28,6.112764,,,,2026-10-03T15:02:15Z,2026-10-03T15:02:15Z,0
27651,514554,Lamwo LamwoTC,3.5293008898067413,32.800069272228264,1791038700000,2026-10-03T14:45:00+00:00,2026-10-03T17:45:00+03:00,29.38,0.0,109.041,59.89,4.937819,6.52781,,,2026-10-03T15:02:15Z,2026-10-03T15:02:15Z,0
28282,49381,Amolatar NamasaleHCIII2,1.890942556037648,33.03500809176537,1791038700000,2026-10-03T14:45:00+00:00,2026-10-03T17:45:00+03:00,30.61,0.0,172.3964,56.5,7.495232,9.570458,,,2026-10-03T15:02:15Z,2026-10-03T15:02:15Z,0
28465,518272,Nabilatuk NabilatukDLG,2.0853119097380035,34.60581875063605,1791038700000,2026-10-03T14:45:00+00:00,2026-10-03T17:45:00+03:00,31.79,0.0,64.36256,23.76,18.25132,28.99611,,,2026-10-03T15:02:15Z,2026-10-03T15:02:15Z,0
28835,518279,Karenga KidepoAirfield,3.433006937417964,33.45274286601015,1791038700000,2026-10-03T14:45:00+00:00,2026-10-03T17:45:00+03:00,31.02,0.0,185.8244,30.39,18.41459,,,,2026-10-03T15:02:15Z,2026-10-03T15:02:15Z,0
29036,514566,Nabilatuk Nabuin ZARDI,1.716485049322414,34.51313788762028,1791038700000,2026-10-03T14:45:00+00:00,2026-10-03T17:45:00+03:00,30.41,0.0,0.0,28.04,25.46532,,,,2026-10-03T15:02:15Z,2026-10-03T15:02:15Z,0
29180,517853,Moroto RupaSC,2.582841223352566,34.66924742947938,1791038700000,2026-10-03T14:45:00+00:00,2026-10-03T17:45:00+03:00,29.35,0.0,31.1284,30.14,14.73106,25.16823,,,2026-10-03T15:02:15Z,2026-10-03T15:02:15Z,0
29347,862041,Kabale KabaleMC,-1.2542908115437144,29.987880749577656,1791038700000,2026-10-03T14:45:00+00:00,2026-10-03T17:45:00+03:00,20.52,0.0,37.50668,68.5,1.207141,,,,2026-10-03T15:02:15Z,2026-10-03T15:02:15Z,0
29366,860740,Kasese Airfield,0.16776145042270435,30.06946870555926,1791038700000,2026-10-03T14:45:00+00:00,2026-10-03T17:45:00+03:00,22.67,0.0,80.38453,76.9,10.18448,,,,2026-10-03T15:02:15Z,2026-10-03T15:02:15Z,0
29432,514563,Kikuube Hoima Sugar,1.250555426321004,31.194469848676302,1791038700000,2026-10-03T14:45:00+00:00,2026-10-03T17:45:00+03:00,26.87,0.0,18.0972,70.34,2.301061,3.710994,,,2026-10-03T15:02:15Z,2026-10-03T15:02:15Z,0
29497,514558,Bulisa ButiabaHydro,2.1126939171888264,31.436768666464783,1791038700000,2026-10-03T14:45:00+00:00,2026-10-03T17:45:00+03:00,29.66,0.0,68.05524,67.87,9.109179,,,,2026-10-03T15:02:15Z,2026-10-03T15:02:15Z,0
29529,514573,Bundibugyo BundibugyoTC,0.8026268481642997,30.27578425237216,1791038700000,2026-10-03T14:45:00+00:00,2026-10-03T17:45:00+03:00,25.03,0.0,0.0,61.55,5.063401,,,,2026-10-03T15:02:15Z,2026-10-03T15:02:15Z,0
29561,514560,Kikuube Hoima Airport,1.4920191900781956,31.31796244549898,1791038700000,2026-10-03T14:45:00+00:00,2026-10-03T17:45:00+03:00,26.52,0.0,14.22141,73.58,7.03273,,,,2026-10-03T15:02:15Z,2026-10-03T15:02:15Z,0
29593,514561,Pallisa KasodoSC,1.2320044388064466,33.6019957700963,1791038700000,2026-10-03T14:45:00+00:00,2026-10-03T17:45:00+03:00,30.22,0.0,77.60738,64.61,5.252918,,,,2026-10-03T15:02:15Z,2026-10-03T15:17:15Z,0
29787,862013,Kamuli Namasagali,1.0190806821802028,32.949594981070824,1791038700000,2026-10-03T14:45:00+00:00,2026-10-03T17:45:00+03:00,29.56,0.0,87.64782,66.77,3.09453,4.251163,,,2026-10-03T15:02:15Z,2026-10-03T15:02:15Z,0
29823,860732,Kotido KotidoTC,3.007038604042491,34.10733499015392,1791038700000,2026-10-03T14:45:00+00:00,2026-10-03T17:45:00+03:00,31.48,0.0,213.6263,42.12,0.0,0.0,,,2026-10-03T15:02:15Z,2026-10-03T15:02:15Z,0
29932,514577,Namutumba NamutumbaTC2,1.9758008082349363,33.56106699819666,1791038700000,2026-10-03T14:45:00+00:00,2026-10-03T17:45:00+03:00,31.87,0.0,171.6335,44.17,0.0,0.4974441,,,2026-10-03T15:02:15Z,2026-10-03T15:02:15Z,0
30001,860741,Mbarara MbararaMC,-0.6104058469568668,30.637128687200217,1791038700000,2026-10-03T14:45:00+00:00,2026-10-03T17:45:00+03:00,21.88,0.0,61.37178,78.03,7.432364,10.92195,,,2026-10-03T14:47:15Z,2026-10-03T15:02:15Z,0
30033,45670,Apac ApacTC,1.9892647841094635,32.531624149345156,1791038700000,2026-10-03T14:45:00+00:00,2026-10-03T17:45:00+03:00,32.39,0.0,0.0,53.11,0.0,0.0,,,2026-10-03T15:02:15Z,2026-10-03T15:02:15Z,0
30066,49455,Kayunga DistrictAdmin,0.7203001611290255,32.893290564677095,1791038700000,2026-10-03T14:45:00+00:00,2026-10-03T17:45:00+03:00,28.23834,0.0,23.31579,67.4052,130.4311,,,wind_sensor_suspect,2026-10-03T15:02:15Z,2026-10-03T15:02:15Z,0
30143,860494,Lira NARONgetta,2.1557054334938868,32.88785061975556,1791038700000,2026-10-03T14:45:00+00:00,2026-10-03T17:45:00+03:00,32.01,0.0,164.0345,46.34,4.585489,,,,2026-10-03T15:02:15Z,2026-10-03T15:02:15Z,0
30220,45708,Dokolo DokoloTC,1.914993229491238,33.176049575854904,1791038700000,2026-10-03T14:45:00+00:00,2026-10-03T17:45:00+03:00,31.17265,0.0,88.19715,44.24049,0.5891508,0.6303502,,,2026-10-03T15:02:15Z,2026-10-03T15:02:15Z,0
30252,49521,Kyenjojo KyenjojoMC,0.6130612575199993,30.641008786833954,1791038700000,2026-10-03T14:45:00+00:00,2026-10-03T17:45:00+03:00,21.35347,0.0,45.47189,66.56596,5.02327,7.57763,,,2026-10-03T15:02:15Z,2026-10-03T15:02:15Z,0
30283,514568,Kampala KyambogoUnv2,0.3228582483254613,32.59455916940114,1791038700000,2026-10-03T14:45:00+00:00,2026-10-03T17:45:00+03:00,25.97,0.0,74.73869,73.0,4.325933,7.440604,,,2026-10-03T14:47:15Z,2026-10-03T15:02:15Z,0
30316,860746,Mayuge IkulweNARO,0.4388712184461232,33.476196856980515,1791038700000,2026-10-03T14:45:00+00:00,2026-10-03T17:45:00+03:00,,0.0,28.748,,12.07965,,t_air_c;rh_pct,,2026-10-03T15:02:15Z,2026-10-03T15:02:15Z,0
30347,860738,Bulambuli BuginyanyaNARO,1.2292008829492236,34.512188495373756,1791038700000,2026-10-03T14:45:00+00:00,2026-10-03T17:45:00+03:00,25.54,0.0,31.31151,59.53,0.06591897,,,,2026-10-03T15:02:15Z,2026-10-03T15:02:15Z,0
30381,45666,Mukono NtawoNARO,0.37885800528124053,32.7292665823493,1791038700000,2026-10-03T14:45:00+00:00,2026-10-03T17:45:00+03:00,26.67277,0.0,83.46685,83.48669,6.817731,12.01801,,,2026-10-03T15:02:15Z,2026-10-03T15:02:15Z,0
30476,518276,Moroto Airfield,2.499539862843011,34.60336771655714,1791038700000,2026-10-03T14:45:00+00:00,2026-10-03T17:45:00+03:00,30.26,0.0,155.5505,28.52,29.92722,,,,2026-10-03T15:02:15Z,2026-10-03T15:02:15Z,0
30518,45678,Kwania AdukuTC,2.0141834426175826,32.722869192593286,1791038700000,2026-10-03T14:45:00+00:00,2026-10-03T17:45:00+03:00,32.77,0.0,159.9756,45.43,0.0,0.0,,,2026-10-03T15:02:15Z,2026-10-03T15:02:15Z,0
30600,514575,Buvuma BuvumaCollege,0.20227217732623182,33.298299581212675,1791038700000,2026-10-03T14:45:00+00:00,2026-10-03T17:45:00+03:00,26.52,0.0,64.91188,76.79,10.28336,,,,2026-10-03T15:02:15Z,2026-10-03T15:02:15Z,0
30695,514556,EntebbeCity AirportNMC,-0.34891969990053573,30.46770493505511,1791038700000,2026-10-03T14:45:00+00:00,2026-10-03T17:45:00+03:00,25.3,0.0,93.20211,75.76,6.408789,8.825818,,,2026-10-03T15:02:15Z,2026-10-03T15:02:15Z,0
31495,518862,Kapchorwa SipiTC,1.2267354469379133,34.365906405123326,1791038700000,2026-10-03T14:45:00+00:00,2026-10-03T17:45:00+03:00,25.65,0.0,6.408789,43.31,4.437324,7.98352,,,2026-10-03T15:02:15Z,2026-10-03T15:02:15Z,0
31712,518846,Sironko SironkoTC,1.2330289483318788,34.24436423053502,1791038700000,2026-10-03T14:45:00+00:00,2026-10-03T17:45:00+03:00,28.36,0.0,94.94164,57.95,5.069047,6.561379,,,2026-10-03T15:02:15Z,2026-10-03T15:02:15Z,0
32252,518843,Isingiro KabuyandaTC,-0.9482535956706091,30.623306857245286,1791038700000,2026-10-03T14:45:00+00:00,2026-10-03T17:45:00+03:00,25.73,0.0,5.401694,47.68,7.412833,12.70771,,,2026-10-03T15:02:15Z,2026-10-03T15:02:15Z,0
32414,518863,Sironko Bugusege NARO,1.3301129163684409,33.67749128727189,1791038700000,2026-10-03T14:45:00+00:00,2026-10-03T17:45:00+03:00,25.92,0.0,110.5363,57.3,2.703898,,,,2026-10-03T23:02:15Z,2026-10-03T23:02:15Z,0
33112,45718,Kaliro KaliroTC3,0.3200660892230024,30.52341859895648,1791038700000,2026-10-03T14:45:00+00:00,2026-10-03T17:45:00+03:00,0.0,0.0,0.0,0.0,0.8789197,0.8819715,,temp_rh_dead,2026-10-03T15:02:15Z,2026-10-03T15:02:15Z,0
33816,512617,Buyende Kidera1,1.1427018347181084,33.27926712214954,1791038700000,2026-10-03T14:45:00+00:00,2026-10-03T17:45:00+03:00,32.25299,0.0,135.7748,43.02281,0.0,0.0,,,2026-10-03T15:02:15Z,2026-10-03T15:02:15Z,0
28247,853287,KaberamaidoTC,1.3267002801667445,33.24551213582627,1791039000000,2026-10-03T14:50:00+00:00,2026-10-03T17:50:00+03:00,32.3186,0.0,96.16235,44.52888,2.990768,6.491188,,,2026-10-03T15:02:15Z,2026-10-03T15:02:15Z,0
30820,518844,Kanungu MatandaHCIII,-0.6465365596528061,29.742748867338342,1791039000000,2026-10-03T14:50:00+00:00,2026-10-03T17:50:00+03:00,20.22,0.0,0.0,98.39,6.594949,8.810559,,,2026-10-03T15:02:15Z,2026-10-03T15:02:15Z,0
8765,45675,Serere Bugondo,1.1032982147304293,33.65208682230397,1791039600000,2026-10-03T15:00:00+00:00,2026-10-03T18:00:00+03:00,29.49111,0.0,61.64645,60.64088,2.905318,7.989624,,,2026-10-03T15:17:15Z,2026-10-03T15:47:15Z,0
12322,853288,Mukono MpomaNARO,0.4283966588777295,32.76213604190826,1791039600000,2026-10-03T15:00:00+00:00,2026-10-03T18:00:00+03:00,25.84421,0.0,32.41016,84.39002,2.6038,,,,2026-10-03T15:17:15Z,2026-10-03T15:17:15Z,0
14926,45633,NARO NaFIRRI,1.2369277861017918,34.56704375600076,1791039600000,2026-10-03T15:00:00+00:00,2026-10-03T18:00:00+03:00,-39.90082,0.0,56.51942,0.09765774,6.329442,11.44732,,temp_sensor_suspect,2026-10-03T15:17:15Z,2026-10-03T15:17:15Z,0
18675,511038,Bushenyi KyamuhungaTC,-0.43140075953825036,30.06284619401695,1791039600000,2026-10-03T15:00:00+00:00,2026-10-03T18:00:00+03:00,19.63,0.0,8.484016,100.0,4.831006,6.57969,,,2026-10-03T15:17:15Z,2026-10-03T15:17:15Z,0
19036,511025,Kumi Mukongoro,1.3213023670796662,33.886075111016034,1791039600000,2026-10-03T15:00:00+00:00,2026-10-03T18:00:00+03:00,30.38,0.0,22.12558,67.3,8.596933,11.52361,,,2026-10-03T15:17:15Z,2026-10-03T15:17:15Z,0
19216,511040,Ngora Kobwin,1.3996404514823648,33.746259878723855,1791039600000,2026-10-03T15:00:00+00:00,2026-10-03T18:00:00+03:00,30.0,0.0,95.46044,60.95,5.51461,8.45655,,,2026-10-03T15:17:15Z,2026-10-03T15:17:15Z,0
19410,511043,Rubanda KarengyereNARO,-1.500172417819356,29.80055712733001,1791039600000,2026-10-03T15:00:00+00:00,2026-10-03T18:00:00+03:00,14.98,0.0,16.38819,97.32,16.58274,,,,2026-10-03T15:17:15Z,2026-10-03T15:17:15Z,0
19560,511036,Rukungiri RukungiriTC,-0.7824612451972481,29.919168920717752,1791039600000,2026-10-03T15:00:00+00:00,2026-10-03T18:00:00+03:00,22.52,0.0,45.25826,77.56,3.452506,,,,2026-10-03T15:17:15Z,2026-10-03T15:17:15Z,0
19644,511034,Ntungamo RukoneEast,-0.9026492749586166,30.53713188060457,1791039600000,2026-10-03T15:00:00+00:00,2026-10-03T18:00:00+03:00,26.02,0.0,78.24826,65.88,14.87709,,,,2026-10-03T15:17:15Z,2026-10-03T15:17:15Z,0
19689,511063,Isingiro Mbaale SC,-0.8229276501909935,30.80641202589177,1791039600000,2026-10-03T15:00:00+00:00,2026-10-03T18:00:00+03:00,25.57,0.0,168.2765,60.32,6.741436,9.948882,,,2026-10-03T15:17:15Z,2026-10-03T15:17:15Z,0
19913,512648,Rubanda Kachwekano,-1.2492907374261277,29.94650239241936,1791039600000,2026-10-03T15:00:00+00:00,2026-10-03T18:00:00+03:00,17.99191,0.0,16.93751,81.57016,5.755703,7.989624,,,2026-10-03T15:17:15Z,2026-10-03T15:17:15Z,0
20513,512647,Kitgum2 KitgumMC,3.329416943369524,33.176767183806454,1791039600000,2026-10-03T15:00:00+00:00,2026-10-03T18:00:00+03:00,33.06,0.0,105.4398,39.24,4.3122,,,,2026-10-03T15:02:15Z,2026-10-03T15:17:15Z,1
21602,44434,Mbarara NARO,-0.33912497379417256,30.53875374336554,1791039600000,2026-10-03T15:00:00+00:00,2026-10-03T18:00:00+03:00,21.78,0.0,29.87716,87.58,0.8941787,3.488213,,,2026-10-03T15:02:15Z,2026-10-03T15:17:15Z,1
22494,511046,Bukedea BukedeaTC,1.344383477320109,34.65405915348999,1791039600000,2026-10-03T15:00:00+00:00,2026-10-03T18:00:00+03:00,30.63,0.0,62.10422,63.23,0.0,0.0,,,2026-10-03T15:17:15Z,2026-10-03T15:17:15Z,0
22745,860739,Tororo TororoMC,0.7363404161562512,34.16750975530811,1791039600000,2026-10-03T15:00:00+00:00,2026-10-03T18:00:00+03:00,29.63,,51.60601,51.41,8.090333,,rain_mm,,2026-10-03T15:02:15Z,2026-10-03T15:17:15Z,0
23068,44186,Hoima Bulindi,1.4649547824354439,31.438459956597924,1791039600000,2026-10-03T15:00:00+00:00,2026-10-03T18:00:00+03:00,27.50286,0.0,30.2739,79.05089,0.7045091,,,,2026-10-03T15:17:15Z,2026-10-03T15:17:15Z,0
23570,860744,Kabarole KyembogoNARO,0.7373272793620456,30.378182216821177,1791039600000,2026-10-03T15:00:00+00:00,2026-10-03T18:00:00+03:00,18.76249,0.0,46.66209,96.00214,3.007553,5.244678,,,2026-10-03T15:17:15Z,2026-10-03T15:17:15Z,0
24597,511024,Kanungu KirimaSC,-0.8665190597972187,29.750001331073445,1791039600000,2026-10-03T15:00:00+00:00,2026-10-03T18:00:00+03:00,24.1,0.0,60.97505,77.93,5.426108,7.888914,,,2026-10-03T15:17:15Z,2026-10-03T15:32:14Z,0
25858,860733,Masindi MasindiMC,1.6873183106449883,31.720847713796427,1791039600000,2026-10-03T15:00:00+00:00,2026-10-03T18:00:00+03:00,29.48,0.0,46.60106,65.66,2.005035,,,,2026-10-03T15:17:15Z,2026-10-03T15:32:14Z,0
26314,511026,Buhweju BuhwejuTC,-0.36217852027400727,30.438745738821645,1791039600000,2026-10-03T15:00:00+00:00,2026-10-03T18:00:00+03:00,21.80667,0.0,19.74517,62.81681,4.797437,,,,2026-10-03T15:17:15Z,2026-10-03T15:17:15Z,0
26371,514572,EntebbeCity NMTS,0.002068145970468316,32.47029039760271,1791039600000,2026-10-03T15:00:00+00:00,2026-10-03T18:00:00+03:00,24.85,0.0,0.0,76.56,1.467918,2.304112,,,2026-10-03T15:17:15Z,2026-10-03T15:17:15Z,0
26934,863098,Kampala LubigiNWSC,0.3440953682915257,32.54509647954191,1791039600000,2026-10-03T15:00:00+00:00,2026-10-03T18:00:00+03:00,26.80095,0.0,5.61532,73.14412,4.36408,7.705806,,,2026-10-03T15:17:15Z,2026-10-03T15:17:15Z,0
27204,515136,Kirihura MburoNP,-0.32644602379535037,30.558912625750658,1791039600000,2026-10-03T15:00:00+00:00,2026-10-03T18:00:00+03:00,,0.0,0.0,,0.0,0.5157549,t_air_c;rh_pct,,2026-10-03T15:02:15Z,2026-10-03T15:17:15Z,0
27429,853290,Tororo MoroTC,1.347804683283513,33.56157669447344,1791039600000,2026-10-03T15:00:00+00:00,2026-10-03T18:00:00+03:00,25.89,0.0,35.43145,77.15,2.410925,4.892042,,,2026-10-03T15:17:15Z,2026-10-03T15:17:15Z,0
27592,514557,Kampala MakerereUnv3,0.33461539452981,32.571512848339765,1791039600000,2026-10-03T15:00:00+00:00,2026-10-03T18:00:00+03:00,25.68,0.0,42.69474,66.89,2.46891,3.665217,,,2026-10-03T15:02:15Z,2026-10-03T15:17:15Z,1
27630,514559,Gulu Airfield2,2.3315839569642756,32.403314261884674,1791039600000,2026-10-03T15:00:00+00:00,2026-10-03T18:00:00+03:00,30.91,0.0,124.4526,41.38,4.794384,,,,2026-10-03T15:17:15Z,2026-10-03T15:17:15Z,0
27651,514554,Lamwo LamwoTC,3.5293008898067413,32.800069272228264,1791039600000,2026-10-03T15:00:00+00:00,2026-10-03T18:00:00+03:00,28.86,0.0,79.86572,61.73,6.515603,8.554208,,,2026-10-03T15:17:15Z,2026-10-03T15:17:15Z,0
27771,853292,Palisa PallisaTC2,1.2019752388359248,33.32467996636534,1791039600000,2026-10-03T15:00:00+00:00,2026-10-03T18:00:00+03:00,31.19,0.0,36.13337,54.63,0.6439307,,,,2026-10-03T15:17:15Z,2026-10-03T15:17:15Z,0
28133,514567,Rukiga RwamuchuchuSC,-1.147093805481443,30.065473322928664,1791039600000,2026-10-03T15:00:00+00:00,2026-10-03T18:00:00+03:00,20.31,0.0,191.5923,81.22,3.378347,4.27863,,,2026-10-03T15:02:15Z,2026-10-03T15:17:15Z,0
28282,49381,Amolatar NamasaleHCIII2,1.890942556037648,33.03500809176537,1791039600000,2026-10-03T15:00:00+00:00,2026-10-03T18:00:00+03:00,30.13,0.0,110.5058,57.76,6.86656,8.163577,,,2026-10-03T15:17:15Z,2026-10-03T15:17:15Z,0
28465,518272,Nabilatuk NabilatukDLG,2.0853119097380035,34.60581875063605,1791039600000,2026-10-03T15:00:00+00:00,2026-10-03T18:00:00+03:00,31.3,0.0,42.72526,24.62,21.6379,28.17624,,,2026-10-03T15:17:15Z,2026-10-03T15:17:15Z,0
28650,518275,Nakapiripirit NabulengerHCII,1.8399992209235494,34.569297846559095,1791039600000,2026-10-03T15:00:00+00:00,2026-10-03T18:00:00+03:00,31.77,0.0,43.33562,25.55,19.71801,24.31586,,,2026-10-03T15:17:15Z,2026-10-03T15:17:15Z,0
28835,518279,Karenga KidepoAirfield,3.433006937417964,33.45274286601015,1791039600000,2026-10-03T15:00:00+00:00,2026-10-03T18:00:00+03:00,30.53,0.0,127.0161,30.88,17.89883,,,,2026-10-03T15:17:15Z,2026-10-03T15:17:15Z,0
28935,518278,Kaabong SidokHCIII,3.3616463406052675,34.12346082801267,1791039600000,2026-10-03T15:00:00+00:00,2026-10-03T18:00:00+03:00,27.95,0.0,26.64225,34.15,15.74121,,,,2026-10-03T15:02:15Z,2026-10-03T15:17:15Z,1
29036,514566,Nabilatuk Nabuin ZARDI,1.716485049322414,34.51313788762028,1791039600000,2026-10-03T15:00:00+00:00,2026-10-03T18:00:00+03:00,30.02,0.0,0.0,29.03,25.37469,,,,2026-10-03T15:17:15Z,2026-10-03T15:17:15Z,0
29180,517853,Moroto RupaSC,2.582841223352566,34.66924742947938,1791039600000,2026-10-03T15:00:00+00:00,2026-10-03T18:00:00+03:00,28.7,0.0,25.90982,31.91,17.47463,24.55482,,,2026-10-03T15:17:15Z,2026-10-03T15:17:15Z,0
29306,514576,Butaleja ButalejaTC,0.6919682458015968,34.09885656329347,1791039600000,2026-10-03T15:00:00+00:00,2026-10-03T18:00:00+03:00,31.44,0.0,50.5684,47.12,1.145342,,,,2026-10-03T15:02:15Z,2026-10-03T15:17:15Z,0
29347,862041,Kabale KabaleMC,-1.2542908115437144,29.987880749577656,1791039600000,2026-10-03T15:00:00+00:00,2026-10-03T18:00:00+03:00,20.5,0.0,27.83246,68.8,0.5932708,,,,2026-10-03T15:17:15Z,2026-10-03T15:17:15Z,0
29407,860737,Soroti Airfield,1.7125019696651427,33.60989885031907,1791039600000,2026-10-03T15:00:00+00:00,2026-10-03T18:00:00+03:00,30.66,0.0,94.81956,68.72,0.6056306,,,,2026-10-03T15:17:15Z,2026-10-03T15:17:15Z,0
29432,514563,Kikuube Hoima Sugar,1.250555426321004,31.194469848676302,1791039600000,2026-10-03T15:00:00+00:00,2026-10-03T18:00:00+03:00,26.43,0.0,17.39528,73.98,2.639811,3.710994,,,2026-10-03T15:17:15Z,2026-10-03T15:17:15Z,0
29497,514558,Bulisa ButiabaHydro,2.1126939171888264,31.436768666464783,1791039600000,2026-10-03T15:00:00+00:00,2026-10-03T18:00:00+03:00,29.66,0.0,55.17662,65.7,8.585947,,,,2026-10-03T15:17:15Z,2026-10-03T15:17:15Z,0
29529,514573,Bundibugyo BundibugyoTC,0.8026268481642997,30.27578425237216,1791039600000,2026-10-03T15:00:00+00:00,2026-10-03T18:00:00+03:00,24.78,0.0,0.0,65.63,5.81323,,,,2026-10-03T15:17:15Z,2026-10-03T15:17:15Z,0
29561,514560,Kikuube Hoima Airport,1.4920191900781956,31.31796244549898,1791039600000,2026-10-03T15:00:00+00:00,2026-10-03T18:00:00+03:00,26.52,0.0,13.12276,71.84,6.097505,,,,2026-10-03T15:17:15Z,2026-10-03T15:17:15Z,0
29756,862010,Nakasongola KalungiSC,1.2852342933913012,32.662599686414936,1791039600000,2026-10-03T15:00:00+00:00,2026-10-03T18:00:00+03:00,31.28404,0.0,41.22988,40.41504,7.467765,10.33036,,,2026-10-03T15:17:15Z,2026-10-03T15:17:15Z,0
29787,862013,Kamuli Namasagali,1.0190806821802028,32.949594981070824,1791039600000,2026-10-03T15:00:00+00:00,2026-10-03T18:00:00+03:00,29.01,0.0,43.24407,72.16,3.430228,6.86656,,,2026-10-03T15:17:15Z,2026-10-03T15:17:15Z,0
29823,860732,Kotido KotidoTC,3.007038604042491,34.10733499015392,1791039600000,2026-10-03T15:00:00+00:00,2026-10-03T18:00:00+03:00,30.98,0.0,139.6811,43.09,0.0,0.0,,,2026-10-03T15:17:15Z,2026-10-03T15:17:15Z,0
29892,516056,Budaka BudakaTC2,0.11576196513474404,33.453613566274235,1791039600000,2026-10-03T15:00:00+00:00,2026-10-03T18:00:00+03:00,29.71,0.0,30.30442,63.29,3.31426,,,,2026-10-03T15:17:15Z,2026-10-03T15:17:15Z,0
29932,514577,Namutumba NamutumbaTC2,1.9758008082349363,33.56106699819666,1791039600000,2026-10-03T15:00:00+00:00,2026-10-03T18:00:00+03:00,31.69,0.0,122.6215,46.16,0.0,0.4943923,,,2026-10-03T15:17:15Z,2026-10-03T15:17:15Z,0
30033,45670,Apac ApacTC,1.9892647841094635,32.531624149345156,1791039600000,2026-10-03T15:00:00+00:00,2026-10-03T18:00:00+03:00,31.63,0.0,0.0,54.89,0.0,0.0,,,2026-10-03T15:17:15Z,2026-10-03T15:17:15Z,0
30143,860494,Lira NARONgetta,2.1557054334938868,32.88785061975556,1791039600000,2026-10-03T15:00:00+00:00,2026-10-03T18:00:00+03:00,31.86,0.0,93.62936,46.94,4.264134,,,,2026-10-03T15:17:15Z,2026-10-03T15:17:15Z,0
30220,45708,Dokolo DokoloTC,1.914993229491238,33.176049575854904,1791039600000,2026-10-03T15:00:00+00:00,2026-10-03T18:00:00+03:00,30.55466,0.0,53.7728,44.83711,0.576791,0.5891508,,,2026-10-03T15:17:15Z,2026-10-03T15:17:15Z,0
30252,49521,Kyenjojo KyenjojoMC,0.6130612575199993,30.641008786833954,1791039600000,2026-10-03T15:00:00+00:00,2026-10-03T18:00:00+03:00,21.48775,0.0,30.15183,65.00648,5.346761,7.51049,,,2026-10-03T15:17:15Z,2026-10-03T15:32:14Z,0
30283,514568,Kampala KyambogoUnv2,0.3228582483254613,32.59455916940114,1791039600000,2026-10-03T15:00:00+00:00,2026-10-03T18:00:00+03:00,25.42,0.0,37.96445,74.31,3.501945,9.063859,,,2026-10-03T15:17:15Z,2026-10-03T15:17:15Z,0
30347,860738,Bulambuli BuginyanyaNARO,1.2292008829492236,34.512188495373756,1791039600000,2026-10-03T15:00:00+00:00,2026-10-03T18:00:00+03:00,25.38,0.0,30.30442,59.44,0.0,,,,2026-10-03T15:17:15Z,2026-10-03T15:17:15Z,0
30381,45666,Mukono NtawoNARO,0.37885800528124053,32.7292665823493,1791039600000,2026-10-03T15:00:00+00:00,2026-10-03T18:00:00+03:00,25.85641,0.0,30.02976,84.73946,6.845197,11.34661,,,2026-10-03T15:17:15Z,2026-10-03T15:17:15Z,0
30411,45716,Lwengo KamenyamigoNARO,-0.28429808513865706,31.664636340132986,1791039600000,2026-10-03T15:00:00+00:00,2026-10-03T18:00:00+03:00,24.34,0.0,51.88068,70.59,5.621424,15.18273,,,2026-10-03T15:17:15Z,2026-10-03T15:32:14Z,0
30476,518276,Moroto Airfield,2.499539862843011,34.60336771655714,1791039600000,2026-10-03T15:00:00+00:00,2026-10-03T18:00:00+03:00,29.92,0.0,100.4654,29.05,26.00504,,,,2026-10-03T15:17:15Z,2026-10-03T15:17:15Z,0
30518,45678,Kwania AdukuTC,2.0141834426175826,32.722869192593286,1791039600000,2026-10-03T15:00:00+00:00,2026-10-03T18:00:00+03:00,32.0,0.0,116.7925,49.65,0.0,0.0,,,2026-10-03T15:17:15Z,2026-10-03T15:17:15Z,0
30600,514575,Buvuma BuvumaCollege,0.20227217732623182,33.298299581212675,1791039600000,2026-10-03T15:00:00+00:00,2026-10-03T18:00:00+03:00,26.27,0.0,54.4747,79.9,10.34516,,,,2026-10-03T15:17:15Z,2026-10-03T15:17:15Z,0
30695,514556,EntebbeCity AirportNMC,-0.34891969990053573,30.46770493505511,1791039600000,2026-10-03T15:00:00+00:00,2026-10-03T18:00:00+03:00,25.26,0.0,66.31571,74.86,7.11986,9.634546,,,2026-10-03T15:17:15Z,2026-10-03T15:17:15Z,0
30757,860735,Arua Airfield,3.022727728757243,30.902049741391995,1791039600000,2026-10-03T15:00:00+00:00,2026-10-03T18:00:00+03:00,26.88,0.0,87.70886,77.66,5.194171,6.448462,,,2026-10-03T15:02:15Z,2026-10-03T15:17:15Z,0
30820,518844,Kanungu MatandaHCIII,-0.6465365596528061,29.742748867338342,1791039600000,2026-10-03T15:00:00+00:00,2026-10-03T18:00:00+03:00,20.24,0.2,0.0,97.71,4.831006,7.202258,,,2026-10-03T15:17:15Z,2026-10-03T15:17:15Z,0
31441,518845,Kapchorwa KapchorwaTC,1.3911330664844062,34.44711975629734,1791039600000,2026-10-03T15:00:00+00:00,2026-10-03T18:00:00+03:00,,0.0,,,0.0,0.2990768,t_air_c;rh_pct,,2026-10-03T15:17:15Z,2026-10-03T15:17:15Z,0
31495,518862,Kapchorwa SipiTC,1.2267354469379133,34.365906405123326,1791039600000,2026-10-03T15:00:00+00:00,2026-10-03T18:00:00+03:00,25.68,0.0,5.493248,32.42,5.575647,11.01091,,,2026-10-03T15:17:15Z,2026-10-03T15:17:15Z,0
31712,518846,Sironko SironkoTC,1.2330289483318788,34.24436423053502,1791039600000,2026-10-03T15:00:00+00:00,2026-10-03T18:00:00+03:00,27.97,0.0,94.97215,59.29,4.318303,5.95407,,,2026-10-03T15:17:15Z,2026-10-03T15:17:15Z,0
31809,518861,Bulambuli Bulegeni NARO,1.2990504672186247,34.322697246680406,1791039600000,2026-10-03T15:00:00+00:00,2026-10-03T18:00:00+03:00,27.33,0.0,5.859465,40.12,6.887922,8.822766,,,2026-10-03T15:17:15Z,2026-10-03T15:17:15Z,0
32252,518843,Isingiro KabuyandaTC,-0.9482535956706091,30.623306857245286,1791039600000,2026-10-03T15:00:00+00:00,2026-10-03T18:00:00+03:00,25.75,0.0,5.004959,46.23,4.522774,6.634623,,,2026-10-03T15:17:15Z,2026-10-03T15:17:15Z,0
33112,45718,Kaliro KaliroTC3,0.3200660892230024,30.52341859895648,1791039600000,2026-10-03T15:00:00+00:00,2026-10-03T18:00:00+03:00,0.0,0.0,0.0,0.0,0.8819715,0.8850232,,temp_rh_dead,2026-10-03T15:17:15Z,2026-10-03T15:17:15Z,0
33816,512617,Buyende Kidera1,1.1427018347181084,33.27926712214954,1791039600000,2026-10-03T15:00:00+00:00,2026-10-03T18:00:00+03:00,32.04089,0.0,85.57259,43.63012,0.0,0.0,,,2026-10-03T15:17:15Z,2026-10-03T15:32:14Z,0
28247,853287,KaberamaidoTC,1.3267002801667445,33.24551213582627,1791040200000,2026-10-03T15:10:00+00:00,2026-10-03T18:10:00+03:00,30.60807,0.0,54.04745,50.61723,1.535058,5.435264,,,2026-10-03T15:17:15Z,2026-10-03T15:17:15Z,0
14926,45633,NARO NaFIRRI,1.2369277861017918,34.56704375600076,1791040500000,2026-10-03T15:15:00+00:00,2026-10-03T18:15:00+03:00,-39.90387,0.0,27.64935,0.09765774,5.523766,8.065919,,temp_sensor_suspect,2026-10-03T15:32:14Z,2026-10-03T15:32:14Z,0
18675,511038,Bushenyi KyamuhungaTC,-0.43140075953825036,30.06284619401695,1791040500000,2026-10-03T15:15:00+00:00,2026-10-03T18:15:00+03:00,19.38,0.0,6.744488,100.0,5.380331,7.403678,,,2026-10-03T15:32:14Z,2026-10-03T15:32:14Z,0
19036,511025,Kumi Mukongoro,1.3213023670796662,33.886075111016034,1791040500000,2026-10-03T15:15:00+00:00,2026-10-03T18:15:00+03:00,29.48,0.0,21.78988,74.0,7.39147,9.961089,,,2026-10-03T15:32:14Z,2026-10-03T15:32:14Z,0
19216,511040,Ngora Kobwin,1.3996404514823648,33.746259878723855,1791040500000,2026-10-03T15:15:00+00:00,2026-10-03T18:15:00+03:00,29.43,0.0,40.49744,64.99,4.577706,7.229724,,,2026-10-03T15:32:14Z,2026-10-03T15:32:14Z,0
19410,511043,Rubanda KarengyereNARO,-1.500172417819356,29.80055712733001,1791040500000,2026-10-03T15:15:00+00:00,2026-10-03T18:15:00+03:00,15.05,0.0,11.01701,96.21,13.90066,,,,2026-10-03T15:32:14Z,2026-10-03T15:32:14Z,0
19644,511034,Ntungamo RukoneEast,-0.9026492749586166,30.53713188060457,1791040500000,2026-10-03T15:15:00+00:00,2026-10-03T18:15:00+03:00,25.4,0.0,53.00984,67.33,10.31632,,,,2026-10-03T15:32:14Z,2026-10-03T15:32:14Z,0
19689,511063,Isingiro Mbaale SC,-0.8229276501909935,30.80641202589177,1791040500000,2026-10-03T15:15:00+00:00,2026-10-03T18:15:00+03:00,25.08,0.0,72.48035,61.52,6.359961,7.93164,,,2026-10-03T15:32:14Z,2026-10-03T15:32:14Z,0
19913,512648,Rubanda Kachwekano,-1.2492907374261277,29.94650239241936,1791040500000,2026-10-03T15:15:00+00:00,2026-10-03T18:15:00+03:00,18.21622,0.0,13.18379,75.30022,6.445411,8.526741,,,2026-10-03T15:32:14Z,2026-10-03T15:32:14Z,0
20513,512647,Kitgum2 KitgumMC,3.329416943369524,33.176767183806454,1791040500000,2026-10-03T15:15:00+00:00,2026-10-03T18:15:00+03:00,32.27,0.0,52.91829,43.0,2.407874,,,,2026-10-03T15:32:14Z,2026-10-03T15:32:14Z,0
21602,44434,Mbarara NARO,-0.33912497379417256,30.53875374336554,1791040500000,2026-10-03T15:15:00+00:00,2026-10-03T18:15:00+03:00,21.62,0.0,16.63233,90.9,1.226825,4.11078,,,2026-10-03T15:32:14Z,2026-10-03T15:32:14Z,0
22494,511046,Bukedea BukedeaTC,1.344383477320109,34.65405915348999,1791040500000,2026-10-03T15:15:00+00:00,2026-10-03T18:15:00+03:00,29.35,0.0,49.22561,67.56,0.0,0.0,,,2026-10-03T15:32:14Z,2026-10-03T15:32:14Z,0
22531,514574,Ntungamo NtungamoTC,-0.8743084927533056,30.25887027699915,1791040500000,2026-10-03T15:15:00+00:00,2026-10-03T18:15:00+03:00,24.6,0.0,41.50454,60.51,2.456703,,,,2026-10-03T15:17:15Z,2026-10-03T15:32:14Z,0
22745,860739,Tororo TororoMC,0.7363404161562512,34.16750975530811,1791040500000,2026-10-03T15:15:00+00:00,2026-10-03T18:15:00+03:00,28.91,,34.18021,51.36,2.74052,,rain_mm,,2026-10-03T15:32:14Z,2026-10-03T15:32:14Z,0
23068,44186,Hoima Bulindi,1.4649547824354439,31.438459956597924,1791040500000,2026-10-03T15:15:00+00:00,2026-10-03T18:15:00+03:00,26.71244,0.0,21.75937,83.01671,0.7003891,,,,2026-10-03T15:32:14Z,2026-10-03T15:32:14Z,0
23570,860744,Kabarole KyembogoNARO,0.7373272793620456,30.378182216821177,1791040500000,2026-10-03T15:15:00+00:00,2026-10-03T18:15:00+03:00,18.68467,0.0,30.54856,97.42428,1.079423,3.942779,,,2026-10-03T15:32:14Z,2026-10-03T15:32:14Z,0
25494,45719,Wakiso KawandaNARO,0.5757356735589316,32.2094519796799,1791040500000,2026-10-03T15:15:00+00:00,2026-10-03T18:15:00+03:00,24.94545,0.0,23.86511,80.64698,0.0,,,,2026-10-03T15:32:14Z,2026-10-03T15:32:14Z,0
25894,44432,NARO Serere2,1.5498464368665708,33.471426852949406,1791040500000,2026-10-03T15:15:00+00:00,2026-10-03T18:15:00+03:00,29.02,0.0,38.9105,63.15,8.273441,10.08011,,,2026-10-03T15:32:14Z,2026-10-03T15:32:14Z,0
26314,511026,Buhweju BuhwejuTC,-0.36217852027400727,30.438745738821645,1791040500000,2026-10-03T15:15:00+00:00,2026-10-03T18:15:00+03:00,21.55642,0.0,19.13481,62.90074,3.033494,,,,2026-10-03T15:32:14Z,2026-10-03T15:32:14Z,0
26350,516055,Bushenyi PIBID2,-0.34476582916148607,30.12697463332902,1791040500000,2026-10-03T15:15:00+00:00,2026-10-03T18:15:00+03:00,15.63,0.0,7.721065,71.88,8.551156,12.11872,,,2026-10-03T15:32:14Z,2026-10-03T15:32:14Z,0
26371,514572,EntebbeCity NMTS,0.002068145970468316,32.47029039760271,1791040500000,2026-10-03T15:15:00+00:00,2026-10-03T18:15:00+03:00,24.64,0.0,0.0,77.17,1.376364,2.304112,,,2026-10-03T15:32:14Z,2026-10-03T15:32:14Z,0
27592,514557,Kampala MakerereUnv3,0.33461539452981,32.571512848339765,1791040500000,2026-10-03T15:15:00+00:00,2026-10-03T18:15:00+03:00,25.33,0.0,27.19158,68.19,2.124056,4.263371,,,2026-10-03T15:32:14Z,2026-10-03T15:32:14Z,0
27630,514559,Gulu Airfield2,2.3315839569642756,32.403314261884674,1791040500000,2026-10-03T15:15:00+00:00,2026-10-03T18:15:00+03:00,30.37,0.0,46.35691,42.36,2.301061,,,,2026-10-03T15:32:14Z,2026-10-03T15:32:14Z,0
27651,514554,Lamwo LamwoTC,3.5293008898067413,32.800069272228264,1791040500000,2026-10-03T15:15:00+00:00,2026-10-03T18:15:00+03:00,28.16,0.0,36.25544,63.93,6.167697,8.154422,,,2026-10-03T15:32:14Z,2026-10-03T15:47:15Z,0
27771,853292,Palisa PallisaTC2,1.2019752388359248,33.32467996636534,1791040500000,2026-10-03T15:15:00+00:00,2026-10-03T18:15:00+03:00,30.61,0.0,12.60395,57.31,0.4028382,,,,2026-10-03T15:32:14Z,2026-10-03T15:32:14Z,0
28282,49381,Amolatar NamasaleHCIII2,1.890942556037648,33.03500809176537,1791040500000,2026-10-03T15:15:00+00:00,2026-10-03T18:15:00+03:00,29.74,0.0,53.6202,59.47,7.251087,8.526741,,,2026-10-03T15:32:14Z,2026-10-03T15:32:14Z,0
28650,518275,Nakapiripirit NabulengerHCII,1.8399992209235494,34.569297846559095,1791040500000,2026-10-03T15:15:00+00:00,2026-10-03T18:15:00+03:00,31.29,0.0,23.62097,25.98,20.21653,28.10208,,,2026-10-03T15:32:14Z,2026-10-03T15:32:14Z,0
28835,518279,Karenga KidepoAirfield,3.433006937417964,33.45274286601015,1791040500000,2026-10-03T15:15:00+00:00,2026-10-03T18:15:00+03:00,29.91,0.0,70.61875,32.47,14.88975,,,,2026-10-03T15:32:14Z,2026-10-03T15:32:14Z,0
28935,518278,Kaabong SidokHCIII,3.3616463406052675,34.12346082801267,1791040500000,2026-10-03T15:15:00+00:00,2026-10-03T18:15:00+03:00,27.51,0.0,20.11139,34.86,16.46143,,,,2026-10-03T15:32:14Z,2026-10-03T15:32:14Z,0
29036,514566,Nabilatuk Nabuin ZARDI,1.716485049322414,34.51313788762028,1791040500000,2026-10-03T15:15:00+00:00,2026-10-03T18:15:00+03:00,29.53,0.0,0.0,29.85,26.46647,,,,2026-10-03T15:32:14Z,2026-10-03T15:32:14Z,0
29180,517853,Moroto RupaSC,2.582841223352566,34.66924742947938,1791040500000,2026-10-03T15:15:00+00:00,2026-10-03T18:15:00+03:00,28.21,0.0,18.55497,32.63,16.16236,24.55177,,,2026-10-03T15:32:14Z,2026-10-03T15:32:14Z,0
29306,514576,Butaleja ButalejaTC,0.6919682458015968,34.09885656329347,1791040500000,2026-10-03T15:15:00+00:00,2026-10-03T18:15:00+03:00,30.68,0.0,22.1561,57.08,0.6591898,,,,2026-10-03T15:32:14Z,2026-10-03T15:32:14Z,0
29347,862041,Kabale KabaleMC,-1.2542908115437144,29.987880749577656,1791040500000,2026-10-03T15:15:00+00:00,2026-10-03T18:15:00+03:00,20.48,0.0,23.89563,68.89,0.6262302,,,,2026-10-03T15:32:14Z,2026-10-03T15:32:14Z,0
29366,860740,Kasese Airfield,0.16776145042270435,30.06946870555926,1791040500000,2026-10-03T15:15:00+00:00,2026-10-03T18:15:00+03:00,22.74,0.0,36.56062,79.32,8.425269,,,,2026-10-03T15:17:15Z,2026-10-03T15:32:14Z,0
29497,514558,Bulisa ButiabaHydro,2.1126939171888264,31.436768666464783,1791040500000,2026-10-03T15:15:00+00:00,2026-10-03T18:15:00+03:00,29.63,0.0,44.22065,68.27,4.923324,,,,2026-10-03T15:32:14Z,2026-10-03T15:32:14Z,0
29529,514573,Bundibugyo BundibugyoTC,0.8026268481642997,30.27578425237216,1791040500000,2026-10-03T15:15:00+00:00,2026-10-03T18:15:00+03:00,24.58,0.0,0.0,65.68,7.131609,,,,2026-10-03T15:32:14Z,2026-10-03T15:32:14Z,0
29561,514560,Kikuube Hoima Airport,1.4920191900781956,31.31796244549898,1791040500000,2026-10-03T15:15:00+00:00,2026-10-03T18:15:00+03:00,26.49,0.0,12.5124,73.8,2.677958,,,,2026-10-03T15:32:14Z,2026-10-03T15:32:14Z,0
29593,514561,Pallisa KasodoSC,1.2320044388064466,33.6019957700963,1791040500000,2026-10-03T15:15:00+00:00,2026-10-03T18:15:00+03:00,28.68,0.0,18.7686,74.58,4.700847,,,,2026-10-03T15:32:14Z,2026-10-03T15:32:14Z,0
29787,862013,Kamuli Namasagali,1.0190806821802028,32.949594981070824,1791040500000,2026-10-03T15:15:00+00:00,2026-10-03T18:15:00+03:00,28.03,0.0,28.29023,76.88,3.259327,6.301976,,,2026-10-03T15:32:14Z,2026-10-03T15:32:14Z,0
29823,860732,Kotido KotidoTC,3.007038604042491,34.10733499015392,1791040500000,2026-10-03T15:15:00+00:00,2026-10-03T18:15:00+03:00,30.47,0.0,76.08148,43.82,0.0,0.0,,,2026-10-03T15:32:14Z,2026-10-03T15:32:14Z,0
29892,516056,Budaka BudakaTC2,0.11576196513474404,33.453613566274235,1791040500000,2026-10-03T15:15:00+00:00,2026-10-03T18:15:00+03:00,29.19,0.0,9.918365,68.85,3.95819,,,,2026-10-03T15:32:14Z,2026-10-03T15:47:15Z,0
29932,514577,Namutumba NamutumbaTC2,1.9758008082349363,33.56106699819666,1791040500000,2026-10-03T15:15:00+00:00,2026-10-03T18:15:00+03:00,31.22,0.0,39.9176,48.87,0.0,0.4821851,,,2026-10-03T15:32:14Z,2026-10-03T15:32:14Z,0
30001,860741,Mbarara MbararaMC,-0.6104058469568668,30.637128687200217,1791040500000,2026-10-03T15:15:00+00:00,2026-10-03T18:15:00+03:00,21.79,0.0,19.01274,78.57,4.997482,8.590067,,,2026-10-03T15:17:15Z,2026-10-03T15:17:15Z,0
30033,45670,Apac ApacTC,1.9892647841094635,32.531624149345156,1791040500000,2026-10-03T15:15:00+00:00,2026-10-03T18:15:00+03:00,30.68,0.0,0.0,58.03,0.0,0.0,,,2026-10-03T15:32:14Z,2026-10-03T15:32:14Z,0
30066,49455,Kayunga DistrictAdmin,0.7203001611290255,32.893290564677095,1791040500000,2026-10-03T15:15:00+00:00,2026-10-03T18:15:00+03:00,26.89403,0.0,10.10147,73.45388,135.9762,,,wind_sensor_suspect,2026-10-03T15:17:15Z,2026-10-03T15:32:14Z,0
30143,860494,Lira NARONgetta,2.1557054334938868,32.88785061975556,1791040500000,2026-10-03T15:15:00+00:00,2026-10-03T18:15:00+03:00,30.41,0.0,41.47402,53.51,3.333028,,,,2026-10-03T15:32:14Z,2026-10-03T15:32:14Z,0
30220,45708,Dokolo DokoloTC,1.914993229491238,33.176049575854904,1791040500000,2026-10-03T15:15:00+00:00,2026-10-03T18:15:00+03:00,29.74288,0.0,42.08438,50.26169,0.5891508,0.6221103,,,2026-10-03T15:32:14Z,2026-10-03T15:32:14Z,0
30316,860746,Mayuge IkulweNARO,0.4388712184461232,33.476196856980515,1791040500000,2026-10-03T15:15:00+00:00,2026-10-03T18:15:00+03:00,,0.0,26.82536,,9.685969,,t_air_c;rh_pct,,2026-10-03T15:17:15Z,2026-10-03T15:32:14Z,0
30347,860738,Bulambuli BuginyanyaNARO,1.2292008829492236,34.512188495373756,1791040500000,2026-10-03T15:15:00+00:00,2026-10-03T18:15:00+03:00,23.34,0.0,28.38178,65.15,0.1029984,,,,2026-10-03T15:32:14Z,2026-10-03T15:32:14Z,0
30381,45666,Mukono NtawoNARO,0.37885800528124053,32.7292665823493,1791040500000,2026-10-03T15:15:00+00:00,2026-10-03T18:15:00+03:00,25.22164,0.0,15.28954,85.90524,5.426108,9.008926,,,2026-10-03T15:32:14Z,2026-10-03T15:32:14Z,0
30411,45716,Lwengo KamenyamigoNARO,-0.28429808513865706,31.664636340132986,1791040500000,2026-10-03T15:15:00+00:00,2026-10-03T18:15:00+03:00,24.05,0.0,37.0489,70.75,3.161669,12.52766,,,2026-10-03T15:47:15Z,2026-10-03T15:47:15Z,0
30476,518276,Moroto Airfield,2.499539862843011,34.60336771655714,1791040500000,2026-10-03T15:15:00+00:00,2026-10-03T18:15:00+03:00,29.23,0.0,52.27741,31.34,30.70588,,,,2026-10-03T15:32:14Z,2026-10-03T15:32:14Z,0
30518,45678,Kwania AdukuTC,2.0141834426175826,32.722869192593286,1791040500000,2026-10-03T15:15:00+00:00,2026-10-03T18:15:00+03:00,31.49,0.0,55.63439,50.62,0.0,0.0,,,2026-10-03T15:32:14Z,2026-10-03T15:32:14Z,0
30600,514575,Buvuma BuvumaCollege,0.20227217732623182,33.298299581212675,1791040500000,2026-10-03T15:15:00+00:00,2026-10-03T18:15:00+03:00,26.06,0.0,32.16602,80.11,8.705424,,,,2026-10-03T15:32:14Z,2026-10-03T15:32:14Z,0
30695,514556,EntebbeCity AirportNMC,-0.34891969990053573,30.46770493505511,1791040500000,2026-10-03T15:15:00+00:00,2026-10-03T18:15:00+03:00,24.96,0.0,39.76501,75.0,6.314183,8.624399,,,2026-10-03T15:32:14Z,2026-10-03T15:32:14Z,0
30757,860735,Arua Airfield,3.022727728757243,30.902049741391995,1791040500000,2026-10-03T15:15:00+00:00,2026-10-03T18:15:00+03:00,26.59,0.0,58.47257,79.28,4.577706,5.917449,,,2026-10-03T15:32:14Z,2026-10-03T15:32:14Z,0
31495,518862,Kapchorwa SipiTC,1.2267354469379133,34.365906405123326,1791040500000,2026-10-03T15:15:00+00:00,2026-10-03T18:15:00+03:00,24.7,0.0,0.0,33.91,3.479057,5.160601,,,2026-10-03T15:32:14Z,2026-10-03T15:32:14Z,0
31712,518846,Sironko SironkoTC,1.2330289483318788,34.24436423053502,1791040500000,2026-10-03T15:15:00+00:00,2026-10-03T18:15:00+03:00,27.51,0.0,94.36179,59.99,4.351873,6.359961,,,2026-10-03T15:32:14Z,2026-10-03T15:32:14Z,0
31809,518861,Bulambuli Bulegeni NARO,1.2990504672186247,34.322697246680406,1791040500000,2026-10-03T15:15:00+00:00,2026-10-03T18:15:00+03:00,26.96,0.0,5.371176,39.39,7.064927,8.218509,,,2026-10-03T15:32:14Z,2026-10-03T15:32:14Z,0
32252,518843,Isingiro KabuyandaTC,-0.9482535956706091,30.623306857245286,1791040500000,2026-10-03T15:15:00+00:00,2026-10-03T18:15:00+03:00,25.48,0.0,0.0,47.55,4.36408,7.647822,,,2026-10-03T15:32:14Z,2026-10-03T15:32:14Z,0
33112,45718,Kaliro KaliroTC3,0.3200660892230024,30.52341859895648,1791040500000,2026-10-03T15:15:00+00:00,2026-10-03T18:15:00+03:00,0.0,0.0,0.0,0.0,0.8850232,0.8911269,,temp_rh_dead,2026-10-03T15:32:14Z,2026-10-03T15:32:14Z,0
30820,518844,Kanungu MatandaHCIII,-0.6465365596528061,29.742748867338342,1791040800000,2026-10-03T15:20:00+00:00,2026-10-03T18:20:00+03:00,21.01,0.0,0.0,95.07,6.662089,9.222553,,,2026-10-03T15:32:14Z,2026-10-03T15:32:14Z,0
31441,518845,Kapchorwa KapchorwaTC,1.3911330664844062,34.44711975629734,1791040800000,2026-10-03T15:20:00+00:00,2026-10-03T18:20:00+03:00,,0.0,,,0.0,0.2746624,t_air_c;rh_pct,,2026-10-03T15:32:14Z,2026-10-03T15:32:14Z,0
12322,853288,Mukono MpomaNARO,0.4283966588777295,32.76213604190826,1791041400000,2026-10-03T15:30:00+00:00,2026-10-03T18:30:00+03:00,24.66468,0.0,5.706874,88.23682,4.272374,,,,2026-10-03T15:32:14Z,2026-10-03T15:47:15Z,1
14926,45633,NARO NaFIRRI,1.2369277861017918,34.56704375600076,1791041400000,2026-10-03T15:30:00+00:00,2026-10-03T18:30:00+03:00,-39.90692,0.0,12.75654,0.09918365,5.52987,7.873655,,temp_sensor_suspect,2026-10-03T15:47:15Z,2026-10-03T15:47:15Z,0
18675,511038,Bushenyi KyamuhungaTC,-0.43140075953825036,30.06284619401695,1791041400000,2026-10-03T15:30:00+00:00,2026-10-03T18:30:00+03:00,19.2,0.0,6.073091,100.0,5.758755,6.820783,,,2026-10-03T15:47:15Z,2026-10-03T15:47:15Z,0
19036,511025,Kumi Mukongoro,1.3213023670796662,33.886075111016034,1791041400000,2026-10-03T15:30:00+00:00,2026-10-03T18:30:00+03:00,28.66,0.0,21.4847,77.93,4.11078,6.186007,,,2026-10-03T15:47:15Z,2026-10-03T15:47:15Z,0
19216,511040,Ngora Kobwin,1.3996404514823648,33.746259878723855,1791041400000,2026-10-03T15:30:00+00:00,2026-10-03T18:30:00+03:00,28.85,0.0,16.41871,69.02,4.644846,6.253147,,,2026-10-03T15:47:15Z,2026-10-03T15:47:15Z,0
19410,511043,Rubanda KarengyereNARO,-1.500172417819356,29.80055712733001,1791041400000,2026-10-03T15:30:00+00:00,2026-10-03T18:30:00+03:00,15.04,0.0,12.11566,96.38,10.2298,,,,2026-10-03T15:47:15Z,2026-10-03T15:47:15Z,0
19560,511036,Rukungiri RukungiriTC,-0.7824612451972481,29.919168920717752,1791041400000,2026-10-03T15:30:00+00:00,2026-10-03T18:30:00+03:00,20.78,0.0,18.61601,99.64,3.539025,,,,2026-10-03T15:32:14Z,2026-10-03T15:47:15Z,1
19644,511034,Ntungamo RukoneEast,-0.9026492749586166,30.53713188060457,1791041400000,2026-10-03T15:30:00+00:00,2026-10-03T18:30:00+03:00,25.06,0.0,25.08583,67.17,5.388876,,,,2026-10-03T15:47:15Z,2026-10-03T15:47:15Z,0
19689,511063,Isingiro Mbaale SC,-0.8229276501909935,30.80641202589177,1791041400000,2026-10-03T15:30:00+00:00,2026-10-03T18:30:00+03:00,24.62,0.0,37.17097,63.18,7.309072,9.265278,,,2026-10-03T15:47:15Z,2026-10-03T15:47:15Z,0
19913,512648,Rubanda Kachwekano,-1.2492907374261277,29.94650239241936,1791041400000,2026-10-03T15:30:00+00:00,2026-10-03T18:30:00+03:00,18.22995,0.0,10.74235,74.31144,4.846265,5.981536,,,2026-10-03T15:47:15Z,2026-10-03T15:47:15Z,0
20513,512647,Kitgum2 KitgumMC,3.329416943369524,33.176767183806454,1791041400000,2026-10-03T15:30:00+00:00,2026-10-03T18:30:00+03:00,31.03,0.0,14.0383,46.27,2.172885,,,,2026-10-03T15:47:15Z,2026-10-03T15:47:15Z,0
21602,44434,Mbarara NARO,-0.33912497379417256,30.53875374336554,1791041400000,2026-10-03T15:30:00+00:00,2026-10-03T18:30:00+03:00,21.44,0.0,11.41375,95.45,0.0,0.0,,,2026-10-03T15:47:15Z,2026-10-03T15:47:15Z,0
22494,511046,Bukedea BukedeaTC,1.344383477320109,34.65405915348999,1791041400000,2026-10-03T15:30:00+00:00,2026-10-03T18:30:00+03:00,28.93,0.0,12.48188,68.99,0.0,0.0,,,2026-10-03T15:47:15Z,2026-10-03T15:47:15Z,0
22531,514574,Ntungamo NtungamoTC,-0.8743084927533056,30.25887027699915,1791041400000,2026-10-03T15:30:00+00:00,2026-10-03T18:30:00+03:00,24.0,0.0,21.21004,61.8,1.815824,,,,2026-10-03T15:47:15Z,2026-10-03T15:47:15Z,0
22745,860739,Tororo TororoMC,0.7363404161562512,34.16750975530811,1791041400000,2026-10-03T15:30:00+00:00,2026-10-03T18:30:00+03:00,28.29,,11.20012,52.06,1.464866,,rain_mm,,2026-10-03T15:47:15Z,2026-10-03T15:47:15Z,0
23068,44186,Hoima Bulindi,1.4649547824354439,31.438459956597924,1791041400000,2026-10-03T15:30:00+00:00,2026-10-03T18:30:00+03:00,25.75417,0.0,14.61814,88.63203,0.6839094,,,,2026-10-03T15:47:15Z,2026-10-03T15:47:15Z,0
23570,860744,Kabarole KyembogoNARO,0.7373272793620456,30.378182216821177,1791041400000,2026-10-03T15:30:00+00:00,2026-10-03T18:30:00+03:00,18.76554,0.0,14.83177,96.01434,5.232318,6.925612,,,2026-10-03T15:47:15Z,2026-10-03T15:47:15Z,0
24597,511024,Kanungu KirimaSC,-0.8665190597972187,29.750001331073445,1791041400000,2026-10-03T15:30:00+00:00,2026-10-03T18:30:00+03:00,21.82,0.0,23.71252,100.0,8.328374,13.30281,,,2026-10-03T15:47:15Z,2026-10-03T15:47:15Z,0
25494,45719,Wakiso KawandaNARO,0.5757356735589316,32.2094519796799,1791041400000,2026-10-03T15:30:00+00:00,2026-10-03T18:30:00+03:00,24.40681,0.0,14.22141,82.83971,0.0,,,,2026-10-03T15:47:15Z,2026-10-03T15:47:15Z,0
25858,860733,Masindi MasindiMC,1.6873183106449883,31.720847713796427,1791041400000,2026-10-03T15:30:00+00:00,2026-10-03T18:30:00+03:00,28.15,0.0,17.79202,70.93,0.3692683,,,,2026-10-03T15:47:15Z,2026-10-03T15:47:15Z,0
25894,44432,NARO Serere2,1.5498464368665708,33.471426852949406,1791041400000,2026-10-03T15:30:00+00:00,2026-10-03T18:30:00+03:00,28.26,0.0,10.71183,65.67,7.513542,9.237812,,,2026-10-03T15:47:15Z,2026-10-03T15:47:15Z,0
26314,511026,Buhweju BuhwejuTC,-0.36217852027400727,30.438745738821645,1791041400000,2026-10-03T15:30:00+00:00,2026-10-03T18:30:00+03:00,21.1902,0.0,18.61601,65.94339,1.550317,,,,2026-10-03T15:47:15Z,2026-10-03T15:47:15Z,0
26350,516055,Bushenyi PIBID2,-0.34476582916148607,30.12697463332902,1791041400000,2026-10-03T15:30:00+00:00,2026-10-03T18:30:00+03:00,15.29,0.0,5.61532,73.18,6.469826,8.892958,,,2026-10-03T15:47:15Z,2026-10-03T15:47:15Z,0
26371,514572,EntebbeCity NMTS,0.002068145970468316,32.47029039760271,1791041400000,2026-10-03T15:30:00+00:00,2026-10-03T18:30:00+03:00,24.44,0.0,0.0,77.78,2.059968,2.508583,,,2026-10-03T15:47:15Z,2026-10-03T15:47:15Z,0
26934,863098,Kampala LubigiNWSC,0.3440953682915257,32.54509647954191,1791041400000,2026-10-03T15:30:00+00:00,2026-10-03T18:30:00+03:00,26.25009,0.0,5.676356,77.33119,7.33959,9.365988,,,2026-10-03T15:32:14Z,2026-10-03T15:47:15Z,1
27204,515136,Kirihura MburoNP,-0.32644602379535037,30.558912625750658,1791041400000,2026-10-03T15:30:00+00:00,2026-10-03T18:30:00+03:00,,0.0,0.0,,0.0,0.4180972,t_air_c;rh_pct,,2026-10-03T15:32:14Z,2026-10-03T15:47:15Z,0
27429,853290,Tororo MoroTC,1.347804683283513,33.56157669447344,1791041400000,2026-10-03T15:30:00+00:00,2026-10-03T18:30:00+03:00,26.05,0.0,12.81758,79.79,0.8178836,2.90837,,,2026-10-03T15:32:14Z,2026-10-03T15:47:15Z,0
27592,514557,Kampala MakerereUnv3,0.33461539452981,32.571512848339765,1791041400000,2026-10-03T15:30:00+00:00,2026-10-03T18:30:00+03:00,25.07,0.0,16.41871,70.59,2.700847,5.874723,,,2026-10-03T15:47:15Z,2026-10-03T15:47:15Z,0
27630,514559,Gulu Airfield2,2.3315839569642756,32.403314261884674,1791041400000,2026-10-03T15:30:00+00:00,2026-10-03T18:30:00+03:00,29.01,0.0,9.857328,48.26,1.30312,,,,2026-10-03T15:47:15Z,2026-10-03T15:47:15Z,0
27771,853292,Palisa PallisaTC2,1.2019752388359248,33.32467996636534,1791041400000,2026-10-03T15:30:00+00:00,2026-10-03T18:30:00+03:00,30.23,0.0,4.516671,59.44,0.280766,,,,2026-10-03T15:47:15Z,2026-10-03T15:47:15Z,0
28133,514567,Rukiga RwamuchuchuSC,-1.147093805481443,30.065473322928664,1791041400000,2026-10-03T15:30:00+00:00,2026-10-03T18:30:00+03:00,20.03,0.0,191.5923,82.54,1.669337,2.456703,,,2026-10-03T15:32:14Z,2026-10-03T15:32:14Z,0
28247,853287,KaberamaidoTC,1.3267002801667445,33.24551213582627,1791041400000,2026-10-03T15:30:00+00:00,2026-10-03T18:30:00+03:00,29.03944,0.0,3.356985,54.05508,0.2136263,3.237965,,,2026-10-03T15:32:14Z,2026-10-03T15:32:14Z,0
28282,49381,Amolatar NamasaleHCIII2,1.890942556037648,33.03500809176537,1791041400000,2026-10-03T15:30:00+00:00,2026-10-03T18:30:00+03:00,28.55,0.0,8.026245,64.56,6.753643,8.32227,,,2026-10-03T15:47:15Z,2026-10-03T15:47:15Z,0
28465,518272,Nabilatuk NabilatukDLG,2.0853119097380035,34.60581875063605,1791041400000,2026-10-03T15:30:00+00:00,2026-10-03T18:30:00+03:00,30.17,0.0,12.42084,26.68,18.17304,28.11444,,,2026-10-03T15:32:14Z,2026-10-03T15:47:15Z,0
28650,518275,Nakapiripirit NabulengerHCII,1.8399992209235494,34.569297846559095,1791041400000,2026-10-03T15:30:00+00:00,2026-10-03T18:30:00+03:00,30.9,0.0,9.033341,26.79,23.1664,34.08011,,,2026-10-03T15:47:15Z,2026-10-03T15:47:15Z,0
28835,518279,Karenga KidepoAirfield,3.433006937417964,33.45274286601015,1791041400000,2026-10-03T15:30:00+00:00,2026-10-03T18:30:00+03:00,29.32,0.0,21.91195,33.43,15.71374,,,,2026-10-03T15:47:15Z,2026-10-03T15:47:15Z,0
28935,518278,Kaabong SidokHCIII,3.3616463406052675,34.12346082801267,1791041400000,2026-10-03T15:30:00+00:00,2026-10-03T18:30:00+03:00,27.04,0.0,11.04753,35.8,14.41062,,,,2026-10-03T15:47:15Z,2026-10-03T15:47:15Z,0
29036,514566,Nabilatuk Nabuin ZARDI,1.716485049322414,34.51313788762028,1791041400000,2026-10-03T15:30:00+00:00,2026-10-03T18:30:00+03:00,29.19,0.0,0.0,30.65,25.04097,,,,2026-10-03T15:47:15Z,2026-10-03T15:47:15Z,0
29180,517853,Moroto RupaSC,2.582841223352566,34.66924742947938,1791041400000,2026-10-03T15:30:00+00:00,2026-10-03T18:30:00+03:00,27.8,0.0,9.002823,33.5,17.1603,30.02975,,,2026-10-03T15:47:15Z,2026-10-03T15:47:15Z,0
29306,514576,Butaleja ButalejaTC,0.6919682458015968,34.09885656329347,1791041400000,2026-10-03T15:30:00+00:00,2026-10-03T18:30:00+03:00,30.08,0.0,9.704738,55.82,0.8651865,,,,2026-10-03T15:47:15Z,2026-10-03T15:47:15Z,0
29407,860737,Soroti Airfield,1.7125019696651427,33.60989885031907,1791041400000,2026-10-03T15:30:00+00:00,2026-10-03T18:30:00+03:00,29.36,0.0,16.51026,74.82,3.436026,,,,2026-10-03T15:32:14Z,2026-10-03T15:47:15Z,1
29432,514563,Kikuube Hoima Sugar,1.250555426321004,31.194469848676302,1791041400000,2026-10-03T15:30:00+00:00,2026-10-03T18:30:00+03:00,24.72,0.0,14.77073,81.4,0.0,0.4943923,,,2026-10-03T15:32:14Z,2026-10-03T15:47:15Z,1
29497,514558,Bulisa ButiabaHydro,2.1126939171888264,31.436768666464783,1791041400000,2026-10-03T15:30:00+00:00,2026-10-03T18:30:00+03:00,29.19,0.0,25.11635,70.52,8.899062,,,,2026-10-03T15:47:15Z,2026-10-03T15:47:15Z,0
29529,514573,Bundibugyo BundibugyoTC,0.8026268481642997,30.27578425237216,1791041400000,2026-10-03T15:30:00+00:00,2026-10-03T18:30:00+03:00,24.38,0.0,0.0,67.13,10.40696,,,,2026-10-03T15:47:15Z,2026-10-03T15:47:15Z,0
29561,514560,Kikuube Hoima Airport,1.4920191900781956,31.31796244549898,1791041400000,2026-10-03T15:30:00+00:00,2026-10-03T18:30:00+03:00,25.68,0.0,11.90204,78.5,7.774319,,,,2026-10-03T15:47:15Z,2026-10-03T15:47:15Z,0
29593,514561,Pallisa KasodoSC,1.2320044388064466,33.6019957700963,1791041400000,2026-10-03T15:30:00+00:00,2026-10-03T18:30:00+03:00,28.13,0.0,10.77287,79.48,4.919204,,,,2026-10-03T15:47:15Z,2026-10-03T15:47:15Z,0
29756,862010,Nakasongola KalungiSC,1.2852342933913012,32.662599686414936,1791041400000,2026-10-03T15:30:00+00:00,2026-10-03T18:30:00+03:00,29.97635,0.0,14.80125,43.8941,1.52285,6.247044,,,2026-10-03T15:32:14Z,2026-10-03T15:47:15Z,0
29787,862013,Kamuli Namasagali,1.0190806821802028,32.949594981070824,1791041400000,2026-10-03T15:30:00+00:00,2026-10-03T18:30:00+03:00,27.35,0.0,8.728161,81.39,2.633707,2.819867,,,2026-10-03T15:47:15Z,2026-10-03T15:47:15Z,0
29823,860732,Kotido KotidoTC,3.007038604042491,34.10733499015392,1791041400000,2026-10-03T15:30:00+00:00,2026-10-03T18:30:00+03:00,29.9,0.0,18.28031,45.27,0.0,0.0,,,2026-10-03T15:47:15Z,2026-10-03T15:47:15Z,0
29932,514577,Namutumba NamutumbaTC2,1.9758008082349363,33.56106699819666,1791041400000,2026-10-03T15:30:00+00:00,2026-10-03T18:30:00+03:00,30.15,0.0,9.338521,57.45,0.0,0.4852369,,,2026-10-03T15:47:15Z,2026-10-03T15:47:15Z,0
30001,860741,Mbarara MbararaMC,-0.6104058469568668,30.637128687200217,1791041400000,2026-10-03T15:30:00+00:00,2026-10-03T18:30:00+03:00,21.71,0.0,12.66499,79.14,5.252918,6.748455,,,2026-10-03T15:32:14Z,2026-10-03T15:32:14Z,0
30033,45670,Apac ApacTC,1.9892647841094635,32.531624149345156,1791041400000,2026-10-03T15:30:00+00:00,2026-10-03T18:30:00+03:00,29.55,0.0,0.0,63.81,0.0,0.0,,,2026-10-03T15:47:15Z,2026-10-03T15:47:15Z,0
30066,49455,Kayunga DistrictAdmin,0.7203001611290255,32.893290564677095,1791041400000,2026-10-03T15:30:00+00:00,2026-10-03T18:30:00+03:00,26.20737,0.0,0.3356985,75.80835,127.2175,,,wind_sensor_suspect,2026-10-03T15:47:15Z,2026-10-03T15:47:15Z,0
30143,860494,Lira NARONgetta,2.1557054334938868,32.88785061975556,1791041400000,2026-10-03T15:30:00+00:00,2026-10-03T18:30:00+03:00,29.09,0.0,16.5713,59.03,3.819181,,,,2026-10-03T15:47:15Z,2026-10-03T15:47:15Z,0
30220,45708,Dokolo DokoloTC,1.914993229491238,33.176049575854904,1791041400000,2026-10-03T15:30:00+00:00,2026-10-03T18:30:00+03:00,28.76021,0.0,12.1767,57.18319,0.5726711,0.5973907,,,2026-10-03T15:47:15Z,2026-10-03T15:47:15Z,0
30252,49521,Kyenjojo KyenjojoMC,0.6130612575199993,30.641008786833954,1791041400000,2026-10-03T15:30:00+00:00,2026-10-03T18:30:00+03:00,20.80873,0.0,19.07378,68.64119,4.696727,6.991684,,,2026-10-03T15:47:15Z,2026-10-03T15:47:15Z,0
30283,514568,Kampala KyambogoUnv2,0.3228582483254613,32.59455916940114,1791041400000,2026-10-03T15:30:00+00:00,2026-10-03T18:30:00+03:00,24.55,0.0,13.33639,75.99,1.849851,5.81323,,,2026-10-03T15:32:14Z,2026-10-03T15:47:15Z,1
30347,860738,Bulambuli BuginyanyaNARO,1.2292008829492236,34.512188495373756,1791041400000,2026-10-03T15:30:00+00:00,2026-10-03T18:30:00+03:00,21.45,0.0,27.46624,70.24,0.07003891,,,,2026-10-03T15:47:15Z,2026-10-03T15:47:15Z,0
30381,45666,Mukono NtawoNARO,0.37885800528124053,32.7292665823493,1791041400000,2026-10-03T15:30:00+00:00,2026-10-03T18:30:00+03:00,24.65553,0.0,6.652933,88.52522,4.88899,6.955062,,,2026-10-03T15:47:15Z,2026-10-03T15:47:15Z,0
30476,518276,Moroto Airfield,2.499539862843011,34.60336771655714,1791041400000,2026-10-03T15:30:00+00:00,2026-10-03T18:30:00+03:00,28.72,0.0,16.11353,32.14,32.1767,,,,2026-10-03T15:47:15Z,2026-10-03T15:47:15Z,0
30518,45678,Kwania AdukuTC,2.0141834426175826,32.722869192593286,1791041400000,2026-10-03T15:30:00+00:00,2026-10-03T18:30:00+03:00,30.37,0.0,16.54078,56.69,0.0,0.0,,,2026-10-03T15:47:15Z,2026-10-03T15:47:15Z,0
30600,514575,Buvuma BuvumaCollege,0.20227217732623182,33.298299581212675,1791041400000,2026-10-03T15:30:00+00:00,2026-10-03T18:30:00+03:00,25.83,0.0,9.704738,81.16,8.791944,,,,2026-10-03T15:47:15Z,2026-10-03T15:47:15Z,0
30695,514556,EntebbeCity AirportNMC,-0.34891969990053573,30.46770493505511,1791041400000,2026-10-03T15:30:00+00:00,2026-10-03T18:30:00+03:00,24.7,0.0,18.46342,76.48,6.152438,7.211414,,,2026-10-03T15:47:15Z,2026-10-03T15:47:15Z,0
30757,860735,Arua Airfield,3.022727728757243,30.902049741391995,1791041400000,2026-10-03T15:30:00+00:00,2026-10-03T18:30:00+03:00,26.32,0.0,33.1426,80.67,4.71809,5.914397,,,2026-10-03T15:47:15Z,2026-10-03T15:47:15Z,0
30820,518844,Kanungu MatandaHCIII,-0.6465365596528061,29.742748867338342,1791041400000,2026-10-03T15:30:00+00:00,2026-10-03T18:30:00+03:00,21.04,0.0,0.0,95.34,5.624475,8.603037,,,2026-10-03T15:47:15Z,2026-10-03T15:47:15Z,0
31441,518845,Kapchorwa KapchorwaTC,1.3911330664844062,34.44711975629734,1791041400000,2026-10-03T15:30:00+00:00,2026-10-03T18:30:00+03:00,,0.0,,,0.0,0.2685588,t_air_c;rh_pct,,2026-10-03T15:47:15Z,2026-10-03T15:47:15Z,0
31712,518846,Sironko SironkoTC,1.2330289483318788,34.24436423053502,1791041400000,2026-10-03T15:30:00+00:00,2026-10-03T18:30:00+03:00,27.14,0.0,95.18578,59.13,4.654002,5.352865,,,2026-10-03T15:47:15Z,2026-10-03T15:47:15Z,0
31809,518861,Bulambuli Bulegeni NARO,1.2990504672186247,34.322697246680406,1791041400000,2026-10-03T15:30:00+00:00,2026-10-03T18:30:00+03:00,26.98,0.0,5.065995,38.54,6.631571,10.22965,,,2026-10-03T15:47:15Z,2026-10-03T15:47:15Z,0
32252,518843,Isingiro KabuyandaTC,-0.9482535956706091,30.623306857245286,1791041400000,2026-10-03T15:30:00+00:00,2026-10-03T18:30:00+03:00,25.15,0.0,0.0,48.11,4.437324,6.665141,,,2026-10-03T15:47:15Z,2026-10-03T15:47:15Z,0
32414,518863,Sironko Bugusege NARO,1.3301129163684409,33.67749128727189,1791041400000,2026-10-03T15:30:00+00:00,2026-10-03T18:30:00+03:00,25.34,0.0,96.43702,57.29,0.5340658,,,,2026-10-03T23:17:14Z,2026-10-03T23:32:14Z,1
33112,45718,Kaliro KaliroTC3,0.3200660892230024,30.52341859895648,1791041400000,2026-10-03T15:30:00+00:00,2026-10-03T18:30:00+03:00,0.0,0.0,0.0,0.0,0.8911269,0.9002823,,temp_rh_dead,2026-10-03T15:47:15Z,2026-10-03T15:47:15Z,0
33816,512617,Buyende Kidera1,1.1427018347181084,33.27926712214954,1791041400000,2026-10-03T15:30:00+00:00,2026-10-03T18:30:00+03:00,30.73777,0.0,15.53368,46.95811,0.0,0.0,,,2026-10-03T15:47:15Z,2026-10-03T15:47:15Z,0
28133,514567,Rukiga RwamuchuchuSC,-1.147093805481443,30.065473322928664,1791042000000,2026-10-03T15:40:00+00:00,2026-10-03T18:40:00+03:00,20.02,0.0,178.7137,83.89,1.049821,1.855497,,,2026-10-03T15:47:15Z,2026-10-03T15:47:15Z,0
28247,853287,KaberamaidoTC,1.3267002801667445,33.24551213582627,1791042000000,2026-10-03T15:40:00+00:00,2026-10-03T18:40:00+03:00,29.03944,0.0,0.0,55.80988,0.1464866,2.230869,,,2026-10-03T15:47:15Z,2026-10-03T15:47:15Z,0
31441,518845,Kapchorwa KapchorwaTC,1.3911330664844062,34.44711975629734,1791042000000,2026-10-03T15:40:00+00:00,2026-10-03T18:40:00+03:00,,0.0,,,0.0,0.2563516,t_air_c;rh_pct,,2026-10-03T14:02:22Z,2026-10-03T17:17:16Z,0
22531,514574,Ntungamo NtungamoTC,-0.8743084927533056,30.25887027699915,1791042300000,2026-10-03T15:45:00+00:00,2026-10-03T18:45:00+03:00,23.68,0.0,7.293812,63.93,1.834134,,,,2026-10-03T14:02:22Z,2026-10-03T17:32:15Z,0
29347,862041,Kabale KabaleMC,-1.2542908115437144,29.987880749577656,1791042300000,2026-10-03T15:45:00+00:00,2026-10-03T18:45:00+03:00,20.04,0.0,7.568475,70.27,0.906386,,,,2026-10-03T15:47:15Z,2026-10-03T15:47:15Z,0
29366,860740,Kasese Airfield,0.16776145042270435,30.06946870555926,1791042300000,2026-10-03T15:45:00+00:00,2026-10-03T18:45:00+03:00,22.11,0.0,6.347753,84.04,8.754864,,,,2026-10-03T15:47:15Z,2026-10-03T15:47:15Z,0
30001,860741,Mbarara MbararaMC,-0.6104058469568668,30.637128687200217,1791042300000,2026-10-03T15:45:00+00:00,2026-10-03T18:45:00+03:00,21.67,0.0,12.66499,79.14,6.756695,8.37171,,,2026-10-03T15:47:15Z,2026-10-03T15:47:15Z,0
30316,860746,Mayuge IkulweNARO,0.4388712184461232,33.476196856980515,1791042300000,2026-10-03T15:45:00+00:00,2026-10-03T18:45:00+03:00,,0.0,25.29946,,5.026322,,t_air_c;rh_pct,,2026-10-03T15:47:15Z,2026-10-03T15:47:15Z,0
31495,518862,Kapchorwa SipiTC,1.2267354469379133,34.365906405123326,1791042300000,2026-10-03T15:45:00+00:00,2026-10-03T18:45:00+03:00,24.09,0.0,0.0,36.03,3.125048,10.20829,,,2026-10-03T15:47:15Z,2026-10-03T15:47:15Z,0
18831,511028,Kibuku KadamaTC,1.230158490836445,33.75766971001673,1791043200000,2026-10-03T16:00:00+00:00,2026-10-03T19:00:00+03:00,28.13,0.0,0.0,75.96,1.25124,2.218662,,,2026-10-03T14:02:22Z,2026-10-03T17:02:16Z,0
30252,49521,Kyenjojo KyenjojoMC,0.6130612575199993,30.641008786833954,1791043200000,2026-10-03T16:00:00+00:00,2026-10-03T19:00:00+03:00,19.71923,0.0,0.0,74.20767,4.09247,6.512551,,,2026-10-03T14:02:22Z,2026-10-03T17:02:16Z,0
25894,44432,NARO Serere2,1.5498464368665708,33.471426852949406,1791044100000,2026-10-03T16:15:00+00:00,2026-10-03T19:15:00+03:00,26.81,0.0,0.0,70.52,6.921492,9.48806,,,2026-10-03T14:02:22Z,2026-10-03T17:17:16Z,0
29306,514576,Butaleja ButalejaTC,0.6919682458015968,34.09885656329347,1791044100000,2026-10-03T16:15:00+00:00,2026-10-03T19:15:00+03:00,27.52,0.0,0.0,74.81,1.029984,,,,2026-10-03T14:02:22Z,2026-10-03T17:02:16Z,0
29823,860732,Kotido KotidoTC,3.007038604042491,34.10733499015392,1791044100000,2026-10-03T16:15:00+00:00,2026-10-03T19:15:00+03:00,28.7,0.0,0.0,48.59,0.0,0.0,,,2026-10-03T14:02:22Z,2026-10-03T17:02:16Z,0
30033,45670,Apac ApacTC,1.9892647841094635,32.531624149345156,1791044100000,2026-10-03T16:15:00+00:00,2026-10-03T19:15:00+03:00,26.96,0.0,0.0,79.82,0.0,0.0,,,2026-10-03T14:02:22Z,2026-10-03T17:02:16Z,0
30518,45678,Kwania AdukuTC,2.0141834426175826,32.722869192593286,1791044100000,2026-10-03T16:15:00+00:00,2026-10-03T19:15:00+03:00,27.62,0.0,0.0,68.4,0.0,0.0,,,2026-10-03T14:02:22Z,2026-10-03T17:02:16Z,0
12322,853288,Mukono MpomaNARO,0.4283966588777295,32.76213604190826,1791045000000,2026-10-03T16:30:00+00:00,2026-10-03T19:30:00+03:00,23.43328,0.0,0.0,93.65225,0.6097505,,,,2026-10-03T14:02:22Z,2026-10-03T17:02:16Z,0
14926,45633,NARO NaFIRRI,1.2369277861017918,34.56704375600076,1791045000000,2026-10-03T16:30:00+00:00,2026-10-03T19:30:00+03:00,-39.91302,0.0,0.0,0.09765774,2.911421,6.823835,,temp_sensor_suspect,2026-10-03T14:02:22Z,2026-10-03T17:02:16Z,0
18675,511038,Bushenyi KyamuhungaTC,-0.43140075953825036,30.06284619401695,1791045000000,2026-10-03T16:30:00+00:00,2026-10-03T19:30:00+03:00,19.89,0.0,0.0,89.3,9.207294,12.64363,,,2026-10-03T14:02:22Z,2026-10-03T17:02:16Z,0
19036,511025,Kumi Mukongoro,1.3213023670796662,33.886075111016034,1791045000000,2026-10-03T16:30:00+00:00,2026-10-03T19:30:00+03:00,27.31,0.0,20.47761,81.87,1.559472,4.373236,,,2026-10-03T14:02:22Z,2026-10-03T17:02:16Z,0
19216,511040,Ngora Kobwin,1.3996404514823648,33.746259878723855,1791045000000,2026-10-03T16:30:00+00:00,2026-10-03T19:30:00+03:00,27.66,0.0,0.0,74.24,3.579767,5.831998,,,2026-10-03T14:02:22Z,2026-10-03T17:02:16Z,0
19410,511043,Rubanda KarengyereNARO,-1.500172417819356,29.80055712733001,1791045000000,2026-10-03T16:30:00+00:00,2026-10-03T19:30:00+03:00,14.93,0.0,0.0,96.9,15.14077,,,,2026-10-03T14:02:22Z,2026-10-03T17:02:16Z,0
19560,511036,Rukungiri RukungiriTC,-0.7824612451972481,29.919168920717752,1791045000000,2026-10-03T16:30:00+00:00,2026-10-03T19:30:00+03:00,20.08,0.0,0.0,84.08,2.311284,,,,2026-10-03T14:02:22Z,2026-10-03T17:17:16Z,0
19644,511034,Ntungamo RukoneEast,-0.9026492749586166,30.53713188060457,1791045000000,2026-10-03T16:30:00+00:00,2026-10-03T19:30:00+03:00,23.41,0.0,0.0,72.29,2.187686,,,,2026-10-03T14:02:22Z,2026-10-03T14:02:22Z,0
19689,511063,Isingiro Mbaale SC,-0.8229276501909935,30.80641202589177,1791045000000,2026-10-03T16:30:00+00:00,2026-10-03T19:30:00+03:00,22.46,0.0,0.0,71.75,2.667277,3.228809,,,2026-10-03T14:02:22Z,2026-10-03T17:02:16Z,0
19913,512648,Rubanda Kachwekano,-1.2492907374261277,29.94650239241936,1791045000000,2026-10-03T16:30:00+00:00,2026-10-03T19:30:00+03:00,17.40749,0.0,0.0,85.47036,7.367056,9.372091,,,2026-10-03T14:02:22Z,2026-10-03T17:02:16Z,0
21602,44434,Mbarara NARO,-0.33912497379417256,30.53875374336554,1791045000000,2026-10-03T16:30:00+00:00,2026-10-03T19:30:00+03:00,20.65,0.0,0.0,100.0,0.0,0.0,,,2026-10-03T14:02:22Z,2026-10-03T17:02:16Z,0
22494,511046,Bukedea BukedeaTC,1.344383477320109,34.65405915348999,1791045000000,2026-10-03T16:30:00+00:00,2026-10-03T19:30:00+03:00,27.3,0.0,0.0,72.26,1.715114,6.253147,,,2026-10-03T14:02:22Z,2026-10-03T17:17:16Z,0
22745,860739,Tororo TororoMC,0.7363404161562512,34.16750975530811,1791045000000,2026-10-03T16:30:00+00:00,2026-10-03T19:30:00+03:00,25.51,,0.0,66.0,0.3051804,,rain_mm,,2026-10-03T14:02:22Z,2026-10-03T14:02:22Z,0
23068,44186,Hoima Bulindi,1.4649547824354439,31.438459956597924,1791045000000,2026-10-03T16:30:00+00:00,2026-10-03T19:30:00+03:00,23.70489,0.0,0.0,98.64043,3.24239,,,,2026-10-03T14:02:22Z,2026-10-03T17:02:16Z,0
23570,860744,Kabarole KyembogoNARO,0.7373272793620456,30.378182216821177,1791045000000,2026-10-03T16:30:00+00:00,2026-10-03T19:30:00+03:00,17.46395,0.0,0.0,99.99084,0.8528267,3.662623,,,2026-10-03T14:02:22Z,2026-10-03T14:02:22Z,0
25494,45719,Wakiso KawandaNARO,0.5757356735589316,32.2094519796799,1791045000000,2026-10-03T16:30:00+00:00,2026-10-03T19:30:00+03:00,23.35241,0.0,0.0,87.77142,0.0,,,,2026-10-03T14:02:22Z,2026-10-03T17:02:16Z,0
26314,511026,Buhweju BuhwejuTC,-0.36217852027400727,30.438745738821645,1791045000000,2026-10-03T16:30:00+00:00,2026-10-03T19:30:00+03:00,19.08446,0.0,16.96803,77.5906,0.1068132,,,,2026-10-03T14:02:22Z,2026-10-03T17:02:16Z,0
26350,516055,Bushenyi PIBID2,-0.34476582916148607,30.12697463332902,1791045000000,2026-10-03T16:30:00+00:00,2026-10-03T19:30:00+03:00,13.62,0.0,0.0,86.18,5.694667,6.463721,,,2026-10-03T14:02:22Z,2026-10-03T17:17:16Z,0
26371,514572,EntebbeCity NMTS,0.002068145970468316,32.47029039760271,1791045000000,2026-10-03T16:30:00+00:00,2026-10-03T19:30:00+03:00,23.77,0.0,0.0,79.51,0.7080186,1.699855,,,2026-10-03T14:02:22Z,2026-10-03T17:02:16Z,0
26934,863098,Kampala LubigiNWSC,0.3440953682915257,32.54509647954191,1791045000000,2026-10-03T16:30:00+00:00,2026-10-03T19:30:00+03:00,25.02327,0.0,5.737392,86.03189,5.957122,9.512474,,,2026-10-03T14:02:22Z,2026-10-03T17:02:16Z,0
27204,515136,Kirihura MburoNP,-0.32644602379535037,30.558912625750658,1791045000000,2026-10-03T16:30:00+00:00,2026-10-03T19:30:00+03:00,,0.0,0.0,,0.0,0.3418021,t_air_c;rh_pct,,2026-10-03T14:02:22Z,2026-10-03T17:02:16Z,0
27429,853290,Tororo MoroTC,1.347804683283513,33.56157669447344,1791045000000,2026-10-03T16:30:00+00:00,2026-10-03T19:30:00+03:00,24.1,0.0,0.0,87.31,0.6439307,1.886015,,,2026-10-03T14:02:22Z,2026-10-03T17:17:16Z,0
27630,514559,Gulu Airfield2,2.3315839569642756,32.403314261884674,1791045000000,2026-10-03T16:30:00+00:00,2026-10-03T19:30:00+03:00,25.04,0.0,0.0,63.43,6.329442,,,,2026-10-03T14:02:22Z,2026-10-03T17:02:16Z,0
28282,49381,Amolatar NamasaleHCIII2,1.890942556037648,33.03500809176537,1791045000000,2026-10-03T16:30:00+00:00,2026-10-03T19:30:00+03:00,26.79,0.0,0.0,73.28,9.256123,11.36187,,,2026-10-03T14:02:22Z,2026-10-03T17:02:16Z,0
28650,518275,Nakapiripirit NabulengerHCII,1.8399992209235494,34.569297846559095,1791045000000,2026-10-03T16:30:00+00:00,2026-10-03T19:30:00+03:00,29.69,0.0,0.0,29.23,22.16113,32.40742,,,2026-10-03T14:02:22Z,2026-10-03T17:02:16Z,0
28835,518279,Karenga KidepoAirfield,3.433006937417964,33.45274286601015,1791045000000,2026-10-03T16:30:00+00:00,2026-10-03T19:30:00+03:00,27.93,0.0,0.0,36.39,12.63142,,,,2026-10-03T14:02:22Z,2026-10-03T17:02:16Z,0
28935,518278,Kaabong SidokHCIII,3.3616463406052675,34.12346082801267,1791045000000,2026-10-03T16:30:00+00:00,2026-10-03T19:30:00+03:00,25.77,0.0,0.0,39.82,14.8806,,,,2026-10-03T14:02:22Z,2026-10-03T17:02:16Z,0
29036,514566,Nabilatuk Nabuin ZARDI,1.716485049322414,34.51313788762028,1791045000000,2026-10-03T16:30:00+00:00,2026-10-03T19:30:00+03:00,27.66,0.0,0.0,34.32,13.69055,,,,2026-10-03T14:02:22Z,2026-10-03T17:02:16Z,0
29180,517853,Moroto RupaSC,2.582841223352566,34.66924742947938,1791045000000,2026-10-03T16:30:00+00:00,2026-10-03T19:30:00+03:00,26.76,0.0,0.0,36.52,15.44518,20.12665,,,2026-10-03T14:02:22Z,2026-10-03T17:02:16Z,0
29407,860737,Soroti Airfield,1.7125019696651427,33.60989885031907,1791045000000,2026-10-03T16:30:00+00:00,2026-10-03T19:30:00+03:00,28.15,0.0,0.0,77.85,0.6015106,,,,2026-10-03T14:02:22Z,2026-10-03T17:02:16Z,0
29432,514563,Kikuube Hoima Sugar,1.250555426321004,31.194469848676302,1791045000000,2026-10-03T16:30:00+00:00,2026-10-03T19:30:00+03:00,23.23,0.0,13.09224,79.12,6.707866,8.94789,,,2026-10-03T14:02:22Z,2026-10-03T17:02:16Z,0
29497,514558,Bulisa ButiabaHydro,2.1126939171888264,31.436768666464783,1791045000000,2026-10-03T16:30:00+00:00,2026-10-03T19:30:00+03:00,28.44,0.0,0.0,66.37,9.718928,,,,2026-10-03T14:02:22Z,2026-10-03T17:17:16Z,0
29529,514573,Bundibugyo BundibugyoTC,0.8026268481642997,30.27578425237216,1791045000000,2026-10-03T16:30:00+00:00,2026-10-03T19:30:00+03:00,24.51,0.0,0.0,76.89,8.99794,,,,2026-10-03T14:02:22Z,2026-10-03T17:02:16Z,0
29561,514560,Kikuube Hoima Airport,1.4920191900781956,31.31796244549898,1791045000000,2026-10-03T16:30:00+00:00,2026-10-03T19:30:00+03:00,23.47,0.0,9.9794,96.59,8.606546,,,,2026-10-03T14:02:22Z,2026-10-03T17:02:16Z,0
29593,514561,Pallisa KasodoSC,1.2320044388064466,33.6019957700963,1791045000000,2026-10-03T16:30:00+00:00,2026-10-03T19:30:00+03:00,26.73,0.0,0.0,84.02,4.428931,,,,2026-10-03T14:02:22Z,2026-10-03T17:17:16Z,0
29756,862010,Nakasongola KalungiSC,1.2852342933913012,32.662599686414936,1791045000000,2026-10-03T16:30:00+00:00,2026-10-03T19:30:00+03:00,26.80553,0.0,0.0,61.21462,4.223697,16.76966,,,2026-10-03T14:02:22Z,2026-10-03T17:02:16Z,0
29892,516056,Budaka BudakaTC2,0.11576196513474404,33.453613566274235,1791045000000,2026-10-03T16:30:00+00:00,2026-10-03T19:30:00+03:00,26.74,0.0,0.0,76.04,0.8392462,,,,2026-10-03T14:02:22Z,2026-10-03T17:17:16Z,0
29932,514577,Namutumba NamutumbaTC2,1.9758008082349363,33.56106699819666,1791045000000,2026-10-03T16:30:00+00:00,2026-10-03T19:30:00+03:00,28.43,0.0,0.0,66.56,0.0,0.4852369,,,2026-10-03T14:02:22Z,2026-10-03T17:02:16Z,0
30143,860494,Lira NARONgetta,2.1557054334938868,32.88785061975556,1791045000000,2026-10-03T16:30:00+00:00,2026-10-03T19:30:00+03:00,24.91,0.0,0.0,74.4,2.175326,,,,2026-10-03T14:02:22Z,2026-10-03T17:17:16Z,0
30220,45708,Dokolo DokoloTC,1.914993229491238,33.176049575854904,1791045000000,2026-10-03T16:30:00+00:00,2026-10-03T19:30:00+03:00,25.93729,0.0,0.0,59.90845,0.514992,0.5809109,,,2026-10-03T14:02:22Z,2026-10-03T17:02:16Z,0
30347,860738,Bulambuli BuginyanyaNARO,1.2292008829492236,34.512188495373756,1791045000000,2026-10-03T16:30:00+00:00,2026-10-03T19:30:00+03:00,20.93,0.0,26.00137,61.54,0.1071183,,,,2026-10-03T14:02:22Z,2026-10-03T17:02:16Z,0
30381,45666,Mukono NtawoNARO,0.37885800528124053,32.7292665823493,1791045000000,2026-10-03T16:30:00+00:00,2026-10-03T19:30:00+03:00,23.34173,0.0,0.0,92.60242,3.253224,4.354925,,,2026-10-03T14:02:22Z,2026-10-03T17:02:16Z,0
30476,518276,Moroto Airfield,2.499539862843011,34.60336771655714,1791045000000,2026-10-03T16:30:00+00:00,2026-10-03T19:30:00+03:00,27.55,0.0,0.0,35.26,29.26803,,,,2026-10-03T14:02:22Z,2026-10-03T14:02:22Z,0
30600,514575,Buvuma BuvumaCollege,0.20227217732623182,33.298299581212675,1791045000000,2026-10-03T16:30:00+00:00,2026-10-03T19:30:00+03:00,24.99,0.0,0.0,86.23,5.570153,,,,2026-10-03T14:02:22Z,2026-10-03T17:02:16Z,0
30695,514556,EntebbeCity AirportNMC,-0.34891969990053573,30.46770493505511,1791045000000,2026-10-03T16:30:00+00:00,2026-10-03T19:30:00+03:00,24.03,0.0,0.0,79.69,7.513542,8.807508,,,2026-10-03T14:02:22Z,2026-10-03T17:02:16Z,0
30757,860735,Arua Airfield,3.022727728757243,30.902049741391995,1791045000000,2026-10-03T16:30:00+00:00,2026-10-03T19:30:00+03:00,25.16,0.0,0.0,82.13,3.897154,4.898146,,,2026-10-03T14:02:22Z,2026-10-03T17:02:16Z,0
31495,518862,Kapchorwa SipiTC,1.2267354469379133,34.365906405123326,1791045000000,2026-10-03T16:30:00+00:00,2026-10-03T19:30:00+03:00,24.09,0.0,0.0,35.39,4.608225,6.98558,,,2026-10-03T14:02:22Z,2026-10-03T17:02:16Z,0
31567,518860,Bulambuli Bunambutye HCIII,1.456486355349107,34.36072118430061,1791045000000,2026-10-03T16:30:00+00:00,2026-10-03T19:30:00+03:00,31.09,0.0,7.385366,23.85,11.35882,15.23766,,,2026-10-03T14:02:22Z,2026-10-03T17:47:15Z,0
31712,518846,Sironko SironkoTC,1.2330289483318788,34.24436423053502,1791045000000,2026-10-03T16:30:00+00:00,2026-10-03T19:30:00+03:00,25.19,0.0,95.58251,65.21,4.467842,6.161593,,,2026-10-03T14:02:22Z,2026-10-03T17:02:16Z,0
31809,518861,Bulambuli Bulegeni NARO,1.2990504672186247,34.322697246680406,1791045000000,2026-10-03T16:30:00+00:00,2026-10-03T19:30:00+03:00,25.6,0.0,0.0,37.12,10.47379,12.45136,,,2026-10-03T14:02:22Z,2026-10-03T17:02:16Z,0
32252,518843,Isingiro KabuyandaTC,-0.9482535956706091,30.623306857245286,1791045000000,2026-10-03T16:30:00+00:00,2026-10-03T19:30:00+03:00,23.49,0.0,0.0,54.28,0.7232776,1.980621,,,2026-10-03T14:02:22Z,2026-10-03T17:02:16Z,0
33816,512617,Buyende Kidera1,1.1427018347181084,33.27926712214954,1791045000000,2026-10-03T16:30:00+00:00,2026-10-03T19:30:00+03:00,28.97688,0.0,0.0,50.40055,0.0,0.0,,,2026-10-03T14:02:22Z,2026-10-03T17:02:16Z,0
28210,514564,Kiryandongo KiryandongoSF,-1.338837687838001,30.43596025320078,1791045600000,2026-10-03T16:40:00+00:00,2026-10-03T19:40:00+03:00,26.22,0.0,0.0,61.35,0.0,0.4760815,,,2026-10-03T14:02:22Z,2026-10-03T17:47:15Z,0
28247,853287,KaberamaidoTC,1.3267002801667445,33.24551213582627,1791045600000,2026-10-03T16:40:00+00:00,2026-10-03T19:40:00+03:00,26.72008,0.0,0.0,64.71656,2.230869,4.663157,,,2026-10-03T14:02:22Z,2026-10-03T14:02:22Z,0
30820,518844,Kanungu MatandaHCIII,-0.6465365596528061,29.742748867338342,1791045600000,2026-10-03T16:40:00+00:00,2026-10-03T19:40:00+03:00,20.97,0.0,0.0,94.11,2.633707,3.183032,,,2026-10-03T14:02:22Z,2026-10-03T17:17:16Z,0
8765,45675,Serere Bugondo,1.1032982147304293,33.65208682230397,1791045900000,2026-10-03T16:45:00+00:00,2026-10-03T19:45:00+03:00,25.16976,0.0,0.0,82.46586,0.5523766,0.5645838,,,2026-10-03T14:02:22Z,2026-10-03T17:17:16Z,0
20513,512647,Kitgum2 KitgumMC,3.329416943369524,33.176767183806454,1791045900000,2026-10-03T16:45:00+00:00,2026-10-03T19:45:00+03:00,28.77,0.0,0.0,56.09,4.730297,,,,2026-10-03T14:02:22Z,2026-10-03T17:02:16Z,0
23570,860744,Kabarole KyembogoNARO,0.7373272793620456,30.378182216821177,1791045900000,2026-10-03T16:45:00+00:00,2026-10-03T19:45:00+03:00,17.3724,0.0,0.0,99.98627,2.080568,5.821469,,,2026-10-03T17:02:16Z,2026-10-03T17:02:16Z,0
24597,511024,Kanungu KirimaSC,-0.8665190597972187,29.750001331073445,1791045900000,2026-10-03T16:45:00+00:00,2026-10-03T19:45:00+03:00,20.04,0.0,0.0,100.0,2.02945,3.018235,,,2026-10-03T14:02:22Z,2026-10-03T17:02:16Z,0
25858,860733,Masindi MasindiMC,1.6873183106449883,31.720847713796427,1791045900000,2026-10-03T16:45:00+00:00,2026-10-03T19:45:00+03:00,24.83,0.0,0.0,99.37,0.2044709,,,,2026-10-03T14:02:22Z,2026-10-03T17:02:16Z,0
27592,514557,Kampala MakerereUnv3,0.33461539452981,32.571512848339765,1791045900000,2026-10-03T16:45:00+00:00,2026-10-03T19:45:00+03:00,23.68,0.0,0.0,80.39,3.103685,5.270466,,,2026-10-03T14:02:22Z,2026-10-03T17:02:16Z,0
27651,514554,Lamwo LamwoTC,3.5293008898067413,32.800069272228264,1791045900000,2026-10-03T16:45:00+00:00,2026-10-03T19:45:00+03:00,26.1,0.0,0.0,67.44,3.262379,4.528878,,,2026-10-03T14:02:22Z,2026-10-03T17:02:16Z,0
27771,853292,Palisa PallisaTC2,1.2019752388359248,33.32467996636534,1791045900000,2026-10-03T16:45:00+00:00,2026-10-03T19:45:00+03:00,29.18,0.0,0.0,63.0,0.4028382,,,,2026-10-03T14:02:22Z,2026-10-03T17:02:16Z,0
29347,862041,Kabale KabaleMC,-1.2542908115437144,29.987880749577656,1791045900000,2026-10-03T16:45:00+00:00,2026-10-03T19:45:00+03:00,19.43,0.0,0.0,70.53,0.4779126,,,,2026-10-03T14:02:22Z,2026-10-03T17:02:16Z,0
29366,860740,Kasese Airfield,0.16776145042270435,30.06946870555926,1791045900000,2026-10-03T16:45:00+00:00,2026-10-03T19:45:00+03:00,21.72,0.0,0.0,86.21,2.822156,,,,2026-10-03T14:02:22Z,2026-10-03T17:02:16Z,0
29787,862013,Kamuli Namasagali,1.0190806821802028,32.949594981070824,1791045900000,2026-10-03T16:45:00+00:00,2026-10-03T19:45:00+03:00,25.27,0.0,0.0,91.8,3.521782,4.440375,,,2026-10-03T14:02:22Z,2026-10-03T17:02:16Z,0
29823,860732,Kotido KotidoTC,3.007038604042491,34.10733499015392,1791045900000,2026-10-03T16:45:00+00:00,2026-10-03T19:45:00+03:00,27.96,0.0,0.0,50.06,0.0,0.0,,,2026-10-03T17:17:16Z,2026-10-03T17:17:16Z,0
30001,860741,Mbarara MbararaMC,-0.6104058469568668,30.637128687200217,1791045900000,2026-10-03T16:45:00+00:00,2026-10-03T19:45:00+03:00,21.43,0.0,0.0,83.01,1.775692,4.008698,,,2026-10-03T14:02:22Z,2026-10-03T17:02:16Z,0
30066,49455,Kayunga DistrictAdmin,0.7203001611290255,32.893290564677095,1791045900000,2026-10-03T16:45:00+00:00,2026-10-03T19:45:00+03:00,24.11383,0.0,0.0,88.12543,139.028,,,wind_sensor_suspect,2026-10-03T14:02:22Z,2026-10-03T17:02:16Z,0
30283,514568,Kampala KyambogoUnv2,0.3228582483254613,32.59455916940114,1791045900000,2026-10-03T16:45:00+00:00,2026-10-03T19:45:00+03:00,23.21,0.0,0.0,83.65,0.64271,0.6550698,,,2026-10-03T14:02:22Z,2026-10-03T17:02:16Z,0
30316,860746,Mayuge IkulweNARO,0.4388712184461232,33.476196856980515,1791045900000,2026-10-03T16:45:00+00:00,2026-10-03T19:45:00+03:00,,0.0,23.95666,,3.604944,,t_air_c;rh_pct,,2026-10-03T14:02:22Z,2026-10-03T17:02:16Z,0
30411,45716,Lwengo KamenyamigoNARO,-0.28429808513865706,31.664636340132986,1791045900000,2026-10-03T16:45:00+00:00,2026-10-03T19:45:00+03:00,22.21,0.0,0.0,81.59,2.166781,11.12383,,,2026-10-03T14:02:22Z,2026-10-03T17:02:16Z,0
33112,45718,Kaliro KaliroTC3,0.3200660892230024,30.52341859895648,1791045900000,2026-10-03T16:45:00+00:00,2026-10-03T19:45:00+03:00,0.0,0.0,0.0,0.0,0.9185931,0.9246967,,temp_rh_dead,2026-10-03T14:02:22Z,2026-10-03T17:02:16Z,0
12322,853288,Mukono MpomaNARO,0.4283966588777295,32.76213604190826,1791046800000,2026-10-03T17:00:00+00:00,2026-10-03T20:00:00+03:00,22.85038,0.0,0.0,96.45532,0.0,,,,2026-10-03T17:17:16Z,2026-10-03T17:32:15Z,0
14926,45633,NARO NaFIRRI,1.2369277861017918,34.56704375600076,1791046800000,2026-10-03T17:00:00+00:00,2026-10-03T20:00:00+03:00,-39.91455,0.0,0.0,0.09765774,4.022278,7.473869,,temp_sensor_suspect,2026-10-03T17:17:16Z,2026-10-03T17:17:16Z,0
18675,511038,Bushenyi KyamuhungaTC,-0.43140075953825036,30.06284619401695,1791046800000,2026-10-03T17:00:00+00:00,2026-10-03T20:00:00+03:00,19.6,0.0,0.0,88.03,6.872663,9.42092,,,2026-10-03T17:17:16Z,2026-10-03T17:17:16Z,0
18831,511028,Kibuku KadamaTC,1.230158490836445,33.75766971001673,1791046800000,2026-10-03T17:00:00+00:00,2026-10-03T20:00:00+03:00,26.75,0.0,0.0,76.74,1.425193,2.990768,,,2026-10-03T17:17:16Z,2026-10-03T17:17:16Z,0
19036,511025,Kumi Mukongoro,1.3213023670796662,33.886075111016034,1791046800000,2026-10-03T17:00:00+00:00,2026-10-03T20:00:00+03:00,26.76,0.0,20.05035,83.83,0.5523766,0.5676357,,,2026-10-03T17:17:16Z,2026-10-03T17:17:16Z,0
19216,511040,Ngora Kobwin,1.3996404514823648,33.746259878723855,1791046800000,2026-10-03T17:00:00+00:00,2026-10-03T20:00:00+03:00,27.21,0.0,0.0,76.15,4.544137,6.210422,,,2026-10-03T17:17:16Z,2026-10-03T17:17:16Z,0
19410,511043,Rubanda KarengyereNARO,-1.500172417819356,29.80055712733001,1791046800000,2026-10-03T17:00:00+00:00,2026-10-03T20:00:00+03:00,14.77,0.0,0.0,99.8,13.00252,,,,2026-10-03T17:17:16Z,2026-10-03T17:17:16Z,0
19644,511034,Ntungamo RukoneEast,-0.9026492749586166,30.53713188060457,1791046800000,2026-10-03T17:00:00+00:00,2026-10-03T20:00:00+03:00,22.62,0.0,0.0,78.14,0.8857862,,,,2026-10-03T17:02:16Z,2026-10-03T17:17:16Z,1
19689,511063,Isingiro Mbaale SC,-0.8229276501909935,30.80641202589177,1791046800000,2026-10-03T17:00:00+00:00,2026-10-03T20:00:00+03:00,22.98,0.0,0.0,69.61,2.966354,4.220645,,,2026-10-03T17:17:16Z,2026-10-03T17:17:16Z,0
19913,512648,Rubanda Kachwekano,-1.2492907374261277,29.94650239241936,1791046800000,2026-10-03T17:00:00+00:00,2026-10-03T20:00:00+03:00,17.57839,0.0,0.0,79.78637,7.037461,9.976348,,,2026-10-03T17:17:16Z,2026-10-03T17:17:16Z,0
20513,512647,Kitgum2 KitgumMC,3.329416943369524,33.176767183806454,1791046800000,2026-10-03T17:00:00+00:00,2026-10-03T20:00:00+03:00,28.66,0.0,0.0,65.01,3.634699,,,,2026-10-03T17:17:16Z,2026-10-03T17:17:16Z,0
21602,44434,Mbarara NARO,-0.33912497379417256,30.53875374336554,1791046800000,2026-10-03T17:00:00+00:00,2026-10-03T20:00:00+03:00,20.19,0.0,0.0,100.0,0.0,0.0,,,2026-10-03T17:17:16Z,2026-10-03T17:17:16Z,0
22745,860739,Tororo TororoMC,0.7363404161562512,34.16750975530811,1791046800000,2026-10-03T17:00:00+00:00,2026-10-03T20:00:00+03:00,26.35,,0.0,73.09,7.226673,,rain_mm,,2026-10-03T17:02:16Z,2026-10-03T17:17:16Z,0
23068,44186,Hoima Bulindi,1.4649547824354439,31.438459956597924,1791046800000,2026-10-03T17:00:00+00:00,2026-10-03T20:00:00+03:00,23.91699,0.0,0.0,93.78653,3.254749,,,,2026-10-03T17:17:16Z,2026-10-03T17:17:16Z,0
23570,860744,Kabarole KyembogoNARO,0.7373272793620456,30.378182216821177,1791046800000,2026-10-03T17:00:00+00:00,2026-10-03T20:00:00+03:00,17.81948,0.0,0.0,99.98932,1.738613,5.533074,,,2026-10-03T17:17:16Z,2026-10-03T17:17:16Z,0
24597,511024,Kanungu KirimaSC,-0.8665190597972187,29.750001331073445,1791046800000,2026-10-03T17:00:00+00:00,2026-10-03T20:00:00+03:00,19.75,0.0,0.0,100.0,2.197299,4.034485,,,2026-10-03T17:17:16Z,2026-10-03T17:17:16Z,0
25494,45719,Wakiso KawandaNARO,0.5757356735589316,32.2094519796799,1791046800000,2026-10-03T17:00:00+00:00,2026-10-03T20:00:00+03:00,23.06401,0.0,0.0,89.36904,0.0,,,,2026-10-03T17:17:16Z,2026-10-03T17:17:16Z,0
25858,860733,Masindi MasindiMC,1.6873183106449883,31.720847713796427,1791046800000,2026-10-03T17:00:00+00:00,2026-10-03T20:00:00+03:00,24.56,0.0,0.0,100.0,0.3356985,,,,2026-10-03T17:17:16Z,2026-10-03T17:32:15Z,0
26314,511026,Buhweju BuhwejuTC,-0.36217852027400727,30.438745738821645,1791046800000,2026-10-03T17:00:00+00:00,2026-10-03T20:00:00+03:00,18.91051,0.0,16.66285,79.69482,0.5676357,,,,2026-10-03T17:17:16Z,2026-10-03T17:17:16Z,0
26371,514572,EntebbeCity NMTS,0.002068145970468316,32.47029039760271,1791046800000,2026-10-03T17:00:00+00:00,2026-10-03T20:00:00+03:00,23.35,0.0,0.0,82.01,0.842298,2.304112,,,2026-10-03T17:17:16Z,2026-10-03T17:17:16Z,0
26934,863098,Kampala LubigiNWSC,0.3440953682915257,32.54509647954191,1791046800000,2026-10-03T17:00:00+00:00,2026-10-03T20:00:00+03:00,23.888,0.0,5.76791,92.60395,4.309148,5.517662,,,2026-10-03T17:17:16Z,2026-10-03T17:17:16Z,0
27204,515136,Kirihura MburoNP,-0.32644602379535037,30.558912625750658,1791046800000,2026-10-03T17:00:00+00:00,2026-10-03T20:00:00+03:00,,0.0,0.0,,0.0,0.3295949,t_air_c;rh_pct,,2026-10-03T17:17:16Z,2026-10-03T17:17:16Z,0
27592,514557,Kampala MakerereUnv3,0.33461539452981,32.571512848339765,1791046800000,2026-10-03T17:00:00+00:00,2026-10-03T20:00:00+03:00,23.51,0.0,0.0,81.83,1.339742,2.865644,,,2026-10-03T17:17:16Z,2026-10-03T17:17:16Z,0
27630,514559,Gulu Airfield2,2.3315839569642756,32.403314261884674,1791046800000,2026-10-03T17:00:00+00:00,2026-10-03T20:00:00+03:00,23.51,0.0,0.0,72.08,6.955062,,,,2026-10-03T17:17:16Z,2026-10-03T17:17:16Z,0
27771,853292,Palisa PallisaTC2,1.2019752388359248,33.32467996636534,1791046800000,2026-10-03T17:00:00+00:00,2026-10-03T20:00:00+03:00,29.13,0.0,0.0,61.71,0.3692683,,,,2026-10-03T17:17:16Z,2026-10-03T17:17:16Z,0
28133,514567,Rukiga RwamuchuchuSC,-1.147093805481443,30.065473322928664,1791046800000,2026-10-03T17:00:00+00:00,2026-10-03T20:00:00+03:00,18.29,0.0,50.78202,90.54,2.267491,3.610285,,,2026-10-03T14:02:22Z,2026-10-03T17:02:16Z,0
28247,853287,KaberamaidoTC,1.3267002801667445,33.24551213582627,1791046800000,2026-10-03T17:00:00+00:00,2026-10-03T20:00:00+03:00,26.21652,0.0,0.0,65.75723,2.175936,4.687572,,,2026-10-03T17:02:16Z,2026-10-03T17:02:16Z,0
28282,49381,Amolatar NamasaleHCIII2,1.890942556037648,33.03500809176537,1791046800000,2026-10-03T17:00:00+00:00,2026-10-03T20:00:00+03:00,26.77,0.0,0.0,75.1,9.36904,11.30083,,,2026-10-03T17:17:16Z,2026-10-03T17:17:16Z,0
28465,518272,Nabilatuk NabilatukDLG,2.0853119097380035,34.60581875063605,1791046800000,2026-10-03T17:00:00+00:00,2026-10-03T20:00:00+03:00,27.88,0.0,0.0,34.55,22.1323,33.02129,,,2026-10-03T14:02:22Z,2026-10-03T17:17:16Z,1
28650,518275,Nakapiripirit NabulengerHCII,1.8399992209235494,34.569297846559095,1791046800000,2026-10-03T17:00:00+00:00,2026-10-03T20:00:00+03:00,28.77,0.0,0.0,30.98,18.07828,24.86793,,,2026-10-03T17:17:16Z,2026-10-03T17:17:16Z,0
28835,518279,Karenga KidepoAirfield,3.433006937417964,33.45274286601015,1791046800000,2026-10-03T17:00:00+00:00,2026-10-03T20:00:00+03:00,26.87,0.0,0.0,38.69,8.419929,,,,2026-10-03T17:17:16Z,2026-10-03T17:17:16Z,0
28935,518278,Kaabong SidokHCIII,3.3616463406052675,34.12346082801267,1791046800000,2026-10-03T17:00:00+00:00,2026-10-03T20:00:00+03:00,25.45,0.0,0.0,41.52,16.03418,,,,2026-10-03T17:17:16Z,2026-10-03T17:17:16Z,0
29036,514566,Nabilatuk Nabuin ZARDI,1.716485049322414,34.51313788762028,1791046800000,2026-10-03T17:00:00+00:00,2026-10-03T20:00:00+03:00,27.32,0.0,0.0,35.01,6.641337,,,,2026-10-03T17:17:16Z,2026-10-03T17:17:16Z,0
29180,517853,Moroto RupaSC,2.582841223352566,34.66924742947938,1791046800000,2026-10-03T17:00:00+00:00,2026-10-03T20:00:00+03:00,26.58,0.0,0.0,37.7,15.11559,25.34218,,,2026-10-03T17:17:16Z,2026-10-03T17:32:15Z,0
29306,514576,Butaleja ButalejaTC,0.6919682458015968,34.09885656329347,1791046800000,2026-10-03T17:00:00+00:00,2026-10-03T20:00:00+03:00,25.62,0.0,0.0,81.86,0.6468299,,,,2026-10-03T17:17:16Z,2026-10-03T17:17:16Z,0
29347,862041,Kabale KabaleMC,-1.2542908115437144,29.987880749577656,1791046800000,2026-10-03T17:00:00+00:00,2026-10-03T20:00:00+03:00,19.19,0.0,0.0,73.21,0.3955138,,,,2026-10-03T17:17:16Z,2026-10-03T17:17:16Z,0
29407,860737,Soroti Airfield,1.7125019696651427,33.60989885031907,1791046800000,2026-10-03T17:00:00+00:00,2026-10-03T20:00:00+03:00,27.61,0.0,0.0,83.58,2.537881,,,,2026-10-03T17:17:16Z,2026-10-03T17:17:16Z,0
29432,514563,Kikuube Hoima Sugar,1.250555426321004,31.194469848676302,1791046800000,2026-10-03T17:00:00+00:00,2026-10-03T20:00:00+03:00,21.67,0.0,12.5124,84.83,5.90219,7.528801,,,2026-10-03T17:17:16Z,2026-10-03T17:17:16Z,0
29529,514573,Bundibugyo BundibugyoTC,0.8026268481642997,30.27578425237216,1791046800000,2026-10-03T17:00:00+00:00,2026-10-03T20:00:00+03:00,24.53,0.0,0.0,75.47,6.4477,,,,2026-10-03T17:17:16Z,2026-10-03T17:17:16Z,0
29561,514560,Kikuube Hoima Airport,1.4920191900781956,31.31796244549898,1791046800000,2026-10-03T17:00:00+00:00,2026-10-03T20:00:00+03:00,23.27,0.0,9.82681,92.94,10.32456,,,,2026-10-03T17:17:16Z,2026-10-03T17:32:15Z,0
29756,862010,Nakasongola KalungiSC,1.2852342933913012,32.662599686414936,1791046800000,2026-10-03T17:00:00+00:00,2026-10-03T20:00:00+03:00,26.02426,0.0,0.0,66.10971,10.55924,16.36683,,,2026-10-03T17:17:16Z,2026-10-03T17:17:16Z,0
29932,514577,Namutumba NamutumbaTC2,1.9758008082349363,33.56106699819666,1791046800000,2026-10-03T17:00:00+00:00,2026-10-03T20:00:00+03:00,26.93,0.0,0.0,81.2,8.163577,11.43816,,,2026-10-03T17:17:16Z,2026-10-03T17:17:16Z,0
30001,860741,Mbarara MbararaMC,-0.6104058469568668,30.637128687200217,1791046800000,2026-10-03T17:00:00+00:00,2026-10-03T20:00:00+03:00,21.43,0.0,0.0,82.66,2.323644,4.544289,,,2026-10-03T17:17:16Z,2026-10-03T17:17:16Z,0
30033,45670,Apac ApacTC,1.9892647841094635,32.531624149345156,1791046800000,2026-10-03T17:00:00+00:00,2026-10-03T20:00:00+03:00,25.43,0.0,0.0,84.85,0.0,0.0,,,2026-10-03T17:17:16Z,2026-10-03T17:17:16Z,0
30220,45708,Dokolo DokoloTC,1.914993229491238,33.176049575854904,1791046800000,2026-10-03T17:00:00+00:00,2026-10-03T20:00:00+03:00,25.52071,0.0,0.0,61.59762,0.8116274,4.099336,,,2026-10-03T17:17:16Z,2026-10-03T17:17:16Z,0
30252,49521,Kyenjojo KyenjojoMC,0.6130612575199993,30.641008786833954,1791046800000,2026-10-03T17:00:00+00:00,2026-10-03T20:00:00+03:00,19.33013,0.0,0.0,77.39986,3.793393,5.087358,,,2026-10-03T17:17:16Z,2026-10-03T17:17:16Z,0
30283,514568,Kampala KyambogoUnv2,0.3228582483254613,32.59455916940114,1791046800000,2026-10-03T17:00:00+00:00,2026-10-03T20:00:00+03:00,22.97,0.0,0.0,85.43,0.6509499,0.6633097,,,2026-10-03T17:17:16Z,2026-10-03T17:17:16Z,0
30316,860746,Mayuge IkulweNARO,0.4388712184461232,33.476196856980515,1791046800000,2026-10-03T17:00:00+00:00,2026-10-03T20:00:00+03:00,,0.0,23.71252,,1.512016,,t_air_c;rh_pct,,2026-10-03T17:17:16Z,2026-10-03T17:17:16Z,0
30347,860738,Bulambuli BuginyanyaNARO,1.2292008829492236,34.512188495373756,1791046800000,2026-10-03T17:00:00+00:00,2026-10-03T20:00:00+03:00,21.06,0.0,25.32998,58.32,0.03295949,,,,2026-10-03T17:17:16Z,2026-10-03T17:17:16Z,0
30381,45666,Mukono NtawoNARO,0.37885800528124053,32.7292665823493,1791046800000,2026-10-03T17:00:00+00:00,2026-10-03T20:00:00+03:00,23.19524,0.0,0.0,94.30076,4.080263,6.369116,,,2026-10-03T17:17:16Z,2026-10-03T17:17:16Z,0
30411,45716,Lwengo KamenyamigoNARO,-0.28429808513865706,31.664636340132986,1791046800000,2026-10-03T17:00:00+00:00,2026-10-03T20:00:00+03:00,22.2,0.0,0.0,80.9,1.104753,9.308003,,,2026-10-03T17:17:16Z,2026-10-03T17:17:16Z,0
30476,518276,Moroto Airfield,2.499539862843011,34.60336771655714,1791046800000,2026-10-03T17:00:00+00:00,2026-10-03T20:00:00+03:00,27.3,0.0,0.0,36.18,26.6807,,,,2026-10-03T17:02:16Z,2026-10-03T17:17:16Z,0
30518,45678,Kwania AdukuTC,2.0141834426175826,32.722869192593286,1791046800000,2026-10-03T17:00:00+00:00,2026-10-03T20:00:00+03:00,25.66,0.0,0.0,75.52,0.0,0.0,,,2026-10-03T17:17:16Z,2026-10-03T17:17:16Z,0
30600,514575,Buvuma BuvumaCollege,0.20227217732623182,33.298299581212675,1791046800000,2026-10-03T17:00:00+00:00,2026-10-03T20:00:00+03:00,24.55,0.0,0.0,92.36,6.4065,,,,2026-10-03T17:17:16Z,2026-10-03T17:17:16Z,0
30695,514556,EntebbeCity AirportNMC,-0.34891969990053573,30.46770493505511,1791046800000,2026-10-03T17:00:00+00:00,2026-10-03T20:00:00+03:00,24.06,0.0,0.0,84.0,7.208362,9.225605,,,2026-10-03T17:17:16Z,2026-10-03T17:17:16Z,0
30757,860735,Arua Airfield,3.022727728757243,30.902049741391995,1791046800000,2026-10-03T17:00:00+00:00,2026-10-03T20:00:00+03:00,23.69,0.0,0.0,96.72,5.58175,6.704814,,,2026-10-03T17:17:16Z,2026-10-03T17:17:16Z,0
30820,518844,Kanungu MatandaHCIII,-0.6465365596528061,29.742748867338342,1791046800000,2026-10-03T17:00:00+00:00,2026-10-03T20:00:00+03:00,20.94,0.0,0.0,95.08,4.840162,6.192111,,,2026-10-03T17:32:15Z,2026-10-03T18:40:23Z,0
31712,518846,Sironko SironkoTC,1.2330289483318788,34.24436423053502,1791046800000,2026-10-03T17:00:00+00:00,2026-10-03T20:00:00+03:00,24.01,0.0,95.82665,70.92,2.151522,4.348821,,,2026-10-03T17:17:16Z,2026-10-03T17:17:16Z,0
31809,518861,Bulambuli Bulegeni NARO,1.2990504672186247,34.322697246680406,1791046800000,2026-10-03T17:00:00+00:00,2026-10-03T20:00:00+03:00,25.28,0.0,0.0,38.25,11.92645,14.66392,,,2026-10-03T17:17:16Z,2026-10-03T17:17:16Z,0
32252,518843,Isingiro KabuyandaTC,-0.9482535956706091,30.623306857245286,1791046800000,2026-10-03T17:00:00+00:00,2026-10-03T20:00:00+03:00,22.58,0.0,0.0,58.44,1.80972,2.822919,,,2026-10-03T17:17:16Z,2026-10-03T17:17:16Z,0
32414,518863,Sironko Bugusege NARO,1.3301129163684409,33.67749128727189,1791046800000,2026-10-03T17:00:00+00:00,2026-10-03T20:00:00+03:00,23.58,0.0,97.01686,55.91,2.288853,,,,2026-10-03T23:47:15Z,2026-10-03T23:47:15Z,0
33112,45718,Kaliro KaliroTC3,0.3200660892230024,30.52341859895648,1791046800000,2026-10-03T17:00:00+00:00,2026-10-03T20:00:00+03:00,0.0,0.0,0.0,0.0,0.9277486,0.9338521,,temp_rh_dead,2026-10-03T17:17:16Z,2026-10-03T17:32:15Z,0
33816,512617,Buyende Kidera1,1.1427018347181084,33.27926712214954,1791046800000,2026-10-03T17:00:00+00:00,2026-10-03T20:00:00+03:00,28.92653,0.0,0.0,52.44526,0.0,0.0,,,2026-10-03T17:17:16Z,2026-10-03T17:17:16Z,0
28133,514567,Rukiga RwamuchuchuSC,-1.147093805481443,30.065473322928664,1791047400000,2026-10-03T17:10:00+00:00,2026-10-03T20:10:00+03:00,18.03,0.0,89.02113,91.96,1.754788,3.460746,,,2026-10-03T17:17:16Z,2026-10-03T17:17:16Z,0
28247,853287,KaberamaidoTC,1.3267002801667445,33.24551213582627,1791047400000,2026-10-03T17:10:00+00:00,2026-10-03T20:10:00+03:00,25.98306,0.0,0.0,66.98405,0.8331426,5.871672,,,2026-10-03T17:17:16Z,2026-10-03T17:17:16Z,0
31441,518845,Kapchorwa KapchorwaTC,1.3911330664844062,34.44711975629734,1791047400000,2026-10-03T17:10:00+00:00,2026-10-03T20:10:00+03:00,,0.0,,,0.0,0.2075227,t_air_c;rh_pct,,2026-10-03T17:32:15Z,2026-10-03T17:32:15Z,0
8765,45675,Serere Bugondo,1.1032982147304293,33.65208682230397,1791047700000,2026-10-03T17:15:00+00:00,2026-10-03T20:15:00+03:00,26.16464,0.0,0.0,72.43916,0.6897078,2.584878,,,2026-10-03T17:32:15Z,2026-10-03T17:47:15Z,0
14926,45633,NARO NaFIRRI,1.2369277861017918,34.56704375600076,1791047700000,2026-10-03T17:15:00+00:00,2026-10-03T20:15:00+03:00,-39.91455,0.0,0.0,0.09765774,4.190127,6.823835,,temp_sensor_suspect,2026-10-03T17:32:15Z,2026-10-03T17:32:15Z,0
18675,511038,Bushenyi KyamuhungaTC,-0.43140075953825036,30.06284619401695,1791047700000,2026-10-03T17:15:00+00:00,2026-10-03T20:15:00+03:00,19.43,0.0,0.0,88.4,5.157549,6.817731,,,2026-10-03T17:32:15Z,2026-10-03T17:32:15Z,0
18831,511028,Kibuku KadamaTC,1.230158490836445,33.75766971001673,1791047700000,2026-10-03T17:15:00+00:00,2026-10-03T20:15:00+03:00,26.37,0.0,0.0,77.39,2.645914,3.775082,,,2026-10-03T17:32:15Z,2026-10-03T17:32:15Z,0
19036,511025,Kumi Mukongoro,1.3213023670796662,33.886075111016034,1791047700000,2026-10-03T17:15:00+00:00,2026-10-03T20:15:00+03:00,26.24,0.0,19.83673,86.45,0.5340658,0.5645838,,,2026-10-03T17:32:15Z,2026-10-03T17:32:15Z,0
19216,511040,Ngora Kobwin,1.3996404514823648,33.746259878723855,1791047700000,2026-10-03T17:15:00+00:00,2026-10-03T20:15:00+03:00,27.06,0.0,0.0,78.44,5.117876,6.253147,,,2026-10-03T17:32:15Z,2026-10-03T17:32:15Z,0
19410,511043,Rubanda KarengyereNARO,-1.500172417819356,29.80055712733001,1791047700000,2026-10-03T17:15:00+00:00,2026-10-03T20:15:00+03:00,14.82,0.0,0.0,96.12,15.89883,,,,2026-10-03T17:32:15Z,2026-10-03T17:32:15Z,0
19560,511036,Rukungiri RukungiriTC,-0.7824612451972481,29.919168920717752,1791047700000,2026-10-03T17:15:00+00:00,2026-10-03T20:15:00+03:00,20.05,0.0,0.0,81.18,4.185855,,,,2026-10-03T17:32:15Z,2026-10-03T17:32:15Z,0
19644,511034,Ntungamo RukoneEast,-0.9026492749586166,30.53713188060457,1791047700000,2026-10-03T17:15:00+00:00,2026-10-03T20:15:00+03:00,21.83,0.0,0.0,83.14,4.601969,,,,2026-10-03T17:32:15Z,2026-10-03T17:32:15Z,0
19689,511063,Isingiro Mbaale SC,-0.8229276501909935,30.80641202589177,1791047700000,2026-10-03T17:15:00+00:00,2026-10-03T20:15:00+03:00,22.92,0.0,0.0,70.43,3.317311,4.043641,,,2026-10-03T17:32:15Z,2026-10-03T17:32:15Z,0
19913,512648,Rubanda Kachwekano,-1.2492907374261277,29.94650239241936,1791047700000,2026-10-03T17:15:00+00:00,2026-10-03T20:15:00+03:00,17.28847,0.0,0.0,82.32395,6.375219,7.940795,,,2026-10-03T17:32:15Z,2026-10-03T17:32:15Z,0
20513,512647,Kitgum2 KitgumMC,3.329416943369524,33.176767183806454,1791047700000,2026-10-03T17:15:00+00:00,2026-10-03T20:15:00+03:00,27.73,0.0,0.0,70.32,2.798505,,,,2026-10-03T17:32:15Z,2026-10-03T17:47:15Z,0
21602,44434,Mbarara NARO,-0.33912497379417256,30.53875374336554,1791047700000,2026-10-03T17:15:00+00:00,2026-10-03T20:15:00+03:00,20.03,0.0,0.0,100.0,0.0,0.0,,,2026-10-03T17:32:15Z,2026-10-03T17:32:15Z,0
22494,511046,Bukedea BukedeaTC,1.344383477320109,34.65405915348999,1791047700000,2026-10-03T17:15:00+00:00,2026-10-03T20:15:00+03:00,25.71,0.0,0.0,77.52,0.2899214,2.395666,,,2026-10-03T17:32:15Z,2026-10-03T17:32:15Z,0
22745,860739,Tororo TororoMC,0.7363404161562512,34.16750975530811,1791047700000,2026-10-03T17:15:00+00:00,2026-10-03T20:15:00+03:00,26.15,,0.0,79.45,2.722209,,rain_mm,,2026-10-03T17:32:15Z,2026-10-03T17:32:15Z,0
23068,44186,Hoima Bulindi,1.4649547824354439,31.438459956597924,1791047700000,2026-10-03T17:15:00+00:00,2026-10-03T20:15:00+03:00,24.36713,0.0,0.0,87.66308,10.65003,,,,2026-10-03T17:32:15Z,2026-10-03T17:32:15Z,0
23570,860744,Kabarole KyembogoNARO,0.7373272793620456,30.378182216821177,1791047700000,2026-10-03T17:15:00+00:00,2026-10-03T20:15:00+03:00,17.94461,0.0,0.0,99.98474,1.91577,4.457771,,,2026-10-03T17:32:15Z,2026-10-03T17:32:15Z,0
24597,511024,Kanungu KirimaSC,-0.8665190597972187,29.750001331073445,1791047700000,2026-10-03T17:15:00+00:00,2026-10-03T20:15:00+03:00,19.55,0.0,0.0,100.0,0.6164645,2.639811,,,2026-10-03T17:32:15Z,2026-10-03T17:32:15Z,0
25494,45719,Wakiso KawandaNARO,0.5757356735589316,32.2094519796799,1791047700000,2026-10-03T17:15:00+00:00,2026-10-03T20:15:00+03:00,22.74815,0.0,0.0,92.42847,0.1895171,,,,2026-10-03T17:32:15Z,2026-10-03T17:47:15Z,0
25894,44432,NARO Serere2,1.5498464368665708,33.471426852949406,1791047700000,2026-10-03T17:15:00+00:00,2026-10-03T20:15:00+03:00,26.94,0.0,0.0,69.43,6.082246,7.534905,,,2026-10-03T17:32:15Z,2026-10-03T17:32:15Z,0
26314,511026,Buhweju BuhwejuTC,-0.36217852027400727,30.438745738821645,1791047700000,2026-10-03T17:15:00+00:00,2026-10-03T20:15:00+03:00,18.53361,0.0,16.81544,81.84634,1.391623,,,,2026-10-03T17:32:15Z,2026-10-03T17:32:15Z,0
26350,516055,Bushenyi PIBID2,-0.34476582916148607,30.12697463332902,1791047700000,2026-10-03T17:15:00+00:00,2026-10-03T20:15:00+03:00,13.97,0.0,0.0,83.55,2.948043,5.658045,,,2026-10-03T17:32:15Z,2026-10-03T17:32:15Z,0
26371,514572,EntebbeCity NMTS,0.002068145970468316,32.47029039760271,1791047700000,2026-10-03T17:15:00+00:00,2026-10-03T20:15:00+03:00,22.8,0.0,0.0,84.74,0.6683452,2.099641,,,2026-10-03T17:32:15Z,2026-10-03T17:32:15Z,0
26934,863098,Kampala LubigiNWSC,0.3440953682915257,32.54509647954191,1791047700000,2026-10-03T17:15:00+00:00,2026-10-03T20:15:00+03:00,23.69116,0.0,5.76791,92.98238,3.970397,4.696727,,,2026-10-03T17:32:15Z,2026-10-03T17:32:15Z,0
27592,514557,Kampala MakerereUnv3,0.33461539452981,32.571512848339765,1791047700000,2026-10-03T17:15:00+00:00,2026-10-03T20:15:00+03:00,23.25,0.0,0.0,83.73,2.163729,4.669261,,,2026-10-03T17:32:15Z,2026-10-03T17:32:15Z,0
27630,514559,Gulu Airfield2,2.3315839569642756,32.403314261884674,1791047700000,2026-10-03T17:15:00+00:00,2026-10-03T20:15:00+03:00,24.02,0.0,0.0,69.84,1.535058,,,,2026-10-03T17:32:15Z,2026-10-03T17:32:15Z,0
27651,514554,Lamwo LamwoTC,3.5293008898067413,32.800069272228264,1791047700000,2026-10-03T17:15:00+00:00,2026-10-03T20:15:00+03:00,26.34,0.0,0.0,66.57,3.11284,3.714046,,,2026-10-03T17:17:16Z,2026-10-03T17:17:16Z,0
27771,853292,Palisa PallisaTC2,1.2019752388359248,33.32467996636534,1791047700000,2026-10-03T17:15:00+00:00,2026-10-03T20:15:00+03:00,29.06,0.0,0.0,62.37,0.4699779,,,,2026-10-03T17:32:15Z,2026-10-03T17:47:15Z,0
28650,518275,Nakapiripirit NabulengerHCII,1.8399992209235494,34.569297846559095,1791047700000,2026-10-03T17:15:00+00:00,2026-10-03T20:15:00+03:00,28.44,0.0,0.0,31.94,16.39734,18.86107,,,2026-10-03T17:32:15Z,2026-10-03T17:32:15Z,0
28935,518278,Kaabong SidokHCIII,3.3616463406052675,34.12346082801267,1791047700000,2026-10-03T17:15:00+00:00,2026-10-03T20:15:00+03:00,25.42,0.0,0.0,42.11,18.72587,,,,2026-10-03T17:32:15Z,2026-10-03T17:32:15Z,0
29036,514566,Nabilatuk Nabuin ZARDI,1.716485049322414,34.51313788762028,1791047700000,2026-10-03T17:15:00+00:00,2026-10-03T20:15:00+03:00,26.56,0.0,0.0,35.99,1.355459,,,,2026-10-03T17:32:15Z,2026-10-03T17:32:15Z,0
29306,514576,Butaleja ButalejaTC,0.6919682458015968,34.09885656329347,1791047700000,2026-10-03T17:15:00+00:00,2026-10-03T20:15:00+03:00,25.68,0.0,0.0,76.78,0.7539483,,,,2026-10-03T17:32:15Z,2026-10-03T17:32:15Z,0
29347,862041,Kabale KabaleMC,-1.2542908115437144,29.987880749577656,1791047700000,2026-10-03T17:15:00+00:00,2026-10-03T20:15:00+03:00,19.21,0.0,0.0,72.17,0.3996338,,,,2026-10-03T17:32:15Z,2026-10-03T17:32:15Z,0
29366,860740,Kasese Airfield,0.16776145042270435,30.06946870555926,1791047700000,2026-10-03T17:15:00+00:00,2026-10-03T20:15:00+03:00,21.92,0.0,0.0,89.31,4.189975,,,,2026-10-03T17:17:16Z,2026-10-03T17:32:15Z,0
29432,514563,Kikuube Hoima Sugar,1.250555426321004,31.194469848676302,1791047700000,2026-10-03T17:15:00+00:00,2026-10-03T20:15:00+03:00,21.33,0.0,12.20722,86.01,5.584802,7.937743,,,2026-10-03T17:32:15Z,2026-10-03T17:32:15Z,0
29497,514558,Bulisa ButiabaHydro,2.1126939171888264,31.436768666464783,1791047700000,2026-10-03T17:15:00+00:00,2026-10-03T20:15:00+03:00,27.95,0.0,0.0,70.03,10.66239,,,,2026-10-03T17:32:15Z,2026-10-03T17:32:15Z,0
29529,514573,Bundibugyo BundibugyoTC,0.8026268481642997,30.27578425237216,1791047700000,2026-10-03T17:15:00+00:00,2026-10-03T20:15:00+03:00,24.52,0.0,0.0,75.55,6.484779,,,,2026-10-03T17:32:15Z,2026-10-03T17:32:15Z,0
29593,514561,Pallisa KasodoSC,1.2320044388064466,33.6019957700963,1791047700000,2026-10-03T17:15:00+00:00,2026-10-03T20:15:00+03:00,26.8,0.0,0.0,88.23,5.603113,,,,2026-10-03T17:32:15Z,2026-10-03T17:32:15Z,0
29756,862010,Nakasongola KalungiSC,1.2852342933913012,32.662599686414936,1791047700000,2026-10-03T17:15:00+00:00,2026-10-03T20:15:00+03:00,25.39864,0.0,0.0,68.00793,9.182879,11.51141,,,2026-10-03T17:32:15Z,2026-10-03T17:32:15Z,0
29787,862013,Kamuli Namasagali,1.0190806821802028,32.949594981070824,1791047700000,2026-10-03T17:15:00+00:00,2026-10-03T20:15:00+03:00,24.69,0.0,0.0,95.15,2.679484,4.052796,,,2026-10-03T17:17:16Z,2026-10-03T17:32:15Z,0
29823,860732,Kotido KotidoTC,3.007038604042491,34.10733499015392,1791047700000,2026-10-03T17:15:00+00:00,2026-10-03T20:15:00+03:00,27.28,0.0,0.0,52.39,0.0,0.0,,,2026-10-03T17:32:15Z,2026-10-03T17:47:15Z,0
29892,516056,Budaka BudakaTC2,0.11576196513474404,33.453613566274235,1791047700000,2026-10-03T17:15:00+00:00,2026-10-03T20:15:00+03:00,25.6,0.0,0.0,86.89,1.870756,,,,2026-10-03T17:32:15Z,2026-10-03T17:32:15Z,0
29932,514577,Namutumba NamutumbaTC2,1.9758008082349363,33.56106699819666,1791047700000,2026-10-03T17:15:00+00:00,2026-10-03T20:15:00+03:00,26.43,0.0,0.0,83.66,5.932708,7.711909,,,2026-10-03T17:32:15Z,2026-10-03T17:32:15Z,0
30033,45670,Apac ApacTC,1.9892647841094635,32.531624149345156,1791047700000,2026-10-03T17:15:00+00:00,2026-10-03T20:15:00+03:00,24.98,0.0,0.0,87.31,0.0,0.0,,,2026-10-03T17:32:15Z,2026-10-03T17:32:15Z,0
30066,49455,Kayunga DistrictAdmin,0.7203001611290255,32.893290564677095,1791047700000,2026-10-03T17:15:00+00:00,2026-10-03T20:15:00+03:00,23.58739,0.0,0.0,91.89594,125.5329,,,wind_sensor_suspect,2026-10-03T17:17:16Z,2026-10-03T17:17:16Z,0
30143,860494,Lira NARONgetta,2.1557054334938868,32.88785061975556,1791047700000,2026-10-03T17:15:00+00:00,2026-10-03T20:15:00+03:00,23.95,0.0,0.0,74.25,5.982147,,,,2026-10-03T17:32:15Z,2026-10-03T17:32:15Z,0
30220,45708,Dokolo DokoloTC,1.914993229491238,33.176049575854904,1791047700000,2026-10-03T17:15:00+00:00,2026-10-03T20:15:00+03:00,25.21554,0.0,0.0,63.69421,0.5644312,0.6097505,,,2026-10-03T17:32:15Z,2026-10-03T17:32:15Z,0
30252,49521,Kyenjojo KyenjojoMC,0.6130612575199993,30.641008786833954,1791047700000,2026-10-03T17:15:00+00:00,2026-10-03T20:15:00+03:00,19.34081,0.0,0.0,76.83833,4.303044,5.697719,,,2026-10-03T17:32:15Z,2026-10-03T17:32:15Z,0
30283,514568,Kampala KyambogoUnv2,0.3228582483254613,32.59455916940114,1791047700000,2026-10-03T17:15:00+00:00,2026-10-03T20:15:00+03:00,22.42,0.0,0.0,87.85,0.8157473,3.106432,,,2026-10-03T17:32:15Z,2026-10-03T17:32:15Z,0
30347,860738,Bulambuli BuginyanyaNARO,1.2292008829492236,34.512188495373756,1791047700000,2026-10-03T17:15:00+00:00,2026-10-03T20:15:00+03:00,20.95,0.0,25.11635,57.92,0.0,,,,2026-10-03T17:32:15Z,2026-10-03T17:47:15Z,0
30381,45666,Mukono NtawoNARO,0.37885800528124053,32.7292665823493,1791047700000,2026-10-03T17:15:00+00:00,2026-10-03T20:15:00+03:00,22.9282,0.0,0.0,95.42382,2.340734,5.078202,,,2026-10-03T17:32:15Z,2026-10-03T17:32:15Z,0
30411,45716,Lwengo KamenyamigoNARO,-0.28429808513865706,31.664636340132986,1791047700000,2026-10-03T17:15:00+00:00,2026-10-03T20:15:00+03:00,21.91,0.0,0.0,81.3,1.074235,8.767834,,,2026-10-03T17:32:15Z,2026-10-03T17:47:15Z,0
30476,518276,Moroto Airfield,2.499539862843011,34.60336771655714,1791047700000,2026-10-03T17:15:00+00:00,2026-10-03T20:15:00+03:00,27.29,0.0,0.0,36.55,28.70771,,,,2026-10-03T17:32:15Z,2026-10-03T17:32:15Z,0
30518,45678,Kwania AdukuTC,2.0141834426175826,32.722869192593286,1791047700000,2026-10-03T17:15:00+00:00,2026-10-03T20:15:00+03:00,25.12,0.0,0.0,79.76,0.0,0.0,,,2026-10-03T17:32:15Z,2026-10-03T17:32:15Z,0
30600,514575,Buvuma BuvumaCollege,0.20227217732623182,33.298299581212675,1791047700000,2026-10-03T17:15:00+00:00,2026-10-03T20:15:00+03:00,24.45,0.0,0.0,93.49,6.019226,,,,2026-10-03T17:32:15Z,2026-10-03T17:32:15Z,0
30695,514556,EntebbeCity AirportNMC,-0.34891969990053573,30.46770493505511,1791047700000,2026-10-03T17:15:00+00:00,2026-10-03T20:15:00+03:00,24.03,0.0,0.0,85.76,7.382315,10.2327,,,2026-10-03T17:32:15Z,2026-10-03T17:32:15Z,0
31495,518862,Kapchorwa SipiTC,1.2267354469379133,34.365906405123326,1791047700000,2026-10-03T17:15:00+00:00,2026-10-03T20:15:00+03:00,23.32,0.0,0.0,37.49,6.558328,10.62943,,,2026-10-03T17:17:16Z,2026-10-03T17:32:15Z,1
31712,518846,Sironko SironkoTC,1.2330289483318788,34.24436423053502,1791047700000,2026-10-03T17:15:00+00:00,2026-10-03T20:15:00+03:00,23.35,0.0,95.91821,69.88,2.642863,4.956131,,,2026-10-03T17:32:15Z,2026-10-03T17:32:15Z,0
32252,518843,Isingiro KabuyandaTC,-0.9482535956706091,30.623306857245286,1791047700000,2026-10-03T17:15:00+00:00,2026-10-03T20:15:00+03:00,21.98,0.0,0.0,61.55,0.6225681,2.017243,,,2026-10-03T17:32:15Z,2026-10-03T17:32:15Z,0
32414,518863,Sironko Bugusege NARO,1.3301129163684409,33.67749128727189,1791047700000,2026-10-03T17:15:00+00:00,2026-10-03T20:15:00+03:00,23.03,0.0,60.63935,54.13,4.553292,,,,2026-10-04T00:02:14Z,2026-10-04T00:02:14Z,0
33816,512617,Buyende Kidera1,1.1427018347181084,33.27926712214954,1791047700000,2026-10-03T17:15:00+00:00,2026-10-03T20:15:00+03:00,28.34058,0.0,0.0,60.7599,1.147478,17.25185,,,2026-10-03T17:32:15Z,2026-10-03T17:32:15Z,0
28247,853287,KaberamaidoTC,1.3267002801667445,33.24551213582627,1791048000000,2026-10-03T17:20:00+00:00,2026-10-03T20:20:00+03:00,25.54055,0.0,0.0,69.59335,4.135195,7.641718,,,2026-10-03T17:32:15Z,2026-10-03T17:32:15Z,0
30066,49455,Kayunga DistrictAdmin,0.7203001611290255,32.893290564677095,1791048227000,2026-10-03T17:23:47+00:00,2026-10-03T20:23:47+03:00,0.0,0.0,0.0,0.0,0.0,,,all_zero_dead,2026-10-03T17:32:15Z,2026-10-03T17:32:15Z,0
12322,853288,Mukono MpomaNARO,0.4283966588777295,32.76213604190826,1791048600000,2026-10-03T17:30:00+00:00,2026-10-03T20:30:00+03:00,22.39719,0.0,0.0,97.21523,0.0,,,,2026-10-03T17:47:15Z,2026-10-03T17:47:15Z,0
14926,45633,NARO NaFIRRI,1.2369277861017918,34.56704375600076,1791048600000,2026-10-03T17:30:00+00:00,2026-10-03T20:30:00+03:00,-39.91455,0.0,0.0,0.09765774,3.610285,7.443351,,temp_sensor_suspect,2026-10-03T17:47:15Z,2026-10-03T17:47:15Z,0
18675,511038,Bushenyi KyamuhungaTC,-0.43140075953825036,30.06284619401695,1791048600000,2026-10-03T17:30:00+00:00,2026-10-03T20:30:00+03:00,19.48,0.0,0.0,87.76,5.517662,7.605097,,,2026-10-03T17:47:15Z,2026-10-03T17:47:15Z,0
18831,511028,Kibuku KadamaTC,1.230158490836445,33.75766971001673,1791048600000,2026-10-03T17:30:00+00:00,2026-10-03T20:30:00+03:00,25.84,0.0,0.0,78.13,1.446555,2.798505,,,2026-10-03T17:47:15Z,2026-10-03T17:47:15Z,0
19036,511025,Kumi Mukongoro,1.3213023670796662,33.886075111016034,1791048600000,2026-10-03T17:30:00+00:00,2026-10-03T20:30:00+03:00,25.4,0.0,19.68414,95.35,0.4821851,0.5645838,,,2026-10-03T17:47:15Z,2026-10-03T17:47:15Z,0
19216,511040,Ngora Kobwin,1.3996404514823648,33.746259878723855,1791048600000,2026-10-03T17:30:00+00:00,2026-10-03T20:30:00+03:00,26.57,0.0,0.0,83.04,4.12604,5.444419,,,2026-10-03T17:47:15Z,2026-10-03T17:47:15Z,0
19410,511043,Rubanda KarengyereNARO,-1.500172417819356,29.80055712733001,1791048600000,2026-10-03T17:30:00+00:00,2026-10-03T20:30:00+03:00,14.81,0.0,0.0,95.05,16.99062,,,,2026-10-03T17:47:15Z,2026-10-03T17:47:15Z,0
19560,511036,Rukungiri RukungiriTC,-0.7824612451972481,29.919168920717752,1791048600000,2026-10-03T17:30:00+00:00,2026-10-03T20:30:00+03:00,20.39,0.0,0.0,79.82,5.932708,,,,2026-10-03T17:47:15Z,2026-10-03T17:47:15Z,0
19644,511034,Ntungamo RukoneEast,-0.9026492749586166,30.53713188060457,1791048600000,2026-10-03T17:30:00+00:00,2026-10-03T20:30:00+03:00,20.9,0.0,0.0,89.93,7.312887,,,,2026-10-03T17:47:15Z,2026-10-03T17:47:15Z,0
19689,511063,Isingiro Mbaale SC,-0.8229276501909935,30.80641202589177,1791048600000,2026-10-03T17:30:00+00:00,2026-10-03T20:30:00+03:00,22.67,0.0,0.0,73.04,4.153506,4.635691,,,2026-10-03T17:47:15Z,2026-10-03T17:47:15Z,0
19913,512648,Rubanda Kachwekano,-1.2492907374261277,29.94650239241936,1791048600000,2026-10-03T17:30:00+00:00,2026-10-03T20:30:00+03:00,17.04738,0.0,0.0,83.01366,4.379339,7.556267,,,2026-10-03T17:47:15Z,2026-10-03T17:47:15Z,0
21602,44434,Mbarara NARO,-0.33912497379417256,30.53875374336554,1791048600000,2026-10-03T17:30:00+00:00,2026-10-03T20:30:00+03:00,19.94,0.0,0.0,100.0,0.0,0.0,,,2026-10-03T17:47:15Z,2026-10-03T17:47:15Z,0
22494,511046,Bukedea BukedeaTC,1.344383477320109,34.65405915348999,1791048600000,2026-10-03T17:30:00+00:00,2026-10-03T20:30:00+03:00,25.19,0.0,0.0,80.13,0.0,0.0,,,2026-10-03T17:47:15Z,2026-10-03T17:47:15Z,0
22531,514574,Ntungamo NtungamoTC,-0.8743084927533056,30.25887027699915,1791048600000,2026-10-03T17:30:00+00:00,2026-10-03T20:30:00+03:00,21.34,0.0,0.0,76.16,0.6347753,,,,2026-10-03T17:47:15Z,2026-10-03T17:47:15Z,0
22745,860739,Tororo TororoMC,0.7363404161562512,34.16750975530811,1791048600000,2026-10-03T17:30:00+00:00,2026-10-03T20:30:00+03:00,25.79,,0.0,82.3,4.461738,,rain_mm,,2026-10-03T17:47:15Z,2026-10-03T17:47:15Z,0
23068,44186,Hoima Bulindi,1.4649547824354439,31.438459956597924,1791048600000,2026-10-03T17:30:00+00:00,2026-10-03T20:30:00+03:00,24.52277,0.0,0.0,83.11436,11.7995,,,,2026-10-03T17:47:15Z,2026-10-03T17:47:15Z,0
24597,511024,Kanungu KirimaSC,-0.8665190597972187,29.750001331073445,1791048600000,2026-10-03T17:30:00+00:00,2026-10-03T20:30:00+03:00,19.55,0.0,0.0,100.0,0.6164645,2.639811,,,2026-10-03T17:47:15Z,2026-10-03T17:47:15Z,0
25858,860733,Masindi MasindiMC,1.6873183106449883,31.720847713796427,1791048600000,2026-10-03T17:30:00+00:00,2026-10-03T20:30:00+03:00,24.19,0.0,0.0,100.0,0.2075227,,,,2026-10-03T17:47:15Z,2026-10-03T17:47:15Z,0
25894,44432,NARO Serere2,1.5498464368665708,33.471426852949406,1791048600000,2026-10-03T17:30:00+00:00,2026-10-03T20:30:00+03:00,26.46,0.0,0.0,69.71,5.670252,6.598001,,,2026-10-03T17:47:15Z,2026-10-03T17:47:15Z,0
26314,511026,Buhweju BuhwejuTC,-0.36217852027400727,30.438745738821645,1791048600000,2026-10-03T17:30:00+00:00,2026-10-03T20:30:00+03:00,18.35355,0.0,16.69337,82.45823,0.6317235,,,,2026-10-03T17:47:15Z,2026-10-03T17:47:15Z,0
26350,516055,Bushenyi PIBID2,-0.34476582916148607,30.12697463332902,1791048600000,2026-10-03T17:30:00+00:00,2026-10-03T20:30:00+03:00,13.85,0.0,0.0,83.69,3.87274,5.856413,,,2026-10-03T17:47:15Z,2026-10-03T17:47:15Z,0
26371,514572,EntebbeCity NMTS,0.002068145970468316,32.47029039760271,1791048600000,2026-10-03T17:30:00+00:00,2026-10-03T20:30:00+03:00,22.78,0.0,0.0,87.31,0.4974441,0.5188068,,,2026-10-03T17:47:15Z,2026-10-03T17:47:15Z,0
26934,863098,Kampala LubigiNWSC,0.3440953682915257,32.54509647954191,1791048600000,2026-10-03T17:30:00+00:00,2026-10-03T20:30:00+03:00,23.39056,0.0,5.798429,95.40856,4.885939,6.137178,,,2026-10-03T17:47:15Z,2026-10-03T17:47:15Z,0
27204,515136,Kirihura MburoNP,-0.32644602379535037,30.558912625750658,1791048600000,2026-10-03T17:30:00+00:00,2026-10-03T20:30:00+03:00,,0.0,0.0,,0.0,0.3051804,t_air_c;rh_pct,,2026-10-03T17:32:15Z,2026-10-03T17:47:15Z,1
27429,853290,Tororo MoroTC,1.347804683283513,33.56157669447344,1791048600000,2026-10-03T17:30:00+00:00,2026-10-03T20:30:00+03:00,23.96,0.0,0.0,88.31,3.045701,4.129091,,,2026-10-03T17:32:15Z,2026-10-03T17:47:15Z,0
27630,514559,Gulu Airfield2,2.3315839569642756,32.403314261884674,1791048600000,2026-10-03T17:30:00+00:00,2026-10-03T20:30:00+03:00,23.66,0.0,0.0,73.29,0.4974441,,,,2026-10-03T17:47:15Z,2026-10-03T17:47:15Z,0
27651,514554,Lamwo LamwoTC,3.5293008898067413,32.800069272228264,1791048600000,2026-10-03T17:30:00+00:00,2026-10-03T20:30:00+03:00,24.87,0.0,0.0,76.77,0.0,0.4974441,,,2026-10-03T17:32:15Z,2026-10-03T17:47:15Z,1
28133,514567,Rukiga RwamuchuchuSC,-1.147093805481443,30.065473322928664,1791048600000,2026-10-03T17:30:00+00:00,2026-10-03T20:30:00+03:00,17.76,0.0,12.69551,92.92,0.0,0.4577707,,,2026-10-03T17:32:15Z,2026-10-03T17:32:15Z,0
28282,49381,Amolatar NamasaleHCIII2,1.890942556037648,33.03500809176537,1791048600000,2026-10-03T17:30:00+00:00,2026-10-03T20:30:00+03:00,26.38,0.0,0.0,77.54,9.70779,11.70062,,,2026-10-03T17:32:15Z,2026-10-03T17:47:15Z,1
28465,518272,Nabilatuk NabilatukDLG,2.0853119097380035,34.60581875063605,1791048600000,2026-10-03T17:30:00+00:00,2026-10-03T20:30:00+03:00,27.41,0.0,0.0,35.35,21.5555,36.58503,,,2026-10-03T17:32:15Z,2026-10-03T17:47:15Z,1
28650,518275,Nakapiripirit NabulengerHCII,1.8399992209235494,34.569297846559095,1791048600000,2026-10-03T17:30:00+00:00,2026-10-03T20:30:00+03:00,28.79,0.0,0.0,32.26,22.03754,34.87938,,,2026-10-03T17:47:15Z,2026-10-03T17:47:15Z,0
28835,518279,Karenga KidepoAirfield,3.433006937417964,33.45274286601015,1791048600000,2026-10-03T17:30:00+00:00,2026-10-03T20:30:00+03:00,26.79,0.0,0.0,39.55,12.1767,,,,2026-10-03T17:32:15Z,2026-10-03T17:47:15Z,0
28935,518278,Kaabong SidokHCIII,3.3616463406052675,34.12346082801267,1791048600000,2026-10-03T17:30:00+00:00,2026-10-03T20:30:00+03:00,25.15,0.0,0.0,43.03,17.94156,,,,2026-10-03T17:47:15Z,2026-10-03T17:47:15Z,0
29036,514566,Nabilatuk Nabuin ZARDI,1.716485049322414,34.51313788762028,1791048600000,2026-10-03T17:30:00+00:00,2026-10-03T20:30:00+03:00,26.19,0.0,0.0,36.91,6.204623,,,,2026-10-03T17:47:15Z,2026-10-03T17:47:15Z,0
29180,517853,Moroto RupaSC,2.582841223352566,34.66924742947938,1791048600000,2026-10-03T17:30:00+00:00,2026-10-03T20:30:00+03:00,26.33,0.0,0.0,38.44,14.59068,28.97383,,,2026-10-03T17:47:15Z,2026-10-03T17:47:15Z,0
29306,514576,Butaleja ButalejaTC,0.6919682458015968,34.09885656329347,1791048600000,2026-10-03T17:30:00+00:00,2026-10-03T20:30:00+03:00,25.5,0.0,0.0,81.63,0.6468299,,,,2026-10-03T17:47:15Z,2026-10-03T17:47:15Z,0
29407,860737,Soroti Airfield,1.7125019696651427,33.60989885031907,1791048600000,2026-10-03T17:30:00+00:00,2026-10-03T20:30:00+03:00,27.66,0.0,0.0,78.66,5.574273,,,,2026-10-03T17:32:15Z,2026-10-03T17:47:15Z,0
29432,514563,Kikuube Hoima Sugar,1.250555426321004,31.194469848676302,1791048600000,2026-10-03T17:30:00+00:00,2026-10-03T20:30:00+03:00,21.17,0.0,12.08515,86.18,6.323339,7.125963,,,2026-10-03T17:47:15Z,2026-10-03T17:47:15Z,0
29497,514558,Bulisa ButiabaHydro,2.1126939171888264,31.436768666464783,1791048600000,2026-10-03T17:30:00+00:00,2026-10-03T20:30:00+03:00,27.93,0.0,0.0,69.27,10.78599,,,,2026-10-03T17:47:15Z,2026-10-03T17:47:15Z,0
29529,514573,Bundibugyo BundibugyoTC,0.8026268481642997,30.27578425237216,1791048600000,2026-10-03T17:30:00+00:00,2026-10-03T20:30:00+03:00,24.35,0.0,0.0,76.97,3.056993,,,,2026-10-03T17:47:15Z,2026-10-03T17:47:15Z,0
29561,514560,Kikuube Hoima Airport,1.4920191900781956,31.31796244549898,1791048600000,2026-10-03T17:30:00+00:00,2026-10-03T20:30:00+03:00,22.32,0.0,9.430076,95.73,10.01556,,,,2026-10-03T17:47:15Z,2026-10-03T17:47:15Z,0
29593,514561,Pallisa KasodoSC,1.2320044388064466,33.6019957700963,1791048600000,2026-10-03T17:30:00+00:00,2026-10-03T20:30:00+03:00,26.53,0.0,0.0,92.18,4.906844,,,,2026-10-03T17:47:15Z,2026-10-03T17:47:15Z,0
29756,862010,Nakasongola KalungiSC,1.2852342933913012,32.662599686414936,1791048600000,2026-10-03T17:30:00+00:00,2026-10-03T20:30:00+03:00,25.03853,0.0,0.0,69.31869,8.706798,10.72709,,,2026-10-03T17:47:15Z,2026-10-03T17:47:15Z,0
29787,862013,Kamuli Namasagali,1.0190806821802028,32.949594981070824,1791048600000,2026-10-03T17:30:00+00:00,2026-10-03T20:30:00+03:00,24.55,0.0,0.0,96.89,4.660105,6.811627,,,2026-10-03T17:47:15Z,2026-10-03T17:47:15Z,0
29892,516056,Budaka BudakaTC2,0.11576196513474404,33.453613566274235,1791048600000,2026-10-03T17:30:00+00:00,2026-10-03T20:30:00+03:00,25.05,0.0,0.0,91.11,1.446555,,,,2026-10-03T17:47:15Z,2026-10-03T17:47:15Z,0
29932,514577,Namutumba NamutumbaTC2,1.9758008082349363,33.56106699819666,1791048600000,2026-10-03T17:30:00+00:00,2026-10-03T20:30:00+03:00,26.06,0.0,0.0,85.29,5.926604,7.699702,,,2026-10-03T17:47:15Z,2026-10-03T17:47:15Z,0
30001,860741,Mbarara MbararaMC,-0.6104058469568668,30.637128687200217,1791048600000,2026-10-03T17:30:00+00:00,2026-10-03T20:30:00+03:00,21.52,0.0,0.0,83.31,4.828565,7.275807,,,2026-10-03T17:32:15Z,2026-10-03T17:32:15Z,0
30033,45670,Apac ApacTC,1.9892647841094635,32.531624149345156,1791048600000,2026-10-03T17:30:00+00:00,2026-10-03T20:30:00+03:00,24.7,0.0,0.0,91.13,0.0,0.0,,,2026-10-03T17:47:15Z,2026-10-03T17:47:15Z,0
30143,860494,Lira NARONgetta,2.1557054334938868,32.88785061975556,1791048600000,2026-10-03T17:30:00+00:00,2026-10-03T20:30:00+03:00,23.97,0.0,0.0,69.01,5.945067,,,,2026-10-03T17:47:15Z,2026-10-03T17:47:15Z,0
30220,45708,Dokolo DokoloTC,1.914993229491238,33.176049575854904,1791048600000,2026-10-03T17:30:00+00:00,2026-10-03T20:30:00+03:00,25.40627,0.0,0.0,62.80461,0.5314717,0.6015106,,,2026-10-03T17:47:15Z,2026-10-03T17:47:15Z,0
30252,49521,Kyenjojo KyenjojoMC,0.6130612575199993,30.641008786833954,1791048600000,2026-10-03T17:30:00+00:00,2026-10-03T20:30:00+03:00,19.25231,0.0,0.0,77.73557,3.219654,4.730297,,,2026-10-03T17:47:15Z,2026-10-03T18:40:23Z,0
30283,514568,Kampala KyambogoUnv2,0.3228582483254613,32.59455916940114,1791048600000,2026-10-03T17:30:00+00:00,2026-10-03T20:30:00+03:00,22.58,0.0,0.0,88.83,1.94049,7.181048,,,2026-10-03T17:47:15Z,2026-10-03T17:47:15Z,0
30316,860746,Mayuge IkulweNARO,0.4388712184461232,33.476196856980515,1791048600000,2026-10-03T17:30:00+00:00,2026-10-03T20:30:00+03:00,,0.0,23.59045,,2.467842,,t_air_c;rh_pct,,2026-10-03T17:32:15Z,2026-10-03T17:47:15Z,0
30381,45666,Mukono NtawoNARO,0.37885800528124053,32.7292665823493,1791048600000,2026-10-03T17:30:00+00:00,2026-10-03T20:30:00+03:00,22.61082,0.0,0.0,97.44106,2.652018,4.293889,,,2026-10-03T17:47:15Z,2026-10-03T17:47:15Z,0
30476,518276,Moroto Airfield,2.499539862843011,34.60336771655714,1791048600000,2026-10-03T17:30:00+00:00,2026-10-03T20:30:00+03:00,27.07,0.0,0.0,37.23,31.05608,,,,2026-10-03T17:47:15Z,2026-10-03T17:47:15Z,0
30518,45678,Kwania AdukuTC,2.0141834426175826,32.722869192593286,1791048600000,2026-10-03T17:30:00+00:00,2026-10-03T20:30:00+03:00,24.74,0.0,0.0,86.39,0.0,0.0,,,2026-10-03T17:47:15Z,2026-10-03T17:47:15Z,0
30600,514575,Buvuma BuvumaCollege,0.20227217732623182,33.298299581212675,1791048600000,2026-10-03T17:30:00+00:00,2026-10-03T20:30:00+03:00,24.3,0.0,0.0,94.8,7.02861,,,,2026-10-03T17:47:15Z,2026-10-03T17:47:15Z,0
30695,514556,EntebbeCity AirportNMC,-0.34891969990053573,30.46770493505511,1791048600000,2026-10-03T17:30:00+00:00,2026-10-03T20:30:00+03:00,24.03,0.0,0.0,85.5,8.01709,11.24285,,,2026-10-03T17:47:15Z,2026-10-03T17:47:15Z,0
30757,860735,Arua Airfield,3.022727728757243,30.902049741391995,1791048600000,2026-10-03T17:30:00+00:00,2026-10-03T20:30:00+03:00,23.35,0.0,0.0,100.0,6.848249,8.084229,,,2026-10-03T17:32:15Z,2026-10-03T17:47:15Z,0
31441,518845,Kapchorwa KapchorwaTC,1.3911330664844062,34.44711975629734,1791048600000,2026-10-03T17:30:00+00:00,2026-10-03T20:30:00+03:00,,0.0,,,0.0,0.2044709,t_air_c;rh_pct,,2026-10-03T17:47:15Z,2026-10-03T17:47:15Z,0
31495,518862,Kapchorwa SipiTC,1.2267354469379133,34.365906405123326,1791048600000,2026-10-03T17:30:00+00:00,2026-10-03T20:30:00+03:00,23.02,0.0,0.0,39.1,7.67834,15.46655,,,2026-10-03T17:47:15Z,2026-10-03T17:47:15Z,0
31567,518860,Bulambuli Bunambutye HCIII,1.456486355349107,34.36072118430061,1791048600000,2026-10-03T17:30:00+00:00,2026-10-03T20:30:00+03:00,30.35,0.0,6.652933,26.07,16.35462,23.5111,,,2026-10-03T18:40:23Z,2026-10-03T18:40:23Z,0
31712,518846,Sironko SironkoTC,1.2330289483318788,34.24436423053502,1791048600000,2026-10-03T17:30:00+00:00,2026-10-03T20:30:00+03:00,22.59,0.0,90.08926,75.0,1.464866,3.546197,,,2026-10-03T17:47:15Z,2026-10-03T17:47:15Z,0
31809,518861,Bulambuli Bulegeni NARO,1.2990504672186247,34.322697246680406,1791048600000,2026-10-03T17:30:00+00:00,2026-10-03T20:30:00+03:00,24.34,0.0,0.0,39.86,11.38933,13.25704,,,2026-10-03T17:32:15Z,2026-10-03T17:47:15Z,0
32252,518843,Isingiro KabuyandaTC,-0.9482535956706091,30.623306857245286,1791048600000,2026-10-03T17:30:00+00:00,2026-10-03T20:30:00+03:00,21.36,0.0,0.0,64.23,0.6042573,2.6215,,,2026-10-03T17:47:15Z,2026-10-03T17:47:15Z,0
33112,45718,Kaliro KaliroTC3,0.3200660892230024,30.52341859895648,1791048600000,2026-10-03T17:30:00+00:00,2026-10-03T20:30:00+03:00,0.0,0.0,0.0,0.0,0.9430075,0.9491111,,temp_rh_dead,2026-10-03T17:47:15Z,2026-10-03T17:47:15Z,0
33816,512617,Buyende Kidera1,1.1427018347181084,33.27926712214954,1791048600000,2026-10-03T17:30:00+00:00,2026-10-03T20:30:00+03:00,27.4464,0.0,0.0,66.3096,0.0,0.0,,,2026-10-03T17:47:15Z,2026-10-03T17:47:15Z,0
30066,49455,Kayunga DistrictAdmin,0.7203001611290255,32.893290564677095,1791048827000,2026-10-03T17:33:47+00:00,2026-10-03T20:33:47+03:00,0.0,0.0,0.0,0.0,0.0,,,all_zero_dead,2026-10-03T17:47:15Z,2026-10-03T17:47:15Z,0
28133,514567,Rukiga RwamuchuchuSC,-1.147093805481443,30.065473322928664,1791049200000,2026-10-03T17:40:00+00:00,2026-10-03T20:40:00+03:00,17.74,0.0,0.0,93.25,0.0,0.4577707,,,2026-10-03T17:47:15Z,2026-10-03T17:47:15Z,0
28247,853287,KaberamaidoTC,1.3267002801667445,33.24551213582627,1791049200000,2026-10-03T17:40:00+00:00,2026-10-03T20:40:00+03:00,25.34066,0.0,0.0,69.96414,3.866636,5.856413,,,2026-10-03T17:47:15Z,2026-10-03T17:47:15Z,0
23570,860744,Kabarole KyembogoNARO,0.7373272793620456,30.378182216821177,1791049500000,2026-10-03T17:45:00+00:00,2026-10-03T20:45:00+03:00,17.8439,0.0,0.0,99.86877,0.6468299,0.6633097,,,2026-10-03T17:47:15Z,2026-10-03T17:47:15Z,0
27592,514557,Kampala MakerereUnv3,0.33461539452981,32.571512848339765,1791049500000,2026-10-03T17:45:00+00:00,2026-10-03T20:45:00+03:00,23.28,0.0,0.0,83.82,3.482109,6.881819,,,2026-10-03T17:47:15Z,2026-10-03T17:47:15Z,0
27651,514554,Lamwo LamwoTC,3.5293008898067413,32.800069272228264,1791049500000,2026-10-03T17:45:00+00:00,2026-10-03T20:45:00+03:00,25.89,0.0,0.0,68.72,3.451591,7.141222,,,2026-10-03T18:40:23Z,2026-10-03T18:40:23Z,0
29347,862041,Kabale KabaleMC,-1.2542908115437144,29.987880749577656,1791049500000,2026-10-03T17:45:00+00:00,2026-10-03T20:45:00+03:00,18.99,0.0,0.0,73.08,0.5355917,,,,2026-10-03T17:47:15Z,2026-10-03T17:47:15Z,0
29366,860740,Kasese Airfield,0.16776145042270435,30.06946870555926,1791049500000,2026-10-03T17:45:00+00:00,2026-10-03T20:45:00+03:00,21.53,0.0,0.0,91.46,6.039826,,,,2026-10-03T17:47:15Z,2026-10-03T17:47:15Z,0
30001,860741,Mbarara MbararaMC,-0.6104058469568668,30.637128687200217,1791049500000,2026-10-03T17:45:00+00:00,2026-10-03T20:45:00+03:00,21.37,0.0,0.0,84.21,3.786221,5.347677,,,2026-10-03T17:47:15Z,2026-10-03T17:47:15Z,0
27771,853292,Palisa PallisaTC2,1.2019752388359248,33.32467996636534,1791050400000,2026-10-03T18:00:00+00:00,2026-10-03T21:00:00+03:00,27.14,0.0,0.0,78.39,0.3326467,,,,2026-10-03T18:40:23Z,2026-10-03T18:40:23Z,0
28247,853287,KaberamaidoTC,1.3267002801667445,33.24551213582627,1791051000000,2026-10-03T18:10:00+00:00,2026-10-03T21:10:00+03:00,25.9968,0.0,0.0,59.40337,8.340582,11.47173,,,2026-10-03T18:40:23Z,2026-10-03T18:40:23Z,0
8765,45675,Serere Bugondo,1.1032982147304293,33.65208682230397,1791051300000,2026-10-03T18:15:00+00:00,2026-10-03T21:15:00+03:00,24.13214,0.0,0.0,81.80209,0.5645838,0.6225681,,,2026-10-03T18:40:23Z,2026-10-03T18:40:23Z,0
12322,853288,Mukono MpomaNARO,0.4283966588777295,32.76213604190826,1791051300000,2026-10-03T18:15:00+00:00,2026-10-03T21:15:00+03:00,22.22171,0.0,0.0,98.52904,0.0,,,,2026-10-03T18:40:23Z,2026-10-03T18:40:23Z,0
19410,511043,Rubanda KarengyereNARO,-1.500172417819356,29.80055712733001,1791051300000,2026-10-03T18:15:00+00:00,2026-10-03T21:15:00+03:00,14.67,0.0,0.0,94.25,10.33692,,,,2026-10-03T18:40:23Z,2026-10-03T18:40:23Z,0
23570,860744,Kabarole KyembogoNARO,0.7373272793620456,30.378182216821177,1791051300000,2026-10-03T18:15:00+00:00,2026-10-03T21:15:00+03:00,18.27878,0.0,0.0,99.1043,1.90753,4.47013,,,2026-10-03T18:40:23Z,2026-10-03T18:40:23Z,0
24597,511024,Kanungu KirimaSC,-0.8665190597972187,29.750001331073445,1791051300000,2026-10-03T18:15:00+00:00,2026-10-03T21:15:00+03:00,19.2,0.0,0.0,100.0,1.632715,3.689631,,,2026-10-03T18:40:23Z,2026-10-03T18:40:23Z,0
25494,45719,Wakiso KawandaNARO,0.5757356735589316,32.2094519796799,1791051300000,2026-10-03T18:15:00+00:00,2026-10-03T21:15:00+03:00,22.38499,0.0,0.0,94.99352,0.0,,,,2026-10-03T18:40:23Z,2026-10-03T18:40:23Z,0
25894,44432,NARO Serere2,1.5498464368665708,33.471426852949406,1791051300000,2026-10-03T18:15:00+00:00,2026-10-03T21:15:00+03:00,25.82,0.0,0.0,69.86,6.729228,11.02617,,,2026-10-03T18:40:23Z,2026-10-03T18:40:23Z,0
27630,514559,Gulu Airfield2,2.3315839569642756,32.403314261884674,1791051300000,2026-10-03T18:15:00+00:00,2026-10-03T21:15:00+03:00,23.51,0.0,0.0,72.94,0.5096514,,,,2026-10-03T18:40:23Z,2026-10-03T18:40:23Z,0
28650,518275,Nakapiripirit NabulengerHCII,1.8399992209235494,34.569297846559095,1791051300000,2026-10-03T18:15:00+00:00,2026-10-03T21:15:00+03:00,28.19,0.0,0.0,33.47,23.68551,30.28153,,,2026-10-03T18:40:23Z,2026-10-03T18:40:23Z,0
29036,514566,Nabilatuk Nabuin ZARDI,1.716485049322414,34.51313788762028,1791051300000,2026-10-03T18:15:00+00:00,2026-10-03T21:15:00+03:00,25.77,0.0,0.0,38.07,6.810254,,,,2026-10-03T18:40:23Z,2026-10-03T18:40:23Z,0
29432,514563,Kikuube Hoima Sugar,1.250555426321004,31.194469848676302,1791051300000,2026-10-03T18:15:00+00:00,2026-10-03T21:15:00+03:00,21.28,0.0,11.99359,83.56,5.746548,6.924544,,,2026-10-03T18:40:23Z,2026-10-03T18:40:23Z,0
29561,514560,Kikuube Hoima Airport,1.4920191900781956,31.31796244549898,1791051300000,2026-10-03T18:15:00+00:00,2026-10-03T21:15:00+03:00,21.93,0.0,9.124895,94.99,8.013275,,,,2026-10-03T18:40:23Z,2026-10-03T18:40:23Z,0
30347,860738,Bulambuli BuginyanyaNARO,1.2292008829492236,34.512188495373756,1791051300000,2026-10-03T18:15:00+00:00,2026-10-03T21:15:00+03:00,21.48,0.0,24.6891,55.49,0.1153582,,,,2026-10-03T18:40:23Z,2026-10-03T18:40:23Z,0
28210,514564,Kiryandongo KiryandongoSF,-1.338837687838001,30.43596025320078,1791051600000,2026-10-03T18:20:00+00:00,2026-10-03T21:20:00+03:00,24.6,0.0,0.0,69.36,3.710994,4.086366,,,2026-10-03T18:40:23Z,2026-10-03T21:35:26Z,0
14926,45633,NARO NaFIRRI,1.2369277861017918,34.56704375600076,1791052200000,2026-10-03T18:30:00+00:00,2026-10-03T21:30:00+03:00,-39.91608,0.0,0.0,0.09765774,5.731289,9.665064,,temp_sensor_suspect,2026-10-03T18:40:23Z,2026-10-03T18:40:23Z,0
18675,511038,Bushenyi KyamuhungaTC,-0.43140075953825036,30.06284619401695,1791052200000,2026-10-03T18:30:00+00:00,2026-10-03T21:30:00+03:00,19.5,0.0,0.0,85.94,4.309148,5.39559,,,2026-10-03T18:40:23Z,2026-10-03T18:40:23Z,0
18831,511028,Kibuku KadamaTC,1.230158490836445,33.75766971001673,1791052200000,2026-10-03T18:30:00+00:00,2026-10-03T21:30:00+03:00,25.63,0.0,0.0,83.14,4.159609,5.001907,,,2026-10-03T18:40:23Z,2026-10-03T18:40:23Z,0
19036,511025,Kumi Mukongoro,1.3213023670796662,33.886075111016034,1791052200000,2026-10-03T18:30:00+00:00,2026-10-03T21:30:00+03:00,25.54,0.0,19.19585,93.68,0.5432212,0.5706874,,,2026-10-03T18:40:23Z,2026-10-03T18:40:23Z,0
19216,511040,Ngora Kobwin,1.3996404514823648,33.746259878723855,1791052200000,2026-10-03T18:30:00+00:00,2026-10-03T21:30:00+03:00,25.22,0.0,0.0,85.67,3.183032,5.050736,,,2026-10-03T18:40:23Z,2026-10-03T18:40:23Z,0
19560,511036,Rukungiri RukungiriTC,-0.7824612451972481,29.919168920717752,1791052200000,2026-10-03T18:30:00+00:00,2026-10-03T21:30:00+03:00,19.84,0.0,0.0,83.28,3.992218,,,,2026-10-03T18:40:23Z,2026-10-03T18:40:23Z,0
19644,511034,Ntungamo RukoneEast,-0.9026492749586166,30.53713188060457,1791052200000,2026-10-03T18:30:00+00:00,2026-10-03T21:30:00+03:00,20.07,0.0,0.0,96.05,3.382467,,,,2026-10-03T18:40:23Z,2026-10-03T18:40:23Z,0
19689,511063,Isingiro Mbaale SC,-0.8229276501909935,30.80641202589177,1791052200000,2026-10-03T18:30:00+00:00,2026-10-03T21:30:00+03:00,21.87,0.0,0.0,76.63,5.609217,6.070039,,,2026-10-03T18:40:23Z,2026-10-03T18:40:23Z,0
19913,512648,Rubanda Kachwekano,-1.2492907374261277,29.94650239241936,1791052200000,2026-10-03T18:30:00+00:00,2026-10-03T21:30:00+03:00,16.9543,0.0,0.0,81.6907,7.870603,9.518578,,,2026-10-03T18:40:23Z,2026-10-03T18:40:23Z,0
20513,512647,Kitgum2 KitgumMC,3.329416943369524,33.176767183806454,1791052200000,2026-10-03T18:30:00+00:00,2026-10-03T21:30:00+03:00,25.21,0.0,0.0,76.69,2.673381,,,,2026-10-03T18:40:23Z,2026-10-03T18:40:23Z,0
21602,44434,Mbarara NARO,-0.33912497379417256,30.53875374336554,1791052200000,2026-10-03T18:30:00+00:00,2026-10-03T21:30:00+03:00,19.27,0.0,0.0,100.0,3.24712,5.889983,,,2026-10-03T18:40:23Z,2026-10-03T18:40:23Z,0
22494,511046,Bukedea BukedeaTC,1.344383477320109,34.65405915348999,1791052200000,2026-10-03T18:30:00+00:00,2026-10-03T21:30:00+03:00,24.69,0.0,0.0,76.79,6.195163,10.86748,,,2026-10-03T18:40:23Z,2026-10-03T18:40:23Z,0
22531,514574,Ntungamo NtungamoTC,-0.8743084927533056,30.25887027699915,1791052200000,2026-10-03T18:30:00+00:00,2026-10-03T21:30:00+03:00,21.33,0.0,0.0,75.78,2.111849,,,,2026-10-03T18:40:23Z,2026-10-03T18:40:23Z,0
22745,860739,Tororo TororoMC,0.7363404161562512,34.16750975530811,1791052200000,2026-10-03T18:30:00+00:00,2026-10-03T21:30:00+03:00,24.39,,0.0,89.03,0.1373312,,rain_mm,,2026-10-03T18:40:23Z,2026-10-03T18:40:23Z,0
23068,44186,Hoima Bulindi,1.4649547824354439,31.438459956597924,1791052200000,2026-10-03T18:30:00+00:00,2026-10-03T21:30:00+03:00,23.62707,0.0,0.0,72.04547,8.264591,,,,2026-10-03T18:40:23Z,2026-10-03T18:40:23Z,0
25858,860733,Masindi MasindiMC,1.6873183106449883,31.720847713796427,1791052200000,2026-10-03T18:30:00+00:00,2026-10-03T21:30:00+03:00,23.4,0.0,0.0,100.0,0.06408789,,,,2026-10-03T18:40:23Z,2026-10-03T18:40:23Z,0
26314,511026,Buhweju BuhwejuTC,-0.36217852027400727,30.438745738821645,1791052200000,2026-10-03T18:30:00+00:00,2026-10-03T21:30:00+03:00,17.57076,0.0,15.8999,89.90768,2.606241,,,,2026-10-03T18:40:23Z,2026-10-03T18:40:23Z,0
26350,516055,Bushenyi PIBID2,-0.34476582916148607,30.12697463332902,1791052200000,2026-10-03T18:30:00+00:00,2026-10-03T21:30:00+03:00,12.84,0.0,0.0,91.66,5.029374,5.853361,,,2026-10-03T18:40:23Z,2026-10-03T18:40:23Z,0
26371,514572,EntebbeCity NMTS,0.002068145970468316,32.47029039760271,1791052200000,2026-10-03T18:30:00+00:00,2026-10-03T21:30:00+03:00,22.67,0.0,0.0,89.91,1.669337,3.31426,,,2026-10-03T18:40:23Z,2026-10-03T18:40:23Z,0
26934,863098,Kampala LubigiNWSC,0.3440953682915257,32.54509647954191,1791052200000,2026-10-03T18:30:00+00:00,2026-10-03T21:30:00+03:00,23.42413,0.0,5.859465,93.96048,5.905241,7.751583,,,2026-10-03T18:40:23Z,2026-10-03T18:40:23Z,0
27204,515136,Kirihura MburoNP,-0.32644602379535037,30.558912625750658,1791052200000,2026-10-03T18:30:00+00:00,2026-10-03T21:30:00+03:00,,0.0,0.0,,0.0,0.2838178,t_air_c;rh_pct,,2026-10-03T18:40:23Z,2026-10-03T18:40:23Z,0
27429,853290,Tororo MoroTC,1.347804683283513,33.56157669447344,1791052200000,2026-10-03T18:30:00+00:00,2026-10-03T21:30:00+03:00,23.22,0.0,0.0,93.98,0.4882887,0.531014,,,2026-10-03T18:40:23Z,2026-10-03T18:40:23Z,0
27592,514557,Kampala MakerereUnv3,0.33461539452981,32.571512848339765,1791052200000,2026-10-03T18:30:00+00:00,2026-10-03T21:30:00+03:00,22.81,0.0,0.0,85.45,3.790341,6.280613,,,2026-10-03T18:40:23Z,2026-10-03T18:40:23Z,0
28133,514567,Rukiga RwamuchuchuSC,-1.147093805481443,30.065473322928664,1791052200000,2026-10-03T18:30:00+00:00,2026-10-03T21:30:00+03:00,17.38,0.0,0.0,94.37,0.0,0.4547188,,,2026-10-03T18:40:23Z,2026-10-03T18:40:23Z,0
28282,49381,Amolatar NamasaleHCIII2,1.890942556037648,33.03500809176537,1791052200000,2026-10-03T18:30:00+00:00,2026-10-03T21:30:00+03:00,25.17,0.0,0.0,84.98,10.67521,13.96201,,,2026-10-03T18:40:23Z,2026-10-03T18:40:23Z,0
28465,518272,Nabilatuk NabilatukDLG,2.0853119097380035,34.60581875063605,1791052200000,2026-10-03T18:30:00+00:00,2026-10-03T21:30:00+03:00,26.88,0.0,0.0,36.99,20.75212,24.0975,,,2026-10-03T18:40:23Z,2026-10-03T18:40:23Z,0
28835,518279,Karenga KidepoAirfield,3.433006937417964,33.45274286601015,1791052200000,2026-10-03T18:30:00+00:00,2026-10-03T21:30:00+03:00,25.39,0.0,0.0,43.02,9.204243,,,,2026-10-03T18:40:23Z,2026-10-03T18:40:23Z,0
28935,518278,Kaabong SidokHCIII,3.3616463406052675,34.12346082801267,1791052200000,2026-10-03T18:30:00+00:00,2026-10-03T21:30:00+03:00,24.56,0.0,0.0,44.99,15.88464,,,,2026-10-03T18:40:23Z,2026-10-03T18:40:23Z,0
29180,517853,Moroto RupaSC,2.582841223352566,34.66924742947938,1791052200000,2026-10-03T18:30:00+00:00,2026-10-03T21:30:00+03:00,25.92,0.0,0.0,39.69,11.00481,17.09926,,,2026-10-03T18:40:23Z,2026-10-03T18:40:23Z,0
29306,514576,Butaleja ButalejaTC,0.6919682458015968,34.09885656329347,1791052200000,2026-10-03T18:30:00+00:00,2026-10-03T21:30:00+03:00,25.11,0.0,0.0,83.78,0.64271,,,,2026-10-03T18:40:23Z,2026-10-03T18:40:23Z,0
29347,862041,Kabale KabaleMC,-1.2542908115437144,29.987880749577656,1791052200000,2026-10-03T18:30:00+00:00,2026-10-03T21:30:00+03:00,18.77,0.0,0.0,74.78,0.7498283,,,,2026-10-03T18:40:23Z,2026-10-03T18:40:23Z,0
29366,860740,Kasese Airfield,0.16776145042270435,30.06946870555926,1791052200000,2026-10-03T18:30:00+00:00,2026-10-03T21:30:00+03:00,21.74,0.0,0.0,93.06,3.23003,,,,2026-10-03T18:40:23Z,2026-10-03T18:40:23Z,0
29407,860737,Soroti Airfield,1.7125019696651427,33.60989885031907,1791052200000,2026-10-03T18:30:00+00:00,2026-10-03T21:30:00+03:00,26.09,0.0,0.0,72.0,12.69764,,,,2026-10-03T18:40:23Z,2026-10-03T18:40:23Z,0
29497,514558,Bulisa ButiabaHydro,2.1126939171888264,31.436768666464783,1791052200000,2026-10-03T18:30:00+00:00,2026-10-03T21:30:00+03:00,27.24,0.0,0.0,73.18,10.0856,,,,2026-10-03T18:40:23Z,2026-10-03T18:40:23Z,0
29529,514573,Bundibugyo BundibugyoTC,0.8026268481642997,30.27578425237216,1791052200000,2026-10-03T18:30:00+00:00,2026-10-03T21:30:00+03:00,23.06,0.0,0.0,86.17,3.036393,,,,2026-10-03T18:40:23Z,2026-10-03T18:40:23Z,0
29593,514561,Pallisa KasodoSC,1.2320044388064466,33.6019957700963,1791052200000,2026-10-03T18:30:00+00:00,2026-10-03T21:30:00+03:00,24.76,0.0,0.0,100.0,5.1458,,,,2026-10-03T18:40:23Z,2026-10-03T18:40:23Z,0
29756,862010,Nakasongola KalungiSC,1.2852342933913012,32.662599686414936,1791052200000,2026-10-03T18:30:00+00:00,2026-10-03T21:30:00+03:00,23.79492,0.0,0.0,77.11757,8.905165,12.31403,,,2026-10-03T18:40:23Z,2026-10-03T18:40:23Z,0
29787,862013,Kamuli Namasagali,1.0190806821802028,32.949594981070824,1791052200000,2026-10-03T18:30:00+00:00,2026-10-03T21:30:00+03:00,23.38,0.0,0.0,100.0,1.821927,3.219654,,,2026-10-03T18:40:23Z,2026-10-03T18:40:23Z,0
29823,860732,Kotido KotidoTC,3.007038604042491,34.10733499015392,1791052200000,2026-10-03T18:30:00+00:00,2026-10-03T21:30:00+03:00,26.14,0.0,0.0,56.9,0.0,0.0,,,2026-10-03T18:40:23Z,2026-10-03T18:40:23Z,0
29892,516056,Budaka BudakaTC2,0.11576196513474404,33.453613566274235,1791052200000,2026-10-03T18:30:00+00:00,2026-10-03T21:30:00+03:00,25.3,0.0,0.0,85.36,4.373236,,,,2026-10-03T18:40:23Z,2026-10-03T18:40:23Z,0
29932,514577,Namutumba NamutumbaTC2,1.9758008082349363,33.56106699819666,1791052200000,2026-10-03T18:30:00+00:00,2026-10-03T21:30:00+03:00,24.91,0.0,0.0,90.32,0.0,0.4577707,,,2026-10-03T18:40:23Z,2026-10-03T18:40:23Z,0
30001,860741,Mbarara MbararaMC,-0.6104058469568668,30.637128687200217,1791052200000,2026-10-03T18:30:00+00:00,2026-10-03T21:30:00+03:00,21.32,0.0,0.0,83.52,6.686656,9.718928,,,2026-10-03T18:40:23Z,2026-10-03T18:40:23Z,0
30033,45670,Apac ApacTC,1.9892647841094635,32.531624149345156,1791052200000,2026-10-03T18:30:00+00:00,2026-10-03T21:30:00+03:00,23.77,0.0,0.0,99.97,0.0,0.0,,,2026-10-03T18:40:23Z,2026-10-03T18:40:23Z,0
30143,860494,Lira NARONgetta,2.1557054334938868,32.88785061975556,1791052200000,2026-10-03T18:30:00+00:00,2026-10-03T21:30:00+03:00,24.19,0.0,0.0,68.19,5.714351,,,,2026-10-03T18:40:23Z,2026-10-03T18:40:23Z,0
30220,45708,Dokolo DokoloTC,1.914993229491238,33.176049575854904,1791052200000,2026-10-03T18:30:00+00:00,2026-10-03T21:30:00+03:00,25.84116,0.0,0.0,50.18235,7.148089,16.00183,,,2026-10-03T18:40:23Z,2026-10-03T18:40:23Z,0
30283,514568,Kampala KyambogoUnv2,0.3228582483254613,32.59455916940114,1791052200000,2026-10-03T18:30:00+00:00,2026-10-03T21:30:00+03:00,22.74,0.0,0.0,89.35,4.321813,6.900893,,,2026-10-03T18:40:23Z,2026-10-03T18:40:23Z,0
30316,860746,Mayuge IkulweNARO,0.4388712184461232,33.476196856980515,1791052200000,2026-10-03T18:30:00+00:00,2026-10-03T21:30:00+03:00,,0.0,23.43786,,4.51545,,t_air_c;rh_pct,,2026-10-03T18:40:23Z,2026-10-03T18:40:23Z,0
30381,45666,Mukono NtawoNARO,0.37885800528124053,32.7292665823493,1791052200000,2026-10-03T18:30:00+00:00,2026-10-03T21:30:00+03:00,22.16526,0.0,0.0,100.0,2.005035,3.143358,,,2026-10-03T18:40:23Z,2026-10-03T18:40:23Z,0
30411,45716,Lwengo KamenyamigoNARO,-0.28429808513865706,31.664636340132986,1791052200000,2026-10-03T18:30:00+00:00,2026-10-03T21:30:00+03:00,20.28,0.0,0.0,89.22,0.5249103,0.5401694,,,2026-10-03T18:40:23Z,2026-10-03T18:40:23Z,0
30476,518276,Moroto Airfield,2.499539862843011,34.60336771655714,1791052200000,2026-10-03T18:30:00+00:00,2026-10-03T21:30:00+03:00,26.84,0.0,0.0,37.3,29.85718,,,,2026-10-03T18:40:23Z,2026-10-03T18:40:23Z,0
30518,45678,Kwania AdukuTC,2.0141834426175826,32.722869192593286,1791052200000,2026-10-03T18:30:00+00:00,2026-10-03T21:30:00+03:00,23.7,0.0,0.0,97.86,0.0,0.0,,,2026-10-03T18:40:23Z,2026-10-03T18:40:23Z,0
30600,514575,Buvuma BuvumaCollege,0.20227217732623182,33.298299581212675,1791052200000,2026-10-03T18:30:00+00:00,2026-10-03T21:30:00+03:00,24.2,0.0,0.0,95.91,6.937973,,,,2026-10-03T18:40:23Z,2026-10-03T18:40:23Z,0
30695,514556,EntebbeCity AirportNMC,-0.34891969990053573,30.46770493505511,1791052200000,2026-10-03T18:30:00+00:00,2026-10-03T21:30:00+03:00,22.31,0.0,0.0,94.96,8.160525,9.222553,,,2026-10-03T18:40:23Z,2026-10-03T19:25:07Z,0
30757,860735,Arua Airfield,3.022727728757243,30.902049741391995,1791052200000,2026-10-03T18:30:00+00:00,2026-10-03T21:30:00+03:00,22.38,0.0,0.0,100.0,6.668193,8.114748,,,2026-10-03T18:40:23Z,2026-10-03T18:40:23Z,0
31441,518845,Kapchorwa KapchorwaTC,1.3911330664844062,34.44711975629734,1791052200000,2026-10-03T18:30:00+00:00,2026-10-03T21:30:00+03:00,,0.0,,,0.0,0.1892119,t_air_c;rh_pct,,2026-10-03T18:40:23Z,2026-10-03T18:40:23Z,0
31495,518862,Kapchorwa SipiTC,1.2267354469379133,34.365906405123326,1791052200000,2026-10-03T18:30:00+00:00,2026-10-03T21:30:00+03:00,22.93,0.0,0.0,38.2,17.97513,26.52628,,,2026-10-03T18:40:23Z,2026-10-03T18:40:23Z,0
31712,518846,Sironko SironkoTC,1.2330289483318788,34.24436423053502,1791052200000,2026-10-03T18:30:00+00:00,2026-10-03T21:30:00+03:00,22.11,0.0,96.46754,70.83,2.679484,4.568551,,,2026-10-03T18:40:23Z,2026-10-03T18:40:23Z,0
31809,518861,Bulambuli Bulegeni NARO,1.2990504672186247,34.322697246680406,1791052200000,2026-10-03T18:30:00+00:00,2026-10-03T21:30:00+03:00,24.1,0.0,0.0,39.99,8.096437,15.22545,,,2026-10-03T18:40:23Z,2026-10-03T18:40:23Z,0
32252,518843,Isingiro KabuyandaTC,-0.9482535956706091,30.623306857245286,1791052200000,2026-10-03T18:30:00+00:00,2026-10-03T21:30:00+03:00,20.65,0.0,0.0,67.16,2.224765,4.028382,,,2026-10-03T18:40:23Z,2026-10-03T18:40:23Z,0
33112,45718,Kaliro KaliroTC3,0.3200660892230024,30.52341859895648,1791052200000,2026-10-03T18:30:00+00:00,2026-10-03T21:30:00+03:00,0.0,0.0,0.0,0.0,0.9704738,0.9735256,,temp_rh_dead,2026-10-03T18:40:23Z,2026-10-03T18:40:23Z,0
33816,512617,Buyende Kidera1,1.1427018347181084,33.27926712214954,1791052200000,2026-10-03T18:30:00+00:00,2026-10-03T21:30:00+03:00,25.93118,0.0,0.0,72.19958,0.0,0.0,,,2026-10-03T18:40:23Z,2026-10-03T18:40:23Z,0
30066,49455,Kayunga DistrictAdmin,0.7203001611290255,32.893290564677095,1791052427000,2026-10-03T18:33:47+00:00,2026-10-03T21:33:47+03:00,0.0,0.0,0.0,0.0,0.0,,,all_zero_dead,2026-10-03T18:40:23Z,2026-10-03T18:40:23Z,0
14926,45633,NARO NaFIRRI,1.2369277861017918,34.56704375600076,1791053100000,2026-10-03T18:45:00+00:00,2026-10-03T21:45:00+03:00,-39.91608,0.0,0.0,0.09765774,5.255208,9.039444,,temp_sensor_suspect,2026-10-03T19:25:07Z,2026-10-03T19:25:07Z,0
8765,45675,Serere Bugondo,1.1032982147304293,33.65208682230397,1791054000000,2026-10-03T19:00:00+00:00,2026-10-03T22:00:00+03:00,23.48669,0.0,0.0,90.22354,0.5371176,0.5493248,,,2026-10-03T19:25:07Z,2026-10-03T19:25:07Z,0
19216,511040,Ngora Kobwin,1.3996404514823648,33.746259878723855,1791054000000,2026-10-03T19:00:00+00:00,2026-10-03T22:00:00+03:00,26.43,0.0,0.0,70.34,6.32639,10.44633,,,2026-10-03T19:25:07Z,2026-10-03T19:25:07Z,0
19644,511034,Ntungamo RukoneEast,-0.9026492749586166,30.53713188060457,1791054000000,2026-10-03T19:00:00+00:00,2026-10-03T22:00:00+03:00,19.96,0.0,0.0,97.2,7.246967,,,,2026-10-03T19:25:07Z,2026-10-03T19:25:07Z,0
19913,512648,Rubanda Kachwekano,-1.2492907374261277,29.94650239241936,1791054000000,2026-10-03T19:00:00+00:00,2026-10-03T22:00:00+03:00,17.02907,0.0,0.0,81.24666,0.5401694,0.5493248,,,2026-10-03T19:25:07Z,2026-10-03T19:25:07Z,0
22494,511046,Bukedea BukedeaTC,1.344383477320109,34.65405915348999,1791054000000,2026-10-03T19:00:00+00:00,2026-10-03T22:00:00+03:00,25.77,0.0,0.0,65.13,8.606089,11.09636,,,2026-10-03T19:25:07Z,2026-10-03T19:25:07Z,0
22745,860739,Tororo TororoMC,0.7363404161562512,34.16750975530811,1791054000000,2026-10-03T19:00:00+00:00,2026-10-03T22:00:00+03:00,24.27,,0.0,90.12,0.3051804,,rain_mm,,2026-10-03T19:25:07Z,2026-10-03T19:25:07Z,0
24597,511024,Kanungu KirimaSC,-0.8665190597972187,29.750001331073445,1791054000000,2026-10-03T19:00:00+00:00,2026-10-03T22:00:00+03:00,19.05,0.0,0.0,100.0,1.74258,2.838178,,,2026-10-03T19:25:07Z,2026-10-03T19:25:07Z,0
25494,45719,Wakiso KawandaNARO,0.5757356735589316,32.2094519796799,1791054000000,2026-10-03T19:00:00+00:00,2026-10-03T22:00:00+03:00,21.89059,0.0,0.0,96.69185,0.0,,,,2026-10-03T19:25:07Z,2026-10-03T19:25:07Z,0
25894,44432,NARO Serere2,1.5498464368665708,33.471426852949406,1791054000000,2026-10-03T19:00:00+00:00,2026-10-03T22:00:00+03:00,25.51,0.0,0.0,72.3,7.647822,10.64164,,,2026-10-03T19:25:07Z,2026-10-03T19:25:07Z,0
26350,516055,Bushenyi PIBID2,-0.34476582916148607,30.12697463332902,1791054000000,2026-10-03T19:00:00+00:00,2026-10-03T22:00:00+03:00,12.55,0.0,0.0,97.97,3.884947,5.416953,,,2026-10-03T19:25:07Z,2026-10-03T19:25:07Z,0
26371,514572,EntebbeCity NMTS,0.002068145970468316,32.47029039760271,1791054000000,2026-10-03T19:00:00+00:00,2026-10-03T22:00:00+03:00,22.51,0.0,0.0,91.08,1.696803,3.11284,,,2026-10-03T19:25:07Z,2026-10-03T19:25:07Z,0
28282,49381,Amolatar NamasaleHCIII2,1.890942556037648,33.03500809176537,1791054000000,2026-10-03T19:00:00+00:00,2026-10-03T22:00:00+03:00,24.81,0.0,0.0,88.96,5.084306,8.712901,,,2026-10-03T19:25:07Z,2026-10-03T19:25:07Z,0
28465,518272,Nabilatuk NabilatukDLG,2.0853119097380035,34.60581875063605,1791054000000,2026-10-03T19:00:00+00:00,2026-10-03T22:00:00+03:00,26.4,0.0,0.0,38.98,21.37423,29.25155,,,2026-10-03T19:25:07Z,2026-10-03T19:25:07Z,0
29036,514566,Nabilatuk Nabuin ZARDI,1.716485049322414,34.51313788762028,1791054000000,2026-10-03T19:00:00+00:00,2026-10-03T22:00:00+03:00,24.74,0.0,0.0,39.68,4.449531,,,,2026-10-03T19:25:07Z,2026-10-03T19:25:07Z,0
29180,517853,Moroto RupaSC,2.582841223352566,34.66924742947938,1791054000000,2026-10-03T19:00:00+00:00,2026-10-03T22:00:00+03:00,25.88,0.0,0.0,40.12,11.01091,16.51026,,,2026-10-03T19:25:07Z,2026-10-03T19:25:07Z,0
29306,514576,Butaleja ButalejaTC,0.6919682458015968,34.09885656329347,1791054000000,2026-10-03T19:00:00+00:00,2026-10-03T22:00:00+03:00,24.87,0.0,0.0,87.04,0.6385901,,,,2026-10-03T19:25:07Z,2026-10-03T19:25:07Z,0
29561,514560,Kikuube Hoima Airport,1.4920191900781956,31.31796244549898,1791054000000,2026-10-03T19:00:00+00:00,2026-10-03T22:00:00+03:00,21.61,0.0,8.880751,91.21,10.79423,,,,2026-10-03T19:25:07Z,2026-10-03T19:25:07Z,0
29593,514561,Pallisa KasodoSC,1.2320044388064466,33.6019957700963,1791054000000,2026-10-03T19:00:00+00:00,2026-10-03T22:00:00+03:00,23.78,0.0,0.0,100.0,1.087663,,,,2026-10-03T19:25:07Z,2026-10-03T19:25:07Z,0
30033,45670,Apac ApacTC,1.9892647841094635,32.531624149345156,1791054000000,2026-10-03T19:00:00+00:00,2026-10-03T22:00:00+03:00,23.84,0.0,0.0,100.0,0.0,0.0,,,2026-10-03T19:25:07Z,2026-10-03T19:25:07Z,0
30143,860494,Lira NARONgetta,2.1557054334938868,32.88785061975556,1791054000000,2026-10-03T19:00:00+00:00,2026-10-03T22:00:00+03:00,24.56,0.0,0.0,66.53,8.878462,,,,2026-10-03T19:25:07Z,2026-10-03T19:25:07Z,0
30220,45708,Dokolo DokoloTC,1.914993229491238,33.176049575854904,1791054000000,2026-10-03T19:00:00+00:00,2026-10-03T22:00:00+03:00,24.93324,0.0,0.0,52.07141,11.49874,15.94827,,,2026-10-03T19:25:07Z,2026-10-03T19:25:07Z,0
30252,49521,Kyenjojo KyenjojoMC,0.6130612575199993,30.641008786833954,1791054000000,2026-10-03T19:00:00+00:00,2026-10-03T22:00:00+03:00,19.46441,0.0,0.0,72.69704,0.9735256,3.509575,,,2026-10-03T19:25:07Z,2026-10-03T19:25:07Z,0
30518,45678,Kwania AdukuTC,2.0141834426175826,32.722869192593286,1791054000000,2026-10-03T19:00:00+00:00,2026-10-03T22:00:00+03:00,23.35,0.0,0.0,99.73,0.0,0.0,,,2026-10-03T19:25:07Z,2026-10-03T19:25:07Z,0
31712,518846,Sironko SironkoTC,1.2330289483318788,34.24436423053502,1791054000000,2026-10-03T19:00:00+00:00,2026-10-03T22:00:00+03:00,21.71,0.0,96.52857,72.64,3.878844,5.770962,,,2026-10-03T19:25:07Z,2026-10-03T19:25:07Z,0
33112,45718,Kaliro KaliroTC3,0.3200660892230024,30.52341859895648,1791054000000,2026-10-03T19:00:00+00:00,2026-10-03T22:00:00+03:00,0.0,0.0,0.0,0.0,0.982681,0.9887847,,temp_rh_dead,2026-10-03T19:25:07Z,2026-10-03T19:25:07Z,0
33816,512617,Buyende Kidera1,1.1427018347181084,33.27926712214954,1791054000000,2026-10-03T19:00:00+00:00,2026-10-03T22:00:00+03:00,25.27047,0.0,0.0,74.92485,0.0,0.0,,,2026-10-03T19:25:07Z,2026-10-03T19:25:07Z,0
30820,518844,Kanungu MatandaHCIII,-0.6465365596528061,29.742748867338342,1791054600000,2026-10-03T19:10:00+00:00,2026-10-03T22:10:00+03:00,21.2,0.0,0.0,95.66,2.987716,4.184024,,,2026-10-03T19:25:07Z,2026-10-03T19:25:07Z,0
31441,518845,Kapchorwa KapchorwaTC,1.3911330664844062,34.44711975629734,1791054600000,2026-10-03T19:10:00+00:00,2026-10-03T22:10:00+03:00,,0.0,,,0.0,0.1800565,t_air_c;rh_pct,,2026-10-03T19:25:07Z,2026-10-03T19:25:07Z,0
12322,853288,Mukono MpomaNARO,0.4283966588777295,32.76213604190826,1791054900000,2026-10-03T19:15:00+00:00,2026-10-03T22:15:00+03:00,21.77921,0.0,0.0,99.99847,0.0,,,,2026-10-03T19:25:07Z,2026-10-03T19:25:07Z,0
18675,511038,Bushenyi KyamuhungaTC,-0.43140075953825036,30.06284619401695,1791054900000,2026-10-03T19:15:00+00:00,2026-10-03T22:15:00+03:00,19.1,0.0,0.0,87.65,6.628519,7.605097,,,2026-10-03T19:25:07Z,2026-10-03T19:25:07Z,0
18831,511028,Kibuku KadamaTC,1.230158490836445,33.75766971001673,1791054900000,2026-10-03T19:15:00+00:00,2026-10-03T22:15:00+03:00,24.43,0.0,0.0,91.87,1.644922,4.794384,,,2026-10-03T19:25:07Z,2026-10-03T19:25:07Z,0
19036,511025,Kumi Mukongoro,1.3213023670796662,33.886075111016034,1791054900000,2026-10-03T19:15:00+00:00,2026-10-03T22:15:00+03:00,25.4,0.0,18.98222,86.02,6.848249,11.37713,,,2026-10-03T19:25:07Z,2026-10-03T19:25:07Z,0
19410,511043,Rubanda KarengyereNARO,-1.500172417819356,29.80055712733001,1791054900000,2026-10-03T19:15:00+00:00,2026-10-03T22:15:00+03:00,14.76,0.0,0.0,91.61,10.76951,,,,2026-10-03T19:25:07Z,2026-10-03T19:25:07Z,0
19560,511036,Rukungiri RukungiriTC,-0.7824612451972481,29.919168920717752,1791054900000,2026-10-03T19:15:00+00:00,2026-10-03T22:15:00+03:00,19.72,0.0,0.0,84.8,4.276494,,,,2026-10-03T19:25:07Z,2026-10-03T19:25:07Z,0
19689,511063,Isingiro Mbaale SC,-0.8229276501909935,30.80641202589177,1791054900000,2026-10-03T19:15:00+00:00,2026-10-03T22:15:00+03:00,22.18,0.0,0.0,75.46,6.170749,7.266346,,,2026-10-03T19:25:07Z,2026-10-03T19:25:07Z,0
20513,512647,Kitgum2 KitgumMC,3.329416943369524,33.176767183806454,1791054900000,2026-10-03T19:15:00+00:00,2026-10-03T22:15:00+03:00,24.25,0.0,0.0,78.2,3.405814,,,,2026-10-03T19:25:07Z,2026-10-03T19:25:07Z,0
21602,44434,Mbarara NARO,-0.33912497379417256,30.53875374336554,1791054900000,2026-10-03T19:15:00+00:00,2026-10-03T22:15:00+03:00,19.39,0.0,0.0,100.0,2.719158,6.265354,,,2026-10-03T19:25:07Z,2026-10-03T19:25:07Z,0
22531,514574,Ntungamo NtungamoTC,-0.8743084927533056,30.25887027699915,1791054900000,2026-10-03T19:15:00+00:00,2026-10-03T22:15:00+03:00,19.56,0.0,0.0,85.81,0.0,,,,2026-10-03T19:25:07Z,2026-10-03T19:25:07Z,0
23068,44186,Hoima Bulindi,1.4649547824354439,31.438459956597924,1791054900000,2026-10-03T19:15:00+00:00,2026-10-03T22:15:00+03:00,22.99229,0.0,0.0,76.42481,5.677271,,,,2026-10-03T19:25:07Z,2026-10-03T19:25:07Z,0
23570,860744,Kabarole KyembogoNARO,0.7373272793620456,30.378182216821177,1791054900000,2026-10-03T19:15:00+00:00,2026-10-03T22:15:00+03:00,18.67399,0.0,0.0,92.50935,1.590295,5.224079,,,2026-10-03T19:25:07Z,2026-10-03T19:25:07Z,0
25858,860733,Masindi MasindiMC,1.6873183106449883,31.720847713796427,1791054900000,2026-10-03T19:15:00+00:00,2026-10-03T22:15:00+03:00,22.94,0.0,0.0,100.0,0.0,,,,2026-10-03T19:25:07Z,2026-10-03T19:25:07Z,0
26314,511026,Buhweju BuhwejuTC,-0.36217852027400727,30.438745738821645,1791054900000,2026-10-03T19:15:00+00:00,2026-10-03T22:15:00+03:00,17.01076,0.0,15.32006,91.41069,1.52285,,,,2026-10-03T19:25:07Z,2026-10-03T19:25:07Z,0
26934,863098,Kampala LubigiNWSC,0.3440953682915257,32.54509647954191,1791054900000,2026-10-03T19:15:00+00:00,2026-10-03T22:15:00+03:00,22.54673,0.0,5.951019,97.92935,4.486153,5.932708,,,2026-10-03T19:25:07Z,2026-10-03T19:25:07Z,0
27204,515136,Kirihura MburoNP,-0.32644602379535037,30.558912625750658,1791054900000,2026-10-03T19:15:00+00:00,2026-10-03T22:15:00+03:00,,0.0,0.0,,0.0,0.2777142,t_air_c;rh_pct,,2026-10-03T19:25:07Z,2026-10-03T19:25:07Z,0
27429,853290,Tororo MoroTC,1.347804683283513,33.56157669447344,1791054900000,2026-10-03T19:15:00+00:00,2026-10-03T22:15:00+03:00,23.51,0.0,0.0,92.95,3.497368,6.533913,,,2026-10-03T19:25:07Z,2026-10-03T19:25:07Z,0
27592,514557,Kampala MakerereUnv3,0.33461539452981,32.571512848339765,1791054900000,2026-10-03T19:15:00+00:00,2026-10-03T22:15:00+03:00,22.71,0.0,0.0,86.11,5.523766,9.900053,,,2026-10-03T19:25:07Z,2026-10-03T19:25:07Z,0
27630,514559,Gulu Airfield2,2.3315839569642756,32.403314261884674,1791054900000,2026-10-03T19:15:00+00:00,2026-10-03T22:15:00+03:00,22.85,0.0,0.0,77.95,0.5096514,,,,2026-10-03T19:25:07Z,2026-10-03T19:25:07Z,0
27651,514554,Lamwo LamwoTC,3.5293008898067413,32.800069272228264,1791054900000,2026-10-03T19:15:00+00:00,2026-10-03T22:15:00+03:00,24.97,0.0,0.0,58.55,6.179904,8.554208,,,2026-10-03T19:25:07Z,2026-10-03T19:25:07Z,0
27771,853292,Palisa PallisaTC2,1.2019752388359248,33.32467996636534,1791054900000,2026-10-03T19:15:00+00:00,2026-10-03T22:15:00+03:00,25.76,0.0,0.0,85.83,0.1983673,,,,2026-10-03T19:25:07Z,2026-10-03T19:25:07Z,0
28650,518275,Nakapiripirit NabulengerHCII,1.8399992209235494,34.569297846559095,1791054900000,2026-10-03T19:15:00+00:00,2026-10-03T22:15:00+03:00,26.87,0.0,0.0,36.24,17.55505,22.9398,,,2026-10-03T19:25:07Z,2026-10-03T19:25:07Z,0
28835,518279,Karenga KidepoAirfield,3.433006937417964,33.45274286601015,1791054900000,2026-10-03T19:15:00+00:00,2026-10-03T22:15:00+03:00,25.41,0.0,0.0,42.09,11.40459,,,,2026-10-03T19:25:07Z,2026-10-03T19:25:07Z,0
28935,518278,Kaabong SidokHCIII,3.3616463406052675,34.12346082801267,1791054900000,2026-10-03T19:15:00+00:00,2026-10-03T22:15:00+03:00,24.19,0.0,0.0,46.26,13.3669,,,,2026-10-03T19:25:07Z,2026-10-03T19:25:07Z,0
29347,862041,Kabale KabaleMC,-1.2542908115437144,29.987880749577656,1791054900000,2026-10-03T19:15:00+00:00,2026-10-03T22:15:00+03:00,17.79,0.0,0.0,78.79,0.4202335,,,,2026-10-03T19:25:07Z,2026-10-03T19:25:07Z,0
29366,860740,Kasese Airfield,0.16776145042270435,30.06946870555926,1791054900000,2026-10-03T19:15:00+00:00,2026-10-03T22:15:00+03:00,21.45,0.0,0.0,93.8,0.4943923,,,,2026-10-03T19:25:07Z,2026-10-03T19:25:07Z,0
29407,860737,Soroti Airfield,1.7125019696651427,33.60989885031907,1791054900000,2026-10-03T19:15:00+00:00,2026-10-03T22:15:00+03:00,24.79,0.0,0.0,76.24,10.5594,,,,2026-10-03T19:25:07Z,2026-10-03T19:25:07Z,0
29432,514563,Kikuube Hoima Sugar,1.250555426321004,31.194469848676302,1791054900000,2026-10-03T19:15:00+00:00,2026-10-03T22:15:00+03:00,20.7,0.0,11.74945,85.36,7.412833,9.536888,,,2026-10-03T19:25:07Z,2026-10-03T19:25:07Z,0
29497,514558,Bulisa ButiabaHydro,2.1126939171888264,31.436768666464783,1791054900000,2026-10-03T19:15:00+00:00,2026-10-03T22:15:00+03:00,27.41,0.0,0.0,70.75,11.85306,,,,2026-10-03T19:25:07Z,2026-10-03T19:25:07Z,0
29529,514573,Bundibugyo BundibugyoTC,0.8026268481642997,30.27578425237216,1791054900000,2026-10-03T19:15:00+00:00,2026-10-03T22:15:00+03:00,23.01,0.0,0.0,84.73,7.08217,,,,2026-10-03T19:25:07Z,2026-10-03T19:25:07Z,0
29756,862010,Nakasongola KalungiSC,1.2852342933913012,32.662599686414936,1791054900000,2026-10-03T19:15:00+00:00,2026-10-03T22:15:00+03:00,22.72831,0.0,0.0,83.57367,3.894102,8.273441,,,2026-10-03T19:25:07Z,2026-10-03T19:25:07Z,0
29787,862013,Kamuli Namasagali,1.0190806821802028,32.949594981070824,1791054900000,2026-10-03T19:15:00+00:00,2026-10-03T22:15:00+03:00,22.67,0.0,0.0,100.0,3.714046,8.078126,,,2026-10-03T19:25:07Z,2026-10-03T19:25:07Z,0
29823,860732,Kotido KotidoTC,3.007038604042491,34.10733499015392,1791054900000,2026-10-03T19:15:00+00:00,2026-10-03T22:15:00+03:00,25.45,0.0,0.0,58.7,0.0,0.0,,,2026-10-03T19:25:07Z,2026-10-03T19:25:07Z,0
29892,516056,Budaka BudakaTC2,0.11576196513474404,33.453613566274235,1791054900000,2026-10-03T19:15:00+00:00,2026-10-03T22:15:00+03:00,24.01,0.0,0.0,92.43,2.383459,,,,2026-10-03T19:25:07Z,2026-10-03T19:25:07Z,0
29932,514577,Namutumba NamutumbaTC2,1.9758008082349363,33.56106699819666,1791054900000,2026-10-03T19:15:00+00:00,2026-10-03T22:15:00+03:00,23.67,0.0,0.0,98.33,0.0,0.4486153,,,2026-10-03T19:25:07Z,2026-10-03T19:25:07Z,0
30001,860741,Mbarara MbararaMC,-0.6104058469568668,30.637128687200217,1791054900000,2026-10-03T19:15:00+00:00,2026-10-03T22:15:00+03:00,20.95,0.0,0.0,83.94,5.174639,7.564202,,,2026-10-03T19:25:07Z,2026-10-03T19:25:07Z,0
30066,49455,Kayunga DistrictAdmin,0.7203001611290255,32.893290564677095,1791054900000,2026-10-03T19:15:00+00:00,2026-10-03T22:15:00+03:00,22.60624,0.0,0.0,98.16129,114.2077,,,wind_sensor_suspect,2026-10-03T19:25:07Z,2026-10-03T19:25:07Z,0
30283,514568,Kampala KyambogoUnv2,0.3228582483254613,32.59455916940114,1791054900000,2026-10-03T19:15:00+00:00,2026-10-03T22:15:00+03:00,22.16,0.0,0.0,89.9,5.549553,9.352254,,,2026-10-03T19:25:07Z,2026-10-03T19:25:07Z,0
30316,860746,Mayuge IkulweNARO,0.4388712184461232,33.476196856980515,1791054900000,2026-10-03T19:15:00+00:00,2026-10-03T22:15:00+03:00,,0.0,22.98009,,0.8816663,,t_air_c;rh_pct,,2026-10-03T19:25:07Z,2026-10-03T19:25:07Z,0
30347,860738,Bulambuli BuginyanyaNARO,1.2292008829492236,34.512188495373756,1791054900000,2026-10-03T19:15:00+00:00,2026-10-03T22:15:00+03:00,21.32,0.0,24.29236,54.3,0.1441978,,,,2026-10-03T19:25:07Z,2026-10-03T19:25:07Z,0
30381,45666,Mukono NtawoNARO,0.37885800528124053,32.7292665823493,1791054900000,2026-10-03T19:15:00+00:00,2026-10-03T22:15:00+03:00,22.31021,0.0,0.0,99.92218,3.256275,5.499352,,,2026-10-03T19:25:07Z,2026-10-03T19:25:07Z,0
30411,45716,Lwengo KamenyamigoNARO,-0.28429808513865706,31.664636340132986,1791054900000,2026-10-03T19:15:00+00:00,2026-10-03T22:15:00+03:00,20.5,0.0,0.0,88.52,0.5279621,0.5737392,,,2026-10-03T19:25:07Z,2026-10-03T19:25:07Z,0
30476,518276,Moroto Airfield,2.499539862843011,34.60336771655714,1791054900000,2026-10-03T19:15:00+00:00,2026-10-03T22:15:00+03:00,26.2,0.0,0.0,39.86,23.29412,,,,2026-10-03T19:25:07Z,2026-10-03T19:25:07Z,0
30600,514575,Buvuma BuvumaCollege,0.20227217732623182,33.298299581212675,1791054900000,2026-10-03T19:15:00+00:00,2026-10-03T22:15:00+03:00,23.75,0.0,0.0,100.0,4.869764,,,,2026-10-03T19:25:07Z,2026-10-03T19:25:07Z,0
30757,860735,Arua Airfield,3.022727728757243,30.902049741391995,1791054900000,2026-10-03T19:15:00+00:00,2026-10-03T22:15:00+03:00,22.12,0.0,0.0,100.0,9.866484,10.93462,,,2026-10-03T19:25:07Z,2026-10-03T19:25:07Z,0
31495,518862,Kapchorwa SipiTC,1.2267354469379133,34.365906405123326,1791054900000,2026-10-03T19:15:00+00:00,2026-10-03T22:15:00+03:00,22.6,0.0,0.0,39.45,10.70268,19.07683,,,2026-10-03T19:25:07Z,2026-10-03T19:25:07Z,0
31567,518860,Bulambuli Bunambutye HCIII,1.456486355349107,34.36072118430061,1791054900000,2026-10-03T19:15:00+00:00,2026-10-03T22:15:00+03:00,28.79,0.0,5.951019,29.12,17.66995,22.88243,,,2026-10-03T19:25:07Z,2026-10-03T19:25:07Z,0
31809,518861,Bulambuli Bulegeni NARO,1.2990504672186247,34.322697246680406,1791054900000,2026-10-03T19:15:00+00:00,2026-10-03T22:15:00+03:00,25.88,0.0,0.0,34.09,12.86336,23.74609,,,2026-10-03T19:25:07Z,2026-10-03T19:25:07Z,0
32252,518843,Isingiro KabuyandaTC,-0.9482535956706091,30.623306857245286,1791054900000,2026-10-03T19:15:00+00:00,2026-10-03T22:15:00+03:00,20.19,0.0,0.0,68.59,1.870756,3.842222,,,2026-10-03T19:25:07Z,2026-10-03T19:25:07Z,0
28133,514567,Rukiga RwamuchuchuSC,-1.147093805481443,30.065473322928664,1791055200000,2026-10-03T19:20:00+00:00,2026-10-03T22:20:00+03:00,16.77,0.0,0.0,96.16,0.0,0.4577707,,,2026-10-03T19:25:07Z,2026-10-03T19:25:07Z,0
28247,853287,KaberamaidoTC,1.3267002801667445,33.24551213582627,1791055200000,2026-10-03T19:20:00+00:00,2026-10-03T22:20:00+03:00,24.95461,0.0,0.0,52.98848,6.305027,9.298848,,,2026-10-03T19:25:07Z,2026-10-03T19:25:07Z,0
30066,49455,Kayunga DistrictAdmin,0.7203001611290255,32.893290564677095,1791056700000,2026-10-03T19:45:00+00:00,2026-10-03T22:45:00+03:00,22.22629,0.0,0.0,97.16945,0.0,,,,2026-10-03T21:35:26Z,2026-10-04T00:02:14Z,0
30820,518844,Kanungu MatandaHCIII,-0.6465365596528061,29.742748867338342,1791059400000,2026-10-03T20:30:00+00:00,2026-10-03T23:30:00+03:00,21.21,0.0,0.0,92.83,4.086366,4.998856,,,2026-10-03T21:35:26Z,2026-10-03T22:02:16Z,0
27771,853292,Palisa PallisaTC2,1.2019752388359248,33.32467996636534,1791061200000,2026-10-03T21:00:00+00:00,2026-10-04T00:00:00+03:00,24.83,0.0,0.0,91.55,0.4303044,,,,2026-10-03T21:35:26Z,2026-10-03T21:35:26Z,0
29787,862013,Kamuli Namasagali,1.0190806821802028,32.949594981070824,1791061200000,2026-10-03T21:00:00+00:00,2026-10-04T00:00:00+03:00,21.46,0.0,0.0,100.0,2.786298,3.39971,,,2026-10-03T21:35:26Z,2026-10-03T21:35:26Z,0
31441,518845,Kapchorwa KapchorwaTC,1.3911330664844062,34.44711975629734,1791061200000,2026-10-03T21:00:00+00:00,2026-10-04T00:00:00+03:00,,0.0,,,0.0,0.1678492,t_air_c;rh_pct,,2026-10-03T21:35:26Z,2026-10-03T22:17:16Z,0
8765,45675,Serere Bugondo,1.1032982147304293,33.65208682230397,1791062100000,2026-10-03T21:15:00+00:00,2026-10-04T00:15:00+03:00,21.76852,0.0,0.0,74.83176,0.5340658,0.5432212,,,2026-10-03T21:35:26Z,2026-10-03T22:17:16Z,0
18675,511038,Bushenyi KyamuhungaTC,-0.43140075953825036,30.06284619401695,1791062100000,2026-10-03T21:15:00+00:00,2026-10-04T00:15:00+03:00,20.21,0.0,0.0,73.07,1.345846,2.575723,,,2026-10-03T21:35:26Z,2026-10-03T21:35:26Z,0
18831,511028,Kibuku KadamaTC,1.230158490836445,33.75766971001673,1791062100000,2026-10-03T21:15:00+00:00,2026-10-04T00:15:00+03:00,23.39,0.0,0.0,96.19,4.14435,6.213474,,,2026-10-03T21:35:26Z,2026-10-03T21:35:26Z,0
19036,511025,Kumi Mukongoro,1.3213023670796662,33.886075111016034,1791062100000,2026-10-03T21:15:00+00:00,2026-10-04T00:15:00+03:00,23.36,0.0,17.85306,74.85,2.703898,6.979477,,,2026-10-03T21:35:26Z,2026-10-03T21:35:26Z,0
19560,511036,Rukungiri RukungiriTC,-0.7824612451972481,29.919168920717752,1791062100000,2026-10-03T21:15:00+00:00,2026-10-04T00:15:00+03:00,18.31,0.0,0.0,100.0,1.672694,,,,2026-10-03T21:35:26Z,2026-10-03T21:35:26Z,0
21602,44434,Mbarara NARO,-0.33912497379417256,30.53875374336554,1791062100000,2026-10-03T21:15:00+00:00,2026-10-04T00:15:00+03:00,18.48,0.0,0.0,100.0,1.11696,4.898146,,,2026-10-03T21:35:26Z,2026-10-03T21:35:26Z,0
22531,514574,Ntungamo NtungamoTC,-0.8743084927533056,30.25887027699915,1791062100000,2026-10-03T21:15:00+00:00,2026-10-04T00:15:00+03:00,18.64,0.0,0.0,94.0,0.0,,,,2026-10-03T21:35:26Z,2026-10-03T21:47:17Z,0
23068,44186,Hoima Bulindi,1.4649547824354439,31.438459956597924,1791062100000,2026-10-03T21:15:00+00:00,2026-10-04T00:15:00+03:00,21.42214,0.0,0.0,84.40376,6.950332,,,,2026-10-03T21:35:26Z,2026-10-03T21:35:26Z,0
23570,860744,Kabarole KyembogoNARO,0.7373272793620456,30.378182216821177,1791062100000,2026-10-03T21:15:00+00:00,2026-10-04T00:15:00+03:00,18.32151,0.0,0.0,93.87961,0.6468299,0.7127489,,,2026-10-03T21:35:26Z,2026-10-03T21:35:26Z,0
24597,511024,Kanungu KirimaSC,-0.8665190597972187,29.750001331073445,1791062100000,2026-10-03T21:15:00+00:00,2026-10-04T00:15:00+03:00,18.44,0.0,0.0,999.0,2.883955,3.891051,,rh_sensor_suspect,2026-10-03T21:35:26Z,2026-10-03T21:35:26Z,0
25494,45719,Wakiso KawandaNARO,0.5757356735589316,32.2094519796799,1791062100000,2026-10-03T21:15:00+00:00,2026-10-04T00:15:00+03:00,21.43282,0.0,0.0,96.65218,0.0,,,,2026-10-03T21:35:26Z,2026-10-03T21:35:26Z,0
25858,860733,Masindi MasindiMC,1.6873183106449883,31.720847713796427,1791062100000,2026-10-03T21:15:00+00:00,2026-10-04T00:15:00+03:00,21.32,0.0,0.0,100.0,0.0671397,,,,2026-10-03T21:35:26Z,2026-10-03T21:35:26Z,0
25894,44432,NARO Serere2,1.5498464368665708,33.471426852949406,1791062100000,2026-10-03T21:15:00+00:00,2026-10-04T00:15:00+03:00,23.36,0.0,0.0,62.97,4.724193,6.216526,,,2026-10-03T21:35:26Z,2026-10-03T21:35:26Z,0
26314,511026,Buhweju BuhwejuTC,-0.36217852027400727,30.438745738821645,1791062100000,2026-10-03T21:15:00+00:00,2026-10-04T00:15:00+03:00,15.51385,0.0,14.31296,99.1394,0.1068132,,,,2026-10-03T21:35:26Z,2026-10-03T21:35:26Z,0
27630,514559,Gulu Airfield2,2.3315839569642756,32.403314261884674,1791062100000,2026-10-03T21:15:00+00:00,2026-10-04T00:15:00+03:00,21.35,0.0,0.0,84.84,0.5096514,,,,2026-10-03T21:35:26Z,2026-10-03T21:35:26Z,0
27651,514554,Lamwo LamwoTC,3.5293008898067413,32.800069272228264,1791062100000,2026-10-03T21:15:00+00:00,2026-10-04T00:15:00+03:00,22.5,0.0,0.0,63.09,7.51049,9.164569,,,2026-10-03T21:35:26Z,2026-10-03T21:47:17Z,0
28465,518272,Nabilatuk NabilatukDLG,2.0853119097380035,34.60581875063605,1791062100000,2026-10-03T21:15:00+00:00,2026-10-04T00:15:00+03:00,25.26,0.0,0.0,44.69,15.77524,24.35706,,,2026-10-03T21:35:26Z,2026-10-03T21:35:26Z,0
28650,518275,Nakapiripirit NabulengerHCII,1.8399992209235494,34.569297846559095,1791062100000,2026-10-03T21:15:00+00:00,2026-10-04T00:15:00+03:00,24.96,0.0,0.0,43.42,14.81117,18.2678,,,2026-10-03T21:35:26Z,2026-10-03T21:35:26Z,0
28835,518279,Karenga KidepoAirfield,3.433006937417964,33.45274286601015,1791062100000,2026-10-03T21:15:00+00:00,2026-10-04T00:15:00+03:00,22.61,0.0,0.0,51.16,6.530861,,,,2026-10-03T21:35:26Z,2026-10-03T21:35:26Z,0
28935,518278,Kaabong SidokHCIII,3.3616463406052675,34.12346082801267,1791062100000,2026-10-03T21:15:00+00:00,2026-10-04T00:15:00+03:00,23.99,0.0,0.0,46.82,11.63348,,,,2026-10-03T21:35:26Z,2026-10-03T21:35:26Z,0
29180,517853,Moroto RupaSC,2.582841223352566,34.66924742947938,1791062100000,2026-10-03T21:15:00+00:00,2026-10-04T00:15:00+03:00,25.35,0.0,0.0,42.77,11.30694,18.53056,,,2026-10-03T21:35:26Z,2026-10-03T21:35:26Z,0
29347,862041,Kabale KabaleMC,-1.2542908115437144,29.987880749577656,1791062100000,2026-10-03T21:15:00+00:00,2026-10-04T00:15:00+03:00,16.4,0.0,0.0,83.7,0.902266,,,,2026-10-03T21:35:26Z,2026-10-03T21:35:26Z,0
29366,860740,Kasese Airfield,0.16776145042270435,30.06946870555926,1791062100000,2026-10-03T21:15:00+00:00,2026-10-04T00:15:00+03:00,20.03,0.0,0.0,96.84,0.4737926,,,,2026-10-03T21:35:26Z,2026-10-03T21:35:26Z,0
29529,514573,Bundibugyo BundibugyoTC,0.8026268481642997,30.27578425237216,1791062100000,2026-10-03T21:15:00+00:00,2026-10-04T00:15:00+03:00,21.86,0.0,0.0,91.56,4.379492,,,,2026-10-03T21:35:26Z,2026-10-03T21:35:26Z,0
29756,862010,Nakasongola KalungiSC,1.2852342933913012,32.662599686414936,1791062100000,2026-10-03T21:15:00+00:00,2026-10-04T00:15:00+03:00,21.944,0.0,0.0,87.2221,0.03356985,0.5127031,,,2026-10-03T21:35:26Z,2026-10-03T21:35:26Z,0
29823,860732,Kotido KotidoTC,3.007038604042491,34.10733499015392,1791062100000,2026-10-03T21:15:00+00:00,2026-10-04T00:15:00+03:00,24.07,0.0,0.0,62.55,0.0,0.0,,,2026-10-03T21:35:26Z,2026-10-03T21:35:26Z,0
29892,516056,Budaka BudakaTC2,0.11576196513474404,33.453613566274235,1791062100000,2026-10-03T21:15:00+00:00,2026-10-04T00:15:00+03:00,23.63,0.0,0.0,96.35,3.909361,,,,2026-10-03T21:35:26Z,2026-10-03T21:35:26Z,0
29932,514577,Namutumba NamutumbaTC2,1.9758008082349363,33.56106699819666,1791062100000,2026-10-03T21:15:00+00:00,2026-10-04T00:15:00+03:00,22.87,0.0,0.0,100.0,2.053864,6.305027,,,2026-10-03T21:35:26Z,2026-10-03T21:35:26Z,0
30220,45708,Dokolo DokoloTC,1.914993229491238,33.176049575854904,1791062100000,2026-10-03T21:15:00+00:00,2026-10-04T00:15:00+03:00,22.356,0.0,0.0,60.93538,2.319524,9.949645,,,2026-10-03T21:35:26Z,2026-10-03T21:35:26Z,0
30252,49521,Kyenjojo KyenjojoMC,0.6130612575199993,30.641008786833954,1791062100000,2026-10-03T21:15:00+00:00,2026-10-04T00:15:00+03:00,19.22485,0.0,0.0,72.31708,1.297017,5.004959,,,2026-10-03T21:35:26Z,2026-10-03T21:35:26Z,0
30283,514568,Kampala KyambogoUnv2,0.3228582483254613,32.59455916940114,1791062100000,2026-10-03T21:15:00+00:00,2026-10-04T00:15:00+03:00,22.41,0.0,0.0,86.04,2.228885,6.633097,,,2026-10-03T21:35:26Z,2026-10-03T21:35:26Z,0
30347,860738,Bulambuli BuginyanyaNARO,1.2292008829492236,34.512188495373756,1791062100000,2026-10-03T21:15:00+00:00,2026-10-04T00:15:00+03:00,21.11,0.0,23.83459,55.67,0.1524376,,,,2026-10-03T21:35:26Z,2026-10-03T21:35:26Z,0
30381,45666,Mukono NtawoNARO,0.37885800528124053,32.7292665823493,1791062100000,2026-10-03T21:15:00+00:00,2026-10-04T00:15:00+03:00,22.36668,0.0,0.0,99.42626,1.947051,3.732357,,,2026-10-03T21:35:26Z,2026-10-03T21:35:26Z,0
30411,45716,Lwengo KamenyamigoNARO,-0.28429808513865706,31.664636340132986,1791062100000,2026-10-03T21:15:00+00:00,2026-10-04T00:15:00+03:00,19.08,0.0,0.0,95.11,0.5218586,0.5401694,,,2026-10-03T21:35:26Z,2026-10-03T21:35:26Z,0
30476,518276,Moroto Airfield,2.499539862843011,34.60336771655714,1791062100000,2026-10-03T21:15:00+00:00,2026-10-04T00:15:00+03:00,23.88,0.0,0.0,43.2,3.691463,,,,2026-10-03T21:35:26Z,2026-10-03T21:35:26Z,0
30518,45678,Kwania AdukuTC,2.0141834426175826,32.722869192593286,1791062100000,2026-10-03T21:15:00+00:00,2026-10-04T00:15:00+03:00,23.53,0.0,0.0,86.24,0.0,0.0,,,2026-10-03T21:35:26Z,2026-10-03T21:35:26Z,0
30600,514575,Buvuma BuvumaCollege,0.20227217732623182,33.298299581212675,1791062100000,2026-10-03T21:15:00+00:00,2026-10-04T00:15:00+03:00,23.81,0.0,0.0,100.0,5.990387,,,,2026-10-03T21:35:26Z,2026-10-03T21:35:26Z,0
30695,514556,EntebbeCity AirportNMC,-0.34891969990053573,30.46770493505511,1791062100000,2026-10-03T21:15:00+00:00,2026-10-04T00:15:00+03:00,21.62,0.0,0.0,90.76,9.094378,10.22965,,,2026-10-03T21:35:26Z,2026-10-03T21:35:26Z,0
31495,518862,Kapchorwa SipiTC,1.2267354469379133,34.365906405123326,1791062100000,2026-10-03T21:15:00+00:00,2026-10-04T00:15:00+03:00,21.77,0.0,0.0,42.74,13.1075,23.10216,,,2026-10-03T21:35:26Z,2026-10-03T21:35:26Z,0
31712,518846,Sironko SironkoTC,1.2330289483318788,34.24436423053502,1791062100000,2026-10-03T21:15:00+00:00,2026-10-04T00:15:00+03:00,21.11,0.0,96.80324,71.61,4.000916,6.1738,,,2026-10-03T21:35:26Z,2026-10-03T21:35:26Z,0
31809,518861,Bulambuli Bulegeni NARO,1.2990504672186247,34.322697246680406,1791062100000,2026-10-03T21:15:00+00:00,2026-10-04T00:15:00+03:00,22.29,0.0,0.0,56.84,3.219654,5.191119,,,2026-10-03T21:35:26Z,2026-10-03T21:35:26Z,0
33112,45718,Kaliro KaliroTC3,0.3200660892230024,30.52341859895648,1791062100000,2026-10-03T21:15:00+00:00,2026-10-04T00:15:00+03:00,0.0,0.0,0.0,0.0,1.010147,1.016251,,temp_rh_dead,2026-10-03T21:35:26Z,2026-10-03T21:47:17Z,0
28133,514567,Rukiga RwamuchuchuSC,-1.147093805481443,30.065473322928664,1791062400000,2026-10-03T21:20:00+00:00,2026-10-04T00:20:00+03:00,15.67,0.0,37.78134,98.17,0.0,0.4547188,,,2026-10-03T21:35:26Z,2026-10-03T21:35:26Z,0
12322,853288,Mukono MpomaNARO,0.4283966588777295,32.76213604190826,1791063000000,2026-10-03T21:30:00+00:00,2026-10-04T00:30:00+03:00,21.6022,0.0,0.0,99.99847,0.1565576,,,,2026-10-03T21:35:26Z,2026-10-03T21:47:17Z,1
14926,45633,NARO NaFIRRI,1.2369277861017918,34.56704375600076,1791063000000,2026-10-03T21:30:00+00:00,2026-10-04T00:30:00+03:00,-39.91608,0.0,0.0,0.09918365,0.6591898,3.83917,,temp_sensor_suspect,2026-10-03T21:35:26Z,2026-10-03T21:47:17Z,0
18675,511038,Bushenyi KyamuhungaTC,-0.43140075953825036,30.06284619401695,1791063000000,2026-10-03T21:30:00+00:00,2026-10-04T00:30:00+03:00,19.96,0.0,0.0,73.88,2.767987,4.184024,,,2026-10-03T21:47:17Z,2026-10-03T21:47:17Z,0
18831,511028,Kibuku KadamaTC,1.230158490836445,33.75766971001673,1791063000000,2026-10-03T21:30:00+00:00,2026-10-04T00:30:00+03:00,23.14,0.0,0.0,95.14,4.129091,7.583734,,,2026-10-03T21:47:17Z,2026-10-03T21:47:17Z,0
19036,511025,Kumi Mukongoro,1.3213023670796662,33.886075111016034,1791063000000,2026-10-03T21:30:00+00:00,2026-10-04T00:30:00+03:00,23.07,0.0,17.73098,76.56,0.8178836,4.565499,,,2026-10-03T21:47:17Z,2026-10-03T21:47:17Z,0
19216,511040,Ngora Kobwin,1.3996404514823648,33.746259878723855,1791063000000,2026-10-03T21:30:00+00:00,2026-10-04T00:30:00+03:00,23.84,0.0,0.0,64.47,5.322347,6.662089,,,2026-10-03T21:35:26Z,2026-10-03T21:47:17Z,0
19410,511043,Rubanda KarengyereNARO,-1.500172417819356,29.80055712733001,1791063000000,2026-10-03T21:30:00+00:00,2026-10-04T00:30:00+03:00,14.96,0.0,0.0,83.52,12.25681,,,,2026-10-03T21:35:26Z,2026-10-03T21:47:17Z,0
19560,511036,Rukungiri RukungiriTC,-0.7824612451972481,29.919168920717752,1791063000000,2026-10-03T21:30:00+00:00,2026-10-04T00:30:00+03:00,18.07,0.0,0.0,99.87,4.321813,,,,2026-10-03T21:47:17Z,2026-10-03T21:47:17Z,0
19644,511034,Ntungamo RukoneEast,-0.9026492749586166,30.53713188060457,1791063000000,2026-10-03T21:30:00+00:00,2026-10-04T00:30:00+03:00,19.06,0.0,0.0,98.75,10.1062,,,,2026-10-03T21:35:26Z,2026-10-03T21:47:17Z,0
19689,511063,Isingiro Mbaale SC,-0.8229276501909935,30.80641202589177,1791063000000,2026-10-03T21:30:00+00:00,2026-10-04T00:30:00+03:00,21.38,0.0,0.0,78.95,6.253147,7.891966,,,2026-10-03T21:35:26Z,2026-10-03T21:47:17Z,0
19913,512648,Rubanda Kachwekano,-1.2492907374261277,29.94650239241936,1791063000000,2026-10-03T21:30:00+00:00,2026-10-04T00:30:00+03:00,16.2417,0.0,0.0,97.3312,8.059815,8.764782,,,2026-10-03T21:35:26Z,2026-10-03T21:47:17Z,0
20513,512647,Kitgum2 KitgumMC,3.329416943369524,33.176767183806454,1791063000000,2026-10-03T21:30:00+00:00,2026-10-04T00:30:00+03:00,21.45,0.0,0.0,97.85,3.302052,,,,2026-10-03T21:35:26Z,2026-10-03T21:35:26Z,0
21602,44434,Mbarara NARO,-0.33912497379417256,30.53875374336554,1791063000000,2026-10-03T21:30:00+00:00,2026-10-04T00:30:00+03:00,18.54,0.0,0.0,100.0,0.9887847,4.296941,,,2026-10-03T21:47:17Z,2026-10-03T21:47:17Z,0
22494,511046,Bukedea BukedeaTC,1.344383477320109,34.65405915348999,1791063000000,2026-10-03T21:30:00+00:00,2026-10-04T00:30:00+03:00,24.36,0.0,0.0,56.35,11.80743,15.37804,,,2026-10-03T21:35:26Z,2026-10-03T21:47:17Z,0
22745,860739,Tororo TororoMC,0.7363404161562512,34.16750975530811,1791063000000,2026-10-03T21:30:00+00:00,2026-10-04T00:30:00+03:00,23.03,,0.0,96.49,0.1373312,,rain_mm,,2026-10-03T21:35:26Z,2026-10-03T21:47:17Z,1
23068,44186,Hoima Bulindi,1.4649547824354439,31.438459956597924,1791063000000,2026-10-03T21:30:00+00:00,2026-10-04T00:30:00+03:00,21.17189,0.0,0.0,85.47952,4.948043,,,,2026-10-03T21:47:17Z,2026-10-03T21:47:17Z,0
23570,860744,Kabarole KyembogoNARO,0.7373272793620456,30.378182216821177,1791063000000,2026-10-03T21:30:00+00:00,2026-10-04T00:30:00+03:00,17.92172,0.0,0.0,95.4345,0.6262302,0.6509499,,,2026-10-03T21:47:17Z,2026-10-03T21:47:17Z,0
24597,511024,Kanungu KirimaSC,-0.8665190597972187,29.750001331073445,1791063000000,2026-10-03T21:30:00+00:00,2026-10-04T00:30:00+03:00,18.3,0.0,0.0,999.0,0.5676357,2.6215,,rh_sensor_suspect,2026-10-03T21:47:17Z,2026-10-03T21:47:17Z,0
25494,45719,Wakiso KawandaNARO,0.5757356735589316,32.2094519796799,1791063000000,2026-10-03T21:30:00+00:00,2026-10-04T00:30:00+03:00,21.4786,0.0,0.0,96.30273,0.0,,,,2026-10-03T21:47:17Z,2026-10-03T22:02:16Z,0
25858,860733,Masindi MasindiMC,1.6873183106449883,31.720847713796427,1791063000000,2026-10-03T21:30:00+00:00,2026-10-04T00:30:00+03:00,21.39,0.0,0.0,100.0,0.0,,,,2026-10-03T21:47:17Z,2026-10-03T21:47:17Z,0
25894,44432,NARO Serere2,1.5498464368665708,33.471426852949406,1791063000000,2026-10-03T21:30:00+00:00,2026-10-04T00:30:00+03:00,23.56,0.0,0.0,61.49,5.923553,8.053712,,,2026-10-03T21:47:17Z,2026-10-03T21:47:17Z,0
26314,511026,Buhweju BuhwejuTC,-0.36217852027400727,30.438745738821645,1791063000000,2026-10-03T21:30:00+00:00,2026-10-04T00:30:00+03:00,15.46044,0.0,14.16037,99.28893,1.095598,,,,2026-10-03T21:47:17Z,2026-10-03T21:47:17Z,0
26350,516055,Bushenyi PIBID2,-0.34476582916148607,30.12697463332902,1791063000000,2026-10-03T21:30:00+00:00,2026-10-04T00:30:00+03:00,11.46,0.0,0.0,100.0,2.203403,2.212558,,,2026-10-03T21:35:26Z,2026-10-03T21:47:17Z,0
26371,514572,EntebbeCity NMTS,0.002068145970468316,32.47029039760271,1791063000000,2026-10-03T21:30:00+00:00,2026-10-04T00:30:00+03:00,22.03,0.0,0.0,87.22,2.206455,3.701839,,,2026-10-03T21:35:26Z,2026-10-03T21:47:17Z,0
26934,863098,Kampala LubigiNWSC,0.3440953682915257,32.54509647954191,1791063000000,2026-10-03T21:30:00+00:00,2026-10-04T00:30:00+03:00,22.32395,0.0,5.889982,96.14862,2.285801,3.097582,,,2026-10-03T21:35:26Z,2026-10-03T21:47:17Z,0
27204,515136,Kirihura MburoNP,-0.32644602379535037,30.558912625750658,1791063000000,2026-10-03T21:30:00+00:00,2026-10-04T00:30:00+03:00,,0.0,0.0,,0.0,0.2471962,t_air_c;rh_pct,,2026-10-03T21:35:26Z,2026-10-03T21:47:17Z,0
27429,853290,Tororo MoroTC,1.347804683283513,33.56157669447344,1791063000000,2026-10-03T21:30:00+00:00,2026-10-04T00:30:00+03:00,21.79,0.0,0.0,99.91,1.797513,2.478065,,,2026-10-03T21:35:26Z,2026-10-03T21:47:17Z,0
27592,514557,Kampala MakerereUnv3,0.33461539452981,32.571512848339765,1791063000000,2026-10-03T21:30:00+00:00,2026-10-04T00:30:00+03:00,22.39,0.0,0.0,82.99,3.268482,5.07515,,,2026-10-03T21:35:26Z,2026-10-03T21:47:17Z,0
27630,514559,Gulu Airfield2,2.3315839569642756,32.403314261884674,1791063000000,2026-10-03T21:30:00+00:00,2026-10-04T00:30:00+03:00,20.97,0.0,0.0,85.39,0.5188068,,,,2026-10-03T21:47:17Z,2026-10-03T22:02:16Z,0
27771,853292,Palisa PallisaTC2,1.2019752388359248,33.32467996636534,1791063000000,2026-10-03T21:30:00+00:00,2026-10-04T00:30:00+03:00,24.4,0.0,0.0,93.72,0.3326467,,,,2026-10-03T21:47:17Z,2026-10-03T21:47:17Z,0
28247,853287,KaberamaidoTC,1.3267002801667445,33.24551213582627,1791063000000,2026-10-03T21:30:00+00:00,2026-10-04T00:30:00+03:00,23.60418,0.0,0.0,56.94514,8.896009,14.19089,,,2026-10-03T21:35:26Z,2026-10-03T21:35:26Z,0
28282,49381,Amolatar NamasaleHCIII2,1.890942556037648,33.03500809176537,1791063000000,2026-10-03T21:30:00+00:00,2026-10-04T00:30:00+03:00,24.49,0.0,0.0,64.27,6.945907,9.591822,,,2026-10-03T21:35:26Z,2026-10-03T21:47:17Z,0
28465,518272,Nabilatuk NabilatukDLG,2.0853119097380035,34.60581875063605,1791063000000,2026-10-03T21:30:00+00:00,2026-10-04T00:30:00+03:00,24.97,0.0,0.0,45.41,15.63104,21.64202,,,2026-10-03T21:47:17Z,2026-10-03T21:47:17Z,0
28650,518275,Nakapiripirit NabulengerHCII,1.8399992209235494,34.569297846559095,1791063000000,2026-10-03T21:30:00+00:00,2026-10-04T00:30:00+03:00,24.8,0.0,0.0,44.12,14.64637,16.6775,,,2026-10-03T21:47:17Z,2026-10-03T21:47:17Z,0
28835,518279,Karenga KidepoAirfield,3.433006937417964,33.45274286601015,1791063000000,2026-10-03T21:30:00+00:00,2026-10-04T00:30:00+03:00,21.06,0.0,0.0,55.91,3.610285,,,,2026-10-03T21:47:17Z,2026-10-03T21:47:17Z,0
28935,518278,Kaabong SidokHCIII,3.3616463406052675,34.12346082801267,1791063000000,2026-10-03T21:30:00+00:00,2026-10-04T00:30:00+03:00,23.67,0.0,0.0,47.68,8.093385,,,,2026-10-03T21:47:17Z,2026-10-03T22:02:16Z,0
29036,514566,Nabilatuk Nabuin ZARDI,1.716485049322414,34.51313788762028,1791063000000,2026-10-03T21:30:00+00:00,2026-10-04T00:30:00+03:00,21.69,0.0,0.0,47.77,6.946212,,,,2026-10-03T21:35:26Z,2026-10-03T21:47:17Z,0
29180,517853,Moroto RupaSC,2.582841223352566,34.66924742947938,1791063000000,2026-10-03T21:30:00+00:00,2026-10-04T00:30:00+03:00,25.57,0.0,0.0,41.0,12.9427,23.72778,,,2026-10-03T21:47:17Z,2026-10-03T21:47:17Z,0
29306,514576,Butaleja ButalejaTC,0.6919682458015968,34.09885656329347,1791063000000,2026-10-03T21:30:00+00:00,2026-10-04T00:30:00+03:00,22.1,0.0,0.0,100.0,0.6303502,,,,2026-10-03T21:35:26Z,2026-10-03T21:47:17Z,0
29366,860740,Kasese Airfield,0.16776145042270435,30.06946870555926,1791063000000,2026-10-03T21:30:00+00:00,2026-10-04T00:30:00+03:00,20.3,0.0,0.0,97.53,0.4449531,,,,2026-10-03T21:47:17Z,2026-10-03T21:47:17Z,0
29407,860737,Soroti Airfield,1.7125019696651427,33.60989885031907,1791063000000,2026-10-03T21:30:00+00:00,2026-10-04T00:30:00+03:00,23.27,0.0,0.0,81.97,10.80247,,,,2026-10-03T21:35:26Z,2026-10-03T21:47:17Z,0
29432,514563,Kikuube Hoima Sugar,1.250555426321004,31.194469848676302,1791063000000,2026-10-03T21:30:00+00:00,2026-10-04T00:30:00+03:00,19.78,0.0,11.47478,89.34,7.037461,8.740368,,,2026-10-03T21:35:26Z,2026-10-03T21:47:17Z,0
29497,514558,Bulisa ButiabaHydro,2.1126939171888264,31.436768666464783,1791063000000,2026-10-03T21:30:00+00:00,2026-10-04T00:30:00+03:00,25.27,0.0,0.0,70.19,6.4477,,,,2026-10-03T21:35:26Z,2026-10-03T21:47:17Z,0
29529,514573,Bundibugyo BundibugyoTC,0.8026268481642997,30.27578425237216,1791063000000,2026-10-03T21:30:00+00:00,2026-10-04T00:30:00+03:00,21.89,0.0,0.0,90.47,3.85626,,,,2026-10-03T21:47:17Z,2026-10-03T21:47:17Z,0
29561,514560,Kikuube Hoima Airport,1.4920191900781956,31.31796244549898,1791063000000,2026-10-03T21:30:00+00:00,2026-10-04T00:30:00+03:00,20.24,0.0,8.087282,96.45,6.633097,,,,2026-10-03T21:35:26Z,2026-10-03T21:47:17Z,0
29593,514561,Pallisa KasodoSC,1.2320044388064466,33.6019957700963,1791063000000,2026-10-03T21:30:00+00:00,2026-10-04T00:30:00+03:00,22.08,0.0,0.0,100.0,0.9764248,,,,2026-10-03T21:35:26Z,2026-10-03T21:47:17Z,0
29756,862010,Nakasongola KalungiSC,1.2852342933913012,32.662599686414936,1791063000000,2026-10-03T21:30:00+00:00,2026-10-04T00:30:00+03:00,21.67239,0.0,0.0,88.12695,0.0,0.0,,,2026-10-03T21:47:17Z,2026-10-03T21:47:17Z,0
29787,862013,Kamuli Namasagali,1.0190806821802028,32.949594981070824,1791063000000,2026-10-03T21:30:00+00:00,2026-10-04T00:30:00+03:00,21.27,0.0,0.0,100.0,3.48516,5.233845,,,2026-10-03T21:47:17Z,2026-10-03T21:47:17Z,0
29823,860732,Kotido KotidoTC,3.007038604042491,34.10733499015392,1791063000000,2026-10-03T21:30:00+00:00,2026-10-04T00:30:00+03:00,23.75,0.0,0.0,63.41,0.0,0.0,,,2026-10-03T21:47:17Z,2026-10-03T21:47:17Z,0
29892,516056,Budaka BudakaTC2,0.11576196513474404,33.453613566274235,1791063000000,2026-10-03T21:30:00+00:00,2026-10-04T00:30:00+03:00,23.39,0.0,0.0,96.35,3.909361,,,,2026-10-03T21:47:17Z,2026-10-03T21:47:17Z,0
29932,514577,Namutumba NamutumbaTC2,1.9758008082349363,33.56106699819666,1791063000000,2026-10-03T21:30:00+00:00,2026-10-04T00:30:00+03:00,22.82,0.0,0.0,100.0,4.754711,7.455558,,,2026-10-03T21:47:17Z,2026-10-03T21:47:17Z,0
30001,860741,Mbarara MbararaMC,-0.6104058469568668,30.637128687200217,1791063000000,2026-10-03T21:30:00+00:00,2026-10-04T00:30:00+03:00,20.33,0.0,0.0,83.6,5.656672,8.647745,,,2026-10-03T21:35:26Z,2026-10-03T21:35:26Z,0
30033,45670,Apac ApacTC,1.9892647841094635,32.531624149345156,1791063000000,2026-10-03T21:30:00+00:00,2026-10-04T00:30:00+03:00,22.81,0.0,0.0,100.0,0.0,0.0,,,2026-10-03T21:35:26Z,2026-10-03T21:47:17Z,0
30143,860494,Lira NARONgetta,2.1557054334938868,32.88785061975556,1791063000000,2026-10-03T21:30:00+00:00,2026-10-04T00:30:00+03:00,21.74,0.0,0.0,82.14,4.457771,,,,2026-10-03T21:35:26Z,2026-10-03T21:47:17Z,0
30220,45708,Dokolo DokoloTC,1.914993229491238,33.176049575854904,1791063000000,2026-10-03T21:30:00+00:00,2026-10-04T00:30:00+03:00,22.63371,0.0,0.0,59.44152,0.5314717,0.6015106,,,2026-10-03T21:47:17Z,2026-10-03T21:47:17Z,0
30252,49521,Kyenjojo KyenjojoMC,0.6130612575199993,30.641008786833954,1791063000000,2026-10-03T21:30:00+00:00,2026-10-04T00:30:00+03:00,19.26147,0.0,0.0,71.17723,3.613336,4.257267,,,2026-10-03T21:47:17Z,2026-10-03T21:47:17Z,0
30283,514568,Kampala KyambogoUnv2,0.3228582483254613,32.59455916940114,1791063000000,2026-10-03T21:30:00+00:00,2026-10-04T00:30:00+03:00,22.05,0.0,0.0,86.66,0.6344702,0.6550698,,,2026-10-03T21:47:17Z,2026-10-03T21:47:17Z,0
30316,860746,Mayuge IkulweNARO,0.4388712184461232,33.476196856980515,1791063000000,2026-10-03T21:30:00+00:00,2026-10-04T00:30:00+03:00,,0.0,22.52232,,1.392538,,t_air_c;rh_pct,,2026-10-03T21:35:26Z,2026-10-03T21:35:26Z,0
30347,860738,Bulambuli BuginyanyaNARO,1.2292008829492236,34.512188495373756,1791063000000,2026-10-03T21:30:00+00:00,2026-10-04T00:30:00+03:00,20.22,0.0,23.46838,59.02,0.1441978,,,,2026-10-03T21:47:17Z,2026-10-03T21:47:17Z,0
30381,45666,Mukono NtawoNARO,0.37885800528124053,32.7292665823493,1791063000000,2026-10-03T21:30:00+00:00,2026-10-04T00:30:00+03:00,22.26902,0.0,0.0,99.99847,1.412985,3.085374,,,2026-10-03T21:47:17Z,2026-10-03T21:47:17Z,0
30411,45716,Lwengo KamenyamigoNARO,-0.28429808513865706,31.664636340132986,1791063000000,2026-10-03T21:30:00+00:00,2026-10-04T00:30:00+03:00,19.33,0.0,0.0,95.08,0.5188068,0.5401694,,,2026-10-03T21:47:17Z,2026-10-03T21:47:17Z,0
30476,518276,Moroto Airfield,2.499539862843011,34.60336771655714,1791063000000,2026-10-03T21:30:00+00:00,2026-10-04T00:30:00+03:00,21.39,0.0,0.0,46.2,6.287022,,,,2026-10-03T21:47:17Z,2026-10-03T21:47:17Z,0
30518,45678,Kwania AdukuTC,2.0141834426175826,32.722869192593286,1791063000000,2026-10-03T21:30:00+00:00,2026-10-04T00:30:00+03:00,22.91,0.0,0.0,92.74,0.0,0.0,,,2026-10-03T21:47:17Z,2026-10-03T21:47:17Z,0
30600,514575,Buvuma BuvumaCollege,0.20227217732623182,33.298299581212675,1791063000000,2026-10-03T21:30:00+00:00,2026-10-04T00:30:00+03:00,23.63,0.0,0.0,100.0,6.085145,,,,2026-10-03T21:47:17Z,2026-10-03T21:47:17Z,0
30695,514556,EntebbeCity AirportNMC,-0.34891969990053573,30.46770493505511,1791063000000,2026-10-03T21:30:00+00:00,2026-10-04T00:30:00+03:00,21.85,0.0,0.0,89.73,9.92752,12.04547,,,2026-10-03T21:47:17Z,2026-10-03T21:47:17Z,0
30757,860735,Arua Airfield,3.022727728757243,30.902049741391995,1791063000000,2026-10-03T21:30:00+00:00,2026-10-04T00:30:00+03:00,21.07,0.0,0.0,100.0,9.567407,11.74029,,,2026-10-03T21:35:26Z,2026-10-03T21:47:17Z,0
31495,518862,Kapchorwa SipiTC,1.2267354469379133,34.365906405123326,1791063000000,2026-10-03T21:30:00+00:00,2026-10-04T00:30:00+03:00,21.34,0.0,0.0,44.57,12.42084,24.1123,,,2026-10-03T21:47:17Z,2026-10-03T21:47:17Z,0
31567,518860,Bulambuli Bunambutye HCIII,1.456486355349107,34.36072118430061,1791063000000,2026-10-03T21:30:00+00:00,2026-10-04T00:30:00+03:00,28.11,0.0,5.523766,34.19,16.67506,20.27924,,,2026-10-03T21:35:26Z,2026-10-03T21:47:17Z,0
31712,518846,Sironko SironkoTC,1.2330289483318788,34.24436423053502,1791063000000,2026-10-03T21:30:00+00:00,2026-10-04T00:30:00+03:00,20.85,0.0,96.80324,73.94,2.865644,6.378271,,,2026-10-03T21:47:17Z,2026-10-03T21:47:17Z,0
31809,518861,Bulambuli Bulegeni NARO,1.2990504672186247,34.322697246680406,1791063000000,2026-10-03T21:30:00+00:00,2026-10-04T00:30:00+03:00,22.49,0.0,0.0,55.34,3.323415,3.591974,,,2026-10-03T21:47:17Z,2026-10-03T21:47:17Z,0
32252,518843,Isingiro KabuyandaTC,-0.9482535956706091,30.623306857245286,1791063000000,2026-10-03T21:30:00+00:00,2026-10-04T00:30:00+03:00,17.87,0.0,0.0,80.92,0.0,0.4486153,,,2026-10-03T21:35:26Z,2026-10-03T21:47:17Z,0
33816,512617,Buyende Kidera1,1.1427018347181084,33.27926712214954,1791063000000,2026-10-03T21:30:00+00:00,2026-10-04T00:30:00+03:00,24.63721,0.0,0.0,73.89944,0.0,0.0,,,2026-10-03T21:35:26Z,2026-10-03T21:47:17Z,0
28133,514567,Rukiga RwamuchuchuSC,-1.147093805481443,30.065473322928664,1791063600000,2026-10-03T21:40:00+00:00,2026-10-04T00:40:00+03:00,15.72,0.0,36.65217,98.67,0.0,0.4638743,,,2026-10-03T21:47:17Z,2026-10-03T21:47:17Z,0
28210,514564,Kiryandongo KiryandongoSF,-1.338837687838001,30.43596025320078,1791063600000,2026-10-03T21:40:00+00:00,2026-10-04T00:40:00+03:00,22.37,0.0,0.0,74.48,4.147402,4.88899,,,2026-10-03T21:47:17Z,2026-10-03T21:47:17Z,0
28247,853287,KaberamaidoTC,1.3267002801667445,33.24551213582627,1791063600000,2026-10-03T21:40:00+00:00,2026-10-04T00:40:00+03:00,23.59045,0.0,0.0,56.99855,7.791256,15.57336,,,2026-10-03T21:47:17Z,2026-10-03T21:47:17Z,0
18675,511038,Bushenyi KyamuhungaTC,-0.43140075953825036,30.06284619401695,1791063900000,2026-10-03T21:45:00+00:00,2026-10-04T00:45:00+03:00,19.99,0.0,0.0,73.01,2.575723,3.176929,,,2026-10-03T22:02:16Z,2026-10-03T22:02:16Z,0
18831,511028,Kibuku KadamaTC,1.230158490836445,33.75766971001673,1791063900000,2026-10-03T21:45:00+00:00,2026-10-04T00:45:00+03:00,23.07,0.0,0.0,95.05,2.43534,4.385443,,,2026-10-03T22:02:16Z,2026-10-03T22:02:16Z,0
19036,511025,Kumi Mukongoro,1.3213023670796662,33.886075111016034,1791063900000,2026-10-03T21:45:00+00:00,2026-10-04T00:45:00+03:00,22.8,0.0,17.60891,77.55,0.5035477,0.5951018,,,2026-10-03T22:02:16Z,2026-10-03T22:02:16Z,0
19216,511040,Ngora Kobwin,1.3996404514823648,33.746259878723855,1791063900000,2026-10-03T21:45:00+00:00,2026-10-04T00:45:00+03:00,23.31,0.0,0.0,67.71,4.17792,5.850309,,,2026-10-03T22:02:16Z,2026-10-03T22:02:16Z,0
19410,511043,Rubanda KarengyereNARO,-1.500172417819356,29.80055712733001,1791063900000,2026-10-03T21:45:00+00:00,2026-10-04T00:45:00+03:00,15.16,0.0,0.0,80.74,11.05379,,,,2026-10-03T22:02:16Z,2026-10-03T22:02:16Z,0
19560,511036,Rukungiri RukungiriTC,-0.7824612451972481,29.919168920717752,1791063900000,2026-10-03T21:45:00+00:00,2026-10-04T00:45:00+03:00,17.78,0.0,0.0,100.0,4.622568,,,,2026-10-03T22:02:16Z,2026-10-03T22:02:16Z,0
19644,511034,Ntungamo RukoneEast,-0.9026492749586166,30.53713188060457,1791063900000,2026-10-03T21:45:00+00:00,2026-10-04T00:45:00+03:00,19.32,0.0,0.0,96.41,9.904326,,,,2026-10-03T22:02:16Z,2026-10-03T22:02:16Z,0
19689,511063,Isingiro Mbaale SC,-0.8229276501909935,30.80641202589177,1791063900000,2026-10-03T21:45:00+00:00,2026-10-04T00:45:00+03:00,21.57,0.0,0.0,76.95,7.360952,8.038453,,,2026-10-03T22:02:16Z,2026-10-03T22:02:16Z,0
19913,512648,Rubanda Kachwekano,-1.2492907374261277,29.94650239241936,1791063900000,2026-10-03T21:45:00+00:00,2026-10-04T00:45:00+03:00,16.14862,0.0,0.0,99.45983,6.811627,7.186999,,,2026-10-03T22:02:16Z,2026-10-03T22:02:16Z,0
20513,512647,Kitgum2 KitgumMC,3.329416943369524,33.176767183806454,1791063900000,2026-10-03T21:45:00+00:00,2026-10-04T00:45:00+03:00,20.92,0.0,0.0,98.63,3.936828,,,,2026-10-03T21:47:17Z,2026-10-03T22:02:16Z,0
21602,44434,Mbarara NARO,-0.33912497379417256,30.53875374336554,1791063900000,2026-10-03T21:45:00+00:00,2026-10-04T00:45:00+03:00,18.38,0.0,0.0,100.0,0.0,0.0,,,2026-10-03T22:02:16Z,2026-10-03T22:02:16Z,0
22745,860739,Tororo TororoMC,0.7363404161562512,34.16750975530811,1791063900000,2026-10-03T21:45:00+00:00,2026-10-04T00:45:00+03:00,23.13,,0.0,94.14,0.2685588,,rain_mm,,2026-10-03T22:02:16Z,2026-10-03T22:02:16Z,0
23068,44186,Hoima Bulindi,1.4649547824354439,31.438459956597924,1791063900000,2026-10-03T21:45:00+00:00,2026-10-04T00:45:00+03:00,20.0473,0.0,0.0,93.85062,1.722133,,,,2026-10-03T22:02:16Z,2026-10-03T22:02:16Z,0
23570,860744,Kabarole KyembogoNARO,0.7373272793620456,30.378182216821177,1791063900000,2026-10-03T21:45:00+00:00,2026-10-04T00:45:00+03:00,17.81186,0.0,0.0,97.1313,0.6344702,0.6509499,,,2026-10-03T22:02:16Z,2026-10-03T22:02:16Z,0
24597,511024,Kanungu KirimaSC,-0.8665190597972187,29.750001331073445,1791063900000,2026-10-03T21:45:00+00:00,2026-10-04T00:45:00+03:00,18.32,0.0,0.0,999.0,2.264439,4.275578,,rh_sensor_suspect,2026-10-03T22:02:16Z,2026-10-03T22:02:16Z,0
25858,860733,Masindi MasindiMC,1.6873183106449883,31.720847713796427,1791063900000,2026-10-03T21:45:00+00:00,2026-10-04T00:45:00+03:00,21.37,0.0,0.0,100.0,0.0,,,,2026-10-03T22:02:16Z,2026-10-03T22:02:16Z,0
25894,44432,NARO Serere2,1.5498464368665708,33.471426852949406,1791063900000,2026-10-03T21:45:00+00:00,2026-10-04T00:45:00+03:00,23.6,0.0,0.0,60.97,5.520714,7.415885,,,2026-10-03T22:02:16Z,2026-10-03T22:02:16Z,0
26314,511026,Buhweju BuhwejuTC,-0.36217852027400727,30.438745738821645,1791063900000,2026-10-03T21:45:00+00:00,2026-10-04T00:45:00+03:00,15.44823,0.0,14.22141,99.19891,0.0,,,,2026-10-03T22:02:16Z,2026-10-03T22:02:16Z,0
26350,516055,Bushenyi PIBID2,-0.34476582916148607,30.12697463332902,1791063900000,2026-10-03T21:45:00+00:00,2026-10-04T00:45:00+03:00,10.97,0.0,0.0,100.0,2.194247,2.206455,,,2026-10-03T22:02:16Z,2026-10-03T22:02:16Z,0
26934,863098,Kampala LubigiNWSC,0.3440953682915257,32.54509647954191,1791063900000,2026-10-03T21:45:00+00:00,2026-10-04T00:45:00+03:00,21.95163,0.0,5.889982,97.64858,1.766995,4.3122,,,2026-10-03T22:02:16Z,2026-10-03T22:02:16Z,0
27204,515136,Kirihura MburoNP,-0.32644602379535037,30.558912625750658,1791063900000,2026-10-03T21:45:00+00:00,2026-10-04T00:45:00+03:00,,0.0,0.0,,0.0,0.2441444,t_air_c;rh_pct,,2026-10-03T22:02:16Z,2026-10-03T22:02:16Z,0
27429,853290,Tororo MoroTC,1.347804683283513,33.56157669447344,1791063900000,2026-10-03T21:45:00+00:00,2026-10-04T00:45:00+03:00,21.84,0.0,0.0,99.18,3.02739,3.87274,,,2026-10-03T22:02:16Z,2026-10-03T22:02:16Z,0
27592,514557,Kampala MakerereUnv3,0.33461539452981,32.571512848339765,1791063900000,2026-10-03T21:45:00+00:00,2026-10-04T00:45:00+03:00,22.39,0.0,0.0,82.21,5.008011,8.694591,,,2026-10-03T22:02:16Z,2026-10-03T22:02:16Z,0
27651,514554,Lamwo LamwoTC,3.5293008898067413,32.800069272228264,1791063900000,2026-10-03T21:45:00+00:00,2026-10-04T00:45:00+03:00,22.11,0.0,0.0,64.73,3.006027,6.356909,,,2026-10-03T22:02:16Z,2026-10-03T22:02:16Z,0
27771,853292,Palisa PallisaTC2,1.2019752388359248,33.32467996636534,1791063900000,2026-10-03T21:45:00+00:00,2026-10-04T00:45:00+03:00,24.03,0.0,0.0,95.18,0.4333562,,,,2026-10-03T22:02:16Z,2026-10-03T22:02:16Z,0
28282,49381,Amolatar NamasaleHCIII2,1.890942556037648,33.03500809176537,1791063900000,2026-10-03T21:45:00+00:00,2026-10-04T00:45:00+03:00,24.32,0.0,0.0,64.4,7.461662,9.729153,,,2026-10-03T22:02:16Z,2026-10-03T22:02:16Z,0
28465,518272,Nabilatuk NabilatukDLG,2.0853119097380035,34.60581875063605,1791063900000,2026-10-03T21:45:00+00:00,2026-10-04T00:45:00+03:00,24.78,0.0,0.0,46.24,14.66285,19.14946,,,2026-10-03T22:02:16Z,2026-10-03T22:02:16Z,0
28650,518275,Nakapiripirit NabulengerHCII,1.8399992209235494,34.569297846559095,1791063900000,2026-10-03T21:45:00+00:00,2026-10-04T00:45:00+03:00,24.45,0.0,0.0,45.33,14.85649,18.02884,,,2026-10-03T22:02:16Z,2026-10-03T22:02:16Z,0
28835,518279,Karenga KidepoAirfield,3.433006937417964,33.45274286601015,1791063900000,2026-10-03T21:45:00+00:00,2026-10-04T00:45:00+03:00,23.66,0.0,0.0,50.53,8.23682,,,,2026-10-03T22:02:16Z,2026-10-03T22:02:16Z,0
29036,514566,Nabilatuk Nabuin ZARDI,1.716485049322414,34.51313788762028,1791063900000,2026-10-03T21:45:00+00:00,2026-10-04T00:45:00+03:00,21.9,0.0,0.0,47.62,4.165255,,,,2026-10-03T22:02:16Z,2026-10-03T22:02:16Z,0
29347,862041,Kabale KabaleMC,-1.2542908115437144,29.987880749577656,1791063900000,2026-10-03T21:45:00+00:00,2026-10-04T00:45:00+03:00,16.16,0.0,0.0,85.07,0.5438315,,,,2026-10-03T21:47:17Z,2026-10-03T22:02:16Z,0
29366,860740,Kasese Airfield,0.16776145042270435,30.06946870555926,1791063900000,2026-10-03T21:45:00+00:00,2026-10-04T00:45:00+03:00,20.61,0.0,0.0,96.97,6.880292,,,,2026-10-03T22:02:16Z,2026-10-03T22:02:16Z,0
29407,860737,Soroti Airfield,1.7125019696651427,33.60989885031907,1791063900000,2026-10-03T21:45:00+00:00,2026-10-04T00:45:00+03:00,22.9,0.0,0.0,83.06,10.07736,,,,2026-10-03T22:02:16Z,2026-10-03T22:02:16Z,0
29432,514563,Kikuube Hoima Sugar,1.250555426321004,31.194469848676302,1791063900000,2026-10-03T21:45:00+00:00,2026-10-04T00:45:00+03:00,19.48,0.0,11.35271,91.02,6.509499,7.727169,,,2026-10-03T22:02:16Z,2026-10-03T22:02:16Z,0
29497,514558,Bulisa ButiabaHydro,2.1126939171888264,31.436768666464783,1791063900000,2026-10-03T21:45:00+00:00,2026-10-04T00:45:00+03:00,25.07,0.0,0.0,69.84,7.304647,,,,2026-10-03T22:02:16Z,2026-10-03T22:02:16Z,0
29561,514560,Kikuube Hoima Airport,1.4920191900781956,31.31796244549898,1791063900000,2026-10-03T21:45:00+00:00,2026-10-04T00:45:00+03:00,20.24,0.0,8.27039,96.45,6.764935,,,,2026-10-03T22:02:16Z,2026-10-03T22:02:16Z,0
29593,514561,Pallisa KasodoSC,1.2320044388064466,33.6019957700963,1791063900000,2026-10-03T21:45:00+00:00,2026-10-04T00:45:00+03:00,21.98,0.0,0.0,80.0,0.5644312,,,,2026-10-03T22:02:16Z,2026-10-03T22:02:16Z,0
29823,860732,Kotido KotidoTC,3.007038604042491,34.10733499015392,1791063900000,2026-10-03T21:45:00+00:00,2026-10-04T00:45:00+03:00,23.67,0.0,0.0,63.69,0.0,0.0,,,2026-10-03T22:02:16Z,2026-10-03T22:17:16Z,0
29892,516056,Budaka BudakaTC2,0.11576196513474404,33.453613566274235,1791063900000,2026-10-03T21:45:00+00:00,2026-10-04T00:45:00+03:00,22.72,0.0,0.0,99.91,3.192187,,,,2026-10-03T22:02:16Z,2026-10-03T22:02:16Z,0
29932,514577,Namutumba NamutumbaTC2,1.9758008082349363,33.56106699819666,1791063900000,2026-10-03T21:45:00+00:00,2026-10-04T00:45:00+03:00,22.57,0.0,0.0,100.0,4.519722,7.473869,,,2026-10-03T22:02:16Z,2026-10-03T22:02:16Z,0
30001,860741,Mbarara MbararaMC,-0.6104058469568668,30.637128687200217,1791063900000,2026-10-03T21:45:00+00:00,2026-10-04T00:45:00+03:00,19.9,0.0,0.0,85.68,3.683223,6.719615,,,2026-10-03T21:47:17Z,2026-10-03T21:47:17Z,0
30033,45670,Apac ApacTC,1.9892647841094635,32.531624149345156,1791063900000,2026-10-03T21:45:00+00:00,2026-10-04T00:45:00+03:00,22.41,0.0,0.0,100.0,0.0,0.0,,,2026-10-03T22:02:16Z,2026-10-03T22:02:16Z,0
30143,860494,Lira NARONgetta,2.1557054334938868,32.88785061975556,1791063900000,2026-10-03T21:45:00+00:00,2026-10-04T00:45:00+03:00,21.08,0.0,0.0,87.38,0.7168689,,,,2026-10-03T22:02:16Z,2026-10-03T22:02:16Z,0
30220,45708,Dokolo DokoloTC,1.914993229491238,33.176049575854904,1791063900000,2026-10-03T21:45:00+00:00,2026-10-04T00:45:00+03:00,22.81834,0.0,0.0,58.50004,16.8217,22.06226,,,2026-10-03T22:02:16Z,2026-10-03T22:02:16Z,0
30252,49521,Kyenjojo KyenjojoMC,0.6130612575199993,30.641008786833954,1791063900000,2026-10-03T21:45:00+00:00,2026-10-04T00:45:00+03:00,19.2752,0.0,0.0,70.44328,3.5523,4.669261,,,2026-10-03T22:02:16Z,2026-10-03T22:17:16Z,0
30283,514568,Kampala KyambogoUnv2,0.3228582483254613,32.59455916940114,1791063900000,2026-10-03T21:45:00+00:00,2026-10-04T00:45:00+03:00,21.86,0.0,0.0,87.18,2.220645,8.820783,,,2026-10-03T22:02:16Z,2026-10-03T22:02:16Z,0
30316,860746,Mayuge IkulweNARO,0.4388712184461232,33.476196856980515,1791063900000,2026-10-03T21:45:00+00:00,2026-10-04T00:45:00+03:00,,0.0,22.52232,,3.22591,,t_air_c;rh_pct,,2026-10-03T21:47:17Z,2026-10-03T22:02:16Z,0
30347,860738,Bulambuli BuginyanyaNARO,1.2292008829492236,34.512188495373756,1791063900000,2026-10-03T21:45:00+00:00,2026-10-04T00:45:00+03:00,18.82,0.0,23.19371,63.38,0.03295949,,,,2026-10-03T22:02:16Z,2026-10-03T22:02:16Z,0
30381,45666,Mukono NtawoNARO,0.37885800528124053,32.7292665823493,1791063900000,2026-10-03T21:45:00+00:00,2026-10-04T00:45:00+03:00,21.87839,0.0,0.0,100.0,2.307164,4.107728,,,2026-10-03T22:02:16Z,2026-10-03T22:02:16Z,0
30411,45716,Lwengo KamenyamigoNARO,-0.28429808513865706,31.664636340132986,1791063900000,2026-10-03T21:45:00+00:00,2026-10-04T00:45:00+03:00,19.37,0.0,0.0,92.85,0.5188068,0.5401694,,,2026-10-03T22:02:16Z,2026-10-03T22:02:16Z,0
30476,518276,Moroto Airfield,2.499539862843011,34.60336771655714,1791063900000,2026-10-03T21:45:00+00:00,2026-10-04T00:45:00+03:00,23.68,0.0,0.0,41.2,9.974364,,,,2026-10-03T22:02:16Z,2026-10-03T22:02:16Z,0
30518,45678,Kwania AdukuTC,2.0141834426175826,32.722869192593286,1791063900000,2026-10-03T21:45:00+00:00,2026-10-04T00:45:00+03:00,22.2,0.0,0.0,98.9,0.0,0.0,,,2026-10-03T22:02:16Z,2026-10-03T22:02:16Z,0
30600,514575,Buvuma BuvumaCollege,0.20227217732623182,33.298299581212675,1791063900000,2026-10-03T21:45:00+00:00,2026-10-04T00:45:00+03:00,23.68,0.0,0.0,100.0,5.961547,,,,2026-10-03T22:02:16Z,2026-10-03T22:02:16Z,0
30695,514556,EntebbeCity AirportNMC,-0.34891969990053573,30.46770493505511,1791063900000,2026-10-03T21:45:00+00:00,2026-10-04T00:45:00+03:00,21.49,0.0,0.0,90.24,10.29679,11.23064,,,2026-10-03T22:02:16Z,2026-10-03T22:02:16Z,0
30757,860735,Arua Airfield,3.022727728757243,30.902049741391995,1791063900000,2026-10-03T21:45:00+00:00,2026-10-04T00:45:00+03:00,20.95,0.0,0.0,100.0,7.122911,8.917372,,,2026-10-03T22:02:16Z,2026-10-03T22:02:16Z,0
31495,518862,Kapchorwa SipiTC,1.2267354469379133,34.365906405123326,1791063900000,2026-10-03T21:45:00+00:00,2026-10-04T00:45:00+03:00,21.32,0.0,0.0,46.05,8.200198,16.25086,,,2026-10-03T22:02:16Z,2026-10-03T22:02:16Z,0
31567,518860,Bulambuli Bunambutye HCIII,1.456486355349107,34.36072118430061,1791063900000,2026-10-03T21:45:00+00:00,2026-10-04T00:45:00+03:00,27.82,0.0,5.432212,34.84,14.30991,21.69223,,,2026-10-03T22:02:16Z,2026-10-03T22:02:16Z,0
31712,518846,Sironko SironkoTC,1.2330289483318788,34.24436423053502,1791063900000,2026-10-03T21:45:00+00:00,2026-10-04T00:45:00+03:00,20.27,0.0,96.80324,77.03,3.295949,5.365072,,,2026-10-03T22:02:16Z,2026-10-03T22:02:16Z,0
31809,518861,Bulambuli Bulegeni NARO,1.2990504672186247,34.322697246680406,1791063900000,2026-10-03T21:45:00+00:00,2026-10-04T00:45:00+03:00,21.9,0.0,0.0,57.63,2.648966,3.787289,,,2026-10-03T22:02:16Z,2026-10-03T22:02:16Z,0
32252,518843,Isingiro KabuyandaTC,-0.9482535956706091,30.623306857245286,1791063900000,2026-10-03T21:45:00+00:00,2026-10-04T00:45:00+03:00,17.84,0.0,0.0,81.35,0.6439307,1.998932,,,2026-10-03T22:02:16Z,2026-10-03T22:02:16Z,0
33112,45718,Kaliro KaliroTC3,0.3200660892230024,30.52341859895648,1791063900000,2026-10-03T21:45:00+00:00,2026-10-04T00:45:00+03:00,0.0,0.0,0.0,0.0,1.022354,1.025406,,temp_rh_dead,2026-10-03T22:02:16Z,2026-10-03T22:02:16Z,0
33816,512617,Buyende Kidera1,1.1427018347181084,33.27926712214954,1791063900000,2026-10-03T21:45:00+00:00,2026-10-04T00:45:00+03:00,25.62295,0.0,0.0,62.20493,0.0,0.0,,,2026-10-03T22:02:16Z,2026-10-03T22:02:16Z,0
28133,514567,Rukiga RwamuchuchuSC,-1.147093805481443,30.065473322928664,1791064200000,2026-10-03T21:50:00+00:00,2026-10-04T00:50:00+03:00,15.73,0.0,31.43359,98.8,0.0,0.451667,,,2026-10-03T22:02:16Z,2026-10-03T22:02:16Z,0
28210,514564,Kiryandongo KiryandongoSF,-1.338837687838001,30.43596025320078,1791064200000,2026-10-03T21:50:00+00:00,2026-10-04T00:50:00+03:00,22.35,0.0,0.0,74.47,3.48516,4.263371,,,2026-10-03T22:02:16Z,2026-10-03T22:02:16Z,0
28247,853287,KaberamaidoTC,1.3267002801667445,33.24551213582627,1791064200000,2026-10-03T21:50:00+00:00,2026-10-04T00:50:00+03:00,23.27611,0.0,0.0,58.24979,8.2887,10.11978,,,2026-10-03T22:02:16Z,2026-10-03T22:02:16Z,0
12322,853288,Mukono MpomaNARO,0.4283966588777295,32.76213604190826,1791064800000,2026-10-03T22:00:00+00:00,2026-10-04T01:00:00+03:00,21.37941,0.0,0.0,99.99695,0.4902724,,,,2026-10-03T22:02:16Z,2026-10-03T22:17:16Z,0
14926,45633,NARO NaFIRRI,1.2369277861017918,34.56704375600076,1791064800000,2026-10-03T22:00:00+00:00,2026-10-04T01:00:00+03:00,-39.9176,0.0,0.0,0.09918365,2.398718,7.827878,,temp_sensor_suspect,2026-10-03T22:02:16Z,2026-10-03T22:17:16Z,0
18831,511028,Kibuku KadamaTC,1.230158490836445,33.75766971001673,1791064800000,2026-10-03T22:00:00+00:00,2026-10-04T01:00:00+03:00,22.85,0.0,0.0,95.84,2.032502,4.016175,,,2026-10-03T22:17:16Z,2026-10-03T22:17:16Z,0
19036,511025,Kumi Mukongoro,1.3213023670796662,33.886075111016034,1791064800000,2026-10-03T22:00:00+00:00,2026-10-04T01:00:00+03:00,22.48,0.0,17.48684,79.05,0.5493248,0.5981537,,,2026-10-03T22:17:16Z,2026-10-03T22:17:16Z,0
19216,511040,Ngora Kobwin,1.3996404514823648,33.746259878723855,1791064800000,2026-10-03T22:00:00+00:00,2026-10-04T01:00:00+03:00,23.16,0.0,0.0,67.76,3.830014,6.033417,,,2026-10-03T22:17:16Z,2026-10-03T22:17:16Z,0
19410,511043,Rubanda KarengyereNARO,-1.500172417819356,29.80055712733001,1791064800000,2026-10-03T22:00:00+00:00,2026-10-04T01:00:00+03:00,15.32,0.0,0.0,77.67,12.9984,,,,2026-10-03T22:17:16Z,2026-10-03T22:17:16Z,0
19560,511036,Rukungiri RukungiriTC,-0.7824612451972481,29.919168920717752,1791064800000,2026-10-03T22:00:00+00:00,2026-10-04T01:00:00+03:00,17.82,0.0,0.0,100.0,4.783246,,,,2026-10-03T22:17:16Z,2026-10-03T22:17:16Z,0
19644,511034,Ntungamo RukoneEast,-0.9026492749586166,30.53713188060457,1791064800000,2026-10-03T22:00:00+00:00,2026-10-04T01:00:00+03:00,19.35,0.0,0.0,97.25,4.663767,,,,2026-10-03T22:17:16Z,2026-10-03T22:17:16Z,0
19689,511063,Isingiro Mbaale SC,-0.8229276501909935,30.80641202589177,1791064800000,2026-10-03T22:00:00+00:00,2026-10-04T01:00:00+03:00,21.91,0.0,0.0,74.97,6.61326,7.248035,,,2026-10-03T22:17:16Z,2026-10-03T22:17:16Z,0
19913,512648,Rubanda Kachwekano,-1.2492907374261277,29.94650239241936,1791064800000,2026-10-03T22:00:00+00:00,2026-10-04T01:00:00+03:00,16.05859,0.0,0.0,99.99237,5.206378,6.317235,,,2026-10-03T22:17:16Z,2026-10-03T22:17:16Z,0
20513,512647,Kitgum2 KitgumMC,3.329416943369524,33.176767183806454,1791064800000,2026-10-03T22:00:00+00:00,2026-10-04T01:00:00+03:00,21.0,0.0,0.0,92.05,3.448539,,,,2026-10-03T22:17:16Z,2026-10-03T22:17:16Z,0
21602,44434,Mbarara NARO,-0.33912497379417256,30.53875374336554,1791064800000,2026-10-03T22:00:00+00:00,2026-10-04T01:00:00+03:00,18.29,0.0,0.0,100.0,1.486229,3.884947,,,2026-10-03T22:17:16Z,2026-10-03T22:17:16Z,0
22494,511046,Bukedea BukedeaTC,1.344383477320109,34.65405915348999,1791064800000,2026-10-03T22:00:00+00:00,2026-10-04T01:00:00+03:00,22.23,0.0,0.0,67.86,7.562371,9.64065,,,2026-10-03T22:02:16Z,2026-10-03T22:17:16Z,0
22531,514574,Ntungamo NtungamoTC,-0.8743084927533056,30.25887027699915,1791064800000,2026-10-03T22:00:00+00:00,2026-10-04T01:00:00+03:00,17.97,0.0,0.0,97.23,0.0,,,,2026-10-03T22:02:16Z,2026-10-03T22:17:16Z,1
22745,860739,Tororo TororoMC,0.7363404161562512,34.16750975530811,1791064800000,2026-10-03T22:00:00+00:00,2026-10-04T01:00:00+03:00,22.79,,0.0,97.5,0.2014191,,rain_mm,,2026-10-03T22:17:16Z,2026-10-03T22:17:16Z,0
23068,44186,Hoima Bulindi,1.4649547824354439,31.438459956597924,1791064800000,2026-10-03T22:00:00+00:00,2026-10-04T01:00:00+03:00,19.58648,0.0,0.0,96.97566,1.371939,,,,2026-10-03T22:17:16Z,2026-10-03T22:17:16Z,0
23570,860744,Kabarole KyembogoNARO,0.7373272793620456,30.378182216821177,1791064800000,2026-10-03T22:00:00+00:00,2026-10-04T01:00:00+03:00,18.01328,0.0,0.0,95.15221,1.845731,4.733807,,,2026-10-03T22:17:16Z,2026-10-03T22:17:16Z,0
24597,511024,Kanungu KirimaSC,-0.8665190597972187,29.750001331073445,1791064800000,2026-10-03T22:00:00+00:00,2026-10-04T01:00:00+03:00,18.4,0.0,0.0,999.0,1.47097,4.242008,,rh_sensor_suspect,2026-10-03T22:17:16Z,2026-10-03T22:17:16Z,0
25494,45719,Wakiso KawandaNARO,0.5757356735589316,32.2094519796799,1791064800000,2026-10-03T22:00:00+00:00,2026-10-04T01:00:00+03:00,21.32448,0.0,0.0,95.69238,0.0,,,,2026-10-03T22:17:16Z,2026-10-03T22:17:16Z,0
25858,860733,Masindi MasindiMC,1.6873183106449883,31.720847713796427,1791064800000,2026-10-03T22:00:00+00:00,2026-10-04T01:00:00+03:00,21.25,0.0,0.0,100.0,0.03356985,,,,2026-10-03T22:17:16Z,2026-10-03T22:17:16Z,0
25894,44432,NARO Serere2,1.5498464368665708,33.471426852949406,1791064800000,2026-10-03T22:00:00+00:00,2026-10-04T01:00:00+03:00,23.34,0.0,0.0,62.06,5.621424,8.133059,,,2026-10-03T22:17:16Z,2026-10-03T22:17:16Z,0
26314,511026,Buhweju BuhwejuTC,-0.36217852027400727,30.438745738821645,1791064800000,2026-10-03T22:00:00+00:00,2026-10-04T01:00:00+03:00,15.26665,0.0,13.85519,99.73602,0.0,,,,2026-10-03T22:17:16Z,2026-10-03T22:17:16Z,0
26350,516055,Bushenyi PIBID2,-0.34476582916148607,30.12697463332902,1791064800000,2026-10-03T22:00:00+00:00,2026-10-04T01:00:00+03:00,11.2,0.0,0.0,100.0,2.206455,2.212558,,,2026-10-03T22:17:16Z,2026-10-03T22:17:16Z,0
26371,514572,EntebbeCity NMTS,0.002068145970468316,32.47029039760271,1791064800000,2026-10-03T22:00:00+00:00,2026-10-04T01:00:00+03:00,22.05,0.0,0.0,83.29,3.698787,4.721141,,,2026-10-03T22:02:16Z,2026-10-03T22:17:16Z,0
26934,863098,Kampala LubigiNWSC,0.3440953682915257,32.54509647954191,1791064800000,2026-10-03T22:00:00+00:00,2026-10-04T01:00:00+03:00,22.13016,0.0,5.859465,96.17303,3.36614,4.925612,,,2026-10-03T22:17:16Z,2026-10-03T22:17:16Z,0
27204,515136,Kirihura MburoNP,-0.32644602379535037,30.558912625750658,1791064800000,2026-10-03T22:00:00+00:00,2026-10-04T01:00:00+03:00,,0.0,0.0,,0.0,0.2441444,t_air_c;rh_pct,,2026-10-03T22:17:16Z,2026-10-03T22:17:16Z,0
27429,853290,Tororo MoroTC,1.347804683283513,33.56157669447344,1791064800000,2026-10-03T22:00:00+00:00,2026-10-04T01:00:00+03:00,21.99,0.0,0.0,98.54,2.233921,3.50042,,,2026-10-03T22:17:16Z,2026-10-03T22:17:16Z,0
27592,514557,Kampala MakerereUnv3,0.33461539452981,32.571512848339765,1791064800000,2026-10-03T22:00:00+00:00,2026-10-04T01:00:00+03:00,22.16,0.0,0.0,83.5,5.035477,6.881819,,,2026-10-03T22:17:16Z,2026-10-03T22:17:16Z,0
27630,514559,Gulu Airfield2,2.3315839569642756,32.403314261884674,1791064800000,2026-10-03T22:00:00+00:00,2026-10-04T01:00:00+03:00,20.49,0.0,0.0,87.86,2.407874,,,,2026-10-03T22:17:16Z,2026-10-03T22:32:15Z,0
27771,853292,Palisa PallisaTC2,1.2019752388359248,33.32467996636534,1791064800000,2026-10-03T22:00:00+00:00,2026-10-04T01:00:00+03:00,23.75,0.0,0.0,96.16,0.4333562,,,,2026-10-03T22:17:16Z,2026-10-03T22:17:16Z,0
28282,49381,Amolatar NamasaleHCIII2,1.890942556037648,33.03500809176537,1791064800000,2026-10-03T22:00:00+00:00,2026-10-04T01:00:00+03:00,23.98,0.0,0.0,66.83,6.192111,8.932631,,,2026-10-03T22:17:16Z,2026-10-03T22:17:16Z,0
28465,518272,Nabilatuk NabilatukDLG,2.0853119097380035,34.60581875063605,1791064800000,2026-10-03T22:00:00+00:00,2026-10-04T01:00:00+03:00,24.58,0.0,0.0,46.98,15.4168,19.17006,,,2026-10-03T22:17:16Z,2026-10-03T22:17:16Z,0
28650,518275,Nakapiripirit NabulengerHCII,1.8399992209235494,34.569297846559095,1791064800000,2026-10-03T22:00:00+00:00,2026-10-04T01:00:00+03:00,23.71,0.0,0.0,47.52,14.18494,15.58572,,,2026-10-03T22:17:16Z,2026-10-03T22:17:16Z,0
28835,518279,Karenga KidepoAirfield,3.433006937417964,33.45274286601015,1791064800000,2026-10-03T22:00:00+00:00,2026-10-04T01:00:00+03:00,23.36,0.0,0.0,51.04,10.69963,,,,2026-10-03T22:17:16Z,2026-10-03T22:32:15Z,0
28935,518278,Kaabong SidokHCIII,3.3616463406052675,34.12346082801267,1791064800000,2026-10-03T22:00:00+00:00,2026-10-04T01:00:00+03:00,23.39,0.0,0.0,48.55,6.283665,,,,2026-10-03T22:17:16Z,2026-10-03T22:17:16Z,0
29036,514566,Nabilatuk Nabuin ZARDI,1.716485049322414,34.51313788762028,1791064800000,2026-10-03T22:00:00+00:00,2026-10-04T01:00:00+03:00,22.25,0.0,0.0,47.86,4.643167,,,,2026-10-03T22:17:16Z,2026-10-03T22:17:16Z,0
29180,517853,Moroto RupaSC,2.582841223352566,34.66924742947938,1791064800000,2026-10-03T22:00:00+00:00,2026-10-04T01:00:00+03:00,26.01,0.0,0.0,38.4,16.80934,24.32899,,,2026-10-03T22:02:16Z,2026-10-03T22:17:16Z,1
29306,514576,Butaleja ButalejaTC,0.6919682458015968,34.09885656329347,1791064800000,2026-10-03T22:00:00+00:00,2026-10-04T01:00:00+03:00,21.84,0.0,0.0,100.0,0.6344702,,,,2026-10-03T22:02:16Z,2026-10-03T22:17:16Z,1
29347,862041,Kabale KabaleMC,-1.2542908115437144,29.987880749577656,1791064800000,2026-10-03T22:00:00+00:00,2026-10-04T01:00:00+03:00,16.0,0.0,0.0,86.22,0.4655527,,,,2026-10-03T22:17:16Z,2026-10-03T22:17:16Z,0
29366,860740,Kasese Airfield,0.16776145042270435,30.06946870555926,1791064800000,2026-10-03T22:00:00+00:00,2026-10-04T01:00:00+03:00,20.82,0.0,0.0,95.66,5.500114,,,,2026-10-03T22:17:16Z,2026-10-03T22:17:16Z,0
29407,860737,Soroti Airfield,1.7125019696651427,33.60989885031907,1791064800000,2026-10-03T22:00:00+00:00,2026-10-04T01:00:00+03:00,22.58,0.0,0.0,84.95,10.71595,,,,2026-10-03T22:17:16Z,2026-10-03T22:17:16Z,0
29432,514563,Kikuube Hoima Sugar,1.250555426321004,31.194469848676302,1791064800000,2026-10-03T22:00:00+00:00,2026-10-04T01:00:00+03:00,19.46,0.0,11.23064,91.36,5.014114,6.921492,,,2026-10-03T22:17:16Z,2026-10-03T22:17:16Z,0
29497,514558,Bulisa ButiabaHydro,2.1126939171888264,31.436768666464783,1791064800000,2026-10-03T22:00:00+00:00,2026-10-04T01:00:00+03:00,25.08,0.0,0.0,69.18,7.774319,,,,2026-10-03T22:17:16Z,2026-10-03T22:17:16Z,0
29529,514573,Bundibugyo BundibugyoTC,0.8026268481642997,30.27578425237216,1791064800000,2026-10-03T22:00:00+00:00,2026-10-04T01:00:00+03:00,21.92,0.0,0.0,88.58,3.24651,,,,2026-10-03T22:02:16Z,2026-10-03T22:17:16Z,1
29561,514560,Kikuube Hoima Airport,1.4920191900781956,31.31796244549898,1791064800000,2026-10-03T22:00:00+00:00,2026-10-04T01:00:00+03:00,20.74,0.0,8.42298,92.25,7.016251,,,,2026-10-03T22:17:16Z,2026-10-03T22:17:16Z,0
29593,514561,Pallisa KasodoSC,1.2320044388064466,33.6019957700963,1791064800000,2026-10-03T22:00:00+00:00,2026-10-04T01:00:00+03:00,21.8,0.0,0.0,999.0,0.5644312,,,rh_sensor_suspect,2026-10-03T22:17:16Z,2026-10-03T22:17:16Z,0
29756,862010,Nakasongola KalungiSC,1.2852342933913012,32.662599686414936,1791064800000,2026-10-03T22:00:00+00:00,2026-10-04T01:00:00+03:00,21.41146,0.0,0.0,88.82124,0.03356985,0.5279621,,,2026-10-03T22:02:16Z,2026-10-03T22:17:16Z,0
29787,862013,Kamuli Namasagali,1.0190806821802028,32.949594981070824,1791064800000,2026-10-03T22:00:00+00:00,2026-10-04T01:00:00+03:00,21.02,0.0,0.0,100.0,2.612345,2.722209,,,2026-10-03T22:02:16Z,2026-10-03T22:17:16Z,0
29892,516056,Budaka BudakaTC2,0.11576196513474404,33.453613566274235,1791064800000,2026-10-03T22:00:00+00:00,2026-10-04T01:00:00+03:00,22.3,0.0,0.0,100.0,5.053788,,,,2026-10-03T22:17:16Z,2026-10-03T22:32:15Z,0
29932,514577,Namutumba NamutumbaTC2,1.9758008082349363,33.56106699819666,1791064800000,2026-10-03T22:00:00+00:00,2026-10-04T01:00:00+03:00,22.41,0.0,0.0,100.0,4.754711,6.08835,,,2026-10-03T22:17:16Z,2026-10-03T22:17:16Z,0
30001,860741,Mbarara MbararaMC,-0.6104058469568668,30.637128687200217,1791064800000,2026-10-03T22:00:00+00:00,2026-10-04T01:00:00+03:00,19.92,0.0,0.0,84.82,6.719615,8.903182,,,2026-10-03T22:02:16Z,2026-10-03T22:17:16Z,0
30033,45670,Apac ApacTC,1.9892647841094635,32.531624149345156,1791064800000,2026-10-03T22:00:00+00:00,2026-10-04T01:00:00+03:00,22.28,0.0,0.0,100.0,0.0,0.0,,,2026-10-03T22:17:16Z,2026-10-03T22:17:16Z,0
30143,860494,Lira NARONgetta,2.1557054334938868,32.88785061975556,1791064800000,2026-10-03T22:00:00+00:00,2026-10-04T01:00:00+03:00,20.74,0.0,0.0,90.25,3.712062,,,,2026-10-03T22:17:16Z,2026-10-03T22:17:16Z,0
30220,45708,Dokolo DokoloTC,1.914993229491238,33.176049575854904,1791064800000,2026-10-03T22:00:00+00:00,2026-10-04T01:00:00+03:00,23.11742,0.0,0.0,57.46548,12.80476,22.0293,,,2026-10-03T22:17:16Z,2026-10-03T22:17:16Z,0
30252,49521,Kyenjojo KyenjojoMC,0.6130612575199993,30.641008786833954,1791064800000,2026-10-03T22:00:00+00:00,2026-10-04T01:00:00+03:00,19.38201,0.0,0.0,69.75661,3.134203,4.0589,,,2026-10-03T22:32:15Z,2026-10-03T22:32:15Z,0
30316,860746,Mayuge IkulweNARO,0.4388712184461232,33.476196856980515,1791064800000,2026-10-03T22:00:00+00:00,2026-10-04T01:00:00+03:00,,0.0,22.52232,,6.913252,,t_air_c;rh_pct,,2026-10-03T22:17:16Z,2026-10-03T22:17:16Z,0
30347,860738,Bulambuli BuginyanyaNARO,1.2292008829492236,34.512188495373756,1791064800000,2026-10-03T22:00:00+00:00,2026-10-04T01:00:00+03:00,17.67,0.0,22.94957,69.69,0.03295949,,,,2026-10-03T22:17:16Z,2026-10-03T22:17:16Z,0
30381,45666,Mukono NtawoNARO,0.37885800528124053,32.7292665823493,1791064800000,2026-10-03T22:00:00+00:00,2026-10-04T01:00:00+03:00,21.85245,0.0,0.0,100.0,2.890059,3.51873,,,2026-10-03T22:17:16Z,2026-10-03T22:17:16Z,0
30411,45716,Lwengo KamenyamigoNARO,-0.28429808513865706,31.664636340132986,1791064800000,2026-10-03T22:00:00+00:00,2026-10-04T01:00:00+03:00,19.66,0.0,0.0,92.44,0.5188068,0.5401694,,,2026-10-03T22:17:16Z,2026-10-03T22:17:16Z,0
30476,518276,Moroto Airfield,2.499539862843011,34.60336771655714,1791064800000,2026-10-03T22:00:00+00:00,2026-10-04T01:00:00+03:00,22.87,0.0,0.0,42.75,6.233463,,,,2026-10-03T22:17:16Z,2026-10-03T22:17:16Z,0
30518,45678,Kwania AdukuTC,2.0141834426175826,32.722869192593286,1791064800000,2026-10-03T22:00:00+00:00,2026-10-04T01:00:00+03:00,21.89,0.0,0.0,99.96,0.0,0.0,,,2026-10-03T22:17:16Z,2026-10-03T22:17:16Z,0
30600,514575,Buvuma BuvumaCollege,0.20227217732623182,33.298299581212675,1791064800000,2026-10-03T22:00:00+00:00,2026-10-04T01:00:00+03:00,23.86,0.0,0.0,100.0,3.753262,,,,2026-10-03T22:17:16Z,2026-10-03T22:17:16Z,0
30695,514556,EntebbeCity AirportNMC,-0.34891969990053573,30.46770493505511,1791064800000,2026-10-03T22:00:00+00:00,2026-10-04T01:00:00+03:00,21.5,0.0,0.0,90.98,10.25406,11.43816,,,2026-10-03T22:17:16Z,2026-10-03T22:17:16Z,0
30757,860735,Arua Airfield,3.022727728757243,30.902049741391995,1791064800000,2026-10-03T22:00:00+00:00,2026-10-04T01:00:00+03:00,20.81,0.0,0.0,100.0,6.530861,7.907225,,,2026-10-03T22:17:16Z,2026-10-03T22:17:16Z,0
31495,518862,Kapchorwa SipiTC,1.2267354469379133,34.365906405123326,1791064800000,2026-10-03T22:00:00+00:00,2026-10-04T01:00:00+03:00,20.62,0.0,0.0,48.48,5.377279,10.4036,,,2026-10-03T22:17:16Z,2026-10-03T22:17:16Z,0
31567,518860,Bulambuli Bunambutye HCIII,1.456486355349107,34.36072118430061,1791064800000,2026-10-03T22:00:00+00:00,2026-10-04T01:00:00+03:00,27.81,0.0,5.46273,34.93,18.30472,25.32387,,,2026-10-03T22:17:16Z,2026-10-03T22:17:16Z,0
31712,518846,Sironko SironkoTC,1.2330289483318788,34.24436423053502,1791064800000,2026-10-03T22:00:00+00:00,2026-10-04T01:00:00+03:00,20.23,0.0,96.86427,75.21,3.326467,4.547189,,,2026-10-03T22:17:16Z,2026-10-03T22:17:16Z,0
31809,518861,Bulambuli Bulegeni NARO,1.2990504672186247,34.322697246680406,1791064800000,2026-10-03T22:00:00+00:00,2026-10-04T01:00:00+03:00,22.13,0.0,0.0,56.81,2.877851,3.775082,,,2026-10-03T22:17:16Z,2026-10-03T22:17:16Z,0
32252,518843,Isingiro KabuyandaTC,-0.9482535956706091,30.623306857245286,1791064800000,2026-10-03T22:00:00+00:00,2026-10-04T01:00:00+03:00,17.87,0.0,0.0,80.21,1.327535,2.395666,,,2026-10-03T22:17:16Z,2026-10-03T22:17:16Z,0
33112,45718,Kaliro KaliroTC3,0.3200660892230024,30.52341859895648,1791064800000,2026-10-03T22:00:00+00:00,2026-10-04T01:00:00+03:00,0.0,0.0,0.0,0.0,1.022354,1.028458,,temp_rh_dead,2026-10-03T22:17:16Z,2026-10-03T22:17:16Z,0
33816,512617,Buyende Kidera1,1.1427018347181084,33.27926712214954,1791064800000,2026-10-03T22:00:00+00:00,2026-10-04T01:00:00+03:00,25.72823,0.0,0.0,61.47402,0.5645838,8.484016,,,2026-10-03T22:17:16Z,2026-10-03T22:17:16Z,0
28133,514567,Rukiga RwamuchuchuSC,-1.147093805481443,30.065473322928664,1791065400000,2026-10-03T22:10:00+00:00,2026-10-04T01:10:00+03:00,15.55,0.0,49.68337,98.94,0.0,0.4577707,,,2026-10-03T22:17:16Z,2026-10-03T22:17:16Z,0
28210,514564,Kiryandongo KiryandongoSF,-1.338837687838001,30.43596025320078,1791065400000,2026-10-03T22:10:00+00:00,2026-10-04T01:10:00+03:00,22.3,0.0,0.0,74.93,3.707942,4.88899,,,2026-10-03T22:17:16Z,2026-10-03T22:17:16Z,0
28247,853287,KaberamaidoTC,1.3267002801667445,33.24551213582627,1791065400000,2026-10-03T22:10:00+00:00,2026-10-04T01:10:00+03:00,22.30411,0.0,0.0,62.14237,7.708858,8.76173,,,2026-10-03T22:17:16Z,2026-10-03T22:17:16Z,0
30820,518844,Kanungu MatandaHCIII,-0.6465365596528061,29.742748867338342,1791065400000,2026-10-03T22:10:00+00:00,2026-10-04T01:10:00+03:00,20.93,0.0,0.0,92.85,5.474937,6.414893,,,2026-10-03T22:17:16Z,2026-10-03T22:17:16Z,0
31441,518845,Kapchorwa KapchorwaTC,1.3911330664844062,34.44711975629734,1791065400000,2026-10-03T22:10:00+00:00,2026-10-04T01:10:00+03:00,,0.0,,,0.0,0.155642,t_air_c;rh_pct,,2026-10-03T22:32:15Z,2026-10-03T22:32:15Z,0
8765,45675,Serere Bugondo,1.1032982147304293,33.65208682230397,1791065700000,2026-10-03T22:15:00+00:00,2026-10-04T01:15:00+03:00,21.42062,0.0,0.0,76.42481,0.4943923,0.5340658,,,2026-10-03T22:32:15Z,2026-10-03T22:32:15Z,0
12322,853288,Mukono MpomaNARO,0.4283966588777295,32.76213604190826,1791065700000,2026-10-03T22:15:00+00:00,2026-10-04T01:15:00+03:00,21.2604,0.0,0.0,100.0,0.2966354,,,,2026-10-03T22:32:15Z,2026-10-03T22:32:15Z,0
14926,45633,NARO NaFIRRI,1.2369277861017918,34.56704375600076,1791065700000,2026-10-03T22:15:00+00:00,2026-10-04T01:15:00+03:00,-39.9176,0.0,0.0,0.09918365,0.1068132,1.62356,,temp_sensor_suspect,2026-10-03T22:32:15Z,2026-10-03T22:47:15Z,0
18675,511038,Bushenyi KyamuhungaTC,-0.43140075953825036,30.06284619401695,1791065700000,2026-10-03T22:15:00+00:00,2026-10-04T01:15:00+03:00,19.76,0.0,0.0,74.77,5.297933,5.996796,,,2026-10-03T22:17:16Z,2026-10-03T22:32:15Z,0
19036,511025,Kumi Mukongoro,1.3213023670796662,33.886075111016034,1791065700000,2026-10-03T22:15:00+00:00,2026-10-04T01:15:00+03:00,22.16,0.0,17.39528,80.0,0.5127031,0.5706874,,,2026-10-03T22:32:15Z,2026-10-03T22:32:15Z,0
19216,511040,Ngora Kobwin,1.3996404514823648,33.746259878723855,1791065700000,2026-10-03T22:15:00+00:00,2026-10-04T01:15:00+03:00,22.77,0.0,0.0,70.95,3.659113,5.850309,,,2026-10-03T22:32:15Z,2026-10-03T22:32:15Z,0
19410,511043,Rubanda KarengyereNARO,-1.500172417819356,29.80055712733001,1791065700000,2026-10-03T22:15:00+00:00,2026-10-04T01:15:00+03:00,15.36,0.0,0.0,76.96,11.17739,,,,2026-10-03T22:32:15Z,2026-10-03T22:32:15Z,0
19560,511036,Rukungiri RukungiriTC,-0.7824612451972481,29.919168920717752,1791065700000,2026-10-03T22:15:00+00:00,2026-10-04T01:15:00+03:00,17.89,0.0,0.0,100.0,4.564889,,,,2026-10-03T22:32:15Z,2026-10-03T22:32:15Z,0
19644,511034,Ntungamo RukoneEast,-0.9026492749586166,30.53713188060457,1791065700000,2026-10-03T22:15:00+00:00,2026-10-04T01:15:00+03:00,19.33,0.0,0.0,95.28,9.900207,,,,2026-10-03T22:32:15Z,2026-10-03T22:32:15Z,0
19689,511063,Isingiro Mbaale SC,-0.8229276501909935,30.80641202589177,1791065700000,2026-10-03T22:15:00+00:00,2026-10-04T01:15:00+03:00,21.74,0.0,0.0,74.88,5.64889,6.488136,,,2026-10-03T22:32:15Z,2026-10-03T22:32:15Z,0
19913,512648,Rubanda Kachwekano,-1.2492907374261277,29.94650239241936,1791065700000,2026-10-03T22:15:00+00:00,2026-10-04T01:15:00+03:00,15.93042,0.0,0.0,100.0,6.222629,8.20325,,,2026-10-03T22:32:15Z,2026-10-03T22:32:15Z,0
20513,512647,Kitgum2 KitgumMC,3.329416943369524,33.176767183806454,1791065700000,2026-10-03T22:15:00+00:00,2026-10-04T01:15:00+03:00,20.91,0.0,0.0,98.95,3.393607,,,,2026-10-03T22:32:15Z,2026-10-03T22:32:15Z,0
21602,44434,Mbarara NARO,-0.33912497379417256,30.53875374336554,1791065700000,2026-10-03T22:15:00+00:00,2026-10-04T01:15:00+03:00,18.21,0.0,0.0,100.0,2.832074,5.096513,,,2026-10-03T22:32:15Z,2026-10-03T22:32:15Z,0
22494,511046,Bukedea BukedeaTC,1.344383477320109,34.65405915348999,1791065700000,2026-10-03T22:15:00+00:00,2026-10-04T01:15:00+03:00,21.71,0.0,0.0,73.72,0.7934692,6.491188,,,2026-10-03T22:32:15Z,2026-10-03T22:32:15Z,0
22531,514574,Ntungamo NtungamoTC,-0.8743084927533056,30.25887027699915,1791065700000,2026-10-03T22:15:00+00:00,2026-10-04T01:15:00+03:00,17.84,0.0,0.0,97.88,0.8087282,,,,2026-10-03T22:32:15Z,2026-10-03T22:32:15Z,0
22745,860739,Tororo TororoMC,0.7363404161562512,34.16750975530811,1791065700000,2026-10-03T22:15:00+00:00,2026-10-04T01:15:00+03:00,22.21,,0.0,99.99,0.170901,,rain_mm,,2026-10-03T22:32:15Z,2026-10-03T22:32:15Z,0
23068,44186,Hoima Bulindi,1.4649547824354439,31.438459956597924,1791065700000,2026-10-03T22:15:00+00:00,2026-10-04T01:15:00+03:00,19.21416,0.0,0.0,99.39422,0.6756695,,,,2026-10-03T22:32:15Z,2026-10-03T22:32:15Z,0
23570,860744,Kabarole KyembogoNARO,0.7373272793620456,30.378182216821177,1791065700000,2026-10-03T22:15:00+00:00,2026-10-04T01:15:00+03:00,17.39681,0.0,0.0,99.42321,1.013504,2.822156,,,2026-10-03T22:32:15Z,2026-10-03T22:32:15Z,0
24597,511024,Kanungu KirimaSC,-0.8665190597972187,29.750001331073445,1791065700000,2026-10-03T22:15:00+00:00,2026-10-04T01:15:00+03:00,18.31,0.0,0.0,999.0,0.5920501,1.882963,,rh_sensor_suspect,2026-10-03T22:32:15Z,2026-10-03T22:47:15Z,0
25494,45719,Wakiso KawandaNARO,0.5757356735589316,32.2094519796799,1791065700000,2026-10-03T22:15:00+00:00,2026-10-04T01:15:00+03:00,21.18868,0.0,0.0,96.53772,0.0,,,,2026-10-03T22:32:15Z,2026-10-03T22:32:15Z,0
25858,860733,Masindi MasindiMC,1.6873183106449883,31.720847713796427,1791065700000,2026-10-03T22:15:00+00:00,2026-10-04T01:15:00+03:00,21.06,0.0,0.0,100.0,0.03051804,,,,2026-10-03T22:32:15Z,2026-10-03T22:32:15Z,0
25894,44432,NARO Serere2,1.5498464368665708,33.471426852949406,1791065700000,2026-10-03T22:15:00+00:00,2026-10-04T01:15:00+03:00,23.18,0.0,0.0,63.25,4.27863,7.736324,,,2026-10-03T22:32:15Z,2026-10-03T22:32:15Z,0
26314,511026,Buhweju BuhwejuTC,-0.36217852027400727,30.438745738821645,1791065700000,2026-10-03T22:15:00+00:00,2026-10-04T01:15:00+03:00,15.13084,0.0,13.94675,100.0,0.0,,,,2026-10-03T22:32:15Z,2026-10-03T22:32:15Z,0
26350,516055,Bushenyi PIBID2,-0.34476582916148607,30.12697463332902,1791065700000,2026-10-03T22:15:00+00:00,2026-10-04T01:15:00+03:00,11.09,0.0,0.0,100.0,2.194247,2.206455,,,2026-10-03T22:32:15Z,2026-10-03T22:32:15Z,0
26371,514572,EntebbeCity NMTS,0.002068145970468316,32.47029039760271,1791065700000,2026-10-03T22:15:00+00:00,2026-10-04T01:15:00+03:00,22.02,0.0,0.0,83.5,3.50042,5.932708,,,2026-10-03T22:32:15Z,2026-10-03T22:32:15Z,0
26934,863098,Kampala LubigiNWSC,0.3440953682915257,32.54509647954191,1791065700000,2026-10-03T22:15:00+00:00,2026-10-04T01:15:00+03:00,22.13626,0.0,5.859465,96.66133,3.329518,4.51667,,,2026-10-03T22:32:15Z,2026-10-03T22:32:15Z,0
27204,515136,Kirihura MburoNP,-0.32644602379535037,30.558912625750658,1791065700000,2026-10-03T22:15:00+00:00,2026-10-04T01:15:00+03:00,,0.0,0.0,,0.0,0.250248,t_air_c;rh_pct,,2026-10-03T22:32:15Z,2026-10-03T22:32:15Z,0
27429,853290,Tororo MoroTC,1.347804683283513,33.56157669447344,1791065700000,2026-10-03T22:15:00+00:00,2026-10-04T01:15:00+03:00,21.54,0.0,0.0,99.61,0.2044709,0.5218586,,,2026-10-03T22:32:15Z,2026-10-03T22:32:15Z,0
27592,514557,Kampala MakerereUnv3,0.33461539452981,32.571512848339765,1791065700000,2026-10-03T22:15:00+00:00,2026-10-04T01:15:00+03:00,22.14,0.0,0.0,84.45,4.687572,6.280613,,,2026-10-03T22:32:15Z,2026-10-03T22:32:15Z,0
27651,514554,Lamwo LamwoTC,3.5293008898067413,32.800069272228264,1791065700000,2026-10-03T22:15:00+00:00,2026-10-04T01:15:00+03:00,22.34,0.0,0.0,66.27,4.623484,6.552224,,,2026-10-03T22:17:16Z,2026-10-03T22:17:16Z,0
27771,853292,Palisa PallisaTC2,1.2019752388359248,33.32467996636534,1791065700000,2026-10-03T22:15:00+00:00,2026-10-04T01:15:00+03:00,23.64,0.0,0.0,91.74,0.436408,,,,2026-10-03T22:32:15Z,2026-10-03T22:47:15Z,0
28465,518272,Nabilatuk NabilatukDLG,2.0853119097380035,34.60581875063605,1791065700000,2026-10-03T22:15:00+00:00,2026-10-04T01:15:00+03:00,24.58,0.0,0.0,46.98,18.57267,24.29938,,,2026-10-03T22:32:15Z,2026-10-03T22:32:15Z,0
28650,518275,Nakapiripirit NabulengerHCII,1.8399992209235494,34.569297846559095,1791065700000,2026-10-03T22:15:00+00:00,2026-10-04T01:15:00+03:00,23.91,0.0,0.0,47.28,10.11444,15.31792,,,2026-10-03T22:32:15Z,2026-10-03T22:32:15Z,0
28935,518278,Kaabong SidokHCIII,3.3616463406052675,34.12346082801267,1791065700000,2026-10-03T22:15:00+00:00,2026-10-04T01:15:00+03:00,23.37,0.0,0.0,48.82,7.315175,,,,2026-10-03T22:32:15Z,2026-10-03T22:32:15Z,0
29036,514566,Nabilatuk Nabuin ZARDI,1.716485049322414,34.51313788762028,1791065700000,2026-10-03T22:15:00+00:00,2026-10-04T01:15:00+03:00,24.11,0.0,0.0,44.89,7.679561,,,,2026-10-03T22:32:15Z,2026-10-03T22:32:15Z,0
29180,517853,Moroto RupaSC,2.582841223352566,34.66924742947938,1791065700000,2026-10-03T22:15:00+00:00,2026-10-04T01:15:00+03:00,25.84,0.0,0.0,38.76,12.2652,19.03105,,,2026-10-03T22:32:15Z,2026-10-03T22:32:15Z,0
29306,514576,Butaleja ButalejaTC,0.6919682458015968,34.09885656329347,1791065700000,2026-10-03T22:15:00+00:00,2026-10-04T01:15:00+03:00,21.61,0.0,0.0,100.0,0.6303502,,,,2026-10-03T22:32:15Z,2026-10-03T22:32:15Z,0
29347,862041,Kabale KabaleMC,-1.2542908115437144,29.987880749577656,1791065700000,2026-10-03T22:15:00+00:00,2026-10-04T01:15:00+03:00,15.96,0.0,0.0,86.88,0.6715496,,,,2026-10-03T22:32:15Z,2026-10-03T22:32:15Z,0
29366,860740,Kasese Airfield,0.16776145042270435,30.06946870555926,1791065700000,2026-10-03T22:15:00+00:00,2026-10-04T01:15:00+03:00,20.83,0.0,0.0,95.65,4.742046,,,,2026-10-03T22:32:15Z,2026-10-03T22:32:15Z,0
29407,860737,Soroti Airfield,1.7125019696651427,33.60989885031907,1791065700000,2026-10-03T22:15:00+00:00,2026-10-04T01:15:00+03:00,22.24,0.0,0.0,86.42,8.660105,,,,2026-10-03T22:32:15Z,2026-10-03T22:32:15Z,0
29432,514563,Kikuube Hoima Sugar,1.250555426321004,31.194469848676302,1791065700000,2026-10-03T22:15:00+00:00,2026-10-04T01:15:00+03:00,19.23,0.0,11.10857,92.27,1.959258,4.309148,,,2026-10-03T22:32:15Z,2026-10-04T00:02:14Z,0
29497,514558,Bulisa ButiabaHydro,2.1126939171888264,31.436768666464783,1791065700000,2026-10-03T22:15:00+00:00,2026-10-04T01:15:00+03:00,25.12,0.0,0.0,68.8,8.149234,,,,2026-10-03T22:32:15Z,2026-10-03T22:32:15Z,0
29529,514573,Bundibugyo BundibugyoTC,0.8026268481642997,30.27578425237216,1791065700000,2026-10-03T22:15:00+00:00,2026-10-04T01:15:00+03:00,21.4,0.0,0.0,90.69,2.739758,,,,2026-10-03T22:32:15Z,2026-10-03T22:32:15Z,0
29561,514560,Kikuube Hoima Airport,1.4920191900781956,31.31796244549898,1791065700000,2026-10-03T22:15:00+00:00,2026-10-04T01:15:00+03:00,20.74,0.0,8.484016,92.25,4.185855,,,,2026-10-03T22:32:15Z,2026-10-03T22:32:15Z,0
29593,514561,Pallisa KasodoSC,1.2320044388064466,33.6019957700963,1791065700000,2026-10-03T22:15:00+00:00,2026-10-04T01:15:00+03:00,21.36,0.0,0.0,999.0,0.5603113,,,rh_sensor_suspect,2026-10-03T22:32:15Z,2026-10-03T22:32:15Z,0
29756,862010,Nakasongola KalungiSC,1.2852342933913012,32.662599686414936,1791065700000,2026-10-03T22:15:00+00:00,2026-10-04T01:15:00+03:00,21.32753,0.0,0.0,89.40108,0.8514534,5.087358,,,2026-10-03T22:32:15Z,2026-10-03T22:32:15Z,0
29787,862013,Kamuli Namasagali,1.0190806821802028,32.949594981070824,1791065700000,2026-10-03T22:15:00+00:00,2026-10-04T01:15:00+03:00,20.86,0.0,0.0,100.0,2.664225,2.731365,,,2026-10-03T22:32:15Z,2026-10-03T22:32:15Z,0
29823,860732,Kotido KotidoTC,3.007038604042491,34.10733499015392,1791065700000,2026-10-03T22:15:00+00:00,2026-10-04T01:15:00+03:00,23.7,0.0,0.0,63.88,0.0,0.0,,,2026-10-03T22:32:15Z,2026-10-03T22:32:15Z,0
29932,514577,Namutumba NamutumbaTC2,1.9758008082349363,33.56106699819666,1791065700000,2026-10-03T22:15:00+00:00,2026-10-04T01:15:00+03:00,22.18,0.0,0.0,100.0,4.452582,5.697719,,,2026-10-03T22:32:15Z,2026-10-03T22:32:15Z,0
30033,45670,Apac ApacTC,1.9892647841094635,32.531624149345156,1791065700000,2026-10-03T22:15:00+00:00,2026-10-04T01:15:00+03:00,22.0,0.0,0.0,100.0,0.0,0.0,,,2026-10-03T22:32:15Z,2026-10-03T22:32:15Z,0
30143,860494,Lira NARONgetta,2.1557054334938868,32.88785061975556,1791065700000,2026-10-03T22:15:00+00:00,2026-10-04T01:15:00+03:00,21.02,0.0,0.0,90.97,2.57084,,,,2026-10-03T22:32:15Z,2026-10-03T22:32:15Z,0
30220,45708,Dokolo DokoloTC,1.914993229491238,33.176049575854904,1791065700000,2026-10-03T22:15:00+00:00,2026-10-04T01:15:00+03:00,22.60624,0.0,0.0,59.84894,0.5314717,0.5726711,,,2026-10-03T22:32:15Z,2026-10-03T22:32:15Z,0
30283,514568,Kampala KyambogoUnv2,0.3228582483254613,32.59455916940114,1791065700000,2026-10-03T22:15:00+00:00,2026-10-04T01:15:00+03:00,21.85,0.0,0.0,87.17,1.149462,4.733807,,,2026-10-03T22:17:16Z,2026-10-03T22:32:15Z,0
30316,860746,Mayuge IkulweNARO,0.4388712184461232,33.476196856980515,1791065700000,2026-10-03T22:15:00+00:00,2026-10-04T01:15:00+03:00,,0.0,22.33921,,0.6509499,,t_air_c;rh_pct,,2026-10-03T22:32:15Z,2026-10-03T22:32:15Z,0
30347,860738,Bulambuli BuginyanyaNARO,1.2292008829492236,34.512188495373756,1791065700000,2026-10-03T22:15:00+00:00,2026-10-04T01:15:00+03:00,16.95,0.0,22.76646,74.61,0.1483177,,,,2026-10-03T22:32:15Z,2026-10-03T22:32:15Z,0
30381,45666,Mukono NtawoNARO,0.37885800528124053,32.7292665823493,1791065700000,2026-10-03T22:15:00+00:00,2026-10-04T01:15:00+03:00,21.65865,0.0,0.0,100.0,3.350881,4.715038,,,2026-10-03T22:32:15Z,2026-10-03T22:32:15Z,0
30411,45716,Lwengo KamenyamigoNARO,-0.28429808513865706,31.664636340132986,1791065700000,2026-10-03T22:15:00+00:00,2026-10-04T01:15:00+03:00,19.63,0.0,0.0,93.27,0.5279621,0.5371176,,,2026-10-03T22:32:15Z,2026-10-03T22:32:15Z,0
30476,518276,Moroto Airfield,2.499539862843011,34.60336771655714,1791065700000,2026-10-03T22:15:00+00:00,2026-10-04T01:15:00+03:00,21.53,0.0,0.0,45.91,2.768597,,,,2026-10-03T22:32:15Z,2026-10-03T22:32:15Z,0
30518,45678,Kwania AdukuTC,2.0141834426175826,32.722869192593286,1791065700000,2026-10-03T22:15:00+00:00,2026-10-04T01:15:00+03:00,21.81,0.0,0.0,100.0,0.0,0.0,,,2026-10-03T22:32:15Z,2026-10-03T22:32:15Z,0
30600,514575,Buvuma BuvumaCollege,0.20227217732623182,33.298299581212675,1791065700000,2026-10-03T22:15:00+00:00,2026-10-04T01:15:00+03:00,23.72,0.0,0.0,100.0,2.55848,,,,2026-10-03T22:32:15Z,2026-10-03T22:32:15Z,0
30695,514556,EntebbeCity AirportNMC,-0.34891969990053573,30.46770493505511,1791065700000,2026-10-03T22:15:00+00:00,2026-10-04T01:15:00+03:00,21.49,0.0,0.0,90.72,9.005875,10.63249,,,2026-10-03T22:32:15Z,2026-10-03T22:32:15Z,0
30757,860735,Arua Airfield,3.022727728757243,30.902049741391995,1791065700000,2026-10-03T22:15:00+00:00,2026-10-04T01:15:00+03:00,20.7,0.0,0.0,100.0,7.098497,8.92958,,,2026-10-03T22:32:15Z,2026-10-03T22:32:15Z,0
31567,518860,Bulambuli Bunambutye HCIII,1.456486355349107,34.36072118430061,1791065700000,2026-10-03T22:15:00+00:00,2026-10-04T01:15:00+03:00,27.62,0.0,5.340658,35.59,15.68017,21.29244,,,2026-10-03T22:32:15Z,2026-10-03T22:32:15Z,0
31712,518846,Sironko SironkoTC,1.2330289483318788,34.24436423053502,1791065700000,2026-10-03T22:15:00+00:00,2026-10-04T01:15:00+03:00,19.82,0.0,96.89479,77.14,2.954147,4.3122,,,2026-10-03T22:32:15Z,2026-10-03T22:32:15Z,0
31809,518861,Bulambuli Bulegeni NARO,1.2990504672186247,34.322697246680406,1791065700000,2026-10-03T22:15:00+00:00,2026-10-04T01:15:00+03:00,22.14,0.0,0.0,56.81,1.6907,2.569619,,,2026-10-03T22:32:15Z,2026-10-03T22:32:15Z,0
33112,45718,Kaliro KaliroTC3,0.3200660892230024,30.52341859895648,1791065700000,2026-10-03T22:15:00+00:00,2026-10-04T01:15:00+03:00,0.0,0.0,0.0,0.0,1.019303,1.025406,,temp_rh_dead,2026-10-03T22:32:15Z,2026-10-03T22:32:15Z,0
33816,512617,Buyende Kidera1,1.1427018347181084,33.27926712214954,1791065700000,2026-10-03T22:15:00+00:00,2026-10-04T01:15:00+03:00,25.62753,0.0,0.0,61.44503,0.0,0.0,,,2026-10-03T22:32:15Z,2026-10-03T22:32:15Z,0
28210,514564,Kiryandongo KiryandongoSF,-1.338837687838001,30.43596025320078,1791066000000,2026-10-03T22:20:00+00:00,2026-10-04T01:20:00+03:00,22.02,0.0,0.0,76.61,3.344778,5.4963,,,2026-10-03T22:32:15Z,2026-10-03T22:32:15Z,0
30820,518844,Kanungu MatandaHCIII,-0.6465365596528061,29.742748867338342,1791066000000,2026-10-03T22:20:00+00:00,2026-10-04T01:20:00+03:00,20.93,0.0,0.0,92.85,3.939879,5.203326,,,2026-10-03T22:32:15Z,2026-10-03T22:32:15Z,0
12322,853288,Mukono MpomaNARO,0.4283966588777295,32.76213604190826,1791066600000,2026-10-03T22:30:00+00:00,2026-10-04T01:30:00+03:00,21.41909,0.0,0.0,99.99084,1.804532,,,,2026-10-03T22:47:15Z,2026-10-03T22:47:15Z,0
18675,511038,Bushenyi KyamuhungaTC,-0.43140075953825036,30.06284619401695,1791066600000,2026-10-03T22:30:00+00:00,2026-10-04T01:30:00+03:00,19.28,0.0,0.0,80.08,6.802472,8.410772,,,2026-10-03T22:47:15Z,2026-10-03T22:47:15Z,0
18831,511028,Kibuku KadamaTC,1.230158490836445,33.75766971001673,1791066600000,2026-10-03T22:30:00+00:00,2026-10-04T01:30:00+03:00,22.4,0.0,0.0,99.14,2.835126,4.184024,,,2026-10-03T22:32:15Z,2026-10-03T22:47:15Z,1
19036,511025,Kumi Mukongoro,1.3213023670796662,33.886075111016034,1791066600000,2026-10-03T22:30:00+00:00,2026-10-04T01:30:00+03:00,22.27,0.0,17.33425,80.26,0.9308004,6.079195,,,2026-10-03T22:47:15Z,2026-10-03T22:47:15Z,0
19216,511040,Ngora Kobwin,1.3996404514823648,33.746259878723855,1791066600000,2026-10-03T22:30:00+00:00,2026-10-04T01:30:00+03:00,22.51,0.0,0.0,72.48,4.000916,5.624475,,,2026-10-03T22:47:15Z,2026-10-03T22:47:15Z,0
19410,511043,Rubanda KarengyereNARO,-1.500172417819356,29.80055712733001,1791066600000,2026-10-03T22:30:00+00:00,2026-10-04T01:30:00+03:00,15.3,0.0,0.0,76.61,10.86427,,,,2026-10-03T22:47:15Z,2026-10-03T22:47:15Z,0
19560,511036,Rukungiri RukungiriTC,-0.7824612451972481,29.919168920717752,1791066600000,2026-10-03T22:30:00+00:00,2026-10-04T01:30:00+03:00,17.79,0.0,0.0,100.0,4.696727,,,,2026-10-03T22:47:15Z,2026-10-03T22:47:15Z,0
19644,511034,Ntungamo RukoneEast,-0.9026492749586166,30.53713188060457,1791066600000,2026-10-03T22:30:00+00:00,2026-10-04T01:30:00+03:00,19.44,0.0,0.0,94.58,9.475853,,,,2026-10-03T22:47:15Z,2026-10-03T22:47:15Z,0
19689,511063,Isingiro Mbaale SC,-0.8229276501909935,30.80641202589177,1791066600000,2026-10-03T22:30:00+00:00,2026-10-04T01:30:00+03:00,21.42,0.0,0.0,75.82,5.520714,6.860456,,,2026-10-03T22:47:15Z,2026-10-03T22:47:15Z,0
19913,512648,Rubanda Kachwekano,-1.2492907374261277,29.94650239241936,1791066600000,2026-10-03T22:30:00+00:00,2026-10-04T01:30:00+03:00,15.80835,0.0,0.0,100.0,7.940795,8.392462,,,2026-10-03T22:47:15Z,2026-10-03T22:47:15Z,0
21602,44434,Mbarara NARO,-0.33912497379417256,30.53875374336554,1791066600000,2026-10-03T22:30:00+00:00,2026-10-04T01:30:00+03:00,18.18,0.0,0.0,100.0,1.806668,4.90425,,,2026-10-03T22:47:15Z,2026-10-03T22:47:15Z,0
22494,511046,Bukedea BukedeaTC,1.344383477320109,34.65405915348999,1791066600000,2026-10-03T22:30:00+00:00,2026-10-04T01:30:00+03:00,21.66,0.0,0.0,79.32,0.0,0.0,,,2026-10-03T22:47:15Z,2026-10-03T22:47:15Z,0
22745,860739,Tororo TororoMC,0.7363404161562512,34.16750975530811,1791066600000,2026-10-03T22:30:00+00:00,2026-10-04T01:30:00+03:00,21.8,,0.0,100.0,0.3082322,,rain_mm,,2026-10-03T22:47:15Z,2026-10-03T22:47:15Z,0
23068,44186,Hoima Bulindi,1.4649547824354439,31.438459956597924,1791066600000,2026-10-03T22:30:00+00:00,2026-10-04T01:30:00+03:00,19.11345,0.0,0.0,99.89471,1.28954,,,,2026-10-03T22:47:15Z,2026-10-03T22:47:15Z,0
23570,860744,Kabarole KyembogoNARO,0.7373272793620456,30.378182216821177,1791066600000,2026-10-03T22:30:00+00:00,2026-10-04T01:30:00+03:00,17.27169,0.0,0.0,99.53765,0.6344702,0.6633097,,,2026-10-03T22:47:15Z,2026-10-03T22:47:15Z,0
24597,511024,Kanungu KirimaSC,-0.8665190597972187,29.750001331073445,1791066600000,2026-10-03T22:30:00+00:00,2026-10-04T01:30:00+03:00,18.17,0.0,0.0,999.0,0.3021286,0.5096514,,rh_sensor_suspect,2026-10-03T23:02:15Z,2026-10-03T23:02:15Z,0
25494,45719,Wakiso KawandaNARO,0.5757356735589316,32.2094519796799,1791066600000,2026-10-03T22:30:00+00:00,2026-10-04T01:30:00+03:00,20.90791,0.0,0.0,97.87137,0.0,,,,2026-10-03T22:47:15Z,2026-10-03T22:47:15Z,0
25858,860733,Masindi MasindiMC,1.6873183106449883,31.720847713796427,1791066600000,2026-10-03T22:30:00+00:00,2026-10-04T01:30:00+03:00,21.06,0.0,0.0,100.0,0.0,,,,2026-10-03T22:47:15Z,2026-10-03T22:47:15Z,0
25894,44432,NARO Serere2,1.5498464368665708,33.471426852949406,1791066600000,2026-10-03T22:30:00+00:00,2026-10-04T01:30:00+03:00,22.32,0.0,0.0,67.7,3.442435,5.633631,,,2026-10-03T22:47:15Z,2026-10-03T22:47:15Z,0
26314,511026,Buhweju BuhwejuTC,-0.36217852027400727,30.438745738821645,1791066600000,2026-10-03T22:30:00+00:00,2026-10-04T01:30:00+03:00,14.98894,0.0,13.7026,100.0,1.016251,,,,2026-10-03T22:47:15Z,2026-10-03T22:47:15Z,0
26350,516055,Bushenyi PIBID2,-0.34476582916148607,30.12697463332902,1791066600000,2026-10-03T22:30:00+00:00,2026-10-04T01:30:00+03:00,10.63,0.0,0.0,100.0,2.197299,2.206455,,,2026-10-03T22:47:15Z,2026-10-03T22:47:15Z,0
26371,514572,EntebbeCity NMTS,0.002068145970468316,32.47029039760271,1791066600000,2026-10-03T22:30:00+00:00,2026-10-04T01:30:00+03:00,22.05,0.0,0.0,82.45,4.589914,6.735332,,,2026-10-03T22:47:15Z,2026-10-03T22:47:15Z,0
26934,863098,Kampala LubigiNWSC,0.3440953682915257,32.54509647954191,1791066600000,2026-10-03T22:30:00+00:00,2026-10-04T01:30:00+03:00,22.07218,0.0,5.859465,97.53414,3.17998,4.104677,,,2026-10-03T22:47:15Z,2026-10-03T22:47:15Z,0
27204,515136,Kirihura MburoNP,-0.32644602379535037,30.558912625750658,1791066600000,2026-10-03T22:30:00+00:00,2026-10-04T01:30:00+03:00,,0.0,0.0,,0.0,0.250248,t_air_c;rh_pct,,2026-10-03T22:47:15Z,2026-10-03T22:47:15Z,0
27429,853290,Tororo MoroTC,1.347804683283513,33.56157669447344,1791066600000,2026-10-03T22:30:00+00:00,2026-10-04T01:30:00+03:00,21.08,0.0,0.0,100.0,0.5432212,2.288853,,,2026-10-03T22:47:15Z,2026-10-03T22:47:15Z,0
27630,514559,Gulu Airfield2,2.3315839569642756,32.403314261884674,1791066600000,2026-10-03T22:30:00+00:00,2026-10-04T01:30:00+03:00,20.84,0.0,0.0,87.78,8.972305,,,,2026-10-03T22:47:15Z,2026-10-03T23:02:15Z,0
27651,514554,Lamwo LamwoTC,3.5293008898067413,32.800069272228264,1791066600000,2026-10-03T22:30:00+00:00,2026-10-04T01:30:00+03:00,23.06,0.0,0.0,61.43,4.910353,7.15343,,,2026-10-03T22:32:15Z,2026-10-03T22:47:15Z,1
27771,853292,Palisa PallisaTC2,1.2019752388359248,33.32467996636534,1791066600000,2026-10-03T22:30:00+00:00,2026-10-04T01:30:00+03:00,23.49,0.0,0.0,83.46,0.2990768,,,,2026-10-03T23:02:15Z,2026-10-03T23:02:15Z,0
28133,514567,Rukiga RwamuchuchuSC,-1.147093805481443,30.065473322928664,1791066600000,2026-10-03T22:30:00+00:00,2026-10-04T01:30:00+03:00,15.51,0.0,67.71954,99.18,0.0,0.4608225,,,2026-10-03T22:32:15Z,2026-10-03T22:32:15Z,0
28247,853287,KaberamaidoTC,1.3267002801667445,33.24551213582627,1791066600000,2026-10-03T22:30:00+00:00,2026-10-04T01:30:00+03:00,21.73801,0.0,0.0,64.53345,5.484092,7.266346,,,2026-10-03T22:32:15Z,2026-10-03T22:32:15Z,0
28282,49381,Amolatar NamasaleHCIII2,1.890942556037648,33.03500809176537,1791066600000,2026-10-03T22:30:00+00:00,2026-10-04T01:30:00+03:00,22.48,0.0,0.0,83.25,7.031357,8.578623,,,2026-10-03T22:32:15Z,2026-10-03T22:47:15Z,1
28465,518272,Nabilatuk NabilatukDLG,2.0853119097380035,34.60581875063605,1791066600000,2026-10-03T22:30:00+00:00,2026-10-04T01:30:00+03:00,24.29,0.0,0.0,47.88,16.13367,21.10231,,,2026-10-03T22:47:15Z,2026-10-03T22:47:15Z,0
28650,518275,Nakapiripirit NabulengerHCII,1.8399992209235494,34.569297846559095,1791066600000,2026-10-03T22:30:00+00:00,2026-10-04T01:30:00+03:00,23.2,0.0,0.0,49.37,9.994965,11.50698,,,2026-10-03T22:47:15Z,2026-10-03T22:47:15Z,0
28835,518279,Karenga KidepoAirfield,3.433006937417964,33.45274286601015,1791066600000,2026-10-03T22:30:00+00:00,2026-10-04T01:30:00+03:00,21.66,0.0,0.0,56.01,8.792249,,,,2026-10-03T22:47:15Z,2026-10-03T22:47:15Z,0
28935,518278,Kaabong SidokHCIII,3.3616463406052675,34.12346082801267,1791066600000,2026-10-03T22:30:00+00:00,2026-10-04T01:30:00+03:00,23.2,0.0,0.0,49.52,6.149385,,,,2026-10-03T22:47:15Z,2026-10-03T22:47:15Z,0
29036,514566,Nabilatuk Nabuin ZARDI,1.716485049322414,34.51313788762028,1791066600000,2026-10-03T22:30:00+00:00,2026-10-04T01:30:00+03:00,25.11,0.0,0.0,40.9,10.24628,,,,2026-10-03T22:47:15Z,2026-10-03T22:47:15Z,0
29180,517853,Moroto RupaSC,2.582841223352566,34.66924742947938,1791066600000,2026-10-03T22:30:00+00:00,2026-10-04T01:30:00+03:00,25.82,0.0,0.0,39.39,14.95689,26.09598,,,2026-10-03T22:47:15Z,2026-10-03T22:47:15Z,0
29306,514576,Butaleja ButalejaTC,0.6919682458015968,34.09885656329347,1791066600000,2026-10-03T22:30:00+00:00,2026-10-04T01:30:00+03:00,21.85,0.0,0.0,100.0,0.7168689,,,,2026-10-03T22:47:15Z,2026-10-03T22:47:15Z,0
29366,860740,Kasese Airfield,0.16776145042270435,30.06946870555926,1791066600000,2026-10-03T22:30:00+00:00,2026-10-04T01:30:00+03:00,20.5,0.0,0.0,96.18,0.6015106,,,,2026-10-03T22:47:15Z,2026-10-03T22:47:15Z,0
29407,860737,Soroti Airfield,1.7125019696651427,33.60989885031907,1791066600000,2026-10-03T22:30:00+00:00,2026-10-04T01:30:00+03:00,22.46,0.0,0.0,85.37,0.5726711,,,,2026-10-03T22:47:15Z,2026-10-03T22:47:15Z,0
29497,514558,Bulisa ButiabaHydro,2.1126939171888264,31.436768666464783,1791066600000,2026-10-03T22:30:00+00:00,2026-10-04T01:30:00+03:00,25.48,0.0,0.0,68.44,10.73243,,,,2026-10-03T22:47:15Z,2026-10-03T22:47:15Z,0
29529,514573,Bundibugyo BundibugyoTC,0.8026268481642997,30.27578425237216,1791066600000,2026-10-03T22:30:00+00:00,2026-10-04T01:30:00+03:00,21.37,0.0,0.0,91.91,3.794461,,,,2026-10-03T22:47:15Z,2026-10-03T22:47:15Z,0
29561,514560,Kikuube Hoima Airport,1.4920191900781956,31.31796244549898,1791066600000,2026-10-03T22:30:00+00:00,2026-10-04T01:30:00+03:00,20.77,0.0,8.606089,89.15,6.118105,,,,2026-10-03T22:47:15Z,2026-10-03T22:47:15Z,0
29593,514561,Pallisa KasodoSC,1.2320044388064466,33.6019957700963,1791066600000,2026-10-03T22:30:00+00:00,2026-10-04T01:30:00+03:00,20.99,0.0,0.0,999.0,2.212406,,,rh_sensor_suspect,2026-10-03T22:47:15Z,2026-10-03T22:47:15Z,0
29756,862010,Nakasongola KalungiSC,1.2852342933913012,32.662599686414936,1791066600000,2026-10-03T22:30:00+00:00,2026-10-04T01:30:00+03:00,22.37125,0.0,0.0,84.31983,4.705883,11.33135,,,2026-10-03T22:47:15Z,2026-10-03T22:47:15Z,0
29787,862013,Kamuli Namasagali,1.0190806821802028,32.949594981070824,1791066600000,2026-10-03T22:30:00+00:00,2026-10-04T01:30:00+03:00,20.74,0.0,0.0,100.0,2.755779,2.883955,,,2026-10-03T22:47:15Z,2026-10-03T22:47:15Z,0
29823,860732,Kotido KotidoTC,3.007038604042491,34.10733499015392,1791066600000,2026-10-03T22:30:00+00:00,2026-10-04T01:30:00+03:00,23.38,0.0,0.0,64.71,0.0,0.0,,,2026-10-03T22:47:15Z,2026-10-03T23:02:15Z,0
29892,516056,Budaka BudakaTC2,0.11576196513474404,33.453613566274235,1791066600000,2026-10-03T22:30:00+00:00,2026-10-04T01:30:00+03:00,21.99,0.0,0.0,100.0,5.307088,,,,2026-10-03T22:47:15Z,2026-10-03T22:47:15Z,0
29932,514577,Namutumba NamutumbaTC2,1.9758008082349363,33.56106699819666,1791066600000,2026-10-03T22:30:00+00:00,2026-10-04T01:30:00+03:00,22.07,0.0,0.0,100.0,5.392538,6.298924,,,2026-10-03T22:47:15Z,2026-10-03T22:47:15Z,0
30001,860741,Mbarara MbararaMC,-0.6104058469568668,30.637128687200217,1791066600000,2026-10-03T22:30:00+00:00,2026-10-04T01:30:00+03:00,19.43,0.0,0.0,90.17,3.131151,5.598993,,,2026-10-03T22:32:15Z,2026-10-03T22:47:15Z,0
30033,45670,Apac ApacTC,1.9892647841094635,32.531624149345156,1791066600000,2026-10-03T22:30:00+00:00,2026-10-04T01:30:00+03:00,21.69,0.0,0.0,100.0,0.0,0.0,,,2026-10-03T22:47:15Z,2026-10-03T22:47:15Z,0
30143,860494,Lira NARONgetta,2.1557054334938868,32.88785061975556,1791066600000,2026-10-03T22:30:00+00:00,2026-10-04T01:30:00+03:00,20.71,0.0,0.0,92.89,0.5809109,,,,2026-10-03T22:47:15Z,2026-10-03T22:47:15Z,0
30220,45708,Dokolo DokoloTC,1.914993229491238,33.176049575854904,1791066600000,2026-10-03T22:30:00+00:00,2026-10-04T01:30:00+03:00,21.98672,0.0,0.0,62.63371,0.5397116,0.6097505,,,2026-10-03T22:47:15Z,2026-10-03T22:47:15Z,0
30252,49521,Kyenjojo KyenjojoMC,0.6130612575199993,30.641008786833954,1791066600000,2026-10-03T22:30:00+00:00,2026-10-04T01:30:00+03:00,,0.0,0.0,71.35118,,3.540093,t_air_c;wind_kmh,,2026-10-03T22:47:15Z,2026-10-03T22:47:15Z,0
30283,514568,Kampala KyambogoUnv2,0.3228582483254613,32.59455916940114,1791066600000,2026-10-03T22:30:00+00:00,2026-10-04T01:30:00+03:00,21.47,0.0,0.0,88.97,0.64271,0.6591898,,,2026-10-03T22:47:15Z,2026-10-03T22:47:15Z,0
30347,860738,Bulambuli BuginyanyaNARO,1.2292008829492236,34.512188495373756,1791066600000,2026-10-03T22:30:00+00:00,2026-10-04T01:30:00+03:00,17.05,0.0,22.8275,72.6,0.255436,,,,2026-10-03T22:47:15Z,2026-10-03T22:47:15Z,0
30381,45666,Mukono NtawoNARO,0.37885800528124053,32.7292665823493,1791066600000,2026-10-03T22:30:00+00:00,2026-10-04T01:30:00+03:00,21.7197,0.0,0.0,100.0,3.109789,7.110704,,,2026-10-03T22:47:15Z,2026-10-03T22:47:15Z,0
30411,45716,Lwengo KamenyamigoNARO,-0.28429808513865706,31.664636340132986,1791066600000,2026-10-03T22:30:00+00:00,2026-10-04T01:30:00+03:00,19.61,0.0,0.0,94.11,0.5249103,0.6073091,,,2026-10-03T22:47:15Z,2026-10-03T22:47:15Z,0
30476,518276,Moroto Airfield,2.499539862843011,34.60336771655714,1791066600000,2026-10-03T22:30:00+00:00,2026-10-04T01:30:00+03:00,22.14,0.0,0.0,45.51,7.823758,,,,2026-10-03T22:47:15Z,2026-10-03T22:47:15Z,0
30518,45678,Kwania AdukuTC,2.0141834426175826,32.722869192593286,1791066600000,2026-10-03T22:30:00+00:00,2026-10-04T01:30:00+03:00,21.22,0.0,0.0,100.0,0.0,0.0,,,2026-10-03T22:47:15Z,2026-10-03T22:47:15Z,0
30600,514575,Buvuma BuvumaCollege,0.20227217732623182,33.298299581212675,1791066600000,2026-10-03T22:30:00+00:00,2026-10-04T01:30:00+03:00,23.41,0.0,0.0,100.0,2.871595,,,,2026-10-03T22:47:15Z,2026-10-03T22:47:15Z,0
30695,514556,EntebbeCity AirportNMC,-0.34891969990053573,30.46770493505511,1791066600000,2026-10-03T22:30:00+00:00,2026-10-04T01:30:00+03:00,21.78,0.0,0.0,89.01,10.39139,12.64668,,,2026-10-03T22:47:15Z,2026-10-03T22:47:15Z,0
30757,860735,Arua Airfield,3.022727728757243,30.902049741391995,1791066600000,2026-10-03T22:30:00+00:00,2026-10-04T01:30:00+03:00,20.65,0.0,0.0,100.0,9.088274,10.53788,,,2026-10-03T22:47:15Z,2026-10-03T22:47:15Z,0
31441,518845,Kapchorwa KapchorwaTC,1.3911330664844062,34.44711975629734,1791066600000,2026-10-03T22:30:00+00:00,2026-10-04T01:30:00+03:00,,0.0,,,0.0,0.1525902,t_air_c;rh_pct,,2026-10-03T22:47:15Z,2026-10-03T22:47:15Z,0
31495,518862,Kapchorwa SipiTC,1.2267354469379133,34.365906405123326,1791066600000,2026-10-03T22:30:00+00:00,2026-10-04T01:30:00+03:00,20.08,0.0,0.0,50.24,7.580682,10.60502,,,2026-10-03T22:32:15Z,2026-10-03T22:47:15Z,1
31567,518860,Bulambuli Bunambutye HCIII,1.456486355349107,34.36072118430061,1791066600000,2026-10-03T22:30:00+00:00,2026-10-04T01:30:00+03:00,27.03,0.0,5.249104,36.78,15.01183,18.21927,,,2026-10-03T22:47:15Z,2026-10-03T23:02:15Z,0
31712,518846,Sironko SironkoTC,1.2330289483318788,34.24436423053502,1791066600000,2026-10-03T22:30:00+00:00,2026-10-04T01:30:00+03:00,19.84,0.0,96.95583,77.8,4.159609,5.554284,,,2026-10-03T22:47:15Z,2026-10-03T22:47:15Z,0
32252,518843,Isingiro KabuyandaTC,-0.9482535956706091,30.623306857245286,1791066600000,2026-10-03T22:30:00+00:00,2026-10-04T01:30:00+03:00,17.51,0.0,0.0,82.65,0.0,0.4333562,,,2026-10-03T22:32:15Z,2026-10-03T22:47:15Z,0
33112,45718,Kaliro KaliroTC3,0.3200660892230024,30.52341859895648,1791066600000,2026-10-03T22:30:00+00:00,2026-10-04T01:30:00+03:00,0.0,0.0,0.0,0.0,1.019303,1.022354,,temp_rh_dead,2026-10-03T22:47:15Z,2026-10-03T22:47:15Z,0
33816,512617,Buyende Kidera1,1.1427018347181084,33.27926712214954,1791066600000,2026-10-03T22:30:00+00:00,2026-10-04T01:30:00+03:00,25.35439,0.0,0.0,63.54162,0.0,0.0,,,2026-10-03T22:47:15Z,2026-10-03T22:47:15Z,0
30066,49455,Kayunga DistrictAdmin,0.7203001611290255,32.893290564677095,1791067127000,2026-10-03T22:38:47+00:00,2026-10-04T01:38:47+03:00,0.0,0.0,0.0,0.0,0.0,,,all_zero_dead,2026-10-04T05:11:19Z,2026-10-04T05:17:15Z,0
28133,514567,Rukiga RwamuchuchuSC,-1.147093805481443,30.065473322928664,1791067200000,2026-10-03T22:40:00+00:00,2026-10-04T01:40:00+03:00,15.5,0.0,75.19646,99.16,0.0,0.4547188,,,2026-10-03T22:47:15Z,2026-10-03T22:47:15Z,0
28210,514564,Kiryandongo KiryandongoSF,-1.338837687838001,30.43596025320078,1791067200000,2026-10-03T22:40:00+00:00,2026-10-04T01:40:00+03:00,21.91,0.0,0.0,76.23,3.61944,5.087358,,,2026-10-03T22:47:15Z,2026-10-03T22:47:15Z,0
28247,853287,KaberamaidoTC,1.3267002801667445,33.24551213582627,1791067200000,2026-10-03T22:40:00+00:00,2026-10-04T01:40:00+03:00,21.73801,0.0,0.0,64.95766,5.957122,7.330434,,,2026-10-03T22:47:15Z,2026-10-03T22:47:15Z,0
30820,518844,Kanungu MatandaHCIII,-0.6465365596528061,29.742748867338342,1791067200000,2026-10-03T22:40:00+00:00,2026-10-04T01:40:00+03:00,20.54,0.0,0.0,94.53,5.020218,6.601053,,,2026-10-03T22:47:15Z,2026-10-03T22:47:15Z,0
31441,518845,Kapchorwa KapchorwaTC,1.3911330664844062,34.44711975629734,1791067200000,2026-10-03T22:40:00+00:00,2026-10-04T01:40:00+03:00,,0.0,,,0.0,0.1617456,t_air_c;rh_pct,,2026-10-03T23:02:15Z,2026-10-03T23:02:15Z,0
8765,45675,Serere Bugondo,1.1032982147304293,33.65208682230397,1791067500000,2026-10-03T22:45:00+00:00,2026-10-04T01:45:00+03:00,20.83772,0.0,0.0,77.85764,0.4638743,0.5401694,,,2026-10-03T22:47:15Z,2026-10-03T23:02:15Z,0
18831,511028,Kibuku KadamaTC,1.230158490836445,33.75766971001673,1791067500000,2026-10-03T22:45:00+00:00,2026-10-04T01:45:00+03:00,22.11,0.0,0.0,99.98,3.967346,4.80354,,,2026-10-03T23:02:15Z,2026-10-03T23:02:15Z,0
19036,511025,Kumi Mukongoro,1.3213023670796662,33.886075111016034,1791067500000,2026-10-03T22:45:00+00:00,2026-10-04T01:45:00+03:00,22.09,0.0,17.24269,81.32,4.632639,8.352789,,,2026-10-03T23:02:15Z,2026-10-03T23:02:15Z,0
19216,511040,Ngora Kobwin,1.3996404514823648,33.746259878723855,1791067500000,2026-10-03T22:45:00+00:00,2026-10-04T01:45:00+03:00,22.53,0.0,0.0,72.36,3.793393,5.42916,,,2026-10-03T23:02:15Z,2026-10-03T23:02:15Z,0
19410,511043,Rubanda KarengyereNARO,-1.500172417819356,29.80055712733001,1791067500000,2026-10-03T22:45:00+00:00,2026-10-04T01:45:00+03:00,15.2,0.0,0.0,77.71,10.34928,,,,2026-10-03T23:02:15Z,2026-10-03T23:02:15Z,0
19560,511036,Rukungiri RukungiriTC,-0.7824612451972481,29.919168920717752,1791067500000,2026-10-03T22:45:00+00:00,2026-10-04T01:45:00+03:00,17.85,0.0,0.0,100.0,5.425956,,,,2026-10-03T23:02:15Z,2026-10-03T23:02:15Z,0
19644,511034,Ntungamo RukoneEast,-0.9026492749586166,30.53713188060457,1791067500000,2026-10-03T22:45:00+00:00,2026-10-04T01:45:00+03:00,19.23,0.0,0.0,94.91,14.48981,,,,2026-10-03T23:02:15Z,2026-10-03T23:02:15Z,0
19689,511063,Isingiro Mbaale SC,-0.8229276501909935,30.80641202589177,1791067500000,2026-10-03T22:45:00+00:00,2026-10-04T01:45:00+03:00,21.48,0.0,0.0,74.99,6.112764,7.656977,,,2026-10-03T23:02:15Z,2026-10-03T23:02:15Z,0
19913,512648,Rubanda Kachwekano,-1.2492907374261277,29.94650239241936,1791067500000,2026-10-03T22:45:00+00:00,2026-10-04T01:45:00+03:00,15.84039,0.0,0.0,100.0,7.681392,9.558251,,,2026-10-03T23:02:15Z,2026-10-03T23:02:15Z,0
20513,512647,Kitgum2 KitgumMC,3.329416943369524,33.176767183806454,1791067500000,2026-10-03T22:45:00+00:00,2026-10-04T01:45:00+03:00,20.0,0.0,0.0,100.0,2.441443,,,,2026-10-03T22:47:15Z,2026-10-03T22:47:15Z,0
21602,44434,Mbarara NARO,-0.33912497379417256,30.53875374336554,1791067500000,2026-10-03T22:45:00+00:00,2026-10-04T01:45:00+03:00,18.01,0.0,0.0,100.0,1.074235,3.894102,,,2026-10-03T23:02:15Z,2026-10-03T23:02:15Z,0
22494,511046,Bukedea BukedeaTC,1.344383477320109,34.65405915348999,1791067500000,2026-10-03T22:45:00+00:00,2026-10-04T01:45:00+03:00,21.78,0.0,0.0,78.64,0.0,0.0,,,2026-10-03T23:02:15Z,2026-10-03T23:02:15Z,0
22531,514574,Ntungamo NtungamoTC,-0.8743084927533056,30.25887027699915,1791067500000,2026-10-03T22:45:00+00:00,2026-10-04T01:45:00+03:00,18.01,0.0,0.0,97.41,0.0,,,,2026-10-03T22:47:15Z,2026-10-03T23:02:15Z,0
23068,44186,Hoima Bulindi,1.4649547824354439,31.438459956597924,1791067500000,2026-10-03T22:45:00+00:00,2026-10-04T01:45:00+03:00,19.00359,0.0,0.0,100.0,0.6674296,,,,2026-10-03T23:02:15Z,2026-10-03T23:02:15Z,0
23570,860744,Kabarole KyembogoNARO,0.7373272793620456,30.378182216821177,1791067500000,2026-10-03T22:45:00+00:00,2026-10-04T01:45:00+03:00,17.53719,0.0,0.0,95.13847,0.6385901,0.6550698,,,2026-10-03T23:02:15Z,2026-10-03T23:02:15Z,0
25494,45719,Wakiso KawandaNARO,0.5757356735589316,32.2094519796799,1791067500000,2026-10-03T22:45:00+00:00,2026-10-04T01:45:00+03:00,20.8835,0.0,0.0,98.12772,0.0,,,,2026-10-03T23:02:15Z,2026-10-03T23:02:15Z,0
25858,860733,Masindi MasindiMC,1.6873183106449883,31.720847713796427,1791067500000,2026-10-03T22:45:00+00:00,2026-10-04T01:45:00+03:00,20.84,0.0,0.0,100.0,0.0,,,,2026-10-03T23:02:15Z,2026-10-03T23:02:15Z,0
25894,44432,NARO Serere2,1.5498464368665708,33.471426852949406,1791067500000,2026-10-03T22:45:00+00:00,2026-10-04T01:45:00+03:00,21.69,0.0,0.0,70.71,3.784237,6.118868,,,2026-10-03T23:02:15Z,2026-10-03T23:02:15Z,0
26314,511026,Buhweju BuhwejuTC,-0.36217852027400727,30.438745738821645,1791067500000,2026-10-03T22:45:00+00:00,2026-10-04T01:45:00+03:00,14.96452,0.0,13.79416,100.0,0.2410926,,,,2026-10-03T23:02:15Z,2026-10-03T23:02:15Z,0
26350,516055,Bushenyi PIBID2,-0.34476582916148607,30.12697463332902,1791067500000,2026-10-03T22:45:00+00:00,2026-10-04T01:45:00+03:00,10.5,0.0,0.0,100.0,2.197299,2.212558,,,2026-10-03T23:02:15Z,2026-10-03T23:02:15Z,0
26371,514572,EntebbeCity NMTS,0.002068145970468316,32.47029039760271,1791067500000,2026-10-03T22:45:00+00:00,2026-10-04T01:45:00+03:00,22.05,0.0,0.0,81.88,4.541085,7.135119,,,2026-10-03T23:02:15Z,2026-10-03T23:02:15Z,0
26934,863098,Kampala LubigiNWSC,0.3440953682915257,32.54509647954191,1791067500000,2026-10-03T22:45:00+00:00,2026-10-04T01:45:00+03:00,21.59457,0.0,5.828947,99.30572,1.867704,3.90631,,,2026-10-03T23:02:15Z,2026-10-03T23:02:15Z,0
27204,515136,Kirihura MburoNP,-0.32644602379535037,30.558912625750658,1791067500000,2026-10-03T22:45:00+00:00,2026-10-04T01:45:00+03:00,,0.0,0.0,,0.0,0.2471962,t_air_c;rh_pct,,2026-10-03T23:02:15Z,2026-10-03T23:02:15Z,0
27592,514557,Kampala MakerereUnv3,0.33461539452981,32.571512848339765,1791067500000,2026-10-03T22:45:00+00:00,2026-10-04T01:45:00+03:00,21.71,0.0,0.0,86.3,5.841154,6.881819,,,2026-10-03T22:47:15Z,2026-10-03T23:02:15Z,0
27651,514554,Lamwo LamwoTC,3.5293008898067413,32.800069272228264,1791067500000,2026-10-03T22:45:00+00:00,2026-10-04T01:45:00+03:00,22.58,0.0,0.0,62.52,2.093538,4.937819,,,2026-10-03T23:02:15Z,2026-10-03T23:17:14Z,0
27771,853292,Palisa PallisaTC2,1.2019752388359248,33.32467996636534,1791067500000,2026-10-03T22:45:00+00:00,2026-10-04T01:45:00+03:00,23.59,0.0,0.0,76.7,0.3997864,,,,2026-10-03T23:17:14Z,2026-10-03T23:17:14Z,0
28282,49381,Amolatar NamasaleHCIII2,1.890942556037648,33.03500809176537,1791067500000,2026-10-03T22:45:00+00:00,2026-10-04T01:45:00+03:00,22.28,0.0,0.0,94.1,6.540017,7.992676,,,2026-10-03T23:02:15Z,2026-10-03T23:02:15Z,0
28465,518272,Nabilatuk NabilatukDLG,2.0853119097380035,34.60581875063605,1791067500000,2026-10-03T22:45:00+00:00,2026-10-04T01:45:00+03:00,24.27,0.0,0.0,48.07,16.59922,20.01465,,,2026-10-03T23:02:15Z,2026-10-03T23:02:15Z,0
28650,518275,Nakapiripirit NabulengerHCII,1.8399992209235494,34.569297846559095,1791067500000,2026-10-03T22:45:00+00:00,2026-10-04T01:45:00+03:00,22.8,0.0,0.0,50.34,7.663081,10.96315,,,2026-10-03T23:02:15Z,2026-10-03T23:02:15Z,0
28835,518279,Karenga KidepoAirfield,3.433006937417964,33.45274286601015,1791067500000,2026-10-03T22:45:00+00:00,2026-10-04T01:45:00+03:00,20.79,0.0,0.0,58.56,1.211566,,,,2026-10-03T23:02:15Z,2026-10-03T23:02:15Z,0
28935,518278,Kaabong SidokHCIII,3.3616463406052675,34.12346082801267,1791067500000,2026-10-03T22:45:00+00:00,2026-10-04T01:45:00+03:00,22.92,0.0,0.0,50.24,6.009003,,,,2026-10-03T23:02:15Z,2026-10-03T23:02:15Z,0
29036,514566,Nabilatuk Nabuin ZARDI,1.716485049322414,34.51313788762028,1791067500000,2026-10-03T22:45:00+00:00,2026-10-04T01:45:00+03:00,24.95,0.0,0.0,41.9,6.262303,,,,2026-10-03T23:02:15Z,2026-10-03T23:02:15Z,0
29180,517853,Moroto RupaSC,2.582841223352566,34.66924742947938,1791067500000,2026-10-03T22:45:00+00:00,2026-10-04T01:45:00+03:00,25.61,0.0,0.0,40.36,13.84298,18.54276,,,2026-10-03T23:02:15Z,2026-10-03T23:02:15Z,0
29306,514576,Butaleja ButalejaTC,0.6919682458015968,34.09885656329347,1791067500000,2026-10-03T22:45:00+00:00,2026-10-04T01:45:00+03:00,22.16,0.0,0.0,100.0,0.6303502,,,,2026-10-03T23:02:15Z,2026-10-03T23:02:15Z,0
29347,862041,Kabale KabaleMC,-1.2542908115437144,29.987880749577656,1791067500000,2026-10-03T22:45:00+00:00,2026-10-04T01:45:00+03:00,15.74,0.0,0.0,87.36,0.5191119,,,,2026-10-03T22:47:15Z,2026-10-03T23:02:15Z,0
29366,860740,Kasese Airfield,0.16776145042270435,30.06946870555926,1791067500000,2026-10-03T22:45:00+00:00,2026-10-04T01:45:00+03:00,20.31,0.0,0.0,96.83,0.6509499,,,,2026-10-03T23:02:15Z,2026-10-03T23:02:15Z,0
29407,860737,Soroti Airfield,1.7125019696651427,33.60989885031907,1791067500000,2026-10-03T22:45:00+00:00,2026-10-04T01:45:00+03:00,22.51,0.0,0.0,85.21,0.5726711,,,,2026-10-03T23:02:15Z,2026-10-03T23:02:15Z,0
29561,514560,Kikuube Hoima Airport,1.4920191900781956,31.31796244549898,1791067500000,2026-10-03T22:45:00+00:00,2026-10-04T01:45:00+03:00,20.78,0.0,9.185931,89.76,6.287022,,,,2026-10-03T23:02:15Z,2026-10-03T23:02:15Z,0
29593,514561,Pallisa KasodoSC,1.2320044388064466,33.6019957700963,1791067500000,2026-10-03T22:45:00+00:00,2026-10-04T01:45:00+03:00,20.76,0.0,0.0,93.33,4.202334,,,,2026-10-03T23:02:15Z,2026-10-03T23:02:15Z,0
29892,516056,Budaka BudakaTC2,0.11576196513474404,33.453613566274235,1791067500000,2026-10-03T22:45:00+00:00,2026-10-04T01:45:00+03:00,21.9,0.0,0.0,100.0,5.819791,,,,2026-10-03T23:02:15Z,2026-10-03T23:02:15Z,0
29932,514577,Namutumba NamutumbaTC2,1.9758008082349363,33.56106699819666,1791067500000,2026-10-03T22:45:00+00:00,2026-10-04T01:45:00+03:00,22.15,0.0,0.0,100.0,4.577706,7.699702,,,2026-10-03T23:02:15Z,2026-10-03T23:02:15Z,0
30033,45670,Apac ApacTC,1.9892647841094635,32.531624149345156,1791067500000,2026-10-03T22:45:00+00:00,2026-10-04T01:45:00+03:00,21.32,0.0,0.0,100.0,0.0,0.0,,,2026-10-03T23:02:15Z,2026-10-03T23:02:15Z,0
30143,860494,Lira NARONgetta,2.1557054334938868,32.88785061975556,1791067500000,2026-10-03T22:45:00+00:00,2026-10-04T01:45:00+03:00,20.45,0.0,0.0,92.7,0.5850309,,,,2026-10-03T23:02:15Z,2026-10-03T23:02:15Z,0
30220,45708,Dokolo DokoloTC,1.914993229491238,33.176049575854904,1791067500000,2026-10-03T22:45:00+00:00,2026-10-04T01:45:00+03:00,21.767,0.0,0.0,63.63012,0.5397116,0.6015106,,,2026-10-03T23:02:15Z,2026-10-03T23:02:15Z,0
30252,49521,Kyenjojo KyenjojoMC,0.6130612575199993,30.641008786833954,1791067500000,2026-10-03T22:45:00+00:00,2026-10-04T01:45:00+03:00,19.03868,0.0,0.0,69.7795,3.72015,6.08835,,,2026-10-03T23:02:15Z,2026-10-03T23:17:14Z,0
30316,860746,Mayuge IkulweNARO,0.4388712184461232,33.476196856980515,1791067500000,2026-10-03T22:45:00+00:00,2026-10-04T01:45:00+03:00,,0.0,22.33921,,0.6385901,,t_air_c;rh_pct,,2026-10-03T22:47:15Z,2026-10-03T23:02:15Z,0
30347,860738,Bulambuli BuginyanyaNARO,1.2292008829492236,34.512188495373756,1791067500000,2026-10-03T22:45:00+00:00,2026-10-04T01:45:00+03:00,17.49,0.0,22.85802,70.27,0.03707942,,,,2026-10-03T23:02:15Z,2026-10-03T23:02:15Z,0
30381,45666,Mukono NtawoNARO,0.37885800528124053,32.7292665823493,1791067500000,2026-10-03T22:45:00+00:00,2026-10-04T01:45:00+03:00,21.6495,0.0,0.0,100.0,2.706951,5.95407,,,2026-10-03T23:02:15Z,2026-10-03T23:02:15Z,0
30411,45716,Lwengo KamenyamigoNARO,-0.28429808513865706,31.664636340132986,1791067500000,2026-10-03T22:45:00+00:00,2026-10-04T01:45:00+03:00,19.6,0.0,0.0,93.88,1.599146,9.317159,,,2026-10-03T23:02:15Z,2026-10-03T23:02:15Z,0
30476,518276,Moroto Airfield,2.499539862843011,34.60336771655714,1791067500000,2026-10-03T22:45:00+00:00,2026-10-04T01:45:00+03:00,21.47,0.0,0.0,47.02,2.195926,,,,2026-10-03T23:02:15Z,2026-10-03T23:02:15Z,0
30518,45678,Kwania AdukuTC,2.0141834426175826,32.722869192593286,1791067500000,2026-10-03T22:45:00+00:00,2026-10-04T01:45:00+03:00,21.38,0.0,0.0,100.0,0.0,0.0,,,2026-10-03T23:02:15Z,2026-10-03T23:02:15Z,0
30600,514575,Buvuma BuvumaCollege,0.20227217732623182,33.298299581212675,1791067500000,2026-10-03T22:45:00+00:00,2026-10-04T01:45:00+03:00,22.93,0.0,0.0,100.0,5.269398,,,,2026-10-03T23:02:15Z,2026-10-03T23:02:15Z,0
30695,514556,EntebbeCity AirportNMC,-0.34891969990053573,30.46770493505511,1791067500000,2026-10-03T22:45:00+00:00,2026-10-04T01:45:00+03:00,21.77,0.0,0.0,89.49,10.5745,11.82574,,,2026-10-03T23:02:15Z,2026-10-03T23:02:15Z,0
30757,860735,Arua Airfield,3.022727728757243,30.902049741391995,1791067500000,2026-10-03T22:45:00+00:00,2026-10-04T01:45:00+03:00,20.64,0.0,0.0,100.0,9.942779,11.075,,,2026-10-03T23:02:15Z,2026-10-03T23:02:15Z,0
31495,518862,Kapchorwa SipiTC,1.2267354469379133,34.365906405123326,1791067500000,2026-10-03T22:45:00+00:00,2026-10-04T01:45:00+03:00,19.66,0.0,0.0,50.91,6.115816,10.60502,,,2026-10-03T23:02:15Z,2026-10-03T23:02:15Z,0
31712,518846,Sironko SironkoTC,1.2330289483318788,34.24436423053502,1791067500000,2026-10-03T22:45:00+00:00,2026-10-04T01:45:00+03:00,20.4,0.0,111.2993,73.92,5.130083,5.957122,,,2026-10-03T23:02:15Z,2026-10-03T23:02:15Z,0
31809,518861,Bulambuli Bulegeni NARO,1.2990504672186247,34.322697246680406,1791067500000,2026-10-03T22:45:00+00:00,2026-10-04T01:45:00+03:00,22.31,0.0,0.0,52.58,5.905241,6.604105,,,2026-10-03T22:47:15Z,2026-10-03T23:02:15Z,0
32252,518843,Isingiro KabuyandaTC,-0.9482535956706091,30.623306857245286,1791067500000,2026-10-03T22:45:00+00:00,2026-10-04T01:45:00+03:00,17.31,0.0,0.0,83.29,0.0,1.385519,,,2026-10-03T23:02:15Z,2026-10-03T23:02:15Z,0
33112,45718,Kaliro KaliroTC3,0.3200660892230024,30.52341859895648,1791067500000,2026-10-03T22:45:00+00:00,2026-10-04T01:45:00+03:00,0.0,0.0,0.0,0.0,1.025406,1.03151,,temp_rh_dead,2026-10-03T23:02:15Z,2026-10-03T23:02:15Z,0
33816,512617,Buyende Kidera1,1.1427018347181084,33.27926712214954,1791067500000,2026-10-03T22:45:00+00:00,2026-10-04T01:45:00+03:00,25.51003,0.0,0.0,63.64843,1.095598,16.47669,,,2026-10-03T23:02:15Z,2026-10-03T23:02:15Z,0
28133,514567,Rukiga RwamuchuchuSC,-1.147093805481443,30.065473322928664,1791067800000,2026-10-03T22:50:00+00:00,2026-10-04T01:50:00+03:00,15.33,0.0,44.43427,99.33,0.0,0.4547188,,,2026-10-03T23:02:15Z,2026-10-03T23:02:15Z,0
28210,514564,Kiryandongo KiryandongoSF,-1.338837687838001,30.43596025320078,1791067800000,2026-10-03T22:50:00+00:00,2026-10-04T01:50:00+03:00,21.89,0.0,0.0,76.35,3.463798,3.677424,,,2026-10-03T23:02:15Z,2026-10-03T23:02:15Z,0
28247,853287,KaberamaidoTC,1.3267002801667445,33.24551213582627,1791067800000,2026-10-03T22:50:00+00:00,2026-10-04T01:50:00+03:00,21.54269,0.0,0.0,65.30556,5.886931,7.891966,,,2026-10-03T23:02:15Z,2026-10-03T23:02:15Z,0
30820,518844,Kanungu MatandaHCIII,-0.6465365596528061,29.742748867338342,1791067800000,2026-10-03T22:50:00+00:00,2026-10-04T01:50:00+03:00,20.54,0.0,0.0,93.98,5.670252,7.373159,,,2026-10-03T23:02:15Z,2026-10-03T23:02:15Z,0
12322,853288,Mukono MpomaNARO,0.4283966588777295,32.76213604190826,1791068400000,2026-10-03T23:00:00+00:00,2026-10-04T02:00:00+03:00,20.92317,0.0,0.0,100.0,0.0,,,,2026-10-03T23:02:15Z,2026-10-03T23:17:14Z,0
14926,45633,NARO NaFIRRI,1.2369277861017918,34.56704375600076,1791068400000,2026-10-03T23:00:00+00:00,2026-10-04T02:00:00+03:00,-39.9176,0.0,0.0,0.09918365,0.0,0.0,,temp_sensor_suspect,2026-10-03T23:02:15Z,2026-10-03T23:17:14Z,1
18675,511038,Bushenyi KyamuhungaTC,-0.43140075953825036,30.06284619401695,1791068400000,2026-10-03T23:00:00+00:00,2026-10-04T02:00:00+03:00,19.22,0.0,0.0,82.92,6.027313,7.202258,,,2026-10-03T23:02:15Z,2026-10-03T23:17:14Z,1
18831,511028,Kibuku KadamaTC,1.230158490836445,33.75766971001673,1791068400000,2026-10-03T23:00:00+00:00,2026-10-04T02:00:00+03:00,22.02,0.0,0.0,100.0,3.836118,4.800488,,,2026-10-03T23:17:14Z,2026-10-03T23:17:14Z,0
19036,511025,Kumi Mukongoro,1.3213023670796662,33.886075111016034,1791068400000,2026-10-03T23:00:00+00:00,2026-10-04T02:00:00+03:00,22.34,0.0,17.18166,80.59,3.726253,7.199206,,,2026-10-03T23:17:14Z,2026-10-03T23:17:14Z,0
19216,511040,Ngora Kobwin,1.3996404514823648,33.746259878723855,1791068400000,2026-10-03T23:00:00+00:00,2026-10-04T02:00:00+03:00,22.06,0.0,0.0,74.47,3.628595,5.618372,,,2026-10-03T23:17:14Z,2026-10-03T23:17:14Z,0
19410,511043,Rubanda KarengyereNARO,-1.500172417819356,29.80055712733001,1791068400000,2026-10-03T23:00:00+00:00,2026-10-04T02:00:00+03:00,14.98,0.0,0.0,78.99,11.68002,,,,2026-10-03T23:17:14Z,2026-10-03T23:17:14Z,0
19560,511036,Rukungiri RukungiriTC,-0.7824612451972481,29.919168920717752,1791068400000,2026-10-03T23:00:00+00:00,2026-10-04T02:00:00+03:00,17.82,0.0,0.0,100.0,4.931563,,,,2026-10-03T23:17:14Z,2026-10-03T23:17:14Z,0
19644,511034,Ntungamo RukoneEast,-0.9026492749586166,30.53713188060457,1791068400000,2026-10-03T23:00:00+00:00,2026-10-04T02:00:00+03:00,18.78,0.0,0.0,98.19,10.89723,,,,2026-10-03T23:17:14Z,2026-10-03T23:17:14Z,0
19689,511063,Isingiro Mbaale SC,-0.8229276501909935,30.80641202589177,1791068400000,2026-10-03T23:00:00+00:00,2026-10-04T02:00:00+03:00,22.0,0.0,0.0,72.94,6.842145,7.67834,,,2026-10-03T23:17:14Z,2026-10-03T23:17:14Z,0
19913,512648,Rubanda Kachwekano,-1.2492907374261277,29.94650239241936,1791068400000,2026-10-03T23:00:00+00:00,2026-10-04T02:00:00+03:00,15.79614,0.0,0.0,100.0,6.924544,8.987564,,,2026-10-03T23:17:14Z,2026-10-03T23:17:14Z,0
20513,512647,Kitgum2 KitgumMC,3.329416943369524,33.176767183806454,1791068400000,2026-10-03T23:00:00+00:00,2026-10-04T02:00:00+03:00,19.79,0.0,0.0,100.0,0.9460593,,,,2026-10-03T23:02:15Z,2026-10-03T23:02:15Z,0
21602,44434,Mbarara NARO,-0.33912497379417256,30.53875374336554,1791068400000,2026-10-03T23:00:00+00:00,2026-10-04T02:00:00+03:00,17.83,0.0,0.0,100.0,0.4028382,2.68864,,,2026-10-03T23:17:14Z,2026-10-03T23:17:14Z,0
22494,511046,Bukedea BukedeaTC,1.344383477320109,34.65405915348999,1791068400000,2026-10-03T23:00:00+00:00,2026-10-04T02:00:00+03:00,21.95,0.0,0.0,76.04,0.0,0.0,,,2026-10-03T23:17:14Z,2026-10-03T23:17:14Z,0
22745,860739,Tororo TororoMC,0.7363404161562512,34.16750975530811,1791068400000,2026-10-03T23:00:00+00:00,2026-10-04T02:00:00+03:00,21.1,,0.0,100.0,0.1342794,,rain_mm,,2026-10-03T23:02:15Z,2026-10-03T23:17:14Z,0
23068,44186,Hoima Bulindi,1.4649547824354439,31.438459956597924,1791068400000,2026-10-03T23:00:00+00:00,2026-10-04T02:00:00+03:00,19.99084,0.0,0.0,94.67307,5.78439,,,,2026-10-03T23:17:14Z,2026-10-03T23:17:14Z,0
23570,860744,Kabarole KyembogoNARO,0.7373272793620456,30.378182216821177,1791068400000,2026-10-03T23:00:00+00:00,2026-10-04T02:00:00+03:00,18.38712,0.0,0.0,89.77951,0.64271,0.7292286,,,2026-10-03T23:17:14Z,2026-10-03T23:17:14Z,0
24597,511024,Kanungu KirimaSC,-0.8665190597972187,29.750001331073445,1791068400000,2026-10-03T23:00:00+00:00,2026-10-04T02:00:00+03:00,18.08,0.0,0.0,999.0,0.3021286,0.5096514,,rh_sensor_suspect,2026-10-03T23:17:14Z,2026-10-03T23:17:14Z,0
25494,45719,Wakiso KawandaNARO,0.5757356735589316,32.2094519796799,1791068400000,2026-10-03T23:00:00+00:00,2026-10-04T02:00:00+03:00,20.70496,0.0,0.0,99.16839,0.0,,,,2026-10-03T23:17:14Z,2026-10-03T23:17:14Z,0
25858,860733,Masindi MasindiMC,1.6873183106449883,31.720847713796427,1791068400000,2026-10-03T23:00:00+00:00,2026-10-04T02:00:00+03:00,20.66,0.0,0.0,100.0,0.0671397,,,,2026-10-03T23:17:14Z,2026-10-03T23:17:14Z,0
25894,44432,NARO Serere2,1.5498464368665708,33.471426852949406,1791068400000,2026-10-03T23:00:00+00:00,2026-10-04T02:00:00+03:00,21.56,0.0,0.0,70.71,3.610285,4.507515,,,2026-10-03T23:17:14Z,2026-10-03T23:17:14Z,0
26314,511026,Buhweju BuhwejuTC,-0.36217852027400727,30.438745738821645,1791068400000,2026-10-03T23:00:00+00:00,2026-10-04T02:00:00+03:00,14.84703,0.0,13.67208,100.0,0.2685588,,,,2026-10-03T23:17:14Z,2026-10-03T23:17:14Z,0
26350,516055,Bushenyi PIBID2,-0.34476582916148607,30.12697463332902,1791068400000,2026-10-03T23:00:00+00:00,2026-10-04T02:00:00+03:00,10.64,0.0,0.0,100.0,2.188144,2.203403,,,2026-10-03T23:17:14Z,2026-10-03T23:17:14Z,0
26371,514572,EntebbeCity NMTS,0.002068145970468316,32.47029039760271,1791068400000,2026-10-03T23:00:00+00:00,2026-10-04T02:00:00+03:00,22.07,0.0,0.0,80.65,5.014114,8.386358,,,2026-10-03T23:17:14Z,2026-10-03T23:17:14Z,0
26934,863098,Kampala LubigiNWSC,0.3440953682915257,32.54509647954191,1791068400000,2026-10-03T23:00:00+00:00,2026-10-04T02:00:00+03:00,21.33821,0.0,5.828947,99.56817,2.920577,5.31014,,,2026-10-03T23:17:14Z,2026-10-03T23:17:14Z,0
27204,515136,Kirihura MburoNP,-0.32644602379535037,30.558912625750658,1791068400000,2026-10-03T23:00:00+00:00,2026-10-04T02:00:00+03:00,,0.0,0.0,,0.0,0.2380407,t_air_c;rh_pct,,2026-10-03T23:17:14Z,2026-10-03T23:17:14Z,0
27429,853290,Tororo MoroTC,1.347804683283513,33.56157669447344,1791068400000,2026-10-03T23:00:00+00:00,2026-10-04T02:00:00+03:00,20.95,0.0,0.0,100.0,2.255283,4.309148,,,2026-10-03T23:02:15Z,2026-10-03T23:17:14Z,1
27592,514557,Kampala MakerereUnv3,0.33461539452981,32.571512848339765,1791068400000,2026-10-03T23:00:00+00:00,2026-10-04T02:00:00+03:00,21.68,0.0,0.0,86.99,6.082246,8.691539,,,2026-10-03T23:17:14Z,2026-10-03T23:17:14Z,0
27630,514559,Gulu Airfield2,2.3315839569642756,32.403314261884674,1791068400000,2026-10-03T23:00:00+00:00,2026-10-04T02:00:00+03:00,21.45,0.0,0.0,84.55,2.734417,,,,2026-10-03T23:17:14Z,2026-10-03T23:17:14Z,0
27771,853292,Palisa PallisaTC2,1.2019752388359248,33.32467996636534,1791068400000,2026-10-03T23:00:00+00:00,2026-10-04T02:00:00+03:00,23.37,0.0,0.0,75.16,0.1983673,,,,2026-10-03T23:32:14Z,2026-10-03T23:32:14Z,0
28282,49381,Amolatar NamasaleHCIII2,1.890942556037648,33.03500809176537,1791068400000,2026-10-03T23:00:00+00:00,2026-10-04T02:00:00+03:00,22.0,0.0,0.0,99.09,6.076143,7.156481,,,2026-10-03T23:17:14Z,2026-10-03T23:17:14Z,0
28465,518272,Nabilatuk NabilatukDLG,2.0853119097380035,34.60581875063605,1791068400000,2026-10-03T23:00:00+00:00,2026-10-04T02:00:00+03:00,24.05,0.0,0.0,48.23,14.27146,20.28656,,,2026-10-03T23:17:14Z,2026-10-03T23:17:14Z,0
28650,518275,Nakapiripirit NabulengerHCII,1.8399992209235494,34.569297846559095,1791068400000,2026-10-03T23:00:00+00:00,2026-10-04T02:00:00+03:00,21.96,0.0,0.0,52.67,3.184711,8.462348,,,2026-10-03T23:17:14Z,2026-10-03T23:17:14Z,0
28835,518279,Karenga KidepoAirfield,3.433006937417964,33.45274286601015,1791068400000,2026-10-03T23:00:00+00:00,2026-10-04T02:00:00+03:00,20.98,0.0,0.0,58.36,2.713054,,,,2026-10-03T23:17:14Z,2026-10-03T23:17:14Z,0
28935,518278,Kaabong SidokHCIII,3.3616463406052675,34.12346082801267,1791068400000,2026-10-03T23:00:00+00:00,2026-10-04T02:00:00+03:00,23.2,0.0,0.0,49.61,4.998856,,,,2026-10-03T23:17:14Z,2026-10-03T23:17:14Z,0
29036,514566,Nabilatuk Nabuin ZARDI,1.716485049322414,34.51313788762028,1791068400000,2026-10-03T23:00:00+00:00,2026-10-04T02:00:00+03:00,25.33,0.0,0.0,42.46,12.54932,,,,2026-10-03T23:17:14Z,2026-10-03T23:17:14Z,0
29180,517853,Moroto RupaSC,2.582841223352566,34.66924742947938,1791068400000,2026-10-03T23:00:00+00:00,2026-10-04T02:00:00+03:00,25.79,0.0,0.0,40.66,14.39841,23.74609,,,2026-10-03T23:17:14Z,2026-10-03T23:17:14Z,0
29306,514576,Butaleja ButalejaTC,0.6919682458015968,34.09885656329347,1791068400000,2026-10-03T23:00:00+00:00,2026-10-04T02:00:00+03:00,21.83,0.0,0.0,100.0,0.6221103,,,,2026-10-03T23:17:14Z,2026-10-03T23:17:14Z,0
29366,860740,Kasese Airfield,0.16776145042270435,30.06946870555926,1791068400000,2026-10-03T23:00:00+00:00,2026-10-04T02:00:00+03:00,19.94,0.0,0.0,96.21,4.367132,,,,2026-10-03T23:17:14Z,2026-10-03T23:17:14Z,0
29407,860737,Soroti Airfield,1.7125019696651427,33.60989885031907,1791068400000,2026-10-03T23:00:00+00:00,2026-10-04T02:00:00+03:00,22.52,0.0,0.0,85.29,0.6468299,,,,2026-10-03T23:17:14Z,2026-10-03T23:17:14Z,0
29497,514558,Bulisa ButiabaHydro,2.1126939171888264,31.436768666464783,1791068400000,2026-10-03T23:00:00+00:00,2026-10-04T02:00:00+03:00,25.27,0.0,0.0,68.61,10.61296,,,,2026-10-03T23:02:15Z,2026-10-03T23:17:14Z,0
29529,514573,Bundibugyo BundibugyoTC,0.8026268481642997,30.27578425237216,1791068400000,2026-10-03T23:00:00+00:00,2026-10-04T02:00:00+03:00,21.1,0.0,0.0,91.8,2.6038,,,,2026-10-03T23:02:15Z,2026-10-03T23:17:14Z,1
29561,514560,Kikuube Hoima Airport,1.4920191900781956,31.31796244549898,1791068400000,2026-10-03T23:00:00+00:00,2026-10-04T02:00:00+03:00,20.78,0.0,10.10147,89.76,7.07393,,,,2026-10-03T23:17:14Z,2026-10-03T23:17:14Z,0
29593,514561,Pallisa KasodoSC,1.2320044388064466,33.6019957700963,1791068400000,2026-10-03T23:00:00+00:00,2026-10-04T02:00:00+03:00,20.76,0.0,0.0,100.0,3.592584,,,,2026-10-03T23:17:14Z,2026-10-03T23:32:14Z,0
29756,862010,Nakasongola KalungiSC,1.2852342933913012,32.662599686414936,1791068400000,2026-10-03T23:00:00+00:00,2026-10-04T02:00:00+03:00,23.46532,0.0,0.0,73.47066,6.515603,11.12993,,,2026-10-03T23:02:15Z,2026-10-03T23:17:14Z,0
29787,862013,Kamuli Namasagali,1.0190806821802028,32.949594981070824,1791068400000,2026-10-03T23:00:00+00:00,2026-10-04T02:00:00+03:00,20.67,0.0,0.0,100.0,2.847333,2.893111,,,2026-10-03T23:02:15Z,2026-10-03T23:17:14Z,0
29823,860732,Kotido KotidoTC,3.007038604042491,34.10733499015392,1791068400000,2026-10-03T23:00:00+00:00,2026-10-04T02:00:00+03:00,23.03,0.0,0.0,65.88,0.0,0.0,,,2026-10-03T23:17:14Z,2026-10-03T23:32:14Z,0
29892,516056,Budaka BudakaTC2,0.11576196513474404,33.453613566274235,1791068400000,2026-10-03T23:00:00+00:00,2026-10-04T02:00:00+03:00,21.87,0.0,0.0,100.0,5.545129,,,,2026-10-03T23:17:14Z,2026-10-03T23:17:14Z,0
29932,514577,Namutumba NamutumbaTC2,1.9758008082349363,33.56106699819666,1791068400000,2026-10-03T23:00:00+00:00,2026-10-04T02:00:00+03:00,22.16,0.0,0.0,100.0,2.877851,3.83917,,,2026-10-03T23:17:14Z,2026-10-03T23:17:14Z,0
30001,860741,Mbarara MbararaMC,-0.6104058469568668,30.637128687200217,1791068400000,2026-10-03T23:00:00+00:00,2026-10-04T02:00:00+03:00,19.09,0.0,0.0,92.82,3.320668,7.012131,,,2026-10-03T23:02:15Z,2026-10-03T23:02:15Z,0
30033,45670,Apac ApacTC,1.9892647841094635,32.531624149345156,1791068400000,2026-10-03T23:00:00+00:00,2026-10-04T02:00:00+03:00,21.08,0.0,0.0,100.0,0.0,0.0,,,2026-10-03T23:17:14Z,2026-10-03T23:17:14Z,0
30143,860494,Lira NARONgetta,2.1557054334938868,32.88785061975556,1791068400000,2026-10-03T23:00:00+00:00,2026-10-04T02:00:00+03:00,20.38,0.0,0.0,92.32,0.5809109,,,,2026-10-03T23:17:14Z,2026-10-03T23:17:14Z,0
30220,45708,Dokolo DokoloTC,1.914993229491238,33.176049575854904,1791068400000,2026-10-03T23:00:00+00:00,2026-10-04T02:00:00+03:00,21.4313,0.0,0.0,65.25368,0.5355917,0.5561914,,,2026-10-03T23:17:14Z,2026-10-03T23:17:14Z,0
30283,514568,Kampala KyambogoUnv2,0.3228582483254613,32.59455916940114,1791068400000,2026-10-03T23:00:00+00:00,2026-10-04T02:00:00+03:00,21.44,0.0,0.0,89.54,6.41886,8.544747,,,2026-10-03T23:02:15Z,2026-10-03T23:17:14Z,1
30316,860746,Mayuge IkulweNARO,0.4388712184461232,33.476196856980515,1791068400000,2026-10-03T23:00:00+00:00,2026-10-04T02:00:00+03:00,,0.0,22.18662,,0.8075075,,t_air_c;rh_pct,,2026-10-03T23:17:14Z,2026-10-03T23:17:14Z,0
30347,860738,Bulambuli BuginyanyaNARO,1.2292008829492236,34.512188495373756,1791068400000,2026-10-03T23:00:00+00:00,2026-10-04T02:00:00+03:00,17.38,0.0,22.73594,72.42,0.03707942,,,,2026-10-03T23:17:14Z,2026-10-03T23:17:14Z,0
30381,45666,Mukono NtawoNARO,0.37885800528124053,32.7292665823493,1791068400000,2026-10-03T23:00:00+00:00,2026-10-04T02:00:00+03:00,21.16732,0.0,0.0,100.0,2.087434,3.732357,,,2026-10-03T23:17:14Z,2026-10-03T23:17:14Z,0
30411,45716,Lwengo KamenyamigoNARO,-0.28429808513865706,31.664636340132986,1791068400000,2026-10-03T23:00:00+00:00,2026-10-04T02:00:00+03:00,19.27,0.0,0.0,96.02,0.5249103,0.5401694,,,2026-10-03T23:17:14Z,2026-10-03T23:17:14Z,0
30476,518276,Moroto Airfield,2.499539862843011,34.60336771655714,1791068400000,2026-10-03T23:00:00+00:00,2026-10-04T02:00:00+03:00,20.58,0.0,0.0,48.18,0.5561914,,,,2026-10-03T23:17:14Z,2026-10-03T23:17:14Z,0
30518,45678,Kwania AdukuTC,2.0141834426175826,32.722869192593286,1791068400000,2026-10-03T23:00:00+00:00,2026-10-04T02:00:00+03:00,21.17,0.0,0.0,100.0,0.0,0.0,,,2026-10-03T23:17:14Z,2026-10-03T23:17:14Z,0
30600,514575,Buvuma BuvumaCollege,0.20227217732623182,33.298299581212675,1791068400000,2026-10-03T23:00:00+00:00,2026-10-04T02:00:00+03:00,22.75,0.0,0.0,100.0,1.441978,,,,2026-10-03T23:17:14Z,2026-10-03T23:17:14Z,0
30695,514556,EntebbeCity AirportNMC,-0.34891969990053573,30.46770493505511,1791068400000,2026-10-03T23:00:00+00:00,2026-10-04T02:00:00+03:00,21.75,0.0,0.0,88.05,11.90204,14.24582,,,2026-10-03T23:17:14Z,2026-10-03T23:32:14Z,0
30757,860735,Arua Airfield,3.022727728757243,30.902049741391995,1791068400000,2026-10-03T23:00:00+00:00,2026-10-04T02:00:00+03:00,20.7,0.0,0.0,100.0,10.11978,12.26215,,,2026-10-03T23:17:14Z,2026-10-03T23:17:14Z,0
31441,518845,Kapchorwa KapchorwaTC,1.3911330664844062,34.44711975629734,1791068400000,2026-10-03T23:00:00+00:00,2026-10-04T02:00:00+03:00,,0.0,,,0.0,0.1678492,t_air_c;rh_pct,,2026-10-03T23:17:14Z,2026-10-03T23:17:14Z,0
31495,518862,Kapchorwa SipiTC,1.2267354469379133,34.365906405123326,1791068400000,2026-10-03T23:00:00+00:00,2026-10-04T02:00:00+03:00,21.31,0.0,0.0,45.87,7.006943,20.28229,,,2026-10-03T23:17:14Z,2026-10-03T23:17:14Z,0
31567,518860,Bulambuli Bunambutye HCIII,1.456486355349107,34.36072118430061,1791068400000,2026-10-03T23:00:00+00:00,2026-10-04T02:00:00+03:00,26.32,0.0,0.0,37.95,11.51751,13.21736,,,2026-10-03T23:17:14Z,2026-10-03T23:17:14Z,0
31712,518846,Sironko SironkoTC,1.2330289483318788,34.24436423053502,1791068400000,2026-10-03T23:00:00+00:00,2026-10-04T02:00:00+03:00,20.37,0.0,96.95583,75.9,3.927672,4.550241,,,2026-10-03T23:17:14Z,2026-10-03T23:17:14Z,0
31809,518861,Bulambuli Bulegeni NARO,1.2990504672186247,34.322697246680406,1791068400000,2026-10-03T23:00:00+00:00,2026-10-04T02:00:00+03:00,21.53,0.0,0.0,51.2,6.912337,8.416876,,,2026-10-03T23:17:14Z,2026-10-03T23:17:14Z,0
32252,518843,Isingiro KabuyandaTC,-0.9482535956706091,30.623306857245286,1791068400000,2026-10-03T23:00:00+00:00,2026-10-04T02:00:00+03:00,17.3,0.0,0.0,83.63,2.258335,3.204395,,,2026-10-03T23:17:14Z,2026-10-03T23:17:14Z,0
32414,518863,Sironko Bugusege NARO,1.3301129163684409,33.67749128727189,1791068400000,2026-10-03T23:00:00+00:00,2026-10-04T02:00:00+03:00,21.2,0.0,97.74929,73.55,0.6500343,,,,2026-10-04T05:11:19Z,2026-10-04T05:17:15Z,0
33112,45718,Kaliro KaliroTC3,0.3200660892230024,30.52341859895648,1791068400000,2026-10-03T23:00:00+00:00,2026-10-04T02:00:00+03:00,0.0,0.0,0.0,0.0,1.025406,1.028458,,temp_rh_dead,2026-10-03T23:17:14Z,2026-10-03T23:17:14Z,0
33816,512617,Buyende Kidera1,1.1427018347181084,33.27926712214954,1791068400000,2026-10-03T23:00:00+00:00,2026-10-04T02:00:00+03:00,25.57259,0.0,0.0,64.72877,0.0,0.0,,,2026-10-03T23:17:14Z,2026-10-03T23:17:14Z,0
28133,514567,Rukiga RwamuchuchuSC,-1.147093805481443,30.065473322928664,1791069000000,2026-10-03T23:10:00+00:00,2026-10-04T02:10:00+03:00,15.34,0.0,49.77493,99.3,0.0,0.4638743,,,2026-10-03T23:17:14Z,2026-10-03T23:17:14Z,0
28210,514564,Kiryandongo KiryandongoSF,-1.338837687838001,30.43596025320078,1791069000000,2026-10-03T23:10:00+00:00,2026-10-04T02:10:00+03:00,21.66,0.0,0.0,76.5,3.149462,3.677424,,,2026-10-03T23:17:14Z,2026-10-03T23:17:14Z,0
28247,853287,KaberamaidoTC,1.3267002801667445,33.24551213582627,1791069000000,2026-10-03T23:10:00+00:00,2026-10-04T02:10:00+03:00,21.6556,0.0,0.0,64.7364,6.073091,7.345693,,,2026-10-03T23:17:14Z,2026-10-03T23:17:14Z,0
30820,518844,Kanungu MatandaHCIII,-0.6465365596528061,29.742748867338342,1791069000000,2026-10-03T23:10:00+00:00,2026-10-04T02:10:00+03:00,20.51,0.0,0.0,94.05,6.454566,7.608149,,,2026-10-03T23:17:14Z,2026-10-03T23:17:14Z,0
8765,45675,Serere Bugondo,1.1032982147304293,33.65208682230397,1791069300000,2026-10-03T23:15:00+00:00,2026-10-04T02:15:00+03:00,20.10529,0.0,0.0,82.62302,0.5096514,0.576791,,,2026-10-03T23:17:14Z,2026-10-03T23:47:15Z,0
12322,853288,Mukono MpomaNARO,0.4283966588777295,32.76213604190826,1791069300000,2026-10-03T23:15:00+00:00,2026-10-04T02:15:00+03:00,20.83009,0.0,0.0,99.99084,0.1689174,,,,2026-10-03T23:32:14Z,2026-10-03T23:32:14Z,0
14926,45633,NARO NaFIRRI,1.2369277861017918,34.56704375600076,1791069300000,2026-10-03T23:15:00+00:00,2026-10-04T02:15:00+03:00,-39.9176,0.0,0.0,0.09765774,0.0,0.0,,temp_sensor_suspect,2026-10-03T23:32:14Z,2026-10-03T23:32:14Z,0
18831,511028,Kibuku KadamaTC,1.230158490836445,33.75766971001673,1791069300000,2026-10-03T23:15:00+00:00,2026-10-04T02:15:00+03:00,21.73,0.0,0.0,100.0,3.378347,5.014114,,,2026-10-03T23:32:14Z,2026-10-03T23:32:14Z,0
19036,511025,Kumi Mukongoro,1.3213023670796662,33.886075111016034,1791069300000,2026-10-03T23:15:00+00:00,2026-10-04T02:15:00+03:00,22.78,0.0,17.12062,88.95,6.417944,10.19608,,,2026-10-03T23:32:14Z,2026-10-03T23:32:14Z,0
19216,511040,Ngora Kobwin,1.3996404514823648,33.746259878723855,1791069300000,2026-10-03T23:15:00+00:00,2026-10-04T02:15:00+03:00,21.7,0.0,0.0,75.68,3.601129,5.606165,,,2026-10-03T23:32:14Z,2026-10-03T23:32:14Z,0
19410,511043,Rubanda KarengyereNARO,-1.500172417819356,29.80055712733001,1791069300000,2026-10-03T23:15:00+00:00,2026-10-04T02:15:00+03:00,14.73,0.0,0.0,79.82,11.01671,,,,2026-10-03T23:32:14Z,2026-10-03T23:32:14Z,0
19560,511036,Rukungiri RukungiriTC,-0.7824612451972481,29.919168920717752,1791069300000,2026-10-03T23:15:00+00:00,2026-10-04T02:15:00+03:00,17.9,0.0,0.0,100.0,4.704967,,,,2026-10-03T23:32:14Z,2026-10-03T23:32:14Z,0
19644,511034,Ntungamo RukoneEast,-0.9026492749586166,30.53713188060457,1791069300000,2026-10-03T23:15:00+00:00,2026-10-04T02:15:00+03:00,18.2,0.0,0.0,100.0,11.07851,,,,2026-10-03T23:32:14Z,2026-10-03T23:32:14Z,0
19689,511063,Isingiro Mbaale SC,-0.8229276501909935,30.80641202589177,1791069300000,2026-10-03T23:15:00+00:00,2026-10-04T02:15:00+03:00,21.93,0.0,0.0,73.39,7.162585,8.487068,,,2026-10-03T23:32:14Z,2026-10-03T23:32:14Z,0
19913,512648,Rubanda Kachwekano,-1.2492907374261277,29.94650239241936,1791069300000,2026-10-03T23:15:00+00:00,2026-10-04T02:15:00+03:00,15.69848,0.0,0.0,100.0,4.980545,5.758755,,,2026-10-03T23:32:14Z,2026-10-03T23:32:14Z,0
20513,512647,Kitgum2 KitgumMC,3.329416943369524,33.176767183806454,1791069300000,2026-10-03T23:15:00+00:00,2026-10-04T02:15:00+03:00,19.64,0.0,0.0,100.0,3.271534,,,,2026-10-03T23:17:14Z,2026-10-03T23:17:14Z,0
21602,44434,Mbarara NARO,-0.33912497379417256,30.53875374336554,1791069300000,2026-10-03T23:15:00+00:00,2026-10-04T02:15:00+03:00,17.77,0.0,0.0,100.0,0.0,0.0,,,2026-10-03T23:32:14Z,2026-10-03T23:32:14Z,0
22494,511046,Bukedea BukedeaTC,1.344383477320109,34.65405915348999,1791069300000,2026-10-03T23:15:00+00:00,2026-10-04T02:15:00+03:00,21.75,0.0,0.0,74.46,0.0,0.0,,,2026-10-03T23:32:14Z,2026-10-03T23:32:14Z,0
22531,514574,Ntungamo NtungamoTC,-0.8743084927533056,30.25887027699915,1791069300000,2026-10-03T23:15:00+00:00,2026-10-04T02:15:00+03:00,17.54,0.0,0.0,99.96,0.0,,,,2026-10-03T23:17:14Z,2026-10-03T23:32:14Z,1
22745,860739,Tororo TororoMC,0.7363404161562512,34.16750975530811,1791069300000,2026-10-03T23:15:00+00:00,2026-10-04T02:15:00+03:00,20.92,,0.0,100.0,0.1647974,,rain_mm,,2026-10-03T23:32:14Z,2026-10-03T23:32:14Z,0
23068,44186,Hoima Bulindi,1.4649547824354439,31.438459956597924,1791069300000,2026-10-03T23:15:00+00:00,2026-10-04T02:15:00+03:00,19.87335,0.0,0.0,95.0103,0.6839094,,,,2026-10-03T23:32:14Z,2026-10-03T23:32:14Z,0
23570,860744,Kabarole KyembogoNARO,0.7373272793620456,30.378182216821177,1791069300000,2026-10-03T23:15:00+00:00,2026-10-04T02:15:00+03:00,17.96444,0.0,0.0,91.70825,0.6385901,0.7292286,,,2026-10-03T23:32:14Z,2026-10-03T23:32:14Z,0
24597,511024,Kanungu KirimaSC,-0.8665190597972187,29.750001331073445,1791069300000,2026-10-03T23:15:00+00:00,2026-10-04T02:15:00+03:00,17.86,0.0,0.0,999.0,0.2349889,0.5096514,,rh_sensor_suspect,2026-10-03T23:32:14Z,2026-10-03T23:32:14Z,0
25494,45719,Wakiso KawandaNARO,0.5757356735589316,32.2094519796799,1791069300000,2026-10-03T23:15:00+00:00,2026-10-04T02:15:00+03:00,20.54322,0.0,0.0,99.97253,0.0,,,,2026-10-03T23:32:14Z,2026-10-03T23:32:14Z,0
25858,860733,Masindi MasindiMC,1.6873183106449883,31.720847713796427,1791069300000,2026-10-03T23:15:00+00:00,2026-10-04T02:15:00+03:00,20.54,0.0,0.0,100.0,0.03356985,,,,2026-10-03T23:32:14Z,2026-10-03T23:32:14Z,0
25894,44432,NARO Serere2,1.5498464368665708,33.471426852949406,1791069300000,2026-10-03T23:15:00+00:00,2026-10-04T02:15:00+03:00,21.9,0.0,0.0,69.01,6.066987,7.907225,,,2026-10-03T23:32:14Z,2026-10-03T23:32:14Z,0
26314,511026,Buhweju BuhwejuTC,-0.36217852027400727,30.438745738821645,1791069300000,2026-10-03T23:15:00+00:00,2026-10-04T02:15:00+03:00,14.58763,0.0,13.55001,100.0,0.0,,,,2026-10-03T23:32:14Z,2026-10-03T23:32:14Z,0
26350,516055,Bushenyi PIBID2,-0.34476582916148607,30.12697463332902,1791069300000,2026-10-03T23:15:00+00:00,2026-10-04T02:15:00+03:00,10.74,0.0,0.0,100.0,2.191195,2.212558,,,2026-10-03T23:32:14Z,2026-10-03T23:32:14Z,0
26371,514572,EntebbeCity NMTS,0.002068145970468316,32.47029039760271,1791069300000,2026-10-03T23:15:00+00:00,2026-10-04T02:15:00+03:00,22.08,0.0,0.0,79.56,5.041581,6.9337,,,2026-10-03T23:32:14Z,2026-10-03T23:32:14Z,0
27204,515136,Kirihura MburoNP,-0.32644602379535037,30.558912625750658,1791069300000,2026-10-03T23:15:00+00:00,2026-10-04T02:15:00+03:00,,0.0,0.0,,0.0,0.2258335,t_air_c;rh_pct,,2026-10-03T23:32:14Z,2026-10-03T23:32:14Z,0
27592,514557,Kampala MakerereUnv3,0.33461539452981,32.571512848339765,1791069300000,2026-10-03T23:15:00+00:00,2026-10-04T02:15:00+03:00,21.49,0.0,0.0,86.94,6.24094,8.496223,,,2026-10-03T23:32:14Z,2026-10-03T23:32:14Z,0
27630,514559,Gulu Airfield2,2.3315839569642756,32.403314261884674,1791069300000,2026-10-03T23:15:00+00:00,2026-10-04T02:15:00+03:00,20.94,0.0,0.0,86.54,0.7354849,,,,2026-10-03T23:32:14Z,2026-10-03T23:32:14Z,0
28282,49381,Amolatar NamasaleHCIII2,1.890942556037648,33.03500809176537,1791069300000,2026-10-03T23:15:00+00:00,2026-10-04T02:15:00+03:00,21.83,0.0,0.0,100.0,5.215534,5.960174,,,2026-10-03T23:32:14Z,2026-10-03T23:32:14Z,0
28465,518272,Nabilatuk NabilatukDLG,2.0853119097380035,34.60581875063605,1791069300000,2026-10-03T23:15:00+00:00,2026-10-04T02:15:00+03:00,24.06,0.0,0.0,47.75,14.86885,19.15358,,,2026-10-03T23:32:14Z,2026-10-03T23:32:14Z,0
28650,518275,Nakapiripirit NabulengerHCII,1.8399992209235494,34.569297846559095,1791069300000,2026-10-03T23:15:00+00:00,2026-10-04T02:15:00+03:00,21.25,0.0,0.0,55.23,6.146945,8.787824,,,2026-10-03T23:32:14Z,2026-10-03T23:32:14Z,0
28835,518279,Karenga KidepoAirfield,3.433006937417964,33.45274286601015,1791069300000,2026-10-03T23:15:00+00:00,2026-10-04T02:15:00+03:00,20.67,0.0,0.0,59.35,2.896162,,,,2026-10-03T23:32:14Z,2026-10-03T23:32:14Z,0
28935,518278,Kaabong SidokHCIII,3.3616463406052675,34.12346082801267,1791069300000,2026-10-03T23:15:00+00:00,2026-10-04T02:15:00+03:00,22.96,0.0,0.0,50.25,5.212481,,,,2026-10-03T23:32:14Z,2026-10-03T23:32:14Z,0
29036,514566,Nabilatuk Nabuin ZARDI,1.716485049322414,34.51313788762028,1791069300000,2026-10-03T23:15:00+00:00,2026-10-04T02:15:00+03:00,25.34,0.0,0.0,42.56,15.87823,,,,2026-10-03T23:32:14Z,2026-10-03T23:32:14Z,0
29180,517853,Moroto RupaSC,2.582841223352566,34.66924742947938,1791069300000,2026-10-03T23:15:00+00:00,2026-10-04T02:15:00+03:00,25.76,0.0,0.0,41.72,13.1075,22.07675,,,2026-10-03T23:32:14Z,2026-10-03T23:32:14Z,0
29306,514576,Butaleja ButalejaTC,0.6919682458015968,34.09885656329347,1791069300000,2026-10-03T23:15:00+00:00,2026-10-04T02:15:00+03:00,21.39,0.0,0.0,100.0,0.6303502,,,,2026-10-03T23:32:14Z,2026-10-03T23:32:14Z,0
29347,862041,Kabale KabaleMC,-1.2542908115437144,29.987880749577656,1791069300000,2026-10-03T23:15:00+00:00,2026-10-04T02:15:00+03:00,15.73,0.0,0.0,87.9,0.7333486,,,,2026-10-03T23:17:14Z,2026-10-03T23:32:14Z,0
29366,860740,Kasese Airfield,0.16776145042270435,30.06946870555926,1791069300000,2026-10-03T23:15:00+00:00,2026-10-04T02:15:00+03:00,19.92,0.0,0.0,95.7,5.640193,,,,2026-10-03T23:32:14Z,2026-10-03T23:32:14Z,0
29407,860737,Soroti Airfield,1.7125019696651427,33.60989885031907,1791069300000,2026-10-03T23:15:00+00:00,2026-10-04T02:15:00+03:00,22.27,0.0,0.0,86.75,0.5932708,,,,2026-10-03T23:32:14Z,2026-10-03T23:32:14Z,0
29529,514573,Bundibugyo BundibugyoTC,0.8026268481642997,30.27578425237216,1791069300000,2026-10-03T23:15:00+00:00,2026-10-04T02:15:00+03:00,21.1,0.0,0.0,91.8,3.707942,,,,2026-10-03T23:32:14Z,2026-10-03T23:32:14Z,0
29561,514560,Kikuube Hoima Airport,1.4920191900781956,31.31796244549898,1791069300000,2026-10-03T23:15:00+00:00,2026-10-04T02:15:00+03:00,20.44,0.0,10.04044,91.1,5.701991,,,,2026-10-03T23:32:14Z,2026-10-03T23:32:14Z,0
29787,862013,Kamuli Namasagali,1.0190806821802028,32.949594981070824,1791069300000,2026-10-03T23:15:00+00:00,2026-10-04T02:15:00+03:00,20.44,0.0,0.0,100.0,2.801556,2.847333,,,2026-10-03T23:32:14Z,2026-10-03T23:32:14Z,0
29892,516056,Budaka BudakaTC2,0.11576196513474404,33.453613566274235,1791069300000,2026-10-03T23:15:00+00:00,2026-10-04T02:15:00+03:00,21.87,0.0,0.0,100.0,4.238956,,,,2026-10-03T23:32:14Z,2026-10-03T23:32:14Z,0
29932,514577,Namutumba NamutumbaTC2,1.9758008082349363,33.56106699819666,1791069300000,2026-10-03T23:15:00+00:00,2026-10-04T02:15:00+03:00,22.06,0.0,0.0,100.0,3.598077,4.473945,,,2026-10-03T23:32:14Z,2026-10-03T23:32:14Z,0
30001,860741,Mbarara MbararaMC,-0.6104058469568668,30.637128687200217,1791069300000,2026-10-03T23:15:00+00:00,2026-10-04T02:15:00+03:00,18.78,0.0,0.0,97.04,5.734951,8.066834,,,2026-10-03T23:17:14Z,2026-10-03T23:17:14Z,0
30143,860494,Lira NARONgetta,2.1557054334938868,32.88785061975556,1791069300000,2026-10-03T23:15:00+00:00,2026-10-04T02:15:00+03:00,20.42,0.0,0.0,90.6,0.8693065,,,,2026-10-03T23:32:14Z,2026-10-03T23:32:14Z,0
30220,45708,Dokolo DokoloTC,1.914993229491238,33.176049575854904,1791069300000,2026-10-03T23:15:00+00:00,2026-10-04T02:15:00+03:00,21.03304,0.0,0.0,67.07408,0.5355917,0.5685512,,,2026-10-03T23:32:14Z,2026-10-03T23:32:14Z,0
30252,49521,Kyenjojo KyenjojoMC,0.6130612575199993,30.641008786833954,1791069300000,2026-10-03T23:15:00+00:00,2026-10-04T02:15:00+03:00,19.24773,0.0,0.0,64.96071,2.3682,3.878844,,,2026-10-03T23:32:14Z,2026-10-03T23:32:14Z,0
30283,514568,Kampala KyambogoUnv2,0.3228582483254613,32.59455916940114,1791069300000,2026-10-03T23:15:00+00:00,2026-10-04T02:15:00+03:00,21.44,0.0,0.0,88.96,7.934996,10.70359,,,2026-10-03T23:32:14Z,2026-10-03T23:32:14Z,0
30347,860738,Bulambuli BuginyanyaNARO,1.2292008829492236,34.512188495373756,1791069300000,2026-10-03T23:15:00+00:00,2026-10-04T02:15:00+03:00,17.7,0.0,22.76646,72.25,0.07415885,,,,2026-10-03T23:32:14Z,2026-10-03T23:32:14Z,0
30381,45666,Mukono NtawoNARO,0.37885800528124053,32.7292665823493,1791069300000,2026-10-03T23:15:00+00:00,2026-10-04T02:15:00+03:00,20.99336,0.0,0.0,100.0,2.627604,3.512627,,,2026-10-03T23:32:14Z,2026-10-03T23:32:14Z,0
30411,45716,Lwengo KamenyamigoNARO,-0.28429808513865706,31.664636340132986,1791069300000,2026-10-03T23:15:00+00:00,2026-10-04T02:15:00+03:00,19.08,0.0,0.0,96.72,0.5279621,0.5401694,,,2026-10-03T23:32:14Z,2026-10-03T23:32:14Z,0
30476,518276,Moroto Airfield,2.499539862843011,34.60336771655714,1791069300000,2026-10-03T23:15:00+00:00,2026-10-04T02:15:00+03:00,20.36,0.0,0.0,48.59,0.5603113,,,,2026-10-03T23:32:14Z,2026-10-03T23:32:14Z,0
30518,45678,Kwania AdukuTC,2.0141834426175826,32.722869192593286,1791069300000,2026-10-03T23:15:00+00:00,2026-10-04T02:15:00+03:00,20.59,0.0,0.0,100.0,0.0,0.0,,,2026-10-03T23:32:14Z,2026-10-03T23:32:14Z,0
30757,860735,Arua Airfield,3.022727728757243,30.902049741391995,1791069300000,2026-10-03T23:15:00+00:00,2026-10-04T02:15:00+03:00,20.61,0.0,0.0,100.0,5.770962,9.515526,,,2026-10-03T23:32:14Z,2026-10-03T23:32:14Z,0
31495,518862,Kapchorwa SipiTC,1.2267354469379133,34.365906405123326,1791069300000,2026-10-03T23:15:00+00:00,2026-10-04T02:15:00+03:00,21.64,0.0,0.0,44.02,12.66194,17.26101,,,2026-10-03T23:32:14Z,2026-10-03T23:32:14Z,0
31567,518860,Bulambuli Bunambutye HCIII,1.456486355349107,34.36072118430061,1791069300000,2026-10-03T23:15:00+00:00,2026-10-04T02:15:00+03:00,26.28,0.0,0.0,38.42,10.39139,13.42489,,,2026-10-03T23:32:14Z,2026-10-03T23:47:15Z,0
31712,518846,Sironko SironkoTC,1.2330289483318788,34.24436423053502,1791069300000,2026-10-03T23:15:00+00:00,2026-10-04T02:15:00+03:00,19.99,0.0,111.3298,78.63,3.759823,4.962234,,,2026-10-03T23:32:14Z,2026-10-03T23:32:14Z,0
31809,518861,Bulambuli Bulegeni NARO,1.2990504672186247,34.322697246680406,1791069300000,2026-10-03T23:15:00+00:00,2026-10-04T02:15:00+03:00,21.71,0.0,0.0,49.41,6.848249,8.215457,,,2026-10-03T23:32:14Z,2026-10-03T23:32:14Z,0
32252,518843,Isingiro KabuyandaTC,-0.9482535956706091,30.623306857245286,1791069300000,2026-10-03T23:15:00+00:00,2026-10-04T02:15:00+03:00,16.79,0.0,0.0,84.41,0.5065995,1.593042,,,2026-10-03T23:32:14Z,2026-10-03T23:32:14Z,0
32414,518863,Sironko Bugusege NARO,1.3301129163684409,33.67749128727189,1791069300000,2026-10-03T23:15:00+00:00,2026-10-04T02:15:00+03:00,21.48,0.0,97.74929,72.93,0.6683452,,,,2026-10-04T05:32:16Z,2026-10-04T05:32:16Z,0
33112,45718,Kaliro KaliroTC3,0.3200660892230024,30.52341859895648,1791069300000,2026-10-03T23:15:00+00:00,2026-10-04T02:15:00+03:00,0.0,0.0,0.0,0.0,1.019303,1.022354,,temp_rh_dead,2026-10-03T23:32:14Z,2026-10-03T23:32:14Z,0
33816,512617,Buyende Kidera1,1.1427018347181084,33.27926712214954,1791069300000,2026-10-03T23:15:00+00:00,2026-10-04T02:15:00+03:00,25.50698,0.0,0.0,63.07927,0.0,0.0,,,2026-10-03T23:32:14Z,2026-10-03T23:32:14Z,0
28133,514567,Rukiga RwamuchuchuSC,-1.147093805481443,30.065473322928664,1791069600000,2026-10-03T23:20:00+00:00,2026-10-04T02:20:00+03:00,15.31,0.0,64.69826,99.42,0.0,0.4577707,,,2026-10-03T23:32:14Z,2026-10-03T23:32:14Z,0
28210,514564,Kiryandongo KiryandongoSF,-1.338837687838001,30.43596025320078,1791069600000,2026-10-03T23:20:00+00:00,2026-10-04T02:20:00+03:00,21.67,0.0,0.0,76.16,5.004959,6.097505,,,2026-10-03T23:32:14Z,2026-10-04T00:02:14Z,0
28247,853287,KaberamaidoTC,1.3267002801667445,33.24551213582627,1791069600000,2026-10-03T23:20:00+00:00,2026-10-04T02:20:00+03:00,21.64492,0.0,0.0,64.68604,5.761807,7.541008,,,2026-10-03T23:32:14Z,2026-10-03T23:32:14Z,0
30820,518844,Kanungu MatandaHCIII,-0.6465365596528061,29.742748867338342,1791069600000,2026-10-03T23:20:00+00:00,2026-10-04T02:20:00+03:00,20.32,0.0,0.0,94.62,4.46479,6.396582,,,2026-10-03T23:32:14Z,2026-10-03T23:32:14Z,0
31441,518845,Kapchorwa KapchorwaTC,1.3911330664844062,34.44711975629734,1791069600000,2026-10-03T23:20:00+00:00,2026-10-04T02:20:00+03:00,,0.0,,,0.0,0.1678492,t_air_c;rh_pct,,2026-10-03T23:32:14Z,2026-10-03T23:32:14Z,0
30066,49455,Kayunga DistrictAdmin,0.7203001611290255,32.893290564677095,1791069825000,2026-10-03T23:23:45+00:00,2026-10-04T02:23:45+03:00,13.18684,0.0,0.0,88.50844,0.0,,,,2026-10-04T05:32:16Z,2026-10-04T05:47:15Z,0
12322,853288,Mukono MpomaNARO,0.4283966588777295,32.76213604190826,1791070200000,2026-10-03T23:30:00+00:00,2026-10-04T02:30:00+03:00,20.90028,0.0,0.0,100.0,2.686198,,,,2026-10-03T23:47:15Z,2026-10-03T23:47:15Z,0
14926,45633,NARO NaFIRRI,1.2369277861017918,34.56704375600076,1791070200000,2026-10-03T23:30:00+00:00,2026-10-04T02:30:00+03:00,-39.9176,0.0,0.0,0.09765774,0.0,0.0,,temp_sensor_suspect,2026-10-03T23:47:15Z,2026-10-03T23:47:15Z,0
18675,511038,Bushenyi KyamuhungaTC,-0.43140075953825036,30.06284619401695,1791070200000,2026-10-03T23:30:00+00:00,2026-10-04T02:30:00+03:00,19.48,0.0,0.0,81.72,1.886015,4.174869,,,2026-10-03T23:32:14Z,2026-10-03T23:47:15Z,1
18831,511028,Kibuku KadamaTC,1.230158490836445,33.75766971001673,1791070200000,2026-10-03T23:30:00+00:00,2026-10-04T02:30:00+03:00,21.6,0.0,0.0,100.0,2.346838,4.202334,,,2026-10-03T23:47:15Z,2026-10-03T23:47:15Z,0
19036,511025,Kumi Mukongoro,1.3213023670796662,33.886075111016034,1791070200000,2026-10-03T23:30:00+00:00,2026-10-04T02:30:00+03:00,23.14,0.0,17.12062,95.17,1.721218,9.823758,,,2026-10-03T23:47:15Z,2026-10-03T23:47:15Z,0
19216,511040,Ngora Kobwin,1.3996404514823648,33.746259878723855,1791070200000,2026-10-03T23:30:00+00:00,2026-10-04T02:30:00+03:00,21.59,0.0,0.0,76.58,3.817807,6.417944,,,2026-10-03T23:47:15Z,2026-10-03T23:47:15Z,0
19410,511043,Rubanda KarengyereNARO,-1.500172417819356,29.80055712733001,1791070200000,2026-10-03T23:30:00+00:00,2026-10-04T02:30:00+03:00,14.42,0.0,0.0,81.4,8.520028,,,,2026-10-03T23:47:15Z,2026-10-03T23:47:15Z,0
19560,511036,Rukungiri RukungiriTC,-0.7824612451972481,29.919168920717752,1791070200000,2026-10-03T23:30:00+00:00,2026-10-04T02:30:00+03:00,17.71,0.0,0.0,100.0,4.321813,,,,2026-10-03T23:47:15Z,2026-10-03T23:47:15Z,0
19644,511034,Ntungamo RukoneEast,-0.9026492749586166,30.53713188060457,1791070200000,2026-10-03T23:30:00+00:00,2026-10-04T02:30:00+03:00,18.15,0.0,0.0,100.0,10.54292,,,,2026-10-03T23:47:15Z,2026-10-03T23:47:15Z,0
19689,511063,Isingiro Mbaale SC,-0.8229276501909935,30.80641202589177,1791070200000,2026-10-03T23:30:00+00:00,2026-10-04T02:30:00+03:00,22.12,0.0,0.0,72.19,5.48104,7.67834,,,2026-10-03T23:47:15Z,2026-10-03T23:47:15Z,0
19913,512648,Rubanda Kachwekano,-1.2492907374261277,29.94650239241936,1791070200000,2026-10-03T23:30:00+00:00,2026-10-04T02:30:00+03:00,15.5108,0.0,0.0,100.0,6.634623,9.103533,,,2026-10-03T23:47:15Z,2026-10-03T23:47:15Z,0
20513,512647,Kitgum2 KitgumMC,3.329416943369524,33.176767183806454,1791070200000,2026-10-03T23:30:00+00:00,2026-10-04T02:30:00+03:00,19.63,0.0,0.0,99.19,3.65301,,,,2026-10-03T23:32:14Z,2026-10-03T23:47:15Z,0
21602,44434,Mbarara NARO,-0.33912497379417256,30.53875374336554,1791070200000,2026-10-03T23:30:00+00:00,2026-10-04T02:30:00+03:00,17.47,0.0,0.0,100.0,1.788357,5.087358,,,2026-10-03T23:47:15Z,2026-10-03T23:47:15Z,0
22494,511046,Bukedea BukedeaTC,1.344383477320109,34.65405915348999,1791070200000,2026-10-03T23:30:00+00:00,2026-10-04T02:30:00+03:00,21.49,0.0,0.0,73.1,0.0,0.0,,,2026-10-03T23:47:15Z,2026-10-03T23:47:15Z,0
22531,514574,Ntungamo NtungamoTC,-0.8743084927533056,30.25887027699915,1791070200000,2026-10-03T23:30:00+00:00,2026-10-04T02:30:00+03:00,17.31,0.0,0.0,100.0,0.0,,,,2026-10-03T23:47:15Z,2026-10-03T23:47:15Z,0
22745,860739,Tororo TororoMC,0.7363404161562512,34.16750975530811,1791070200000,2026-10-03T23:30:00+00:00,2026-10-04T02:30:00+03:00,20.73,,0.0,100.0,0.2044709,,rain_mm,,2026-10-03T23:47:15Z,2026-10-03T23:47:15Z,0
23068,44186,Hoima Bulindi,1.4649547824354439,31.438459956597924,1791070200000,2026-10-03T23:30:00+00:00,2026-10-04T02:30:00+03:00,19.55597,0.0,0.0,97.29,0.6756695,,,,2026-10-03T23:47:15Z,2026-10-03T23:47:15Z,0
24597,511024,Kanungu KirimaSC,-0.8665190597972187,29.750001331073445,1791070200000,2026-10-03T23:30:00+00:00,2026-10-04T02:30:00+03:00,17.71,0.0,0.0,999.0,0.3814755,3.036545,,rh_sensor_suspect,2026-10-03T23:47:15Z,2026-10-03T23:47:15Z,0
25494,45719,Wakiso KawandaNARO,0.5757356735589316,32.2094519796799,1791070200000,2026-10-03T23:30:00+00:00,2026-10-04T02:30:00+03:00,20.33265,0.0,0.0,100.0,0.0,,,,2026-10-03T23:47:15Z,2026-10-03T23:47:15Z,0
25858,860733,Masindi MasindiMC,1.6873183106449883,31.720847713796427,1791070200000,2026-10-03T23:30:00+00:00,2026-10-04T02:30:00+03:00,20.41,0.0,0.0,100.0,0.03356985,,,,2026-10-03T23:47:15Z,2026-10-03T23:47:15Z,0
25894,44432,NARO Serere2,1.5498464368665708,33.471426852949406,1791070200000,2026-10-03T23:30:00+00:00,2026-10-04T02:30:00+03:00,22.38,0.0,0.0,67.04,6.890974,9.106585,,,2026-10-03T23:47:15Z,2026-10-03T23:47:15Z,0
26314,511026,Buhweju BuhwejuTC,-0.36217852027400727,30.438745738821645,1791070200000,2026-10-03T23:30:00+00:00,2026-10-04T02:30:00+03:00,14.2382,0.0,13.48898,100.0,0.0,,,,2026-10-03T23:47:15Z,2026-10-03T23:47:15Z,0
26350,516055,Bushenyi PIBID2,-0.34476582916148607,30.12697463332902,1791070200000,2026-10-03T23:30:00+00:00,2026-10-04T02:30:00+03:00,10.98,0.0,0.0,100.0,2.197299,2.209506,,,2026-10-03T23:47:15Z,2026-10-04T00:02:14Z,0
26371,514572,EntebbeCity NMTS,0.002068145970468316,32.47029039760271,1791070200000,2026-10-03T23:30:00+00:00,2026-10-04T02:30:00+03:00,21.83,0.0,0.0,82.97,6.277562,8.950942,,,2026-10-03T23:47:15Z,2026-10-03T23:47:15Z,0
26934,863098,Kampala LubigiNWSC,0.3440953682915257,32.54509647954191,1791070200000,2026-10-03T23:30:00+00:00,2026-10-04T02:30:00+03:00,21.12307,0.0,5.828947,99.30877,1.89517,3.085374,,,2026-10-03T23:32:14Z,2026-10-03T23:47:15Z,0
27204,515136,Kirihura MburoNP,-0.32644602379535037,30.558912625750658,1791070200000,2026-10-03T23:30:00+00:00,2026-10-04T02:30:00+03:00,,0.0,0.0,,0.0,0.2258335,t_air_c;rh_pct,,2026-10-03T23:47:15Z,2026-10-03T23:47:15Z,0
27429,853290,Tororo MoroTC,1.347804683283513,33.56157669447344,1791070200000,2026-10-03T23:30:00+00:00,2026-10-04T02:30:00+03:00,20.67,0.0,0.0,100.0,2.340734,3.729305,,,2026-10-03T23:32:14Z,2026-10-03T23:47:15Z,0
27630,514559,Gulu Airfield2,2.3315839569642756,32.403314261884674,1791070200000,2026-10-03T23:30:00+00:00,2026-10-04T02:30:00+03:00,20.73,0.0,0.0,87.27,0.5157549,,,,2026-10-03T23:47:15Z,2026-10-03T23:47:15Z,0
27651,514554,Lamwo LamwoTC,3.5293008898067413,32.800069272228264,1791070200000,2026-10-03T23:30:00+00:00,2026-10-04T02:30:00+03:00,21.9,0.0,0.0,71.68,2.560464,5.951018,,,2026-10-03T23:32:14Z,2026-10-03T23:47:15Z,0
27771,853292,Palisa PallisaTC2,1.2019752388359248,33.32467996636534,1791070200000,2026-10-03T23:30:00+00:00,2026-10-04T02:30:00+03:00,23.97,0.0,0.0,67.55,2.471961,,,,2026-10-03T23:47:15Z,2026-10-03T23:47:15Z,0
28282,49381,Amolatar NamasaleHCIII2,1.890942556037648,33.03500809176537,1791070200000,2026-10-03T23:30:00+00:00,2026-10-04T02:30:00+03:00,21.82,0.0,0.0,100.0,4.87068,6.753643,,,2026-10-03T23:47:15Z,2026-10-03T23:47:15Z,0
28465,518272,Nabilatuk NabilatukDLG,2.0853119097380035,34.60581875063605,1791070200000,2026-10-03T23:30:00+00:00,2026-10-04T02:30:00+03:00,23.6,0.0,0.0,48.97,12.13321,14.01602,,,2026-10-03T23:47:15Z,2026-10-03T23:47:15Z,0
28650,518275,Nakapiripirit NabulengerHCII,1.8399992209235494,34.569297846559095,1791070200000,2026-10-03T23:30:00+00:00,2026-10-04T02:30:00+03:00,20.78,0.0,0.0,57.12,1.231861,6.344701,,,2026-10-03T23:47:15Z,2026-10-03T23:47:15Z,0
28835,518279,Karenga KidepoAirfield,3.433006937417964,33.45274286601015,1791070200000,2026-10-03T23:30:00+00:00,2026-10-04T02:30:00+03:00,20.19,0.0,0.0,61.11,2.43534,,,,2026-10-03T23:47:15Z,2026-10-03T23:47:15Z,0
28935,518278,Kaabong SidokHCIII,3.3616463406052675,34.12346082801267,1791070200000,2026-10-03T23:30:00+00:00,2026-10-04T02:30:00+03:00,22.72,0.0,0.0,51.16,4.272526,,,,2026-10-03T23:47:15Z,2026-10-03T23:47:15Z,0
29036,514566,Nabilatuk Nabuin ZARDI,1.716485049322414,34.51313788762028,1791070200000,2026-10-03T23:30:00+00:00,2026-10-04T02:30:00+03:00,25.11,0.0,0.0,43.27,14.62165,,,,2026-10-03T23:47:15Z,2026-10-04T00:02:14Z,0
29180,517853,Moroto RupaSC,2.582841223352566,34.66924742947938,1791070200000,2026-10-03T23:30:00+00:00,2026-10-04T02:30:00+03:00,25.75,0.0,0.0,42.32,13.32723,20.95369,,,2026-10-03T23:47:15Z,2026-10-03T23:47:15Z,0
29306,514576,Butaleja ButalejaTC,0.6919682458015968,34.09885656329347,1791070200000,2026-10-03T23:30:00+00:00,2026-10-04T02:30:00+03:00,20.99,0.0,0.0,100.0,0.7003891,,,,2026-10-03T23:47:15Z,2026-10-03T23:47:15Z,0
29347,862041,Kabale KabaleMC,-1.2542908115437144,29.987880749577656,1791070200000,2026-10-03T23:30:00+00:00,2026-10-04T02:30:00+03:00,15.16,0.0,0.0,89.92,0.7333486,,,,2026-10-03T23:47:15Z,2026-10-03T23:47:15Z,0
29407,860737,Soroti Airfield,1.7125019696651427,33.60989885031907,1791070200000,2026-10-03T23:30:00+00:00,2026-10-04T02:30:00+03:00,22.11,0.0,0.0,87.4,0.6138704,,,,2026-10-03T23:47:15Z,2026-10-03T23:47:15Z,0
29497,514558,Bulisa ButiabaHydro,2.1126939171888264,31.436768666464783,1791070200000,2026-10-03T23:30:00+00:00,2026-10-04T02:30:00+03:00,25.14,0.0,0.0,68.06,13.60403,,,,2026-10-03T23:32:14Z,2026-10-03T23:47:15Z,1
29529,514573,Bundibugyo BundibugyoTC,0.8026268481642997,30.27578425237216,1791070200000,2026-10-03T23:30:00+00:00,2026-10-04T02:30:00+03:00,20.43,0.0,0.0,92.53,3.967498,,,,2026-10-03T23:47:15Z,2026-10-03T23:47:15Z,0
29561,514560,Kikuube Hoima Airport,1.4920191900781956,31.31796244549898,1791070200000,2026-10-03T23:30:00+00:00,2026-10-04T02:30:00+03:00,20.44,0.0,9.9794,91.1,5.648432,,,,2026-10-03T23:47:15Z,2026-10-04T00:02:14Z,0
29593,514561,Pallisa KasodoSC,1.2320044388064466,33.6019957700963,1791070200000,2026-10-03T23:30:00+00:00,2026-10-04T02:30:00+03:00,20.75,0.0,0.0,100.0,3.370108,,,,2026-10-03T23:47:15Z,2026-10-03T23:47:15Z,0
29756,862010,Nakasongola KalungiSC,1.2852342933913012,32.662599686414936,1791070200000,2026-10-03T23:30:00+00:00,2026-10-04T02:30:00+03:00,22.14542,0.0,0.0,88.23376,3.8056,8.047608,,,2026-10-03T23:32:14Z,2026-10-03T23:47:15Z,0
29787,862013,Kamuli Namasagali,1.0190806821802028,32.949594981070824,1791070200000,2026-10-03T23:30:00+00:00,2026-10-04T02:30:00+03:00,20.2,0.0,0.0,100.0,2.893111,3.051804,,,2026-10-03T23:47:15Z,2026-10-03T23:47:15Z,0
29823,860732,Kotido KotidoTC,3.007038604042491,34.10733499015392,1791070200000,2026-10-03T23:30:00+00:00,2026-10-04T02:30:00+03:00,22.64,0.0,0.0,67.01,0.0,0.0,,,2026-10-03T23:47:15Z,2026-10-03T23:47:15Z,0
29892,516056,Budaka BudakaTC2,0.11576196513474404,33.453613566274235,1791070200000,2026-10-03T23:30:00+00:00,2026-10-04T02:30:00+03:00,21.78,0.0,0.0,100.0,1.794461,,,,2026-10-03T23:47:15Z,2026-10-03T23:47:15Z,0
29932,514577,Namutumba NamutumbaTC2,1.9758008082349363,33.56106699819666,1791070200000,2026-10-03T23:30:00+00:00,2026-10-04T02:30:00+03:00,21.88,0.0,0.0,100.0,3.14641,4.672312,,,2026-10-03T23:47:15Z,2026-10-03T23:47:15Z,0
30001,860741,Mbarara MbararaMC,-0.6104058469568668,30.637128687200217,1791070200000,2026-10-03T23:30:00+00:00,2026-10-04T02:30:00+03:00,18.55,0.0,0.0,97.65,5.76791,7.255208,,,2026-10-03T23:32:14Z,2026-10-03T23:47:15Z,1
30033,45670,Apac ApacTC,1.9892647841094635,32.531624149345156,1791070200000,2026-10-03T23:30:00+00:00,2026-10-04T02:30:00+03:00,20.91,0.0,0.0,100.0,0.0,0.0,,,2026-10-03T23:32:14Z,2026-10-03T23:47:15Z,1
30143,860494,Lira NARONgetta,2.1557054334938868,32.88785061975556,1791070200000,2026-10-03T23:30:00+00:00,2026-10-04T02:30:00+03:00,20.02,0.0,0.0,93.48,1.895171,,,,2026-10-03T23:47:15Z,2026-10-03T23:47:15Z,0
30220,45708,Dokolo DokoloTC,1.914993229491238,33.176049575854904,1791070200000,2026-10-03T23:30:00+00:00,2026-10-04T02:30:00+03:00,21.10933,0.0,0.0,66.18906,0.5355917,0.5603113,,,2026-10-03T23:47:15Z,2026-10-03T23:47:15Z,0
30252,49521,Kyenjojo KyenjojoMC,0.6130612575199993,30.641008786833954,1791070200000,2026-10-03T23:30:00+00:00,2026-10-04T02:30:00+03:00,19.33013,0.0,0.0,64.20386,2.590982,3.268482,,,2026-10-03T23:47:15Z,2026-10-03T23:47:15Z,0
30316,860746,Mayuge IkulweNARO,0.4388712184461232,33.476196856980515,1791070200000,2026-10-03T23:30:00+00:00,2026-10-04T02:30:00+03:00,,0.0,21.94247,,0.6509499,,t_air_c;rh_pct,,2026-10-03T23:32:14Z,2026-10-03T23:47:15Z,0
30347,860738,Bulambuli BuginyanyaNARO,1.2292008829492236,34.512188495373756,1791070200000,2026-10-03T23:30:00+00:00,2026-10-04T02:30:00+03:00,17.12,0.0,22.58335,74.78,0.07003891,,,,2026-10-03T23:47:15Z,2026-10-03T23:47:15Z,0
30381,45666,Mukono NtawoNARO,0.37885800528124053,32.7292665823493,1791070200000,2026-10-03T23:30:00+00:00,2026-10-04T02:30:00+03:00,20.83772,0.0,0.0,100.0,2.371252,4.739452,,,2026-10-03T23:47:15Z,2026-10-03T23:47:15Z,0
30411,45716,Lwengo KamenyamigoNARO,-0.28429808513865706,31.664636340132986,1791070200000,2026-10-03T23:30:00+00:00,2026-10-04T02:30:00+03:00,19.28,0.0,0.0,95.5,0.5127031,0.5401694,,,2026-10-03T23:47:15Z,2026-10-03T23:47:15Z,0
30476,518276,Moroto Airfield,2.499539862843011,34.60336771655714,1791070200000,2026-10-03T23:30:00+00:00,2026-10-04T02:30:00+03:00,20.05,0.0,0.0,52.72,1.29778,,,,2026-10-03T23:47:15Z,2026-10-03T23:47:15Z,0
30518,45678,Kwania AdukuTC,2.0141834426175826,32.722869192593286,1791070200000,2026-10-03T23:30:00+00:00,2026-10-04T02:30:00+03:00,20.56,0.0,0.0,100.0,0.0,0.0,,,2026-10-03T23:47:15Z,2026-10-03T23:47:15Z,0
30600,514575,Buvuma BuvumaCollege,0.20227217732623182,33.298299581212675,1791070200000,2026-10-03T23:30:00+00:00,2026-10-04T02:30:00+03:00,22.63,0.0,0.0,100.0,2.092927,,,,2026-10-03T23:32:14Z,2026-10-03T23:47:15Z,0
30695,514556,EntebbeCity AirportNMC,-0.34891969990053573,30.46770493505511,1791070200000,2026-10-03T23:30:00+00:00,2026-10-04T02:30:00+03:00,21.5,0.0,0.0,88.46,11.2459,14.05661,,,2026-10-03T23:47:15Z,2026-10-03T23:47:15Z,0
30757,860735,Arua Airfield,3.022727728757243,30.902049741391995,1791070200000,2026-10-03T23:30:00+00:00,2026-10-04T02:30:00+03:00,20.38,0.0,0.0,100.0,7.23888,10.88884,,,2026-10-03T23:47:15Z,2026-10-03T23:47:15Z,0
30820,518844,Kanungu MatandaHCIII,-0.6465365596528061,29.742748867338342,1791070200000,2026-10-03T23:30:00+00:00,2026-10-04T02:30:00+03:00,20.12,0.0,0.0,95.61,4.007019,5.181964,,,2026-10-03T23:47:15Z,2026-10-04T00:02:14Z,0
31441,518845,Kapchorwa KapchorwaTC,1.3911330664844062,34.44711975629734,1791070200000,2026-10-03T23:30:00+00:00,2026-10-04T02:30:00+03:00,,0.0,,,0.0,0.1647974,t_air_c;rh_pct,,2026-10-03T23:47:15Z,2026-10-03T23:47:15Z,0
31495,518862,Kapchorwa SipiTC,1.2267354469379133,34.365906405123326,1791070200000,2026-10-03T23:30:00+00:00,2026-10-04T02:30:00+03:00,21.63,0.0,0.0,44.49,11.32219,16.6537,,,2026-10-03T23:47:15Z,2026-10-03T23:47:15Z,0
31567,518860,Bulambuli Bunambutye HCIII,1.456486355349107,34.36072118430061,1791070200000,2026-10-03T23:30:00+00:00,2026-10-04T02:30:00+03:00,25.13,0.0,0.0,39.87,9.057755,11.81353,,,2026-10-04T00:02:14Z,2026-10-04T00:02:14Z,0
31712,518846,Sironko SironkoTC,1.2330289483318788,34.24436423053502,1791070200000,2026-10-03T23:30:00+00:00,2026-10-04T02:30:00+03:00,19.68,0.0,105.3178,81.02,1.950103,3.73846,,,2026-10-03T23:47:15Z,2026-10-03T23:47:15Z,0
31809,518861,Bulambuli Bulegeni NARO,1.2990504672186247,34.322697246680406,1791070200000,2026-10-03T23:30:00+00:00,2026-10-04T02:30:00+03:00,22.36,0.0,0.0,45.96,3.881895,7.40673,,,2026-10-03T23:47:15Z,2026-10-03T23:47:15Z,0
32252,518843,Isingiro KabuyandaTC,-0.9482535956706091,30.623306857245286,1791070200000,2026-10-03T23:30:00+00:00,2026-10-04T02:30:00+03:00,16.36,0.0,0.0,85.61,0.0,0.436408,,,2026-10-03T23:47:15Z,2026-10-03T23:47:15Z,0
33112,45718,Kaliro KaliroTC3,0.3200660892230024,30.52341859895648,1791070200000,2026-10-03T23:30:00+00:00,2026-10-04T02:30:00+03:00,0.0,0.0,0.0,0.0,1.025406,1.034562,,temp_rh_dead,2026-10-03T23:47:15Z,2026-10-03T23:47:15Z,0
33816,512617,Buyende Kidera1,1.1427018347181084,33.27926712214954,1791070200000,2026-10-03T23:30:00+00:00,2026-10-04T02:30:00+03:00,25.34066,0.0,0.0,62.98009,0.109865,1.681544,,,2026-10-03T23:47:15Z,2026-10-03T23:47:15Z,0
28133,514567,Rukiga RwamuchuchuSC,-1.147093805481443,30.065473322928664,1791070800000,2026-10-03T23:40:00+00:00,2026-10-04T02:40:00+03:00,15.03,0.0,69.64217,99.54,0.0,0.4547188,,,2026-10-03T23:47:15Z,2026-10-03T23:47:15Z,0
28247,853287,KaberamaidoTC,1.3267002801667445,33.24551213582627,1791070800000,2026-10-03T23:40:00+00:00,2026-10-04T02:40:00+03:00,21.99893,0.0,0.0,63.24406,6.363012,10.18692,,,2026-10-03T23:47:15Z,2026-10-03T23:47:15Z,0
31441,518845,Kapchorwa KapchorwaTC,1.3911330664844062,34.44711975629734,1791070800000,2026-10-03T23:40:00+00:00,2026-10-04T02:40:00+03:00,,0.0,,,0.0,0.1647974,t_air_c;rh_pct,,2026-10-04T00:02:14Z,2026-10-04T00:02:14Z,0
8765,45675,Serere Bugondo,1.1032982147304293,33.65208682230397,1791071100000,2026-10-03T23:45:00+00:00,2026-10-04T02:45:00+03:00,20.22126,0.0,0.0,83.61792,1.062028,5.578699,,,2026-10-04T00:02:14Z,2026-10-04T00:02:14Z,0
12322,853288,Mukono MpomaNARO,0.4283966588777295,32.76213604190826,1791071100000,2026-10-03T23:45:00+00:00,2026-10-04T02:45:00+03:00,20.82399,0.0,0.0,100.0,1.062943,,,,2026-10-04T00:02:14Z,2026-10-04T00:02:14Z,0
14926,45633,NARO NaFIRRI,1.2369277861017918,34.56704375600076,1791071100000,2026-10-03T23:45:00+00:00,2026-10-04T02:45:00+03:00,-39.9176,0.0,0.0,0.09765774,0.5889983,2.020294,,temp_sensor_suspect,2026-10-04T00:02:14Z,2026-10-04T00:02:14Z,0
18675,511038,Bushenyi KyamuhungaTC,-0.43140075953825036,30.06284619401695,1791071100000,2026-10-03T23:45:00+00:00,2026-10-04T02:45:00+03:00,19.35,0.0,0.0,81.35,3.567559,4.382391,,,2026-10-04T00:02:14Z,2026-10-04T00:02:14Z,0
18831,511028,Kibuku KadamaTC,1.230158490836445,33.75766971001673,1791071100000,2026-10-03T23:45:00+00:00,2026-10-04T02:45:00+03:00,21.51,0.0,0.0,100.0,2.911421,3.799497,,,2026-10-04T00:02:14Z,2026-10-04T00:02:14Z,0
19036,511025,Kumi Mukongoro,1.3213023670796662,33.886075111016034,1791071100000,2026-10-03T23:45:00+00:00,2026-10-04T02:45:00+03:00,22.99,0.0,17.09011,99.5,0.5584802,0.6012055,,,2026-10-04T00:02:14Z,2026-10-04T00:02:14Z,0
19216,511040,Ngora Kobwin,1.3996404514823648,33.746259878723855,1791071100000,2026-10-03T23:45:00+00:00,2026-10-04T02:45:00+03:00,21.37,0.0,0.0,78.45,2.236973,3.955139,,,2026-10-04T00:02:14Z,2026-10-04T00:02:14Z,0
19410,511043,Rubanda KarengyereNARO,-1.500172417819356,29.80055712733001,1791071100000,2026-10-03T23:45:00+00:00,2026-10-04T02:45:00+03:00,14.71,0.0,0.0,79.68,9.273975,,,,2026-10-04T00:02:14Z,2026-10-04T00:02:14Z,0
19560,511036,Rukungiri RukungiriTC,-0.7824612451972481,29.919168920717752,1791071100000,2026-10-03T23:45:00+00:00,2026-10-04T02:45:00+03:00,17.62,0.0,0.0,100.0,4.593729,,,,2026-10-04T00:02:14Z,2026-10-04T00:02:14Z,0
19689,511063,Isingiro Mbaale SC,-0.8229276501909935,30.80641202589177,1791071100000,2026-10-03T23:45:00+00:00,2026-10-04T02:45:00+03:00,22.08,0.0,0.0,71.56,3.344778,5.246052,,,2026-10-04T00:02:14Z,2026-10-04T00:02:14Z,0
19913,512648,Rubanda Kachwekano,-1.2492907374261277,29.94650239241936,1791071100000,2026-10-03T23:45:00+00:00,2026-10-04T02:45:00+03:00,15.27581,0.0,0.0,100.0,9.039444,9.564355,,,2026-10-04T00:02:14Z,2026-10-04T00:02:14Z,0
20513,512647,Kitgum2 KitgumMC,3.329416943369524,33.176767183806454,1791071100000,2026-10-03T23:45:00+00:00,2026-10-04T02:45:00+03:00,19.69,0.0,0.0,97.45,2.929732,,,,2026-10-04T00:02:14Z,2026-10-04T00:02:14Z,0
22531,514574,Ntungamo NtungamoTC,-0.8743084927533056,30.25887027699915,1791071100000,2026-10-03T23:45:00+00:00,2026-10-04T02:45:00+03:00,17.21,0.0,0.0,99.78,2.355993,,,,2026-10-04T00:02:14Z,2026-10-04T00:02:14Z,0
22745,860739,Tororo TororoMC,0.7363404161562512,34.16750975530811,1791071100000,2026-10-03T23:45:00+00:00,2026-10-04T02:45:00+03:00,20.63,,0.0,100.0,0.2716106,,rain_mm,,2026-10-04T00:02:14Z,2026-10-04T00:02:14Z,0
23068,44186,Hoima Bulindi,1.4649547824354439,31.438459956597924,1791071100000,2026-10-03T23:45:00+00:00,2026-10-04T02:45:00+03:00,19.34081,0.0,0.0,99.57885,0.6839094,,,,2026-10-04T00:02:14Z,2026-10-04T00:02:14Z,0
23570,860744,Kabarole KyembogoNARO,0.7373272793620456,30.378182216821177,1791071100000,2026-10-03T23:45:00+00:00,2026-10-04T02:45:00+03:00,17.113,0.0,0.0,97.64248,0.6468299,0.6674296,,,2026-10-03T23:47:15Z,2026-10-04T00:02:14Z,1
24597,511024,Kanungu KirimaSC,-0.8665190597972187,29.750001331073445,1791071100000,2026-10-03T23:45:00+00:00,2026-10-04T02:45:00+03:00,17.55,0.0,0.0,999.0,0.9094377,2.462806,,rh_sensor_suspect,2026-10-04T00:02:14Z,2026-10-04T00:02:14Z,0
25494,45719,Wakiso KawandaNARO,0.5757356735589316,32.2094519796799,1791071100000,2026-10-03T23:45:00+00:00,2026-10-04T02:45:00+03:00,20.18311,0.0,0.0,100.0,0.0,,,,2026-10-04T00:02:14Z,2026-10-04T00:02:14Z,0
25858,860733,Masindi MasindiMC,1.6873183106449883,31.720847713796427,1791071100000,2026-10-03T23:45:00+00:00,2026-10-04T02:45:00+03:00,20.33,0.0,0.0,100.0,0.03356985,,,,2026-10-04T00:02:14Z,2026-10-04T00:02:14Z,0
25894,44432,NARO Serere2,1.5498464368665708,33.471426852949406,1791071100000,2026-10-03T23:45:00+00:00,2026-10-04T02:45:00+03:00,21.77,0.0,0.0,70.04,5.743496,8.03235,,,2026-10-04T00:02:14Z,2026-10-04T00:02:14Z,0
26314,511026,Buhweju BuhwejuTC,-0.36217852027400727,30.438745738821645,1791071100000,2026-10-03T23:45:00+00:00,2026-10-04T02:45:00+03:00,14.09323,0.0,13.39742,100.0,0.0,,,,2026-10-04T00:02:14Z,2026-10-04T00:02:14Z,0
26371,514572,EntebbeCity NMTS,0.002068145970468316,32.47029039760271,1791071100000,2026-10-03T23:45:00+00:00,2026-10-04T02:45:00+03:00,21.64,0.0,0.0,83.84,5.401693,6.930647,,,2026-10-04T00:02:14Z,2026-10-04T00:02:14Z,0
27204,515136,Kirihura MburoNP,-0.32644602379535037,30.558912625750658,1791071100000,2026-10-03T23:45:00+00:00,2026-10-04T02:45:00+03:00,,0.0,0.0,,0.0,0.2258335,t_air_c;rh_pct,,2026-10-04T00:02:14Z,2026-10-04T00:02:14Z,0
27592,514557,Kampala MakerereUnv3,0.33461539452981,32.571512848339765,1791071100000,2026-10-03T23:45:00+00:00,2026-10-04T02:45:00+03:00,21.45,0.0,0.0,86.84,6.24094,8.291752,,,2026-10-03T23:47:15Z,2026-10-03T23:47:15Z,0
27630,514559,Gulu Airfield2,2.3315839569642756,32.403314261884674,1791071100000,2026-10-03T23:45:00+00:00,2026-10-04T02:45:00+03:00,20.7,0.0,0.0,87.82,0.7415885,,,,2026-10-04T00:02:14Z,2026-10-04T00:02:14Z,0
27651,514554,Lamwo LamwoTC,3.5293008898067413,32.800069272228264,1791071100000,2026-10-03T23:45:00+00:00,2026-10-04T02:45:00+03:00,20.7,0.0,0.0,78.11,0.5035477,0.5127031,,,2026-10-04T00:02:14Z,2026-10-04T00:02:14Z,0
27771,853292,Palisa PallisaTC2,1.2019752388359248,33.32467996636534,1791071100000,2026-10-03T23:45:00+00:00,2026-10-04T02:45:00+03:00,23.54,0.0,0.0,71.19,0.1647974,,,,2026-10-04T00:02:14Z,2026-10-04T00:02:14Z,0
28282,49381,Amolatar NamasaleHCIII2,1.890942556037648,33.03500809176537,1791071100000,2026-10-03T23:45:00+00:00,2026-10-04T02:45:00+03:00,21.49,0.0,0.0,100.0,3.595026,6.961165,,,2026-10-04T00:02:14Z,2026-10-04T00:02:14Z,0
28465,518272,Nabilatuk NabilatukDLG,2.0853119097380035,34.60581875063605,1791071100000,2026-10-03T23:45:00+00:00,2026-10-04T02:45:00+03:00,22.92,0.0,0.0,50.9,9.826047,13.42687,,,2026-10-04T00:02:14Z,2026-10-04T00:02:14Z,0
28650,518275,Nakapiripirit NabulengerHCII,1.8399992209235494,34.569297846559095,1791071100000,2026-10-03T23:45:00+00:00,2026-10-04T02:45:00+03:00,20.8,0.0,0.0,56.72,2.941634,6.521858,,,2026-10-04T00:02:14Z,2026-10-04T00:02:14Z,0
28835,518279,Karenga KidepoAirfield,3.433006937417964,33.45274286601015,1791071100000,2026-10-03T23:45:00+00:00,2026-10-04T02:45:00+03:00,20.46,0.0,0.0,60.44,2.639811,,,,2026-10-04T00:02:14Z,2026-10-04T00:02:14Z,0
28935,518278,Kaabong SidokHCIII,3.3616463406052675,34.12346082801267,1791071100000,2026-10-03T23:45:00+00:00,2026-10-04T02:45:00+03:00,22.72,0.0,0.0,51.35,5.270466,,,,2026-10-04T00:02:14Z,2026-10-04T00:02:14Z,0
29180,517853,Moroto RupaSC,2.582841223352566,34.66924742947938,1791071100000,2026-10-03T23:45:00+00:00,2026-10-04T02:45:00+03:00,25.58,0.0,0.0,43.26,10.61112,17.27626,,,2026-10-04T00:02:14Z,2026-10-04T00:02:14Z,0
29306,514576,Butaleja ButalejaTC,0.6919682458015968,34.09885656329347,1791071100000,2026-10-03T23:45:00+00:00,2026-10-04T02:45:00+03:00,20.91,0.0,0.0,100.0,0.6262302,,,,2026-10-04T00:02:14Z,2026-10-04T00:02:14Z,0
29347,862041,Kabale KabaleMC,-1.2542908115437144,29.987880749577656,1791071100000,2026-10-03T23:45:00+00:00,2026-10-04T02:45:00+03:00,15.13,0.0,0.0,91.01,0.4820325,,,,2026-10-04T00:02:14Z,2026-10-04T00:02:14Z,0
29366,860740,Kasese Airfield,0.16776145042270435,30.06946870555926,1791071100000,2026-10-03T23:45:00+00:00,2026-10-04T02:45:00+03:00,19.67,0.0,0.0,94.12,6.867933,,,,2026-10-03T23:47:15Z,2026-10-04T00:02:14Z,1
29407,860737,Soroti Airfield,1.7125019696651427,33.60989885031907,1791071100000,2026-10-03T23:45:00+00:00,2026-10-04T02:45:00+03:00,22.12,0.0,0.0,87.54,2.224766,,,,2026-10-04T00:02:14Z,2026-10-04T00:02:14Z,0
29497,514558,Bulisa ButiabaHydro,2.1126939171888264,31.436768666464783,1791071100000,2026-10-03T23:45:00+00:00,2026-10-04T02:45:00+03:00,25.14,0.0,0.0,69.2,11.92309,,,,2026-10-04T00:02:14Z,2026-10-04T00:02:14Z,0
29529,514573,Bundibugyo BundibugyoTC,0.8026268481642997,30.27578425237216,1791071100000,2026-10-03T23:45:00+00:00,2026-10-04T02:45:00+03:00,20.46,0.0,0.0,92.78,5.413596,,,,2026-10-04T00:02:14Z,2026-10-04T00:02:14Z,0
29593,514561,Pallisa KasodoSC,1.2320044388064466,33.6019957700963,1791071100000,2026-10-03T23:45:00+00:00,2026-10-04T02:45:00+03:00,20.43,0.0,0.0,100.0,3.015793,,,,2026-10-04T00:02:14Z,2026-10-04T00:02:14Z,0
29756,862010,Nakasongola KalungiSC,1.2852342933913012,32.662599686414936,1791071100000,2026-10-03T23:45:00+00:00,2026-10-04T02:45:00+03:00,21.9028,0.0,0.0,89.19051,0.0,0.0,,,2026-10-04T00:02:14Z,2026-10-04T00:02:14Z,0
29787,862013,Kamuli Namasagali,1.0190806821802028,32.949594981070824,1791071100000,2026-10-03T23:45:00+00:00,2026-10-04T02:45:00+03:00,20.19,0.0,0.0,100.0,3.076219,3.836118,,,2026-10-04T00:02:14Z,2026-10-04T00:02:14Z,0
29823,860732,Kotido KotidoTC,3.007038604042491,34.10733499015392,1791071100000,2026-10-03T23:45:00+00:00,2026-10-04T02:45:00+03:00,22.38,0.0,0.0,67.75,0.0,0.0,,,2026-10-04T00:02:14Z,2026-10-04T00:02:14Z,0
29892,516056,Budaka BudakaTC2,0.11576196513474404,33.453613566274235,1791071100000,2026-10-03T23:45:00+00:00,2026-10-04T02:45:00+03:00,21.4,0.0,0.0,100.0,3.149462,,,,2026-10-04T00:02:14Z,2026-10-04T00:02:14Z,0
29932,514577,Namutumba NamutumbaTC2,1.9758008082349363,33.56106699819666,1791071100000,2026-10-03T23:45:00+00:00,2026-10-04T02:45:00+03:00,21.6,0.0,0.0,100.0,0.4974441,1.614404,,,2026-10-04T00:02:14Z,2026-10-04T00:02:14Z,0
30001,860741,Mbarara MbararaMC,-0.6104058469568668,30.637128687200217,1791071100000,2026-10-03T23:45:00+00:00,2026-10-04T02:45:00+03:00,18.23,0.0,0.0,99.43,5.479515,6.43534,,,2026-10-04T00:02:14Z,2026-10-04T00:02:14Z,0
30143,860494,Lira NARONgetta,2.1557054334938868,32.88785061975556,1791071100000,2026-10-03T23:45:00+00:00,2026-10-04T02:45:00+03:00,19.67,0.0,0.0,97.18,0.7498283,,,,2026-10-04T00:02:14Z,2026-10-04T00:02:14Z,0
30220,45708,Dokolo DokoloTC,1.914993229491238,33.176049575854904,1791071100000,2026-10-03T23:45:00+00:00,2026-10-04T02:45:00+03:00,21.75479,0.0,0.0,63.24254,0.5355917,0.5891508,,,2026-10-04T00:02:14Z,2026-10-04T00:02:14Z,0
30252,49521,Kyenjojo KyenjojoMC,0.6130612575199993,30.641008786833954,1791071100000,2026-10-03T23:45:00+00:00,2026-10-04T02:45:00+03:00,19.13481,0.0,0.0,65.14076,0.03356985,0.5340658,,,2026-10-04T00:02:14Z,2026-10-04T00:02:14Z,0
30283,514568,Kampala KyambogoUnv2,0.3228582483254613,32.59455916940114,1791071100000,2026-10-03T23:45:00+00:00,2026-10-04T02:45:00+03:00,21.29,0.0,0.0,89.36,6.686656,12.87892,,,2026-10-03T23:47:15Z,2026-10-04T00:02:14Z,0
30316,860746,Mayuge IkulweNARO,0.4388712184461232,33.476196856980515,1791071100000,2026-10-03T23:45:00+00:00,2026-10-04T02:45:00+03:00,,0.0,21.75937,,0.6303502,,t_air_c;rh_pct,,2026-10-04T00:02:14Z,2026-10-04T00:02:14Z,0
30347,860738,Bulambuli BuginyanyaNARO,1.2292008829492236,34.512188495373756,1791071100000,2026-10-03T23:45:00+00:00,2026-10-04T02:45:00+03:00,17.17,0.0,22.61387,73.09,0.1441978,,,,2026-10-04T00:02:14Z,2026-10-04T00:02:14Z,0
30381,45666,Mukono NtawoNARO,0.37885800528124053,32.7292665823493,1791071100000,2026-10-03T23:45:00+00:00,2026-10-04T02:45:00+03:00,20.57526,0.0,0.0,100.0,2.3682,4.147402,,,2026-10-04T00:02:14Z,2026-10-04T00:02:14Z,0
30411,45716,Lwengo KamenyamigoNARO,-0.28429808513865706,31.664636340132986,1791071100000,2026-10-03T23:45:00+00:00,2026-10-04T02:45:00+03:00,19.31,0.0,0.0,94.12,0.531014,0.5432212,,,2026-10-04T00:02:14Z,2026-10-04T00:02:14Z,0
30476,518276,Moroto Airfield,2.499539862843011,34.60336771655714,1791071100000,2026-10-03T23:45:00+00:00,2026-10-04T02:45:00+03:00,19.71,0.0,0.0,50.49,3.427787,,,,2026-10-04T00:02:14Z,2026-10-04T00:02:14Z,0
30518,45678,Kwania AdukuTC,2.0141834426175826,32.722869192593286,1791071100000,2026-10-03T23:45:00+00:00,2026-10-04T02:45:00+03:00,20.35,0.0,0.0,100.0,0.0,0.0,,,2026-10-04T00:02:14Z,2026-10-04T00:02:14Z,0
30600,514575,Buvuma BuvumaCollege,0.20227217732623182,33.298299581212675,1791071100000,2026-10-03T23:45:00+00:00,2026-10-04T02:45:00+03:00,22.51,0.0,0.0,100.0,2.138247,,,,2026-10-04T00:02:14Z,2026-10-04T00:02:14Z,0
30695,514556,EntebbeCity AirportNMC,-0.34891969990053573,30.46770493505511,1791071100000,2026-10-03T23:45:00+00:00,2026-10-04T02:45:00+03:00,21.18,0.0,0.0,89.06,12.05463,14.25803,,,2026-10-04T00:02:14Z,2026-10-04T00:02:14Z,0
30757,860735,Arua Airfield,3.022727728757243,30.902049741391995,1791071100000,2026-10-03T23:45:00+00:00,2026-10-04T02:45:00+03:00,20.36,0.0,0.0,100.0,8.294804,9.124895,,,2026-10-04T00:02:14Z,2026-10-04T00:02:14Z,0
31495,518862,Kapchorwa SipiTC,1.2267354469379133,34.365906405123326,1791071100000,2026-10-03T23:45:00+00:00,2026-10-04T02:45:00+03:00,21.63,0.0,0.0,44.3,11.60906,26.52628,,,2026-10-04T00:02:14Z,2026-10-04T00:02:14Z,0
31712,518846,Sironko SironkoTC,1.2330289483318788,34.24436423053502,1791071100000,2026-10-03T23:45:00+00:00,2026-10-04T02:45:00+03:00,19.23,0.0,97.01686,84.26,2.667277,3.750668,,,2026-10-04T00:02:14Z,2026-10-04T00:02:14Z,0
31809,518861,Bulambuli Bulegeni NARO,1.2990504672186247,34.322697246680406,1791071100000,2026-10-03T23:45:00+00:00,2026-10-04T02:45:00+03:00,21.51,0.0,0.0,55.27,4.528878,6.604105,,,2026-10-04T00:02:14Z,2026-10-04T00:02:14Z,0
32252,518843,Isingiro KabuyandaTC,-0.9482535956706091,30.623306857245286,1791071100000,2026-10-03T23:45:00+00:00,2026-10-04T02:45:00+03:00,16.1,0.0,0.0,86.71,0.0,0.4547188,,,2026-10-04T00:02:14Z,2026-10-04T00:02:14Z,0
33112,45718,Kaliro KaliroTC3,0.3200660892230024,30.52341859895648,1791071100000,2026-10-03T23:45:00+00:00,2026-10-04T02:45:00+03:00,0.0,0.0,0.0,0.0,1.040665,1.046769,,temp_rh_dead,2026-10-04T00:02:14Z,2026-10-04T00:02:14Z,0
33816,512617,Buyende Kidera1,1.1427018347181084,33.27926712214954,1791071100000,2026-10-03T23:45:00+00:00,2026-10-04T02:45:00+03:00,25.037,0.0,0.0,64.06958,0.0,0.0,,,2026-10-04T00:02:14Z,2026-10-04T00:02:14Z,0
19644,511034,Ntungamo RukoneEast,-0.9026492749586166,30.53713188060457,1791072000000,2026-10-04T00:00:00+00:00,2026-10-04T03:00:00+03:00,17.85,0.0,0.0,100.0,9.331655,,,,2026-10-04T00:02:14Z,2026-10-04T00:02:14Z,0
21602,44434,Mbarara NARO,-0.33912497379417256,30.53875374336554,1791072000000,2026-10-04T00:00:00+00:00,2026-10-04T03:00:00+03:00,17.4,0.0,0.0,100.0,2.069123,6.881819,,,2026-10-04T00:02:14Z,2026-10-04T00:02:14Z,0
22494,511046,Bukedea BukedeaTC,1.344383477320109,34.65405915348999,1791072000000,2026-10-04T00:00:00+00:00,2026-10-04T03:00:00+03:00,21.07,0.0,0.0,74.06,0.0,0.0,,,2026-10-04T00:02:14Z,2026-10-04T00:02:14Z,0
26934,863098,Kampala LubigiNWSC,0.3440953682915257,32.54509647954191,1791072000000,2026-10-04T00:00:00+00:00,2026-10-04T03:00:00+03:00,21.22225,0.0,5.737392,98.7747,1.513695,2.505531,,,2026-10-04T00:02:14Z,2026-10-04T00:02:14Z,0
27429,853290,Tororo MoroTC,1.347804683283513,33.56157669447344,1791072000000,2026-10-04T00:00:00+00:00,2026-10-04T03:00:00+03:00,20.51,0.0,0.0,100.0,3.707942,5.734341,,,2026-10-04T00:02:14Z,2026-10-04T00:02:14Z,0
27592,514557,Kampala MakerereUnv3,0.33461539452981,32.571512848339765,1791072000000,2026-10-04T00:00:00+00:00,2026-10-04T03:00:00+03:00,21.28,0.0,0.0,86.05,5.114824,8.291752,,,2026-10-04T00:02:14Z,2026-10-04T00:02:14Z,0
28133,514567,Rukiga RwamuchuchuSC,-1.147093805481443,30.065473322928664,1791072000000,2026-10-04T00:00:00+00:00,2026-10-04T03:00:00+03:00,14.55,0.0,71.41222,99.51,0.0,0.451667,,,2026-10-04T00:02:14Z,2026-10-04T00:02:14Z,0
28247,853287,KaberamaidoTC,1.3267002801667445,33.24551213582627,1791072000000,2026-10-04T00:00:00+00:00,2026-10-04T03:00:00+03:00,21.98978,0.0,0.0,63.47295,5.325398,10.47074,,,2026-10-04T00:02:14Z,2026-10-04T00:02:14Z,0
30033,45670,Apac ApacTC,1.9892647841094635,32.531624149345156,1791072000000,2026-10-04T00:00:00+00:00,2026-10-04T03:00:00+03:00,20.47,0.0,0.0,100.0,0.0,0.0,,,2026-10-04T00:02:14Z,2026-10-04T00:02:14Z,0
32414,518863,Sironko Bugusege NARO,1.3301129163684409,33.67749128727189,1791074700000,2026-10-04T00:45:00+00:00,2026-10-04T03:45:00+03:00,19.98,0.0,97.96292,79.01,4.028382,,,,2026-10-04T05:47:15Z,2026-10-04T05:47:15Z,0
32414,518863,Sironko Bugusege NARO,1.3301129163684409,33.67749128727189,1791075600000,2026-10-04T01:00:00+00:00,2026-10-04T04:00:00+03:00,19.78,0.0,97.96292,79.77,5.825894,,,,2026-10-04T06:02:15Z,2026-10-04T06:02:15Z,0
32414,518863,Sironko Bugusege NARO,1.3301129163684409,33.67749128727189,1791077400000,2026-10-04T01:30:00+00:00,2026-10-04T04:30:00+03:00,19.54,0.0,98.05447,79.84,5.703822,,,,2026-10-04T06:17:15Z,2026-10-04T06:17:15Z,0
28210,514564,Kiryandongo KiryandongoSF,-1.338837687838001,30.43596025320078,1791085200000,2026-10-04T03:40:00+00:00,2026-10-04T06:40:00+03:00,20.6,0.0,0.0,81.99,5.777066,7.516594,,,2026-10-04T05:11:19Z,2026-10-04T06:17:15Z,0
30252,49521,Kyenjojo KyenjojoMC,0.6130612575199993,30.641008786833954,1791085500000,2026-10-04T03:45:00+00:00,2026-10-04T06:45:00+03:00,17.01991,0.0,0.3967346,83.67133,0.0,0.0,,,2026-10-04T05:11:19Z,2026-10-04T05:11:19Z,0
30518,45678,Kwania AdukuTC,2.0141834426175826,32.722869192593286,1791087300000,2026-10-04T04:15:00+00:00,2026-10-04T07:15:00+03:00,18.65,0.0,46.05173,999.0,0.0,0.0,,rh_sensor_suspect,2026-10-04T05:11:19Z,2026-10-04T05:17:15Z,0
33112,45718,Kaliro KaliroTC3,0.3200660892230024,30.52341859895648,1791087300000,2026-10-04T04:15:00+00:00,2026-10-04T07:15:00+03:00,0.0,0.0,0.0,0.0,1.074235,1.086442,,temp_rh_dead,2026-10-04T05:11:19Z,2026-10-04T05:32:16Z,0
25494,45719,Wakiso KawandaNARO,0.5757356735589316,32.2094519796799,1791088200000,2026-10-04T04:30:00+00:00,2026-10-04T07:30:00+03:00,19.62616,0.0,55.02403,100.0,0.0,,,,2026-10-04T05:11:19Z,2026-10-04T05:11:19Z,0
29036,514566,Nabilatuk Nabuin ZARDI,1.716485049322414,34.51313788762028,1791088200000,2026-10-04T04:30:00+00:00,2026-10-04T07:30:00+03:00,25.79,0.0,0.0,39.63,26.99794,,,,2026-10-04T05:11:19Z,2026-10-04T05:32:16Z,0
29407,860737,Soroti Airfield,1.7125019696651427,33.60989885031907,1791088200000,2026-10-04T04:30:00+00:00,2026-10-04T07:30:00+03:00,21.0,0.0,166.4759,98.6,5.81323,,,,2026-10-04T05:11:19Z,2026-10-04T05:11:19Z,0
8765,45675,Serere Bugondo,1.1032982147304293,33.65208682230397,1791089100000,2026-10-04T04:45:00+00:00,2026-10-04T07:45:00+03:00,23.61029,0.0,125.1545,71.09178,0.5371176,0.5584802,,,2026-10-04T05:11:19Z,2026-10-04T05:17:15Z,0
19410,511043,Rubanda KarengyereNARO,-1.500172417819356,29.80055712733001,1791089100000,2026-10-04T04:45:00+00:00,2026-10-04T07:45:00+03:00,15.28,0.0,85.48104,74.04,12.74296,,,,2026-10-04T05:11:19Z,2026-10-04T05:11:19Z,0
19913,512648,Rubanda Kachwekano,-1.2492907374261277,29.94650239241936,1791089100000,2026-10-04T04:45:00+00:00,2026-10-04T07:45:00+03:00,15.11101,0.0,66.31571,100.0,6.671245,7.772946,,,2026-10-04T05:11:19Z,2026-10-04T05:17:15Z,0
22494,511046,Bukedea BukedeaTC,1.344383477320109,34.65405915348999,1791089100000,2026-10-04T04:45:00+00:00,2026-10-04T07:45:00+03:00,22.01,0.0,241.3672,75.51,0.0,0.0,,,2026-10-04T05:11:19Z,2026-10-04T05:11:19Z,0
25894,44432,NARO Serere2,1.5498464368665708,33.471426852949406,1791089100000,2026-10-04T04:45:00+00:00,2026-10-04T07:45:00+03:00,23.9,0.0,213.4737,70.65,4.074159,6.83299,,,2026-10-04T05:11:19Z,2026-10-04T05:17:15Z,0
27630,514559,Gulu Airfield2,2.3315839569642756,32.403314261884674,1791089100000,2026-10-04T04:45:00+00:00,2026-10-04T07:45:00+03:00,22.58,0.0,163.3326,90.7,0.747692,,,,2026-10-04T05:11:19Z,2026-10-04T05:11:19Z,0
27771,853292,Palisa PallisaTC2,1.2019752388359248,33.32467996636534,1791089100000,2026-10-04T04:45:00+00:00,2026-10-04T07:45:00+03:00,23.17,0.0,125.0324,96.58,0.2319371,,,,2026-10-04T05:11:19Z,2026-10-04T05:17:15Z,0
28282,49381,Amolatar NamasaleHCIII2,1.890942556037648,33.03500809176537,1791089100000,2026-10-04T04:45:00+00:00,2026-10-04T07:45:00+03:00,24.32,0.0,171.3893,85.54,5.468833,8.529793,,,2026-10-04T05:11:19Z,2026-10-04T05:11:19Z,0
28465,518272,Nabilatuk NabilatukDLG,2.0853119097380035,34.60581875063605,1791089100000,2026-10-04T04:45:00+00:00,2026-10-04T07:45:00+03:00,25.5,0.0,285.2522,41.57,13.10552,17.50561,,,2026-10-04T05:11:19Z,2026-10-04T05:11:19Z,0
28650,518275,Nakapiripirit NabulengerHCII,1.8399992209235494,34.569297846559095,1791089100000,2026-10-04T04:45:00+00:00,2026-10-04T07:45:00+03:00,23.74,0.0,278.294,51.56,0.6550698,0.6756695,,,2026-10-04T05:11:19Z,2026-10-04T05:17:15Z,0
29180,517853,Moroto RupaSC,2.582841223352566,34.66924742947938,1791089100000,2026-10-04T04:45:00+00:00,2026-10-04T07:45:00+03:00,26.57,0.0,152.7123,38.76,12.1767,17.7554,,,2026-10-04T05:11:19Z,2026-10-04T05:11:19Z,0
29561,514560,Kikuube Hoima Airport,1.4920191900781956,31.31796244549898,1791089100000,2026-10-04T04:45:00+00:00,2026-10-04T07:45:00+03:00,22.29,0.0,12.93965,89.34,2.500801,,,,2026-10-04T05:11:19Z,2026-10-04T05:11:19Z,0
29756,862010,Nakasongola KalungiSC,1.2852342933913012,32.662599686414936,1791089100000,2026-10-04T04:45:00+00:00,2026-10-04T07:45:00+03:00,22.61082,0.0,88.04456,84.45564,0.2380407,3.598077,,,2026-10-04T05:11:19Z,2026-10-04T05:11:19Z,0
29892,516056,Budaka BudakaTC2,0.11576196513474404,33.453613566274235,1791089100000,2026-10-04T04:45:00+00:00,2026-10-04T07:45:00+03:00,21.78,0.0,118.1659,100.0,6.347754,,,,2026-10-04T05:11:19Z,2026-10-04T05:11:19Z,0
30220,45708,Dokolo DokoloTC,1.914993229491238,33.176049575854904,1791089100000,2026-10-04T04:45:00+00:00,2026-10-04T07:45:00+03:00,23.56756,0.0,142.3362,64.12909,0.5273518,0.5561914,,,2026-10-04T05:11:19Z,2026-10-04T05:11:19Z,0
30347,860738,Bulambuli BuginyanyaNARO,1.2292008829492236,34.512188495373756,1791089100000,2026-10-04T04:45:00+00:00,2026-10-04T07:45:00+03:00,18.6,0.0,26.73381,79.71,0.1029984,,,,2026-10-04T05:11:19Z,2026-10-04T05:17:15Z,0
30381,45666,Mukono NtawoNARO,0.37885800528124053,32.7292665823493,1791089100000,2026-10-04T04:45:00+00:00,2026-10-04T07:45:00+03:00,20.52491,0.0,35.67559,100.0,3.207446,4.953079,,,2026-10-04T05:11:19Z,2026-10-04T05:11:19Z,0
30411,45716,Lwengo KamenyamigoNARO,-0.28429808513865706,31.664636340132986,1791089100000,2026-10-04T04:45:00+00:00,2026-10-04T07:45:00+03:00,19.98,0.0,74.7692,90.15,0.531014,0.6012055,,,2026-10-04T05:11:19Z,2026-10-04T05:17:15Z,0
30600,514575,Buvuma BuvumaCollege,0.20227217732623182,33.298299581212675,1791089100000,2026-10-04T04:45:00+00:00,2026-10-04T07:45:00+03:00,23.18,0.0,70.7103,100.0,0.5561914,,,,2026-10-04T05:11:19Z,2026-10-04T05:11:19Z,0
12322,853288,Mukono MpomaNARO,0.4283966588777295,32.76213604190826,1791090000000,2026-10-04T05:00:00+00:00,2026-10-04T08:00:00+03:00,20.68513,0.0,49.86648,99.99542,0.2224765,,,,2026-10-04T05:11:19Z,2026-10-04T05:17:15Z,0
14926,45633,NARO NaFIRRI,1.2369277861017918,34.56704375600076,1791090000000,2026-10-04T05:00:00+00:00,2026-10-04T08:00:00+03:00,-39.91302,0.0,101.6556,0.09765774,1.501488,4.016175,,temp_sensor_suspect,2026-10-04T05:11:19Z,2026-10-04T05:32:16Z,0
18675,511038,Bushenyi KyamuhungaTC,-0.43140075953825036,30.06284619401695,1791090000000,2026-10-04T05:00:00+00:00,2026-10-04T08:00:00+03:00,22.68,0.0,263.4318,74.63,4.550241,5.593957,,,2026-10-04T05:11:19Z,2026-10-04T05:17:15Z,0
18831,511028,Kibuku KadamaTC,1.230158490836445,33.75766971001673,1791090000000,2026-10-04T05:00:00+00:00,2026-10-04T08:00:00+03:00,22.51,0.0,264.9577,100.0,5.252155,7.248035,,,2026-10-04T05:11:19Z,2026-10-04T05:17:15Z,0
19036,511025,Kumi Mukongoro,1.3213023670796662,33.886075111016034,1791090000000,2026-10-04T05:00:00+00:00,2026-10-04T08:00:00+03:00,22.07,0.0,16.32715,86.72,0.4974441,0.561532,,,2026-10-04T05:11:19Z,2026-10-04T05:17:15Z,0
19216,511040,Ngora Kobwin,1.3996404514823648,33.746259878723855,1791090000000,2026-10-04T05:00:00+00:00,2026-10-04T08:00:00+03:00,22.8,0.0,211.0323,75.39,0.5981537,0.6164645,,,2026-10-04T05:11:19Z,2026-10-04T05:17:15Z,0
19410,511043,Rubanda KarengyereNARO,-1.500172417819356,29.80055712733001,1791090000000,2026-10-04T05:00:00+00:00,2026-10-04T08:00:00+03:00,15.93,0.0,100.6485,72.64,13.18379,,,,2026-10-04T05:17:15Z,2026-10-04T05:17:15Z,0
19560,511036,Rukungiri RukungiriTC,-0.7824612451972481,29.919168920717752,1791090000000,2026-10-04T05:00:00+00:00,2026-10-04T08:00:00+03:00,19.86,0.0,75.68475,80.94,7.251088,,,,2026-10-04T05:11:19Z,2026-10-04T05:17:15Z,0
19644,511034,Ntungamo RukoneEast,-0.9026492749586166,30.53713188060457,1791090000000,2026-10-04T05:00:00+00:00,2026-10-04T08:00:00+03:00,18.77,0.0,174.8684,100.0,7.73312,,,,2026-10-04T05:11:19Z,2026-10-04T05:17:15Z,0
19689,511063,Isingiro Mbaale SC,-0.8229276501909935,30.80641202589177,1791090000000,2026-10-04T05:00:00+00:00,2026-10-04T08:00:00+03:00,21.24,0.0,154.0246,87.67,4.165713,5.453575,,,2026-10-04T05:11:19Z,2026-10-04T05:17:15Z,0
20513,512647,Kitgum2 KitgumMC,3.329416943369524,33.176767183806454,1791090000000,2026-10-04T05:00:00+00:00,2026-10-04T08:00:00+03:00,22.43,0.0,254.2153,96.26,2.224765,,,,2026-10-04T05:11:19Z,2026-10-04T05:17:15Z,0
21602,44434,Mbarara NARO,-0.33912497379417256,30.53875374336554,1791090000000,2026-10-04T05:00:00+00:00,2026-10-04T08:00:00+03:00,16.73,0.0,48.82887,999.0,0.0,0.0,,rh_sensor_suspect,2026-10-04T05:11:19Z,2026-10-04T05:17:15Z,0
22494,511046,Bukedea BukedeaTC,1.344383477320109,34.65405915348999,1791090000000,2026-10-04T05:00:00+00:00,2026-10-04T08:00:00+03:00,22.49,0.0,311.6808,73.56,0.0,0.0,,,2026-10-04T05:17:15Z,2026-10-04T05:17:15Z,0
22531,514574,Ntungamo NtungamoTC,-0.8743084927533056,30.25887027699915,1791090000000,2026-10-04T05:00:00+00:00,2026-10-04T08:00:00+03:00,17.03,0.0,75.62372,99.99,0.7812619,,,,2026-10-04T05:11:19Z,2026-10-04T05:11:19Z,0
22745,860739,Tororo TororoMC,0.7363404161562512,34.16750975530811,1791090000000,2026-10-04T05:00:00+00:00,2026-10-04T08:00:00+03:00,22.35,,59.05241,72.44,1.266499,,rain_mm,,2026-10-04T05:11:19Z,2026-10-04T05:17:15Z,0
23068,44186,Hoima Bulindi,1.4649547824354439,31.438459956597924,1791090000000,2026-10-04T05:00:00+00:00,2026-10-04T08:00:00+03:00,22.38194,0.0,134.7677,97.52346,0.7168689,,,,2026-10-04T05:11:19Z,2026-10-04T05:17:15Z,0
23570,860744,Kabarole KyembogoNARO,0.7373272793620456,30.378182216821177,1791090000000,2026-10-04T05:00:00+00:00,2026-10-04T08:00:00+03:00,17.87594,0.0,93.04951,99.99237,0.64271,0.6550698,,,2026-10-04T05:11:19Z,2026-10-04T05:17:15Z,0
24597,511024,Kanungu KirimaSC,-0.8665190597972187,29.750001331073445,1791090000000,2026-10-04T05:00:00+00:00,2026-10-04T08:00:00+03:00,19.09,0.0,109.2546,100.0,1.30312,3.064012,,,2026-10-04T05:11:19Z,2026-10-04T05:17:15Z,0
25494,45719,Wakiso KawandaNARO,0.5757356735589316,32.2094519796799,1791090000000,2026-10-04T05:00:00+00:00,2026-10-04T08:00:00+03:00,20.05341,0.0,77.91256,100.0,0.0,,,,2026-10-04T05:17:15Z,2026-10-04T05:17:15Z,0
25858,860733,Masindi MasindiMC,1.6873183106449883,31.720847713796427,1791090000000,2026-10-04T05:00:00+00:00,2026-10-04T08:00:00+03:00,24.5,0.0,256.1379,98.6,0.06408789,,,,2026-10-04T05:11:19Z,2026-10-04T05:17:15Z,0
26314,511026,Buhweju BuhwejuTC,-0.36217852027400727,30.438745738821645,1791090000000,2026-10-04T05:00:00+00:00,2026-10-04T08:00:00+03:00,15.04845,0.0,13.73312,100.0,0.3845274,,,,2026-10-04T05:11:19Z,2026-10-04T05:17:15Z,0
26350,516055,Bushenyi PIBID2,-0.34476582916148607,30.12697463332902,1791090000000,2026-10-04T05:00:00+00:00,2026-10-04T08:00:00+03:00,14.28,0.0,186.6789,95.43,2.246128,2.261387,,,2026-10-04T05:11:19Z,2026-10-04T05:17:15Z,0
26371,514572,EntebbeCity NMTS,0.002068145970468316,32.47029039760271,1791090000000,2026-10-04T05:00:00+00:00,2026-10-04T08:00:00+03:00,21.78,0.0,0.0,81.5,2.499428,3.115892,,,2026-10-04T05:11:19Z,2026-10-04T05:17:15Z,0
26934,863098,Kampala LubigiNWSC,0.3440953682915257,32.54509647954191,1791090000000,2026-10-04T05:00:00+00:00,2026-10-04T08:00:00+03:00,20.79042,0.0,6.073091,99.99847,1.547265,2.298009,,,2026-10-04T05:11:19Z,2026-10-04T05:17:15Z,0
27204,515136,Kirihura MburoNP,-0.32644602379535037,30.558912625750658,1791090000000,2026-10-04T05:00:00+00:00,2026-10-04T08:00:00+03:00,,0.0,28.71748,,0.0,0.2624552,t_air_c;rh_pct,,2026-10-04T05:11:19Z,2026-10-04T05:17:15Z,0
27429,853290,Tororo MoroTC,1.347804683283513,33.56157669447344,1791090000000,2026-10-04T05:00:00+00:00,2026-10-04T08:00:00+03:00,21.58,0.0,227.512,94.87,0.982681,3.11284,,,2026-10-04T05:11:19Z,2026-10-04T05:17:15Z,0
27592,514557,Kampala MakerereUnv3,0.33461539452981,32.571512848339765,1791090000000,2026-10-04T05:00:00+00:00,2026-10-04T08:00:00+03:00,20.95,0.0,95.09422,87.76,0.6347753,1.858549,,,2026-10-04T05:11:19Z,2026-10-04T05:11:19Z,0
27630,514559,Gulu Airfield2,2.3315839569642756,32.403314261884674,1791090000000,2026-10-04T05:00:00+00:00,2026-10-04T08:00:00+03:00,24.16,0.0,247.1962,83.21,0.5157549,,,,2026-10-04T05:17:15Z,2026-10-04T05:17:15Z,0
27651,514554,Lamwo LamwoTC,3.5293008898067413,32.800069272228264,1791090000000,2026-10-04T05:00:00+00:00,2026-10-04T08:00:00+03:00,24.84,0.0,23.71252,69.09,1.092546,3.329518,,,2026-10-04T05:11:19Z,2026-10-04T05:17:15Z,0
28133,514567,Rukiga RwamuchuchuSC,-1.147093805481443,30.065473322928664,1791090000000,2026-10-04T05:00:00+00:00,2026-10-04T08:00:00+03:00,13.94,0.0,79.01122,100.0,0.0,0.4547188,,,2026-10-04T05:11:19Z,2026-10-04T05:11:19Z,0
28247,853287,KaberamaidoTC,1.3267002801667445,33.24551213582627,1791090000000,2026-10-04T05:00:00+00:00,2026-10-04T08:00:00+03:00,23.74762,0.0,272.343,64.48615,7.711909,10.70878,,,2026-10-04T05:11:19Z,2026-10-04T05:11:19Z,0
28282,49381,Amolatar NamasaleHCIII2,1.890942556037648,33.03500809176537,1791090000000,2026-10-04T05:00:00+00:00,2026-10-04T08:00:00+03:00,25.53,0.0,234.5617,80.96,5.545129,8.163577,,,2026-10-04T05:17:15Z,2026-10-04T05:17:15Z,0
28465,518272,Nabilatuk NabilatukDLG,2.0853119097380035,34.60581875063605,1791090000000,2026-10-04T05:00:00+00:00,2026-10-04T08:00:00+03:00,26.3,0.0,356.9085,39.15,16.22843,22.44541,,,2026-10-04T05:17:15Z,2026-10-04T05:17:15Z,0
28835,518279,Karenga KidepoAirfield,3.433006937417964,33.45274286601015,1791090000000,2026-10-04T05:00:00+00:00,2026-10-04T08:00:00+03:00,27.22,0.0,269.5964,44.02,18.05142,,,,2026-10-04T05:11:19Z,2026-10-04T05:17:15Z,0
28935,518278,Kaabong SidokHCIII,3.3616463406052675,34.12346082801267,1791090000000,2026-10-04T05:00:00+00:00,2026-10-04T08:00:00+03:00,24.91,0.0,228.6717,46.27,23.49584,,,,2026-10-04T05:11:19Z,2026-10-04T05:17:15Z,0
29180,517853,Moroto RupaSC,2.582841223352566,34.66924742947938,1791090000000,2026-10-04T05:00:00+00:00,2026-10-04T08:00:00+03:00,26.57,0.0,152.7123,38.76,12.1767,17.7554,,,2026-10-04T05:17:15Z,2026-10-04T05:17:15Z,0
29306,514576,Butaleja ButalejaTC,0.6919682458015968,34.09885656329347,1791090000000,2026-10-04T05:00:00+00:00,2026-10-04T08:00:00+03:00,22.48,0.0,283.1769,95.09,0.64271,,,,2026-10-04T05:11:19Z,2026-10-04T05:17:15Z,1
29347,862041,Kabale KabaleMC,-1.2542908115437144,29.987880749577656,1791090000000,2026-10-04T05:00:00+00:00,2026-10-04T08:00:00+03:00,14.53,0.0,80.41505,92.24,0.5026322,,,,2026-10-04T05:11:19Z,2026-10-04T05:11:19Z,0
29366,860740,Kasese Airfield,0.16776145042270435,30.06946870555926,1791090000000,2026-10-04T05:00:00+00:00,2026-10-04T08:00:00+03:00,21.25,0.0,180.2396,91.66,1.495537,,,,2026-10-04T05:11:19Z,2026-10-04T05:11:19Z,0
29407,860737,Soroti Airfield,1.7125019696651427,33.60989885031907,1791090000000,2026-10-04T05:00:00+00:00,2026-10-04T08:00:00+03:00,23.03,0.0,291.6304,91.46,6.023346,,,,2026-10-04T05:17:15Z,2026-10-04T05:17:15Z,0
29432,514563,Kikuube Hoima Sugar,1.250555426321004,31.194469848676302,1791090000000,2026-10-04T05:00:00+00:00,2026-10-04T08:00:00+03:00,20.6,,,,,,rain_mm;solar_wm2;rh_pct;wind_kmh;wind_max_kmh,,2026-10-04T05:11:19Z,2026-10-04T05:17:15Z,0
29497,514558,Bulisa ButiabaHydro,2.1126939171888264,31.436768666464783,1791090000000,2026-10-04T05:00:00+00:00,2026-10-04T08:00:00+03:00,25.23,0.0,79.07225,75.61,2.261845,,,,2026-10-04T05:11:19Z,2026-10-04T05:17:15Z,0
29529,514573,Bundibugyo BundibugyoTC,0.8026268481642997,30.27578425237216,1791090000000,2026-10-04T05:00:00+00:00,2026-10-04T08:00:00+03:00,21.51,0.0,0.0,82.64,5.104601,,,,2026-10-04T05:11:19Z,2026-10-04T05:17:15Z,0
29561,514560,Kikuube Hoima Airport,1.4920191900781956,31.31796244549898,1791090000000,2026-10-04T05:00:00+00:00,2026-10-04T08:00:00+03:00,23.26,0.0,11.5053,77.37,0.9517052,,,,2026-10-04T05:17:15Z,2026-10-04T05:17:15Z,0
29593,514561,Pallisa KasodoSC,1.2320044388064466,33.6019957700963,1791090000000,2026-10-04T05:00:00+00:00,2026-10-04T08:00:00+03:00,22.4,0.0,227.1458,93.33,0.6015106,,,,2026-10-04T05:11:19Z,2026-10-04T05:17:15Z,0
29756,862010,Nakasongola KalungiSC,1.2852342933913012,32.662599686414936,1791090000000,2026-10-04T05:00:00+00:00,2026-10-04T08:00:00+03:00,24.65553,0.0,157.351,78.35661,0.8606088,7.254139,,,2026-10-04T05:17:15Z,2026-10-04T05:17:15Z,0
29787,862013,Kamuli Namasagali,1.0190806821802028,32.949594981070824,1791090000000,2026-10-04T05:00:00+00:00,2026-10-04T08:00:00+03:00,20.99,0.0,47.27245,100.0,4.171817,6.042573,,,2026-10-04T05:11:19Z,2026-10-04T05:11:19Z,0
29823,860732,Kotido KotidoTC,3.007038604042491,34.10733499015392,1791090000000,2026-10-04T05:00:00+00:00,2026-10-04T08:00:00+03:00,25.93,0.0,271.7327,60.62,0.03707942,0.5891508,,,2026-10-04T05:11:19Z,2026-10-04T05:17:15Z,0
29892,516056,Budaka BudakaTC2,0.11576196513474404,33.453613566274235,1791090000000,2026-10-04T05:00:00+00:00,2026-10-04T08:00:00+03:00,22.26,0.0,258.8846,99.42,4.36408,,,,2026-10-04T05:17:15Z,2026-10-04T05:17:15Z,0
29932,514577,Namutumba NamutumbaTC2,1.9758008082349363,33.56106699819666,1791090000000,2026-10-04T05:00:00+00:00,2026-10-04T08:00:00+03:00,22.88,0.0,157.7783,99.35,0.0,0.4699779,,,2026-10-04T05:11:19Z,2026-10-04T05:17:15Z,0
30001,860741,Mbarara MbararaMC,-0.6104058469568668,30.637128687200217,1791090000000,2026-10-04T05:00:00+00:00,2026-10-04T08:00:00+03:00,18.19,0.0,50.81254,100.0,4.297093,5.912108,,,2026-10-04T05:11:19Z,2026-10-04T05:17:15Z,0
30033,45670,Apac ApacTC,1.9892647841094635,32.531624149345156,1791090000000,2026-10-04T05:00:00+00:00,2026-10-04T08:00:00+03:00,20.73,0.0,0.0,100.0,0.0,0.0,,,2026-10-04T05:11:19Z,2026-10-04T05:17:15Z,0
30143,860494,Lira NARONgetta,2.1557054334938868,32.88785061975556,1791090000000,2026-10-04T05:00:00+00:00,2026-10-04T08:00:00+03:00,21.48,0.0,331.426,99.13,2.249485,,,,2026-10-04T05:11:19Z,2026-10-04T05:17:15Z,1
30220,45708,Dokolo DokoloTC,1.914993229491238,33.176049575854904,1791090000000,2026-10-04T05:00:00+00:00,2026-10-04T08:00:00+03:00,24.63416,0.0,196.8719,62.61692,0.5314717,0.5973907,,,2026-10-04T05:17:15Z,2026-10-04T05:17:15Z,0
30252,49521,Kyenjojo KyenjojoMC,0.6130612575199993,30.641008786833954,1791090000000,2026-10-04T05:00:00+00:00,2026-10-04T08:00:00+03:00,20.57526,0.0,213.9315,69.85275,0.1007095,0.5249103,,,2026-10-04T05:17:15Z,2026-10-04T05:17:15Z,0
30283,514568,Kampala KyambogoUnv2,0.3228582483254613,32.59455916940114,1791090000000,2026-10-04T05:00:00+00:00,2026-10-04T08:00:00+03:00,21.36,0.0,88.07507,90.58,0.6262302,0.6385901,,,2026-10-04T05:11:19Z,2026-10-04T05:11:19Z,0
30316,860746,Mayuge IkulweNARO,0.4388712184461232,33.476196856980515,1791090000000,2026-10-04T05:00:00+00:00,2026-10-04T08:00:00+03:00,,0.0,25.48256,,1.067063,,t_air_c;rh_pct,,2026-10-04T05:11:19Z,2026-10-04T05:17:15Z,0
30381,45666,Mukono NtawoNARO,0.37885800528124053,32.7292665823493,1791090000000,2026-10-04T05:00:00+00:00,2026-10-04T08:00:00+03:00,20.97658,0.0,41.41299,100.0,2.450599,3.930724,,,2026-10-04T05:17:15Z,2026-10-04T05:32:16Z,0
30476,518276,Moroto Airfield,2.499539862843011,34.60336771655714,1791090000000,2026-10-04T05:00:00+00:00,2026-10-04T08:00:00+03:00,25.52,0.0,323.6744,43.5,16.10895,,,,2026-10-04T05:11:19Z,2026-10-04T05:17:15Z,0
30600,514575,Buvuma BuvumaCollege,0.20227217732623182,33.298299581212675,1791090000000,2026-10-04T05:00:00+00:00,2026-10-04T08:00:00+03:00,23.73,0.0,141.1765,100.0,3.19707,,,,2026-10-04T05:17:15Z,2026-10-04T05:17:15Z,0
30695,514556,EntebbeCity AirportNMC,-0.34891969990053573,30.46770493505511,1791090000000,2026-10-04T05:00:00+00:00,2026-10-04T08:00:00+03:00,21.75,0.0,102.9374,83.48,5.227741,6.802472,,,2026-10-04T05:11:19Z,2026-10-04T05:17:15Z,0
30757,860735,Arua Airfield,3.022727728757243,30.902049741391995,1791090000000,2026-10-04T05:00:00+00:00,2026-10-04T08:00:00+03:00,21.67,0.0,225.8641,100.0,2.160677,3.06096,,,2026-10-04T05:11:19Z,2026-10-04T05:17:15Z,0
30820,518844,Kanungu MatandaHCIII,-0.6465365596528061,29.742748867338342,1791090000000,2026-10-04T05:00:00+00:00,2026-10-04T08:00:00+03:00,20.91,0.0,0.0,90.55,4.403754,5.383383,,,2026-10-04T05:11:19Z,2026-10-04T05:11:19Z,0
31441,518845,Kapchorwa KapchorwaTC,1.3911330664844062,34.44711975629734,1791090000000,2026-10-04T05:00:00+00:00,2026-10-04T08:00:00+03:00,,0.0,,,0.0,0.2899214,t_air_c;rh_pct,,2026-10-04T05:11:19Z,2026-10-04T05:17:15Z,0
31495,518862,Kapchorwa SipiTC,1.2267354469379133,34.365906405123326,1791090000000,2026-10-04T05:00:00+00:00,2026-10-04T08:00:00+03:00,23.76,0.0,0.0,35.97,2.99382,4.773022,,,2026-10-04T05:11:19Z,2026-10-04T05:17:15Z,0
31567,518860,Bulambuli Bunambutye HCIII,1.456486355349107,34.36072118430061,1791090000000,2026-10-04T05:00:00+00:00,2026-10-04T08:00:00+03:00,26.37,0.0,6.103609,42.04,6.411841,8.395514,,,2026-10-04T05:11:19Z,2026-10-04T05:32:16Z,0
31712,518846,Sironko SironkoTC,1.2330289483318788,34.24436423053502,1791090000000,2026-10-04T05:00:00+00:00,2026-10-04T08:00:00+03:00,22.44,0.0,104.9515,73.66,2.532998,3.72015,,,2026-10-04T05:11:19Z,2026-10-04T05:17:15Z,0
31809,518861,Bulambuli Bulegeni NARO,1.2990504672186247,34.322697246680406,1791090000000,2026-10-04T05:00:00+00:00,2026-10-04T08:00:00+03:00,24.69,0.0,5.61532,58.81,1.953155,4.791333,,,2026-10-04T05:11:19Z,2026-10-04T05:17:15Z,0
32252,518843,Isingiro KabuyandaTC,-0.9482535956706091,30.623306857245286,1791090000000,2026-10-04T05:00:00+00:00,2026-10-04T08:00:00+03:00,18.75,0.0,0.0,76.83,1.171893,2.624552,,,2026-10-04T05:11:19Z,2026-10-04T05:17:15Z,0
33816,512617,Buyende Kidera1,1.1427018347181084,33.27926712214954,1791090000000,2026-10-04T05:00:00+00:00,2026-10-04T08:00:00+03:00,25.93881,0.0,265.0187,67.97742,0.0,0.0,,,2026-10-04T05:11:19Z,2026-10-04T05:17:15Z,0
28133,514567,Rukiga RwamuchuchuSC,-1.147093805481443,30.065473322928664,1791090600000,2026-10-04T05:10:00+00:00,2026-10-04T08:10:00+03:00,13.93,0.0,89.99771,100.0,0.0,0.451667,,,2026-10-04T05:17:15Z,2026-10-04T05:17:15Z,0
28247,853287,KaberamaidoTC,1.3267002801667445,33.24551213582627,1791090600000,2026-10-04T05:10:00+00:00,2026-10-04T08:10:00+03:00,24.10468,0.0,313.4508,63.64691,6.976425,9.716946,,,2026-10-04T05:17:15Z,2026-10-04T05:17:15Z,0
30820,518844,Kanungu MatandaHCIII,-0.6465365596528061,29.742748867338342,1791090600000,2026-10-04T05:10:00+00:00,2026-10-04T08:10:00+03:00,21.83,0.0,0.0,86.07,4.138247,4.940871,,,2026-10-04T05:17:15Z,2026-10-04T05:17:15Z,0
31441,518845,Kapchorwa KapchorwaTC,1.3911330664844062,34.44711975629734,1791090600000,2026-10-04T05:10:00+00:00,2026-10-04T08:10:00+03:00,,0.0,,,0.0,0.2990768,t_air_c;rh_pct,,2026-10-04T05:32:16Z,2026-10-04T05:32:16Z,0
8765,45675,Serere Bugondo,1.1032982147304293,33.65208682230397,1791090900000,2026-10-04T05:15:00+00:00,2026-10-04T08:15:00+03:00,27.29686,0.0,290.7759,59.11192,0.5493248,0.5584802,,,2026-10-04T05:32:16Z,2026-10-04T05:32:16Z,0
12322,853288,Mukono MpomaNARO,0.4283966588777295,32.76213604190826,1791090900000,2026-10-04T05:15:00+00:00,2026-10-04T08:15:00+03:00,21.35653,0.0,65.24757,98.94408,0.6097505,,,,2026-10-04T05:32:16Z,2026-10-04T05:32:16Z,0
18831,511028,Kibuku KadamaTC,1.230158490836445,33.75766971001673,1791090900000,2026-10-04T05:15:00+00:00,2026-10-04T08:15:00+03:00,22.72,0.0,333.0129,99.76,4.409857,6.405737,,,2026-10-04T05:32:16Z,2026-10-04T05:32:16Z,0
19036,511025,Kumi Mukongoro,1.3213023670796662,33.886075111016034,1791090900000,2026-10-04T05:15:00+00:00,2026-10-04T08:15:00+03:00,23.93,0.0,16.54078,81.13,0.5096514,0.5859464,,,2026-10-04T05:32:16Z,2026-10-04T05:32:16Z,0
19216,511040,Ngora Kobwin,1.3996404514823648,33.746259878723855,1791090900000,2026-10-04T05:15:00+00:00,2026-10-04T08:15:00+03:00,23.69,0.0,289.3721,69.11,2.471961,3.634699,,,2026-10-04T05:32:16Z,2026-10-04T05:32:16Z,0
19410,511043,Rubanda KarengyereNARO,-1.500172417819356,29.80055712733001,1791090900000,2026-10-04T05:15:00+00:00,2026-10-04T08:15:00+03:00,15.78,0.0,69.88632,73.87,13.43511,,,,2026-10-04T05:32:16Z,2026-10-04T05:32:16Z,0
19560,511036,Rukungiri RukungiriTC,-0.7824612451972481,29.919168920717752,1791090900000,2026-10-04T05:15:00+00:00,2026-10-04T08:15:00+03:00,20.25,0.2,74.61662,80.9,5.252918,,,,2026-10-04T05:32:16Z,2026-10-04T05:32:16Z,0
19644,511034,Ntungamo RukoneEast,-0.9026492749586166,30.53713188060457,1791090900000,2026-10-04T05:15:00+00:00,2026-10-04T08:15:00+03:00,19.56,0.0,154.5739,100.0,2.010529,,,,2026-10-04T05:32:16Z,2026-10-04T05:32:16Z,0
19689,511063,Isingiro Mbaale SC,-0.8229276501909935,30.80641202589177,1791090900000,2026-10-04T05:15:00+00:00,2026-10-04T08:15:00+03:00,21.5,0.0,145.449,83.75,3.411917,5.050736,,,2026-10-04T05:32:16Z,2026-10-04T05:32:16Z,0
19913,512648,Rubanda Kachwekano,-1.2492907374261277,29.94650239241936,1791090900000,2026-10-04T05:15:00+00:00,2026-10-04T08:15:00+03:00,15.61608,0.0,98.02396,100.0,5.572595,7.559319,,,2026-10-04T05:32:16Z,2026-10-04T05:32:16Z,0
21602,44434,Mbarara NARO,-0.33912497379417256,30.53875374336554,1791090900000,2026-10-04T05:15:00+00:00,2026-10-04T08:15:00+03:00,17.37,0.0,54.77989,999.0,1.916533,3.897154,,rh_sensor_suspect,2026-10-04T05:32:16Z,2026-10-04T05:32:16Z,0
22494,511046,Bukedea BukedeaTC,1.344383477320109,34.65405915348999,1791090900000,2026-10-04T05:15:00+00:00,2026-10-04T08:15:00+03:00,23.08,0.0,370.489,74.14,0.0,0.0,,,2026-10-04T05:32:16Z,2026-10-04T05:32:16Z,0
22531,514574,Ntungamo NtungamoTC,-0.8743084927533056,30.25887027699915,1791090900000,2026-10-04T05:15:00+00:00,2026-10-04T08:15:00+03:00,17.57,0.0,115.6023,99.4,0.6012055,,,,2026-10-04T05:17:15Z,2026-10-04T05:32:16Z,1
23068,44186,Hoima Bulindi,1.4649547824354439,31.438459956597924,1791090900000,2026-10-04T05:15:00+00:00,2026-10-04T08:15:00+03:00,23.06096,0.0,158.938,96.49042,0.7292286,,,,2026-10-04T05:32:16Z,2026-10-04T05:32:16Z,0
23570,860744,Kabarole KyembogoNARO,0.7373272793620456,30.378182216821177,1791090900000,2026-10-04T05:15:00+00:00,2026-10-04T08:15:00+03:00,19.25079,0.0,218.5397,99.9176,0.6385901,0.6674296,,,2026-10-04T05:32:16Z,2026-10-04T05:32:16Z,0
24597,511024,Kanungu KirimaSC,-0.8665190597972187,29.750001331073445,1791090900000,2026-10-04T05:15:00+00:00,2026-10-04T08:15:00+03:00,19.28,0.0,235.7519,100.0,2.105745,3.884947,,,2026-10-04T05:32:16Z,2026-10-04T05:32:16Z,0
25494,45719,Wakiso KawandaNARO,0.5757356735589316,32.2094519796799,1791090900000,2026-10-04T05:15:00+00:00,2026-10-04T08:15:00+03:00,20.99641,0.0,172.5795,97.02296,0.0,,,,2026-10-04T05:32:16Z,2026-10-04T05:32:16Z,0
25858,860733,Masindi MasindiMC,1.6873183106449883,31.720847713796427,1791090900000,2026-10-04T05:15:00+00:00,2026-10-04T08:15:00+03:00,24.99,0.0,319.8596,92.4,0.5218586,,,,2026-10-04T05:32:16Z,2026-10-04T05:32:16Z,0
26314,511026,Buhweju BuhwejuTC,-0.36217852027400727,30.438745738821645,1791090900000,2026-10-04T05:15:00+00:00,2026-10-04T08:15:00+03:00,15.70153,0.0,14.22141,100.0,0.03356985,,,,2026-10-04T05:32:16Z,2026-10-04T05:32:16Z,0
26350,516055,Bushenyi PIBID2,-0.34476582916148607,30.12697463332902,1791090900000,2026-10-04T05:15:00+00:00,2026-10-04T08:15:00+03:00,14.87,0.0,214.847,83.13,2.258335,2.276646,,,2026-10-04T05:32:16Z,2026-10-04T05:32:16Z,0
26371,514572,EntebbeCity NMTS,0.002068145970468316,32.47029039760271,1791090900000,2026-10-04T05:15:00+00:00,2026-10-04T08:15:00+03:00,22.32,0.0,0.0,80.49,3.183032,4.3122,,,2026-10-04T05:32:16Z,2026-10-04T05:32:16Z,0
26934,863098,Kampala LubigiNWSC,0.3440953682915257,32.54509647954191,1791090900000,2026-10-04T05:15:00+00:00,2026-10-04T08:15:00+03:00,21.91806,0.0,6.073091,94.92943,2.389563,3.311208,,,2026-10-04T05:32:16Z,2026-10-04T05:32:16Z,0
27204,515136,Kirihura MburoNP,-0.32644602379535037,30.558912625750658,1791090900000,2026-10-04T05:15:00+00:00,2026-10-04T08:15:00+03:00,,0.0,24.84169,,0.0,0.2746624,t_air_c;rh_pct,,2026-10-04T05:32:16Z,2026-10-04T05:32:16Z,0
27592,514557,Kampala MakerereUnv3,0.33461539452981,32.571512848339765,1791090900000,2026-10-04T05:15:00+00:00,2026-10-04T08:15:00+03:00,22.54,0.0,323.1556,79.81,0.9399558,2.658122,,,2026-10-04T05:17:15Z,2026-10-04T05:32:16Z,0
27771,853292,Palisa PallisaTC2,1.2019752388359248,33.32467996636534,1791090900000,2026-10-04T05:15:00+00:00,2026-10-04T08:15:00+03:00,24.55,0.0,267.9484,92.54,0.2990768,,,,2026-10-04T05:32:16Z,2026-10-04T05:32:16Z,0
28282,49381,Amolatar NamasaleHCIII2,1.890942556037648,33.03500809176537,1791090900000,2026-10-04T05:15:00+00:00,2026-10-04T08:15:00+03:00,26.09,0.0,285.2522,75.94,6.08835,8.74342,,,2026-10-04T05:32:16Z,2026-10-04T05:32:16Z,0
28465,518272,Nabilatuk NabilatukDLG,2.0853119097380035,34.60581875063605,1791090900000,2026-10-04T05:15:00+00:00,2026-10-04T08:15:00+03:00,27.48,0.0,428.3818,36.5,19.5491,28.98787,,,2026-10-04T05:32:16Z,2026-10-04T05:32:16Z,0
28650,518275,Nakapiripirit NabulengerHCII,1.8399992209235494,34.569297846559095,1791090900000,2026-10-04T05:15:00+00:00,2026-10-04T08:15:00+03:00,26.29,0.0,404.2115,45.05,0.6591898,0.6674296,,,2026-10-04T05:32:16Z,2026-10-04T05:32:16Z,0
28835,518279,Karenga KidepoAirfield,3.433006937417964,33.45274286601015,1791090900000,2026-10-04T05:15:00+00:00,2026-10-04T08:15:00+03:00,27.7,0.0,350.5608,42.36,23.07775,,,,2026-10-04T05:32:16Z,2026-10-04T05:32:16Z,0
29180,517853,Moroto RupaSC,2.582841223352566,34.66924742947938,1791090900000,2026-10-04T05:15:00+00:00,2026-10-04T08:15:00+03:00,27.58,0.0,312.3827,36.43,10.34256,16.69032,,,2026-10-04T05:32:16Z,2026-10-04T05:32:16Z,0
29306,514576,Butaleja ButalejaTC,0.6919682458015968,34.09885656329347,1791090900000,2026-10-04T05:15:00+00:00,2026-10-04T08:15:00+03:00,23.21,0.0,347.4479,85.73,0.6591898,,,,2026-10-04T05:32:16Z,2026-10-04T05:32:16Z,0
29347,862041,Kabale KabaleMC,-1.2542908115437144,29.987880749577656,1791090900000,2026-10-04T05:15:00+00:00,2026-10-04T08:15:00+03:00,15.2,0.0,109.2851,89.28,0.576791,,,,2026-10-04T05:17:15Z,2026-10-04T05:32:16Z,0
29366,860740,Kasese Airfield,0.16776145042270435,30.06946870555926,1791090900000,2026-10-04T05:15:00+00:00,2026-10-04T08:15:00+03:00,22.39,0.0,285.9236,84.13,5.13756,,,,2026-10-04T05:17:15Z,2026-10-04T05:32:16Z,0
29407,860737,Soroti Airfield,1.7125019696651427,33.60989885031907,1791090900000,2026-10-04T05:15:00+00:00,2026-10-04T08:15:00+03:00,23.88,0.0,343.8773,88.07,10.04028,,,,2026-10-04T05:32:16Z,2026-10-04T05:32:16Z,0
29432,514563,Kikuube Hoima Sugar,1.250555426321004,31.194469848676302,1791090900000,2026-10-04T05:15:00+00:00,2026-10-04T08:15:00+03:00,21.03,0.0,14.0383,86.56,0.0,0.4791333,,,2026-10-04T05:32:16Z,2026-10-04T05:32:16Z,0
29529,514573,Bundibugyo BundibugyoTC,0.8026268481642997,30.27578425237216,1791090900000,2026-10-04T05:15:00+00:00,2026-10-04T08:15:00+03:00,22.8,0.0,0.0,82.03,3.534905,,,,2026-10-04T05:32:16Z,2026-10-04T05:32:16Z,0
29561,514560,Kikuube Hoima Airport,1.4920191900781956,31.31796244549898,1791090900000,2026-10-04T05:15:00+00:00,2026-10-04T08:15:00+03:00,23.73,0.0,12.69551,79.15,4.227054,,,,2026-10-04T05:32:16Z,2026-10-04T05:32:16Z,0
29593,514561,Pallisa KasodoSC,1.2320044388064466,33.6019957700963,1791090900000,2026-10-04T05:15:00+00:00,2026-10-04T08:15:00+03:00,23.44,0.0,298.9853,100.0,0.5891508,,,,2026-10-04T05:32:16Z,2026-10-04T05:32:16Z,0
29756,862010,Nakasongola KalungiSC,1.2852342933913012,32.662599686414936,1791090900000,2026-10-04T05:15:00+00:00,2026-10-04T08:15:00+03:00,26.07919,0.0,212.314,75.73968,2.490272,9.274433,,,2026-10-04T05:32:16Z,2026-10-04T05:32:16Z,0
29787,862013,Kamuli Namasagali,1.0190806821802028,32.949594981070824,1791090900000,2026-10-04T05:15:00+00:00,2026-10-04T08:15:00+03:00,21.3,0.0,61.37178,100.0,3.817807,6.05478,,,2026-10-04T05:17:15Z,2026-10-04T05:32:16Z,1
29823,860732,Kotido KotidoTC,3.007038604042491,34.10733499015392,1791090900000,2026-10-04T05:15:00+00:00,2026-10-04T08:15:00+03:00,26.52,0.0,322.8504,59.09,0.0,0.0,,,2026-10-04T05:32:16Z,2026-10-04T05:47:15Z,0
29892,516056,Budaka BudakaTC2,0.11576196513474404,33.453613566274235,1791090900000,2026-10-04T05:15:00+00:00,2026-10-04T08:15:00+03:00,22.82,0.0,320.4395,93.2,3.607233,,,,2026-10-04T05:32:16Z,2026-10-04T05:32:16Z,0
29932,514577,Namutumba NamutumbaTC2,1.9758008082349363,33.56106699819666,1791090900000,2026-10-04T05:15:00+00:00,2026-10-04T08:15:00+03:00,23.79,0.0,324.5899,84.38,6.860456,10.34256,,,2026-10-04T05:32:16Z,2026-10-04T05:32:16Z,0
30001,860741,Mbarara MbararaMC,-0.6104058469568668,30.637128687200217,1791090900000,2026-10-04T05:15:00+00:00,2026-10-04T08:15:00+03:00,18.24,0.0,68.72664,99.87,1.829252,3.736782,,,2026-10-04T05:32:16Z,2026-10-04T05:32:16Z,0
30143,860494,Lira NARONgetta,2.1557054334938868,32.88785061975556,1791090900000,2026-10-04T05:15:00+00:00,2026-10-04T08:15:00+03:00,22.67,0.0,402.8687,93.31,1.157702,,,,2026-10-04T05:32:16Z,2026-10-04T05:32:16Z,0
30220,45708,Dokolo DokoloTC,1.914993229491238,33.176049575854904,1791090900000,2026-10-04T05:15:00+00:00,2026-10-04T08:15:00+03:00,25.0843,0.0,255.9854,61.64492,0.5067521,0.6138704,,,2026-10-04T05:32:16Z,2026-10-04T05:32:16Z,0
30252,49521,Kyenjojo KyenjojoMC,0.6130612575199993,30.641008786833954,1791090900000,2026-10-04T05:15:00+00:00,2026-10-04T08:15:00+03:00,21.70901,0.0,275.5779,64.02838,0.03356985,0.5096514,,,2026-10-04T05:32:16Z,2026-10-04T05:32:16Z,0
30283,514568,Kampala KyambogoUnv2,0.3228582483254613,32.59455916940114,1791090900000,2026-10-04T05:15:00+00:00,2026-10-04T08:15:00+03:00,21.64,0.0,88.07507,88.88,0.6262302,0.6262302,,,2026-10-04T05:17:15Z,2026-10-04T05:17:15Z,0
30316,860746,Mayuge IkulweNARO,0.4388712184461232,33.476196856980515,1791090900000,2026-10-04T05:15:00+00:00,2026-10-04T08:15:00+03:00,,0.0,24.84169,,4.103456,,t_air_c;rh_pct,,2026-10-04T05:32:16Z,2026-10-04T05:32:16Z,0
30347,860738,Bulambuli BuginyanyaNARO,1.2292008829492236,34.512188495373756,1791090900000,2026-10-04T05:15:00+00:00,2026-10-04T08:15:00+03:00,21.38,0.0,66.804,75.16,0.03295949,,,,2026-10-04T05:32:16Z,2026-10-04T05:47:15Z,0
30411,45716,Lwengo KamenyamigoNARO,-0.28429808513865706,31.664636340132986,1791090900000,2026-10-04T05:15:00+00:00,2026-10-04T08:15:00+03:00,21.96,0.0,277.1954,80.93,0.5340658,0.5523766,,,2026-10-04T05:32:16Z,2026-10-04T05:47:15Z,0
30476,518276,Moroto Airfield,2.499539862843011,34.60336771655714,1791090900000,2026-10-04T05:15:00+00:00,2026-10-04T08:15:00+03:00,26.21,0.0,392.0958,40.62,14.67109,,,,2026-10-04T05:32:16Z,2026-10-04T05:32:16Z,0
30518,45678,Kwania AdukuTC,2.0141834426175826,32.722869192593286,1791090900000,2026-10-04T05:15:00+00:00,2026-10-04T08:15:00+03:00,23.37,0.0,217.2579,99.39,0.0,0.0,,,2026-10-04T05:32:16Z,2026-10-04T05:32:16Z,0
30600,514575,Buvuma BuvumaCollege,0.20227217732623182,33.298299581212675,1791090900000,2026-10-04T05:15:00+00:00,2026-10-04T08:15:00+03:00,24.89,0.0,398.9319,98.1,5.533074,,,,2026-10-04T05:32:16Z,2026-10-04T05:32:16Z,0
30695,514556,EntebbeCity AirportNMC,-0.34891969990053573,30.46770493505511,1791090900000,2026-10-04T05:15:00+00:00,2026-10-04T08:15:00+03:00,22.52,0.0,228.5191,80.51,5.099566,5.999847,,,2026-10-04T05:32:16Z,2026-10-04T05:32:16Z,0
30757,860735,Arua Airfield,3.022727728757243,30.902049741391995,1791090900000,2026-10-04T05:15:00+00:00,2026-10-04T08:15:00+03:00,22.82,0.0,233.0358,100.0,1.165789,2.462806,,,2026-10-04T05:32:16Z,2026-10-04T05:32:16Z,0
31495,518862,Kapchorwa SipiTC,1.2267354469379133,34.365906405123326,1791090900000,2026-10-04T05:15:00+00:00,2026-10-04T08:15:00+03:00,23.97,0.0,5.493248,39.16,2.706951,4.562448,,,2026-10-04T05:32:16Z,2026-10-04T05:32:16Z,0
31712,518846,Sironko SironkoTC,1.2330289483318788,34.24436423053502,1791090900000,2026-10-04T05:15:00+00:00,2026-10-04T08:15:00+03:00,23.55,0.0,96.13184,70.29,1.593042,4.147402,,,2026-10-04T05:32:16Z,2026-10-04T05:32:16Z,0
31809,518861,Bulambuli Bulegeni NARO,1.2990504672186247,34.322697246680406,1791090900000,2026-10-04T05:15:00+00:00,2026-10-04T08:15:00+03:00,24.11,0.0,6.103609,55.63,4.229801,5.39559,,,2026-10-04T05:32:16Z,2026-10-04T05:32:16Z,0
33816,512617,Buyende Kidera1,1.1427018347181084,33.27926712214954,1791090900000,2026-10-04T05:15:00+00:00,2026-10-04T08:15:00+03:00,26.43931,0.0,332.0668,66.54765,0.0,0.0,,,2026-10-04T05:32:16Z,2026-10-04T05:32:16Z,0
28133,514567,Rukiga RwamuchuchuSC,-1.147093805481443,30.065473322928664,1791091200000,2026-10-04T05:20:00+00:00,2026-10-04T08:20:00+03:00,14.11,0.0,89.41787,100.0,0.0,0.451667,,,2026-10-04T05:32:16Z,2026-10-04T05:32:16Z,0
28247,853287,KaberamaidoTC,1.3267002801667445,33.24551213582627,1791091200000,2026-10-04T05:20:00+00:00,2026-10-04T08:20:00+03:00,24.59144,0.0,361.1505,62.52995,7.605097,10.75456,,,2026-10-04T05:32:16Z,2026-10-04T05:32:16Z,0
30820,518844,Kanungu MatandaHCIII,-0.6465365596528061,29.742748867338342,1791091200000,2026-10-04T05:20:00+00:00,2026-10-04T08:20:00+03:00,22.56,0.0,0.0,79.46,3.848325,4.977493,,,2026-10-04T05:32:16Z,2026-10-04T05:32:16Z,0
8765,45675,Serere Bugondo,1.1032982147304293,33.65208682230397,1791091800000,2026-10-04T05:30:00+00:00,2026-10-04T08:30:00+03:00,27.9942,0.0,349.4621,58.20706,0.7812619,4.184024,,,2026-10-04T05:47:15Z,2026-10-04T05:47:15Z,0
12322,853288,Mukono MpomaNARO,0.4283966588777295,32.76213604190826,1791091800000,2026-10-04T05:30:00+00:00,2026-10-04T08:30:00+03:00,22.07981,0.0,107.7897,91.49156,1.829252,,,,2026-10-04T05:47:15Z,2026-10-04T06:02:15Z,0
14926,45633,NARO NaFIRRI,1.2369277861017918,34.56704375600076,1791091800000,2026-10-04T05:30:00+00:00,2026-10-04T08:30:00+03:00,-39.91302,0.0,196.5667,0.09918365,0.0,0.0,,temp_sensor_suspect,2026-10-04T05:47:15Z,2026-10-04T05:47:15Z,0
18675,511038,Bushenyi KyamuhungaTC,-0.43140075953825036,30.06284619401695,1791091800000,2026-10-04T05:30:00+00:00,2026-10-04T08:30:00+03:00,23.79,0.0,386.0227,72.72,4.696727,6.805524,,,2026-10-04T05:32:16Z,2026-10-04T05:47:15Z,1
18831,511028,Kibuku KadamaTC,1.230158490836445,33.75766971001673,1791091800000,2026-10-04T05:30:00+00:00,2026-10-04T08:30:00+03:00,23.45,0.0,395.2392,96.24,3.558404,5.822843,,,2026-10-04T05:47:15Z,2026-10-04T05:47:15Z,0
19036,511025,Kumi Mukongoro,1.3213023670796662,33.886075111016034,1791091800000,2026-10-04T05:30:00+00:00,2026-10-04T08:30:00+03:00,24.84,0.0,16.96803,76.83,5.215534,7.586785,,,2026-10-04T05:47:15Z,2026-10-04T05:47:15Z,0
19216,511040,Ngora Kobwin,1.3996404514823648,33.746259878723855,1791091800000,2026-10-04T05:30:00+00:00,2026-10-04T08:30:00+03:00,24.17,0.0,264.3473,68.12,3.103685,5.215534,,,2026-10-04T05:47:15Z,2026-10-04T05:47:15Z,0
19410,511043,Rubanda KarengyereNARO,-1.500172417819356,29.80055712733001,1791091800000,2026-10-04T05:30:00+00:00,2026-10-04T08:30:00+03:00,16.05,0.0,169.131,74.11,11.37514,,,,2026-10-04T05:47:15Z,2026-10-04T05:47:15Z,0
19560,511036,Rukungiri RukungiriTC,-0.7824612451972481,29.919168920717752,1791091800000,2026-10-04T05:30:00+00:00,2026-10-04T08:30:00+03:00,20.53,0.0,89.90616,79.58,6.229343,,,,2026-10-04T05:47:15Z,2026-10-04T05:47:15Z,0
19644,511034,Ntungamo RukoneEast,-0.9026492749586166,30.53713188060457,1791091800000,2026-10-04T05:30:00+00:00,2026-10-04T08:30:00+03:00,19.61,0.0,138.1857,100.0,0.6921492,,,,2026-10-04T05:47:15Z,2026-10-04T05:47:15Z,0
19689,511063,Isingiro Mbaale SC,-0.8229276501909935,30.80641202589177,1791091800000,2026-10-04T05:30:00+00:00,2026-10-04T08:30:00+03:00,22.16,0.0,150.1488,81.59,3.292897,4.226749,,,2026-10-04T05:47:15Z,2026-10-04T05:47:15Z,0
19913,512648,Rubanda Kachwekano,-1.2492907374261277,29.94650239241936,1791091800000,2026-10-04T05:30:00+00:00,2026-10-04T08:30:00+03:00,16.43092,0.0,89.44839,98.87694,0.9643703,3.952086,,,2026-10-04T05:47:15Z,2026-10-04T06:02:15Z,0
20513,512647,Kitgum2 KitgumMC,3.329416943369524,33.176767183806454,1791091800000,2026-10-04T05:30:00+00:00,2026-10-04T08:30:00+03:00,24.3,0.0,370.489,81.36,2.041657,,,,2026-10-04T05:32:16Z,2026-10-04T05:47:15Z,0
21602,44434,Mbarara NARO,-0.33912497379417256,30.53875374336554,1791091800000,2026-10-04T05:30:00+00:00,2026-10-04T08:30:00+03:00,18.0,0.0,99.30571,999.0,0.1525902,2.325475,,rh_sensor_suspect,2026-10-04T05:47:15Z,2026-10-04T05:47:15Z,0
22494,511046,Bukedea BukedeaTC,1.344383477320109,34.65405915348999,1791091800000,2026-10-04T05:30:00+00:00,2026-10-04T08:30:00+03:00,23.78,0.0,446.9673,75.18,0.0,0.0,,,2026-10-04T05:47:15Z,2026-10-04T05:47:15Z,0
22745,860739,Tororo TororoMC,0.7363404161562512,34.16750975530811,1791091800000,2026-10-04T05:30:00+00:00,2026-10-04T08:30:00+03:00,23.37,,68.54353,67.38,4.785229,,rain_mm,,2026-10-04T05:32:16Z,2026-10-04T05:47:15Z,0
23068,44186,Hoima Bulindi,1.4649547824354439,31.438459956597924,1791091800000,2026-10-04T05:30:00+00:00,2026-10-04T08:30:00+03:00,24.67841,0.0,225.9861,82.93889,0.7292286,,,,2026-10-04T05:47:15Z,2026-10-04T05:47:15Z,0
23570,860744,Kabarole KyembogoNARO,0.7373272793620456,30.378182216821177,1791091800000,2026-10-04T05:30:00+00:00,2026-10-04T08:30:00+03:00,20.25788,0.0,373.1747,98.67705,0.6138704,0.6303502,,,2026-10-04T05:47:15Z,2026-10-04T05:47:15Z,0
24597,511024,Kanungu KirimaSC,-0.8665190597972187,29.750001331073445,1791091800000,2026-10-04T05:30:00+00:00,2026-10-04T08:30:00+03:00,20.54,0.0,363.9582,99.86,2.355993,3.454643,,,2026-10-04T05:47:15Z,2026-10-04T05:47:15Z,0
25494,45719,Wakiso KawandaNARO,0.5757356735589316,32.2094519796799,1791091800000,2026-10-04T05:30:00+00:00,2026-10-04T08:30:00+03:00,21.36263,0.0,88.38026,92.82826,0.0,,,,2026-10-04T05:47:15Z,2026-10-04T06:02:15Z,0
25858,860733,Masindi MasindiMC,1.6873183106449883,31.720847713796427,1791091800000,2026-10-04T05:30:00+00:00,2026-10-04T08:30:00+03:00,25.31,0.0,377.9049,91.43,1.489281,,,,2026-10-04T05:47:15Z,2026-10-04T05:47:15Z,0
25894,44432,NARO Serere2,1.5498464368665708,33.471426852949406,1791091800000,2026-10-04T05:30:00+00:00,2026-10-04T08:30:00+03:00,25.52,0.0,418.1582,62.83,5.661097,8.868544,,,2026-10-04T05:32:16Z,2026-10-04T05:47:15Z,0
26314,511026,Buhweju BuhwejuTC,-0.36217852027400727,30.438745738821645,1791091800000,2026-10-04T05:30:00+00:00,2026-10-04T08:30:00+03:00,16.43702,0.0,14.34348,100.0,0.0,,,,2026-10-04T05:47:15Z,2026-10-04T05:47:15Z,0
26350,516055,Bushenyi PIBID2,-0.34476582916148607,30.12697463332902,1791091800000,2026-10-04T05:30:00+00:00,2026-10-04T08:30:00+03:00,15.79,0.0,306.218,83.3,6.131075,7.293813,,,2026-10-04T05:47:15Z,2026-10-04T05:47:15Z,0
26371,514572,EntebbeCity NMTS,0.002068145970468316,32.47029039760271,1791091800000,2026-10-04T05:30:00+00:00,2026-10-04T08:30:00+03:00,23.64,0.0,0.0,75.28,3.613336,4.71809,,,2026-10-04T05:47:15Z,2026-10-04T05:47:15Z,0
26934,863098,Kampala LubigiNWSC,0.3440953682915257,32.54509647954191,1791091800000,2026-10-04T05:30:00+00:00,2026-10-04T08:30:00+03:00,23.00145,0.0,6.073091,86.59953,2.34989,3.695735,,,2026-10-04T05:47:15Z,2026-10-04T05:47:15Z,0
27204,515136,Kirihura MburoNP,-0.32644602379535037,30.558912625750658,1791091800000,2026-10-04T05:30:00+00:00,2026-10-04T08:30:00+03:00,,0.0,0.0,,0.0,0.2868696,t_air_c;rh_pct,,2026-10-04T05:47:15Z,2026-10-04T05:47:15Z,0
27429,853290,Tororo MoroTC,1.347804683283513,33.56157669447344,1791091800000,2026-10-04T05:30:00+00:00,2026-10-04T08:30:00+03:00,23.6,0.0,358.1598,85.38,1.766995,5.505455,,,2026-10-04T05:32:16Z,2026-10-04T05:47:15Z,1
27630,514559,Gulu Airfield2,2.3315839569642756,32.403314261884674,1791091800000,2026-10-04T05:30:00+00:00,2026-10-04T08:30:00+03:00,26.13,0.0,326.482,65.92,0.5096514,,,,2026-10-04T05:32:16Z,2026-10-04T05:47:15Z,1
27651,514554,Lamwo LamwoTC,3.5293008898067413,32.800069272228264,1791091800000,2026-10-04T05:30:00+00:00,2026-10-04T08:30:00+03:00,24.47,0.0,30.12131,72.1,3.036545,5.331502,,,2026-10-04T05:32:16Z,2026-10-04T05:47:15Z,1
27771,853292,Palisa PallisaTC2,1.2019752388359248,33.32467996636534,1791091800000,2026-10-04T05:30:00+00:00,2026-10-04T08:30:00+03:00,25.15,0.0,332.4025,90.96,0.436408,,,,2026-10-04T05:47:15Z,2026-10-04T05:47:15Z,0
28282,49381,Amolatar NamasaleHCIII2,1.890942556037648,33.03500809176537,1791091800000,2026-10-04T05:30:00+00:00,2026-10-04T08:30:00+03:00,26.93,0.0,354.8333,70.77,6.909285,9.936675,,,2026-10-04T05:47:15Z,2026-10-04T05:47:15Z,0
28465,518272,Nabilatuk NabilatukDLG,2.0853119097380035,34.60581875063605,1791091800000,2026-10-04T05:30:00+00:00,2026-10-04T08:30:00+03:00,28.28,0.0,499.5804,35.05,23.44655,31.43511,,,2026-10-04T05:47:15Z,2026-10-04T05:47:15Z,0
28650,518275,Nakapiripirit NabulengerHCII,1.8399992209235494,34.569297846559095,1791091800000,2026-10-04T05:30:00+00:00,2026-10-04T08:30:00+03:00,27.07,0.0,472.5719,43.81,0.6715496,0.6839094,,,2026-10-04T05:47:15Z,2026-10-04T06:02:15Z,0
28835,518279,Karenga KidepoAirfield,3.433006937417964,33.45274286601015,1791091800000,2026-10-04T05:30:00+00:00,2026-10-04T08:30:00+03:00,28.23,0.0,415.0454,40.71,24.99123,,,,2026-10-04T05:47:15Z,2026-10-04T05:47:15Z,0
28935,518278,Kaabong SidokHCIII,3.3616463406052675,34.12346082801267,1791091800000,2026-10-04T05:30:00+00:00,2026-10-04T08:30:00+03:00,25.51,0.0,338.5367,45.13,24.81117,,,,2026-10-04T05:32:16Z,2026-10-04T05:47:15Z,0
29036,514566,Nabilatuk Nabuin ZARDI,1.716485049322414,34.51313788762028,1791091800000,2026-10-04T05:30:00+00:00,2026-10-04T08:30:00+03:00,26.91,0.0,0.0,37.54,31.35271,,,,2026-10-04T05:47:15Z,2026-10-04T05:47:15Z,0
29180,517853,Moroto RupaSC,2.582841223352566,34.66924742947938,1791091800000,2026-10-04T05:30:00+00:00,2026-10-04T08:30:00+03:00,27.27,0.0,438.8495,36.97,11.1635,16.52857,,,2026-10-04T05:47:15Z,2026-10-04T05:47:15Z,0
29306,514576,Butaleja ButalejaTC,0.6919682458015968,34.09885656329347,1791091800000,2026-10-04T05:30:00+00:00,2026-10-04T08:30:00+03:00,24.0,0.0,409.3385,81.11,0.6715496,,,,2026-10-04T05:47:15Z,2026-10-04T05:47:15Z,0
29347,862041,Kabale KabaleMC,-1.2542908115437144,29.987880749577656,1791091800000,2026-10-04T05:30:00+00:00,2026-10-04T08:30:00+03:00,15.2,0.0,103.6088,89.53,0.6056306,,,,2026-10-04T05:47:15Z,2026-10-04T05:47:15Z,0
29366,860740,Kasese Airfield,0.16776145042270435,30.06946870555926,1791091800000,2026-10-04T05:30:00+00:00,2026-10-04T08:30:00+03:00,23.13,0.0,363.6225,80.68,6.859693,,,,2026-10-04T05:47:15Z,2026-10-04T05:47:15Z,0
29407,860737,Soroti Airfield,1.7125019696651427,33.60989885031907,1791091800000,2026-10-04T05:30:00+00:00,2026-10-04T08:30:00+03:00,24.28,0.0,415.0149,85.19,12.9572,,,,2026-10-04T05:47:15Z,2026-10-04T05:47:15Z,0
29432,514563,Kikuube Hoima Sugar,1.250555426321004,31.194469848676302,1791091800000,2026-10-04T05:30:00+00:00,2026-10-04T08:30:00+03:00,21.89,0.0,14.67918,83.57,0.0,0.4791333,,,2026-10-04T05:47:15Z,2026-10-04T05:47:15Z,0
29497,514558,Bulisa ButiabaHydro,2.1126939171888264,31.436768666464783,1791091800000,2026-10-04T05:30:00+00:00,2026-10-04T08:30:00+03:00,26.87,0.0,75.95941,70.76,1.656214,,,,2026-10-04T05:32:16Z,2026-10-04T05:47:15Z,0
29529,514573,Bundibugyo BundibugyoTC,0.8026268481642997,30.27578425237216,1791091800000,2026-10-04T05:30:00+00:00,2026-10-04T08:30:00+03:00,23.42,0.0,0.0,79.41,3.571984,,,,2026-10-04T05:47:15Z,2026-10-04T05:47:15Z,0
29561,514560,Kikuube Hoima Airport,1.4920191900781956,31.31796244549898,1791091800000,2026-10-04T05:30:00+00:00,2026-10-04T08:30:00+03:00,23.75,0.0,13.09224,75.87,6.216983,,,,2026-10-04T05:47:15Z,2026-10-04T06:02:15Z,0
29593,514561,Pallisa KasodoSC,1.2320044388064466,33.6019957700963,1791091800000,2026-10-04T05:30:00+00:00,2026-10-04T08:30:00+03:00,24.16,0.0,357.5189,100.0,0.5932708,,,,2026-10-04T05:47:15Z,2026-10-04T05:47:15Z,0
29756,862010,Nakasongola KalungiSC,1.2852342933913012,32.662599686414936,1791091800000,2026-10-04T05:30:00+00:00,2026-10-04T08:30:00+03:00,26.88487,0.0,264.0726,72.47425,6.546121,10.69047,,,2026-10-04T05:47:15Z,2026-10-04T05:47:15Z,0
29787,862013,Kamuli Namasagali,1.0190806821802028,32.949594981070824,1791091800000,2026-10-04T05:30:00+00:00,2026-10-04T08:30:00+03:00,21.77,0.0,115.2667,100.0,3.332571,4.037537,,,2026-10-04T05:47:15Z,2026-10-04T05:47:15Z,0
29892,516056,Budaka BudakaTC2,0.11576196513474404,33.453613566274235,1791091800000,2026-10-04T05:30:00+00:00,2026-10-04T08:30:00+03:00,23.57,0.0,386.1753,90.36,2.752728,,,,2026-10-04T05:47:15Z,2026-10-04T05:47:15Z,0
29932,514577,Namutumba NamutumbaTC2,1.9758008082349363,33.56106699819666,1791091800000,2026-10-04T05:30:00+00:00,2026-10-04T08:30:00+03:00,24.31,0.0,447.2114,76.43,6.076143,12.32929,,,2026-10-04T05:47:15Z,2026-10-04T05:47:15Z,0
30033,45670,Apac ApacTC,1.9892647841094635,32.531624149345156,1791091800000,2026-10-04T05:30:00+00:00,2026-10-04T08:30:00+03:00,23.32,0.0,0.0,100.0,0.0,0.0,,,2026-10-04T05:32:16Z,2026-10-04T05:47:15Z,0
30143,860494,Lira NARONgetta,2.1557054334938868,32.88785061975556,1791091800000,2026-10-04T05:30:00+00:00,2026-10-04T08:30:00+03:00,23.77,0.0,463.7522,85.03,0.9681849,,,,2026-10-04T05:47:15Z,2026-10-04T05:47:15Z,0
30220,45708,Dokolo DokoloTC,1.914993229491238,33.176049575854904,1791091800000,2026-10-04T05:30:00+00:00,2026-10-04T08:30:00+03:00,25.96475,0.0,311.1009,60.83925,0.5397116,0.6179904,,,2026-10-04T05:47:15Z,2026-10-04T06:02:15Z,0
30252,49521,Kyenjojo KyenjojoMC,0.6130612575199993,30.641008786833954,1791091800000,2026-10-04T05:30:00+00:00,2026-10-04T08:30:00+03:00,22.61539,0.0,338.4756,60.3891,0.7263294,4.51667,,,2026-10-04T05:47:15Z,2026-10-04T06:02:15Z,0
30283,514568,Kampala KyambogoUnv2,0.3228582483254613,32.59455916940114,1791091800000,2026-10-04T05:30:00+00:00,2026-10-04T08:30:00+03:00,22.16,0.0,131.3497,87.11,0.6303502,0.6468299,,,2026-10-04T05:32:16Z,2026-10-04T05:47:15Z,0
30316,860746,Mayuge IkulweNARO,0.4388712184461232,33.476196856980515,1791091800000,2026-10-04T05:30:00+00:00,2026-10-04T08:30:00+03:00,,0.0,25.26894,,9.414054,,t_air_c;rh_pct,,2026-10-04T05:47:15Z,2026-10-04T05:47:15Z,0
30381,45666,Mukono NtawoNARO,0.37885800528124053,32.7292665823493,1791091800000,2026-10-04T05:30:00+00:00,2026-10-04T08:30:00+03:00,22.12864,0.0,76.60029,98.9929,2.731365,4.370184,,,2026-10-04T05:47:15Z,2026-10-04T06:02:15Z,0
30411,45716,Lwengo KamenyamigoNARO,-0.28429808513865706,31.664636340132986,1791091800000,2026-10-04T05:30:00+00:00,2026-10-04T08:30:00+03:00,22.49,0.0,203.5553,75.73,0.5340658,0.5554284,,,2026-10-04T06:02:15Z,2026-10-04T06:02:15Z,0
30476,518276,Moroto Airfield,2.499539862843011,34.60336771655714,1791091800000,2026-10-04T05:30:00+00:00,2026-10-04T08:30:00+03:00,26.75,0.0,450.1717,39.58,10.32868,,,,2026-10-04T05:47:15Z,2026-10-04T05:47:15Z,0
30518,45678,Kwania AdukuTC,2.0141834426175826,32.722869192593286,1791091800000,2026-10-04T05:30:00+00:00,2026-10-04T08:30:00+03:00,24.41,0.0,262.6383,93.98,0.0,0.0,,,2026-10-04T05:47:15Z,2026-10-04T05:47:15Z,0
30600,514575,Buvuma BuvumaCollege,0.20227217732623182,33.298299581212675,1791091800000,2026-10-04T05:30:00+00:00,2026-10-04T08:30:00+03:00,25.77,0.0,405.4933,98.67,6.839094,,,,2026-10-04T05:47:15Z,2026-10-04T05:47:15Z,0
30695,514556,EntebbeCity AirportNMC,-0.34891969990053573,30.46770493505511,1791091800000,2026-10-04T05:30:00+00:00,2026-10-04T08:30:00+03:00,23.99,0.0,451.0567,76.95,6.649881,11.04753,,,2026-10-04T05:47:15Z,2026-10-04T05:47:15Z,0
30757,860735,Arua Airfield,3.022727728757243,30.902049741391995,1791091800000,2026-10-04T05:30:00+00:00,2026-10-04T08:30:00+03:00,23.92,0.0,305.5772,99.76,1.785306,3.488213,,,2026-10-04T05:47:15Z,2026-10-04T05:47:15Z,0
31441,518845,Kapchorwa KapchorwaTC,1.3911330664844062,34.44711975629734,1791091800000,2026-10-04T05:30:00+00:00,2026-10-04T08:30:00+03:00,,0.0,,,0.0,0.3173876,t_air_c;rh_pct,,2026-10-04T05:47:15Z,2026-10-04T05:47:15Z,0
31567,518860,Bulambuli Bunambutye HCIII,1.456486355349107,34.36072118430061,1791091800000,2026-10-04T05:30:00+00:00,2026-10-04T08:30:00+03:00,28.92,0.0,7.171741,36.62,4.831006,9.604029,,,2026-10-04T05:47:15Z,2026-10-04T05:47:15Z,0
31712,518846,Sironko SironkoTC,1.2330289483318788,34.24436423053502,1791091800000,2026-10-04T05:30:00+00:00,2026-10-04T08:30:00+03:00,24.83,0.0,95.76562,65.75,1.226825,3.540093,,,2026-10-04T05:47:15Z,2026-10-04T05:47:15Z,0
32252,518843,Isingiro KabuyandaTC,-0.9482535956706091,30.623306857245286,1791091800000,2026-10-04T05:30:00+00:00,2026-10-04T08:30:00+03:00,19.9,0.0,0.0,70.9,1.858549,3.015182,,,2026-10-04T05:32:16Z,2026-10-04T06:02:15Z,1
33816,512617,Buyende Kidera1,1.1427018347181084,33.27926712214954,1791091800000,2026-10-04T05:30:00+00:00,2026-10-04T08:30:00+03:00,26.3508,0.0,378.7594,67.29533,0.0,0.0,,,2026-10-04T05:47:15Z,2026-10-04T05:47:15Z,0
30066,49455,Kayunga DistrictAdmin,0.7203001611290255,32.893290564677095,1791092039000,2026-10-04T05:33:59+00:00,2026-10-04T08:33:59+03:00,0.0,0.0,0.0,0.0,0.0,,,all_zero_dead,2026-10-04T06:02:15Z,2026-10-04T06:02:15Z,0
28133,514567,Rukiga RwamuchuchuSC,-1.147093805481443,30.065473322928664,1791092400000,2026-10-04T05:40:00+00:00,2026-10-04T08:40:00+03:00,14.73,0.0,56.58046,100.0,0.0,0.4577707,,,2026-10-04T05:47:15Z,2026-10-04T05:47:15Z,0
28247,853287,KaberamaidoTC,1.3267002801667445,33.24551213582627,1791092400000,2026-10-04T05:40:00+00:00,2026-10-04T08:40:00+03:00,25.76943,0.0,407.2328,59.96338,6.762798,9.887846,,,2026-10-04T05:47:15Z,2026-10-04T05:47:15Z,0
30820,518844,Kanungu MatandaHCIII,-0.6465365596528061,29.742748867338342,1791092400000,2026-10-04T05:40:00+00:00,2026-10-04T08:40:00+03:00,23.29,0.0,5.432212,75.03,3.756771,5.578699,,,2026-10-04T05:47:15Z,2026-10-04T05:47:15Z,0
31441,518845,Kapchorwa KapchorwaTC,1.3911330664844062,34.44711975629734,1791092400000,2026-10-04T05:40:00+00:00,2026-10-04T08:40:00+03:00,,0.0,,,0.0,0.3387503,t_air_c;rh_pct,,2026-10-04T06:02:15Z,2026-10-04T06:02:15Z,0
8765,45675,Serere Bugondo,1.1032982147304293,33.65208682230397,1791092700000,2026-10-04T05:45:00+00:00,2026-10-04T08:45:00+03:00,28.33448,0.0,407.9042,57.03975,0.81178,2.978561,,,2026-10-04T06:02:15Z,2026-10-04T06:02:15Z,0
14926,45633,NARO NaFIRRI,1.2369277861017918,34.56704375600076,1791092700000,2026-10-04T05:45:00+00:00,2026-10-04T08:45:00+03:00,-39.90845,0.0,228.4886,0.09918365,0.0,0.0,,temp_sensor_suspect,2026-10-04T06:02:15Z,2026-10-04T06:02:15Z,0
18675,511038,Bushenyi KyamuhungaTC,-0.43140075953825036,30.06284619401695,1791092700000,2026-10-04T05:45:00+00:00,2026-10-04T08:45:00+03:00,23.9,0.0,451.3313,73.41,5.059892,5.999847,,,2026-10-04T06:02:15Z,2026-10-04T06:02:15Z,0
18831,511028,Kibuku KadamaTC,1.230158490836445,33.75766971001673,1791092700000,2026-10-04T05:45:00+00:00,2026-10-04T08:45:00+03:00,23.72,0.0,454.7799,92.49,3.707942,6.735332,,,2026-10-04T06:02:15Z,2026-10-04T06:02:15Z,0
19036,511025,Kumi Mukongoro,1.3213023670796662,33.886075111016034,1791092700000,2026-10-04T05:45:00+00:00,2026-10-04T08:45:00+03:00,25.52,0.0,17.4258,76.37,4.385443,7.177844,,,2026-10-04T06:02:15Z,2026-10-04T06:17:15Z,0
19216,511040,Ngora Kobwin,1.3996404514823648,33.746259878723855,1791092700000,2026-10-04T05:45:00+00:00,2026-10-04T08:45:00+03:00,25.43,0.0,233.0358,64.71,3.622492,6.253147,,,2026-10-04T06:02:15Z,2026-10-04T06:02:15Z,0
19410,511043,Rubanda KarengyereNARO,-1.500172417819356,29.80055712733001,1791092700000,2026-10-04T05:45:00+00:00,2026-10-04T08:45:00+03:00,17.4,0.0,312.6268,71.94,12.80476,,,,2026-10-04T06:02:15Z,2026-10-04T06:02:15Z,0
19560,511036,Rukungiri RukungiriTC,-0.7824612451972481,29.919168920717752,1791092700000,2026-10-04T05:45:00+00:00,2026-10-04T08:45:00+03:00,21.29,0.0,126.1006,79.35,6.616617,,,,2026-10-04T06:02:15Z,2026-10-04T06:02:15Z,0
19644,511034,Ntungamo RukoneEast,-0.9026492749586166,30.53713188060457,1791092700000,2026-10-04T05:45:00+00:00,2026-10-04T08:45:00+03:00,19.64,0.0,191.6228,99.92,0.6756695,,,,2026-10-04T06:02:15Z,2026-10-04T06:02:15Z,0
19689,511063,Isingiro Mbaale SC,-0.8229276501909935,30.80641202589177,1791092700000,2026-10-04T05:45:00+00:00,2026-10-04T08:45:00+03:00,22.34,0.0,191.6838,83.59,4.678416,5.27657,,,2026-10-04T06:02:15Z,2026-10-04T06:02:15Z,0
20513,512647,Kitgum2 KitgumMC,3.329416943369524,33.176767183806454,1791092700000,2026-10-04T05:45:00+00:00,2026-10-04T08:45:00+03:00,25.31,0.0,450.5989,74.04,2.746624,,,,2026-10-04T06:02:15Z,2026-10-04T06:02:15Z,0
21602,44434,Mbarara NARO,-0.33912497379417256,30.53875374336554,1791092700000,2026-10-04T05:45:00+00:00,2026-10-04T08:45:00+03:00,18.97,0.0,162.7832,33.33,0.125124,1.879912,,,2026-10-04T06:02:15Z,2026-10-04T06:02:15Z,0
22494,511046,Bukedea BukedeaTC,1.344383477320109,34.65405915348999,1791092700000,2026-10-04T05:45:00+00:00,2026-10-04T08:45:00+03:00,25.24,0.0,513.283,73.87,0.8819715,5.435264,,,2026-10-04T06:02:15Z,2026-10-04T06:02:15Z,0
22531,514574,Ntungamo NtungamoTC,-0.8743084927533056,30.25887027699915,1791092700000,2026-10-04T05:45:00+00:00,2026-10-04T08:45:00+03:00,19.6,0.0,200.8698,88.79,1.654078,,,,2026-10-04T05:47:15Z,2026-10-04T06:17:15Z,1
23068,44186,Hoima Bulindi,1.4649547824354439,31.438459956597924,1791092700000,2026-10-04T05:45:00+00:00,2026-10-04T08:45:00+03:00,25.66415,0.0,269.9016,74.56779,0.7457084,,,,2026-10-04T06:02:15Z,2026-10-04T06:17:15Z,0
23570,860744,Kabarole KyembogoNARO,0.7373272793620456,30.378182216821177,1791092700000,2026-10-04T05:45:00+00:00,2026-10-04T08:45:00+03:00,21.6907,0.0,448.9815,92.17059,0.6179904,0.6344702,,,2026-10-04T06:02:15Z,2026-10-04T06:02:15Z,0
24597,511024,Kanungu KirimaSC,-0.8665190597972187,29.750001331073445,1791092700000,2026-10-04T05:45:00+00:00,2026-10-04T08:45:00+03:00,21.94,0.0,413.7026,95.63,2.801556,3.848325,,,2026-10-04T06:02:15Z,2026-10-04T06:02:15Z,0
25858,860733,Masindi MasindiMC,1.6873183106449883,31.720847713796427,1791092700000,2026-10-04T05:45:00+00:00,2026-10-04T08:45:00+03:00,25.7,0.0,433.0511,88.88,6.768902,,,,2026-10-04T06:02:15Z,2026-10-04T06:02:15Z,0
25894,44432,NARO Serere2,1.5498464368665708,33.471426852949406,1791092700000,2026-10-04T05:45:00+00:00,2026-10-04T08:45:00+03:00,25.99,0.0,483.9246,59.45,6.768902,8.725108,,,2026-10-04T06:02:15Z,2026-10-04T06:17:15Z,0
26314,511026,Buhweju BuhwejuTC,-0.36217852027400727,30.438745738821645,1791092700000,2026-10-04T05:45:00+00:00,2026-10-04T08:45:00+03:00,16.67353,0.0,14.77073,100.0,0.0,,,,2026-10-04T06:02:15Z,2026-10-04T06:02:15Z,0
26350,516055,Bushenyi PIBID2,-0.34476582916148607,30.12697463332902,1791092700000,2026-10-04T05:45:00+00:00,2026-10-04T08:45:00+03:00,15.63,0.0,167.7577,82.55,5.621424,6.277562,,,2026-10-04T06:02:15Z,2026-10-04T06:02:15Z,0
26934,863098,Kampala LubigiNWSC,0.3440953682915257,32.54509647954191,1791092700000,2026-10-04T05:45:00+00:00,2026-10-04T08:45:00+03:00,23.02281,0.0,6.103609,87.93927,1.953155,2.694743,,,2026-10-04T06:02:15Z,2026-10-04T06:02:15Z,0
27204,515136,Kirihura MburoNP,-0.32644602379535037,30.558912625750658,1791092700000,2026-10-04T05:45:00+00:00,2026-10-04T08:45:00+03:00,,0.0,0.0,,0.0,0.2990768,t_air_c;rh_pct,,2026-10-04T06:02:15Z,2026-10-04T06:02:15Z,0
27429,853290,Tororo MoroTC,1.347804683283513,33.56157669447344,1791092700000,2026-10-04T05:45:00+00:00,2026-10-04T08:45:00+03:00,24.7,0.0,420.3556,80.5,2.725261,4.922561,,,2026-10-04T06:02:15Z,2026-10-04T06:02:15Z,0
27592,514557,Kampala MakerereUnv3,0.33461539452981,32.571512848339765,1791092700000,2026-10-04T05:45:00+00:00,2026-10-04T08:45:00+03:00,22.83,0.0,123.9948,77.11,0.9643703,2.453651,,,2026-10-04T05:47:15Z,2026-10-04T06:02:15Z,0
27630,514559,Gulu Airfield2,2.3315839569642756,32.403314261884674,1791092700000,2026-10-04T05:45:00+00:00,2026-10-04T08:45:00+03:00,26.86,0.0,421.973,60.93,0.5859464,,,,2026-10-04T06:02:15Z,2026-10-04T06:02:15Z,0
27651,514554,Lamwo LamwoTC,3.5293008898067413,32.800069272228264,1791092700000,2026-10-04T05:45:00+00:00,2026-10-04T08:45:00+03:00,24.79,0.0,30.39597,70.08,3.982605,6.73228,,,2026-10-04T06:02:15Z,2026-10-04T06:02:15Z,0
27771,853292,Palisa PallisaTC2,1.2019752388359248,33.32467996636534,1791092700000,2026-10-04T05:45:00+00:00,2026-10-04T08:45:00+03:00,25.9,0.0,397.1313,88.03,0.3479057,,,,2026-10-04T06:02:15Z,2026-10-04T06:17:15Z,0
28282,49381,Amolatar NamasaleHCIII2,1.890942556037648,33.03500809176537,1791092700000,2026-10-04T05:45:00+00:00,2026-10-04T08:45:00+03:00,27.3,0.0,426.7643,68.43,9.274433,13.74533,,,2026-10-04T06:02:15Z,2026-10-04T06:02:15Z,0
28465,518272,Nabilatuk NabilatukDLG,2.0853119097380035,34.60581875063605,1791092700000,2026-10-04T05:45:00+00:00,2026-10-04T08:45:00+03:00,28.67,0.0,559.7925,33.79,26.97734,36.58091,,,2026-10-04T06:02:15Z,2026-10-04T06:02:15Z,0
28835,518279,Karenga KidepoAirfield,3.433006937417964,33.45274286601015,1791092700000,2026-10-04T05:45:00+00:00,2026-10-04T08:45:00+03:00,28.48,0.0,482.4292,40.74,25.61074,,,,2026-10-04T06:02:15Z,2026-10-04T06:02:15Z,0
28935,518278,Kaabong SidokHCIII,3.3616463406052675,34.12346082801267,1791092700000,2026-10-04T05:45:00+00:00,2026-10-04T08:45:00+03:00,26.13,0.0,392.5231,43.94,21.65561,,,,2026-10-04T06:02:15Z,2026-10-04T06:02:15Z,0
29036,514566,Nabilatuk Nabuin ZARDI,1.716485049322414,34.51313788762028,1791092700000,2026-10-04T05:45:00+00:00,2026-10-04T08:45:00+03:00,27.63,0.0,0.0,36.51,30.50813,,,,2026-10-04T06:02:15Z,2026-10-04T06:17:15Z,0
29180,517853,Moroto RupaSC,2.582841223352566,34.66924742947938,1791092700000,2026-10-04T05:45:00+00:00,2026-10-04T08:45:00+03:00,27.77,0.0,497.9324,36.16,11.11772,18.31693,,,2026-10-04T06:02:15Z,2026-10-04T06:02:15Z,0
29306,514576,Butaleja ButalejaTC,0.6919682458015968,34.09885656329347,1791092700000,2026-10-04T05:45:00+00:00,2026-10-04T08:45:00+03:00,25.13,0.0,463.8742,77.76,0.6839094,,,,2026-10-04T06:02:15Z,2026-10-04T06:17:15Z,0
29347,862041,Kabale KabaleMC,-1.2542908115437144,29.987880749577656,1791092700000,2026-10-04T05:45:00+00:00,2026-10-04T08:45:00+03:00,16.15,0.0,235.05,85.26,0.7045091,,,,2026-10-04T06:02:15Z,2026-10-04T06:02:15Z,0
29366,860740,Kasese Airfield,0.16776145042270435,30.06946870555926,1791092700000,2026-10-04T05:45:00+00:00,2026-10-04T08:45:00+03:00,23.92,0.0,425.452,73.39,5.763791,,,,2026-10-04T06:02:15Z,2026-10-04T06:02:15Z,0
29407,860737,Soroti Airfield,1.7125019696651427,33.60989885031907,1791092700000,2026-10-04T05:45:00+00:00,2026-10-04T08:45:00+03:00,24.97,0.0,494.6059,82.09,15.04601,,,,2026-10-04T06:02:15Z,2026-10-04T06:02:15Z,0
29432,514563,Kikuube Hoima Sugar,1.250555426321004,31.194469848676302,1791092700000,2026-10-04T05:45:00+00:00,2026-10-04T08:45:00+03:00,22.47,0.0,16.02197,82.81,0.0,0.4791333,,,2026-10-04T06:02:15Z,2026-10-04T06:02:15Z,0
29497,514558,Bulisa ButiabaHydro,2.1126939171888264,31.436768666464783,1791092700000,2026-10-04T05:45:00+00:00,2026-10-04T08:45:00+03:00,27.22,0.0,84.10773,66.74,1.643854,,,,2026-10-04T06:02:15Z,2026-10-04T06:02:15Z,0
29529,514573,Bundibugyo BundibugyoTC,0.8026268481642997,30.27578425237216,1791092700000,2026-10-04T05:45:00+00:00,2026-10-04T08:45:00+03:00,24.46,0.0,0.0,77.76,0.8693065,,,,2026-10-04T06:02:15Z,2026-10-04T06:02:15Z,0
29593,514561,Pallisa KasodoSC,1.2320044388064466,33.6019957700963,1791092700000,2026-10-04T05:45:00+00:00,2026-10-04T08:45:00+03:00,24.8,0.0,427.1306,100.0,2.649119,,,,2026-10-04T06:02:15Z,2026-10-04T06:02:15Z,0
29756,862010,Nakasongola KalungiSC,1.2852342933913012,32.662599686414936,1791092700000,2026-10-04T05:45:00+00:00,2026-10-04T08:45:00+03:00,27.6936,0.0,316.4111,62.00504,11.53582,20.66072,,,2026-10-04T06:02:15Z,2026-10-04T06:02:15Z,0
29787,862013,Kamuli Namasagali,1.0190806821802028,32.949594981070824,1791092700000,2026-10-04T05:45:00+00:00,2026-10-04T08:45:00+03:00,22.4,0.0,147.219,100.0,3.320363,3.430228,,,2026-10-04T06:02:15Z,2026-10-04T06:02:15Z,0
29823,860732,Kotido KotidoTC,3.007038604042491,34.10733499015392,1791092700000,2026-10-04T05:45:00+00:00,2026-10-04T08:45:00+03:00,27.11,0.0,457.4044,56.89,0.0,0.0,,,2026-10-04T06:02:15Z,2026-10-04T06:17:15Z,0
29892,516056,Budaka BudakaTC2,0.11576196513474404,33.453613566274235,1791092700000,2026-10-04T05:45:00+00:00,2026-10-04T08:45:00+03:00,24.53,0.0,447.5776,85.63,2.94194,,,,2026-10-04T06:02:15Z,2026-10-04T06:02:15Z,0
29932,514577,Namutumba NamutumbaTC2,1.9758008082349363,33.56106699819666,1791092700000,2026-10-04T05:45:00+00:00,2026-10-04T08:45:00+03:00,24.68,0.0,516.5789,72.11,6.329442,10.32731,,,2026-10-04T06:02:15Z,2026-10-04T06:02:15Z,0
30001,860741,Mbarara MbararaMC,-0.6104058469568668,30.637128687200217,1791092700000,2026-10-04T05:45:00+00:00,2026-10-04T08:45:00+03:00,19.72,0.0,223.7888,93.74,1.042344,3.20119,,,2026-10-04T05:47:15Z,2026-10-04T06:02:15Z,0
30033,45670,Apac ApacTC,1.9892647841094635,32.531624149345156,1791092700000,2026-10-04T05:45:00+00:00,2026-10-04T08:45:00+03:00,24.76,0.0,0.0,95.31,0.0,0.0,,,2026-10-04T06:02:15Z,2026-10-04T06:02:15Z,0
30066,49455,Kayunga DistrictAdmin,0.7203001611290255,32.893290564677095,1791092700000,2026-10-04T05:45:00+00:00,2026-10-04T08:45:00+03:00,22.08133,0.0,215.61,99.97253,77.36019,,,,2026-10-04T06:17:15Z,2026-10-04T06:17:15Z,0
30143,860494,Lira NARONgetta,2.1557054334938868,32.88785061975556,1791092700000,2026-10-04T05:45:00+00:00,2026-10-04T08:45:00+03:00,24.71,0.0,526.9551,80.38,0.5850309,,,,2026-10-04T06:02:15Z,2026-10-04T06:02:15Z,0
30283,514568,Kampala KyambogoUnv2,0.3228582483254613,32.59455916940114,1791092700000,2026-10-04T05:45:00+00:00,2026-10-04T08:45:00+03:00,22.68,0.0,134.432,86.24,0.6097505,0.6262302,,,2026-10-04T06:02:15Z,2026-10-04T06:02:15Z,0
30347,860738,Bulambuli BuginyanyaNARO,1.2292008829492236,34.512188495373756,1791092700000,2026-10-04T05:45:00+00:00,2026-10-04T08:45:00+03:00,23.67,0.0,62.22629,65.09,0.07003891,,,,2026-10-04T06:02:15Z,2026-10-04T06:02:15Z,0
30476,518276,Moroto Airfield,2.499539862843011,34.60336771655714,1791092700000,2026-10-04T05:45:00+00:00,2026-10-04T08:45:00+03:00,27.76,0.0,517.2504,37.02,7.205768,,,,2026-10-04T06:02:15Z,2026-10-04T06:02:15Z,0
30518,45678,Kwania AdukuTC,2.0141834426175826,32.722869192593286,1791092700000,2026-10-04T05:45:00+00:00,2026-10-04T08:45:00+03:00,25.33,0.0,301.1521,86.5,0.0,0.0,,,2026-10-04T06:02:15Z,2026-10-04T06:02:15Z,0
30600,514575,Buvuma BuvumaCollege,0.20227217732623182,33.298299581212675,1791092700000,2026-10-04T05:45:00+00:00,2026-10-04T08:45:00+03:00,25.76,0.0,350.8049,99.48,7.518883,,,,2026-10-04T06:02:15Z,2026-10-04T06:02:15Z,0
30695,514556,EntebbeCity AirportNMC,-0.34891969990053573,30.46770493505511,1791092700000,2026-10-04T05:45:00+00:00,2026-10-04T08:45:00+03:00,24.56,0.0,437.7508,72.02,9.210346,11.65179,,,2026-10-04T06:02:15Z,2026-10-04T06:02:15Z,0
30757,860735,Arua Airfield,3.022727728757243,30.902049741391995,1791092700000,2026-10-04T05:45:00+00:00,2026-10-04T08:45:00+03:00,24.33,0.0,368.5969,97.13,3.176929,4.296941,,,2026-10-04T06:02:15Z,2026-10-04T06:02:15Z,0
31495,518862,Kapchorwa SipiTC,1.2267354469379133,34.365906405123326,1791092700000,2026-10-04T05:45:00+00:00,2026-10-04T08:45:00+03:00,23.51,0.0,6.042573,45.65,4.174869,6.98558,,,2026-10-04T05:47:15Z,2026-10-04T06:02:15Z,1
31567,518860,Bulambuli Bunambutye HCIII,1.456486355349107,34.36072118430061,1791092700000,2026-10-04T05:45:00+00:00,2026-10-04T08:45:00+03:00,31.5,0.0,8.850232,26.06,19.14702,24.12146,,,2026-10-04T06:02:15Z,2026-10-04T06:02:15Z,0
31712,518846,Sironko SironkoTC,1.2330289483318788,34.24436423053502,1791092700000,2026-10-04T05:45:00+00:00,2026-10-04T08:45:00+03:00,25.7,0.0,95.42992,60.72,2.130159,3.143358,,,2026-10-04T06:02:15Z,2026-10-04T06:02:15Z,0
31809,518861,Bulambuli Bulegeni NARO,1.2990504672186247,34.322697246680406,1791092700000,2026-10-04T05:45:00+00:00,2026-10-04T08:45:00+03:00,25.1,0.0,6.86656,54.69,4.043641,6.616312,,,2026-10-04T05:47:15Z,2026-10-04T06:02:15Z,0
33112,45718,Kaliro KaliroTC3,0.3200660892230024,30.52341859895648,1791092700000,2026-10-04T05:45:00+00:00,2026-10-04T08:45:00+03:00,0.0,0.0,0.0,0.0,0.8941787,0.9002823,,temp_rh_dead,2026-10-04T05:47:15Z,2026-10-04T06:02:15Z,0
33816,512617,Buyende Kidera1,1.1427018347181084,33.27926712214954,1791092700000,2026-10-04T05:45:00+00:00,2026-10-04T08:45:00+03:00,26.90623,0.0,443.9765,67.62951,0.0,0.0,,,2026-10-04T06:02:15Z,2026-10-04T06:02:15Z,0
28133,514567,Rukiga RwamuchuchuSC,-1.147093805481443,30.065473322928664,1791093000000,2026-10-04T05:50:00+00:00,2026-10-04T08:50:00+03:00,15.51,0.0,31.25048,100.0,0.0,0.4638743,,,2026-10-04T06:02:15Z,2026-10-04T06:02:15Z,0
28247,853287,KaberamaidoTC,1.3267002801667445,33.24551213582627,1791093000000,2026-10-04T05:50:00+00:00,2026-10-04T08:50:00+03:00,26.41032,0.0,467.5975,58.83268,6.268406,8.865492,,,2026-10-04T06:02:15Z,2026-10-04T06:02:15Z,0
30820,518844,Kanungu MatandaHCIII,-0.6465365596528061,29.742748867338342,1791093000000,2026-10-04T05:50:00+00:00,2026-10-04T08:50:00+03:00,23.49,0.0,5.676356,75.29,4.193179,6.387427,,,2026-10-04T06:02:15Z,2026-10-04T06:02:15Z,0
8765,45675,Serere Bugondo,1.1032982147304293,33.65208682230397,1791093600000,2026-10-04T06:00:00+00:00,2026-10-04T09:00:00+03:00,28.87923,0.0,464.8814,56.41566,0.9948882,4.376287,,,2026-10-04T06:17:15Z,2026-10-04T06:17:15Z,0
12322,853288,Mukono MpomaNARO,0.4283966588777295,32.76213604190826,1791093600000,2026-10-04T06:00:00+00:00,2026-10-04T09:00:00+03:00,23.22575,0.0,134.6761,83.02434,2.636759,,,,2026-10-04T06:17:15Z,2026-10-04T06:17:15Z,0
14926,45633,NARO NaFIRRI,1.2369277861017918,34.56704375600076,1791093600000,2026-10-04T06:00:00+00:00,2026-10-04T09:00:00+03:00,-39.90387,0.0,491.8593,0.09918365,0.0,0.0,,temp_sensor_suspect,2026-10-04T06:17:15Z,2026-10-04T06:17:15Z,0
18831,511028,Kibuku KadamaTC,1.230158490836445,33.75766971001673,1791093600000,2026-10-04T06:00:00+00:00,2026-10-04T09:00:00+03:00,23.66,0.0,523.6591,91.68,4.946975,6.228733,,,2026-10-04T06:17:15Z,2026-10-04T06:17:15Z,0
19216,511040,Ngora Kobwin,1.3996404514823648,33.746259878723855,1791093600000,2026-10-04T06:00:00+00:00,2026-10-04T09:00:00+03:00,26.27,0.0,363.6225,63.5,4.09247,6.582742,,,2026-10-04T06:17:15Z,2026-10-04T06:17:15Z,0
19410,511043,Rubanda KarengyereNARO,-1.500172417819356,29.80055712733001,1791093600000,2026-10-04T06:00:00+00:00,2026-10-04T09:00:00+03:00,17.87,0.0,369.604,72.18,12.71,,,,2026-10-04T06:17:15Z,2026-10-04T06:17:15Z,0
19560,511036,Rukungiri RukungiriTC,-0.7824612451972481,29.919168920717752,1791093600000,2026-10-04T06:00:00+00:00,2026-10-04T09:00:00+03:00,22.72,0.0,145.8763,74.13,7.341726,,,,2026-10-04T06:17:15Z,2026-10-04T06:17:15Z,0
19644,511034,Ntungamo RukoneEast,-0.9026492749586166,30.53713188060457,1791093600000,2026-10-04T06:00:00+00:00,2026-10-04T09:00:00+03:00,20.87,0.0,348.1498,92.16,1.886931,,,,2026-10-04T06:17:15Z,2026-10-04T06:17:15Z,0
19689,511063,Isingiro Mbaale SC,-0.8229276501909935,30.80641202589177,1791093600000,2026-10-04T06:00:00+00:00,2026-10-04T09:00:00+03:00,22.3,0.0,224.1245,85.83,3.234913,4.24506,,,2026-10-04T06:17:15Z,2026-10-04T06:17:15Z,0
19913,512648,Rubanda Kachwekano,-1.2492907374261277,29.94650239241936,1791093600000,2026-10-04T06:00:00+00:00,2026-10-04T09:00:00+03:00,17.55093,0.0,280.705,96.92531,4.3122,5.770962,,,2026-10-04T06:17:15Z,2026-10-04T06:17:15Z,0
20513,512647,Kitgum2 KitgumMC,3.329416943369524,33.176767183806454,1791093600000,2026-10-04T06:00:00+00:00,2026-10-04T09:00:00+03:00,26.57,0.0,513.8628,65.98,3.015182,,,,2026-10-04T06:17:15Z,2026-10-04T06:17:15Z,0
21602,44434,Mbarara NARO,-0.33912497379417256,30.53875374336554,1791093600000,2026-10-04T06:00:00+00:00,2026-10-04T09:00:00+03:00,19.95,0.0,217.5021,100.0,0.0,0.0,,,2026-10-04T06:17:15Z,2026-10-04T06:17:15Z,0
22494,511046,Bukedea BukedeaTC,1.344383477320109,34.65405915348999,1791093600000,2026-10-04T06:00:00+00:00,2026-10-04T09:00:00+03:00,26.14,0.0,570.84,70.61,0.7202259,4.61738,,,2026-10-04T06:17:15Z,2026-10-04T06:17:15Z,0
22745,860739,Tororo TororoMC,0.7363404161562512,34.16750975530811,1791093600000,2026-10-04T06:00:00+00:00,2026-10-04T09:00:00+03:00,25.1,,130.251,62.16,5.963226,,rain_mm,,2026-10-04T06:02:15Z,2026-10-04T06:17:15Z,0
23570,860744,Kabarole KyembogoNARO,0.7373272793620456,30.378182216821177,1791093600000,2026-10-04T06:00:00+00:00,2026-10-04T09:00:00+03:00,22.89616,0.0,499.1837,90.68284,0.6179904,0.6385901,,,2026-10-04T06:17:15Z,2026-10-04T06:17:15Z,0
24597,511024,Kanungu KirimaSC,-0.8665190597972187,29.750001331073445,1791093600000,2026-10-04T06:00:00+00:00,2026-10-04T09:00:00+03:00,22.34,0.0,355.0164,94.25,2.978561,7.296865,,,2026-10-04T06:17:15Z,2026-10-04T06:17:15Z,0
25494,45719,Wakiso KawandaNARO,0.5757356735589316,32.2094519796799,1791093600000,2026-10-04T06:00:00+00:00,2026-10-04T09:00:00+03:00,22.60777,0.0,232.3949,86.21805,0.0,,,,2026-10-04T06:17:15Z,2026-10-04T06:17:15Z,0
25858,860733,Masindi MasindiMC,1.6873183106449883,31.720847713796427,1791093600000,2026-10-04T06:00:00+00:00,2026-10-04T09:00:00+03:00,26.04,0.0,493.019,85.27,7.742428,,,,2026-10-04T06:17:15Z,2026-10-04T06:17:15Z,0
26314,511026,Buhweju BuhwejuTC,-0.36217852027400727,30.438745738821645,1791093600000,2026-10-04T06:00:00+00:00,2026-10-04T09:00:00+03:00,17.49905,0.0,15.80835,100.0,0.0,,,,2026-10-04T06:17:15Z,2026-10-04T06:17:15Z,0
26350,516055,Bushenyi PIBID2,-0.34476582916148607,30.12697463332902,1791093600000,2026-10-04T06:00:00+00:00,2026-10-04T09:00:00+03:00,15.1,0.0,166.9947,80.41,4.831006,6.073091,,,2026-10-04T06:17:15Z,2026-10-04T06:17:15Z,0
26371,514572,EntebbeCity NMTS,0.002068145970468316,32.47029039760271,1791093600000,2026-10-04T06:00:00+00:00,2026-10-04T09:00:00+03:00,24.45,0.0,0.0,71.59,3.497368,4.922561,,,2026-10-04T06:02:15Z,2026-10-04T06:17:15Z,0
26934,863098,Kampala LubigiNWSC,0.3440953682915257,32.54509647954191,1791093600000,2026-10-04T06:00:00+00:00,2026-10-04T09:00:00+03:00,23.39056,0.0,6.134127,87.47234,2.517739,5.719081,,,2026-10-04T06:17:15Z,2026-10-04T06:17:15Z,0
27204,515136,Kirihura MburoNP,-0.32644602379535037,30.558912625750658,1791093600000,2026-10-04T06:00:00+00:00,2026-10-04T09:00:00+03:00,,0.0,6.530861,,0.0,0.3295949,t_air_c;rh_pct,,2026-10-04T06:17:15Z,2026-10-04T06:17:15Z,0
27429,853290,Tororo MoroTC,1.347804683283513,33.56157669447344,1791093600000,2026-10-04T06:00:00+00:00,2026-10-04T09:00:00+03:00,25.72,0.0,480.9644,78.31,0.1037613,0.5249103,,,2026-10-04T06:17:15Z,2026-10-04T06:17:15Z,0
27592,514557,Kampala MakerereUnv3,0.33461539452981,32.571512848339765,1791093600000,2026-10-04T06:00:00+00:00,2026-10-04T09:00:00+03:00,24.04,0.0,348.5771,71.4,1.232929,3.262379,,,2026-10-04T06:17:15Z,2026-10-04T06:17:15Z,0
27630,514559,Gulu Airfield2,2.3315839569642756,32.403314261884674,1791093600000,2026-10-04T06:00:00+00:00,2026-10-04T09:00:00+03:00,27.57,0.0,491.0658,57.75,0.4974441,,,,2026-10-04T06:17:15Z,2026-10-04T06:17:15Z,0
27651,514554,Lamwo LamwoTC,3.5293008898067413,32.800069272228264,1791093600000,2026-10-04T06:00:00+00:00,2026-10-04T09:00:00+03:00,25.41,0.0,31.09789,69.99,3.143358,6.347754,,,2026-10-04T06:17:15Z,2026-10-04T06:17:15Z,0
28282,49381,Amolatar NamasaleHCIII2,1.890942556037648,33.03500809176537,1791093600000,2026-10-04T06:00:00+00:00,2026-10-04T09:00:00+03:00,27.48,0.0,499.2752,65.35,10.73625,13.98642,,,2026-10-04T06:17:15Z,2026-10-04T06:17:15Z,0
28465,518272,Nabilatuk NabilatukDLG,2.0853119097380035,34.60581875063605,1791093600000,2026-10-04T06:00:00+00:00,2026-10-04T09:00:00+03:00,28.91,0.0,621.9882,33.22,27.60769,39.16823,,,2026-10-04T06:17:15Z,2026-10-04T06:17:15Z,0
28650,518275,Nakapiripirit NabulengerHCII,1.8399992209235494,34.569297846559095,1791093600000,2026-10-04T06:00:00+00:00,2026-10-04T09:00:00+03:00,28.51,0.0,577.554,36.31,9.690089,13.72763,,,2026-10-04T06:17:15Z,2026-10-04T06:17:15Z,0
28835,518279,Karenga KidepoAirfield,3.433006937417964,33.45274286601015,1791093600000,2026-10-04T06:00:00+00:00,2026-10-04T09:00:00+03:00,29.38,0.0,541.207,38.58,22.59861,,,,2026-10-04T06:17:15Z,2026-10-04T06:17:15Z,0
28935,518278,Kaabong SidokHCIII,3.3616463406052675,34.12346082801267,1791093600000,2026-10-04T06:00:00+00:00,2026-10-04T09:00:00+03:00,26.37,0.0,444.8615,43.19,22.87938,,,,2026-10-04T06:17:15Z,2026-10-04T06:17:15Z,0
29180,517853,Moroto RupaSC,2.582841223352566,34.66924742947938,1791093600000,2026-10-04T06:00:00+00:00,2026-10-04T09:00:00+03:00,28.26,0.0,559.3652,35.69,9.063859,19.50713,,,2026-10-04T06:17:15Z,2026-10-04T06:17:15Z,0
29347,862041,Kabale KabaleMC,-1.2542908115437144,29.987880749577656,1791093600000,2026-10-04T06:00:00+00:00,2026-10-04T09:00:00+03:00,17.62,0.0,392.1569,78.17,0.8116274,,,,2026-10-04T06:17:15Z,2026-10-04T06:17:15Z,0
29366,860740,Kasese Airfield,0.16776145042270435,30.06946870555926,1791093600000,2026-10-04T06:00:00+00:00,2026-10-04T09:00:00+03:00,24.43,0.0,435.3399,73.86,6.216983,,,,2026-10-04T06:17:15Z,2026-10-04T06:17:15Z,0
29407,860737,Soroti Airfield,1.7125019696651427,33.60989885031907,1791093600000,2026-10-04T06:00:00+00:00,2026-10-04T09:00:00+03:00,25.69,0.0,555.3979,80.9,11.29274,,,,2026-10-04T06:17:15Z,2026-10-04T06:17:15Z,0
29432,514563,Kikuube Hoima Sugar,1.250555426321004,31.194469848676302,1791093600000,2026-10-04T06:00:00+00:00,2026-10-04T09:00:00+03:00,23.39,0.0,16.17456,78.67,0.6622416,3.308156,,,2026-10-04T06:17:15Z,2026-10-04T06:17:15Z,0
29497,514558,Bulisa ButiabaHydro,2.1126939171888264,31.436768666464783,1791093600000,2026-10-04T06:00:00+00:00,2026-10-04T09:00:00+03:00,27.77,0.0,98.63432,66.77,2.867476,,,,2026-10-04T06:17:15Z,2026-10-04T06:17:15Z,0
29529,514573,Bundibugyo BundibugyoTC,0.8026268481642997,30.27578425237216,1791093600000,2026-10-04T06:00:00+00:00,2026-10-04T09:00:00+03:00,25.78,0.0,0.0,72.44,1.516136,,,,2026-10-04T06:17:15Z,2026-10-04T06:17:15Z,0
29561,514560,Kikuube Hoima Airport,1.4920191900781956,31.31796244549898,1791093600000,2026-10-04T06:00:00+00:00,2026-10-04T09:00:00+03:00,25.23,0.0,14.95384,73.88,8.449988,,,,2026-10-04T06:17:15Z,2026-10-04T06:17:15Z,0
29593,514561,Pallisa KasodoSC,1.2320044388064466,33.6019957700963,1791093600000,2026-10-04T06:00:00+00:00,2026-10-04T09:00:00+03:00,25.45,0.0,490.6081,100.0,6.328221,,,,2026-10-04T06:17:15Z,2026-10-04T06:17:15Z,0
29756,862010,Nakasongola KalungiSC,1.2852342933913012,32.662599686414936,1791093600000,2026-10-04T06:00:00+00:00,2026-10-04T09:00:00+03:00,28.29633,0.0,368.9631,55.88464,12.1828,15.97925,,,2026-10-04T06:17:15Z,2026-10-04T06:17:15Z,0
29787,862013,Kamuli Namasagali,1.0190806821802028,32.949594981070824,1791093600000,2026-10-04T06:00:00+00:00,2026-10-04T09:00:00+03:00,23.13,0.0,181.0025,100.0,3.494316,4.855421,,,2026-10-04T06:17:15Z,2026-10-04T06:17:15Z,0
29892,516056,Budaka BudakaTC2,0.11576196513474404,33.453613566274235,1791093600000,2026-10-04T06:00:00+00:00,2026-10-04T09:00:00+03:00,24.63,0.0,512.0012,86.81,3.744564,,,,2026-10-04T06:17:15Z,2026-10-04T06:17:15Z,0
29932,514577,Namutumba NamutumbaTC2,1.9758008082349363,33.56106699819666,1791093600000,2026-10-04T06:00:00+00:00,2026-10-04T09:00:00+03:00,24.91,0.0,572.8847,71.87,0.0,1.049821,,,2026-10-04T06:17:15Z,2026-10-04T06:17:15Z,0
30001,860741,Mbarara MbararaMC,-0.6104058469568668,30.637128687200217,1791093600000,2026-10-04T06:00:00+00:00,2026-10-04T09:00:00+03:00,20.97,0.0,234.3481,87.29,1.26482,4.041657,,,2026-10-04T06:17:15Z,2026-10-04T06:17:15Z,0
30033,45670,Apac ApacTC,1.9892647841094635,32.531624149345156,1791093600000,2026-10-04T06:00:00+00:00,2026-10-04T09:00:00+03:00,26.11,0.0,0.0,84.91,0.0,0.0,,,2026-10-04T06:17:15Z,2026-10-04T06:17:15Z,0
30143,860494,Lira NARONgetta,2.1557054334938868,32.88785061975556,1791093600000,2026-10-04T06:00:00+00:00,2026-10-04T09:00:00+03:00,26.3,0.0,585.977,72.98,0.5973907,,,,2026-10-04T06:17:15Z,2026-10-04T06:17:15Z,0
30220,45708,Dokolo DokoloTC,1.914993229491238,33.176049575854904,1791093600000,2026-10-04T06:00:00+00:00,2026-10-04T09:00:00+03:00,27.74701,0.0,412.9702,52.67262,11.66354,23.29824,,,2026-10-04T06:17:15Z,2026-10-04T06:17:15Z,0
30252,49521,Kyenjojo KyenjojoMC,0.6130612575199993,30.641008786833954,1791093600000,2026-10-04T06:00:00+00:00,2026-10-04T09:00:00+03:00,23.74609,0.0,457.8011,53.75601,3.262379,4.681468,,,2026-10-04T06:17:15Z,2026-10-04T06:17:15Z,0
30283,514568,Kampala KyambogoUnv2,0.3228582483254613,32.59455916940114,1791093600000,2026-10-04T06:00:00+00:00,2026-10-04T09:00:00+03:00,24.65,0.0,383.154,73.56,2.59144,6.900893,,,2026-10-04T06:17:15Z,2026-10-04T06:17:15Z,0
30316,860746,Mayuge IkulweNARO,0.4388712184461232,33.476196856980515,1791093600000,2026-10-04T06:00:00+00:00,2026-10-04T09:00:00+03:00,,0.0,26.09293,,15.12016,,t_air_c;rh_pct,,2026-10-04T06:02:15Z,2026-10-04T06:17:15Z,0
30347,860738,Bulambuli BuginyanyaNARO,1.2292008829492236,34.512188495373756,1791093600000,2026-10-04T06:00:00+00:00,2026-10-04T09:00:00+03:00,23.25,0.0,57.22133,63.59,0.1359579,,,,2026-10-04T06:17:15Z,2026-10-04T06:17:15Z,0
30381,45666,Mukono NtawoNARO,0.37885800528124053,32.7292665823493,1791093600000,2026-10-04T06:00:00+00:00,2026-10-04T09:00:00+03:00,23.50195,0.0,86.73228,84.00549,3.176929,5.532922,,,2026-10-04T06:17:15Z,2026-10-04T06:17:15Z,0
30411,45716,Lwengo KamenyamigoNARO,-0.28429808513865706,31.664636340132986,1791093600000,2026-10-04T06:00:00+00:00,2026-10-04T09:00:00+03:00,23.24,0.0,268.0705,74.52,0.5401694,0.5554284,,,2026-10-04T06:17:15Z,2026-10-04T06:17:15Z,0
30476,518276,Moroto Airfield,2.499539862843011,34.60336771655714,1791093600000,2026-10-04T06:00:00+00:00,2026-10-04T09:00:00+03:00,28.08,0.0,584.5121,36.35,6.46006,,,,2026-10-04T06:17:15Z,2026-10-04T06:17:15Z,0
30518,45678,Kwania AdukuTC,2.0141834426175826,32.722869192593286,1791093600000,2026-10-04T06:00:00+00:00,2026-10-04T09:00:00+03:00,26.34,0.0,360.1129,76.7,0.0,0.0,,,2026-10-04T06:17:15Z,2026-10-04T06:17:15Z,0
30600,514575,Buvuma BuvumaCollege,0.20227217732623182,33.298299581212675,1791093600000,2026-10-04T06:00:00+00:00,2026-10-04T09:00:00+03:00,26.76,0.0,531.3192,85.35,8.886703,,,,2026-10-04T06:17:15Z,2026-10-04T06:17:15Z,0
30695,514556,EntebbeCity AirportNMC,-0.34891969990053573,30.46770493505511,1791093600000,2026-10-04T06:00:00+00:00,2026-10-04T09:00:00+03:00,25.01,0.0,491.7067,68.42,8.987564,11.85321,,,2026-10-04T06:17:15Z,2026-10-04T06:17:15Z,0
30757,860735,Arua Airfield,3.022727728757243,30.902049741391995,1791093600000,2026-10-04T06:00:00+00:00,2026-10-04T09:00:00+03:00,24.69,0.0,462.5315,94.65,5.157549,8.740368,,,2026-10-04T06:17:15Z,2026-10-04T06:17:15Z,0
31441,518845,Kapchorwa KapchorwaTC,1.3911330664844062,34.44711975629734,1791093600000,2026-10-04T06:00:00+00:00,2026-10-04T09:00:00+03:00,,0.0,,,0.0,0.3479057,t_air_c;rh_pct,,2026-10-04T06:17:15Z,2026-10-04T06:17:15Z,0
31567,518860,Bulambuli Bunambutye HCIII,1.456486355349107,34.36072118430061,1791093600000,2026-10-04T06:00:00+00:00,2026-10-04T09:00:00+03:00,32.07,0.0,9.430076,24.8,24.16114,28.748,,,2026-10-04T06:17:15Z,2026-10-04T06:17:15Z,0
31712,518846,Sironko SironkoTC,1.2330289483318788,34.24436423053502,1791093600000,2026-10-04T06:00:00+00:00,2026-10-04T09:00:00+03:00,25.93,0.0,95.15527,59.08,2.948043,4.751659,,,2026-10-04T06:17:15Z,2026-10-04T06:17:15Z,0
32252,518843,Isingiro KabuyandaTC,-0.9482535956706091,30.623306857245286,1791093600000,2026-10-04T06:00:00+00:00,2026-10-04T09:00:00+03:00,21.55,0.0,0.0,66.58,2.383459,3.430228,,,2026-10-04T06:17:15Z,2026-10-04T06:17:15Z,0
33112,45718,Kaliro KaliroTC3,0.3200660892230024,30.52341859895648,1791093600000,2026-10-04T06:00:00+00:00,2026-10-04T09:00:00+03:00,0.0,0.0,0.0,0.0,0.8880751,0.8941787,,temp_rh_dead,2026-10-04T06:17:15Z,2026-10-04T06:17:15Z,0
33816,512617,Buyende Kidera1,1.1427018347181084,33.27926712214954,1791093600000,2026-10-04T06:00:00+00:00,2026-10-04T09:00:00+03:00,27.04051,0.0,500.2823,67.76837,0.0,0.0,,,2026-10-04T06:17:15Z,2026-10-04T06:17:15Z,0
28133,514567,Rukiga RwamuchuchuSC,-1.147093805481443,30.065473322928664,1791094200000,2026-10-04T06:10:00+00:00,2026-10-04T09:10:00+03:00,17.63,0.0,19.98932,99.11,0.0,0.4760815,,,2026-10-04T06:17:15Z,2026-10-04T06:17:15Z,0
28247,853287,KaberamaidoTC,1.3267002801667445,33.24551213582627,1791094200000,2026-10-04T06:10:00+00:00,2026-10-04T09:10:00+03:00,27.06035,0.0,550.8202,53.93759,8.816663,14.2916,,,2026-10-04T06:17:15Z,2026-10-04T06:17:15Z,0
30820,518844,Kanungu MatandaHCIII,-0.6465365596528061,29.742748867338342,1791094200000,2026-10-04T06:10:00+00:00,2026-10-04T09:10:00+03:00,24.23,0.0,5.981536,78.51,4.611277,5.984588,,,2026-10-04T06:17:15Z,2026-10-04T06:17:15Z,0
18675,511038,Bushenyi KyamuhungaTC,-0.43140075953825036,30.06284619401695,1791094500000,2026-10-04T06:15:00+00:00,2026-10-04T09:15:00+03:00,23.87,0.0,384.863,74.56,5.526817,8.007935,,,2026-10-04T06:17:15Z,2026-10-04T06:17:15Z,0
31495,518862,Kapchorwa SipiTC,1.2267354469379133,34.365906405123326,1791094500000,2026-10-04T06:15:00+00:00,2026-10-04T09:15:00+03:00,24.37,0.0,6.256199,40.9,4.538033,11.62432,,,2026-10-04T06:17:15Z,2026-10-04T06:17:15Z,0
31809,518861,Bulambuli Bulegeni NARO,1.2990504672186247,34.322697246680406,1791094500000,2026-10-04T06:15:00+00:00,2026-10-04T09:15:00+03:00,25.05,0.0,7.446403,54.15,5.294881,7.013047,,,2026-10-04T06:17:15Z,2026-10-04T06:17:15Z,0
28759,511035,Bududa BududaTC2,1.3553961749053598,33.64313201994342,1791109800000,2026-10-04T10:30:00+00:00,2026-10-04T13:30:00+03:00,30.88,0.0,1042.13,55.73,5.709926,,,,2026-10-04T16:05:44Z,2026-10-04T16:05:44Z,0
28210,514564,Kiryandongo KiryandongoSF,-1.338837687838001,30.43596025320078,1791122400000,2026-10-04T14:00:00+00:00,2026-10-04T17:00:00+03:00,33.27,0.0,70.46616,33.74,4.910353,8.572518,,,2026-10-04T16:05:44Z,2026-10-04T16:05:44Z,0
28465,518272,Nabilatuk NabilatukDLG,2.0853119097380035,34.60581875063605,1791124200000,2026-10-04T14:30:00+00:00,2026-10-04T17:30:00+03:00,31.62,0.0,193.2402,29.13,23.61959,31.1632,,,2026-10-04T16:05:44Z,2026-10-04T16:05:44Z,0
29561,514560,Kikuube Hoima Airport,1.4920191900781956,31.31796244549898,1791127800000,2026-10-04T15:30:00+00:00,2026-10-04T18:30:00+03:00,26.88,0.0,11.59686,66.2,7.6878,,,,2026-10-04T16:05:44Z,2026-10-04T16:05:44Z,0
30066,49455,Kayunga DistrictAdmin,0.7203001611290255,32.893290564677095,1791127800000,2026-10-04T15:30:00+00:00,2026-10-04T18:30:00+03:00,27.2343,0.0,0.3356985,70.83543,140.5661,,,wind_sensor_suspect,2026-10-04T16:05:44Z,2026-10-04T16:05:44Z,0
32414,518863,Sironko Bugusege NARO,1.3301129163684409,33.67749128727189,1791127800000,2026-10-04T15:30:00+00:00,2026-10-04T18:30:00+03:00,25.14,0.0,137.4838,49.16,0.5188068,,,,2026-10-04T16:05:44Z,2026-10-04T16:05:44Z,0
30820,518844,Kanungu MatandaHCIII,-0.6465365596528061,29.742748867338342,1791128400000,2026-10-04T15:40:00+00:00,2026-10-04T18:40:00+03:00,24.66,0.0,0.0,59.98,11.35271,19.2752,,,2026-10-04T16:05:44Z,2026-10-04T16:05:44Z,0
31267,518847,Bukedea Kachumbala SC,1.2266404886375875,34.11571805530725,1791128400000,2026-10-04T15:40:00+00:00,2026-10-04T18:40:00+03:00,27.74,0.0,5.157549,43.27,3.198291,3.753719,,,2026-10-04T16:05:44Z,2026-10-04T16:05:44Z,0
31441,518845,Kapchorwa KapchorwaTC,1.3911330664844062,34.44711975629734,1791128400000,2026-10-04T15:40:00+00:00,2026-10-04T18:40:00+03:00,,0.0,,,0.0,0.2563516,t_air_c;rh_pct,,2026-10-04T16:05:44Z,2026-10-04T16:05:44Z,0
8765,45675,Serere Bugondo,1.1032982147304293,33.65208682230397,1791128700000,2026-10-04T15:45:00+00:00,2026-10-04T18:45:00+03:00,26.5629,0.0,0.0,70.46311,0.546273,0.5584802,,,2026-10-04T16:05:44Z,2026-10-04T16:05:44Z,0
12322,853288,Mukono MpomaNARO,0.4283966588777295,32.76213604190826,1791128700000,2026-10-04T15:45:00+00:00,2026-10-04T18:45:00+03:00,24.93629,0.0,0.0,87.29839,2.179446,,,,2026-10-04T16:05:44Z,2026-10-04T16:05:44Z,0
19216,511040,Ngora Kobwin,1.3996404514823648,33.746259878723855,1791128700000,2026-10-04T15:45:00+00:00,2026-10-04T18:45:00+03:00,28.74,0.0,0.0,57.94,0.576791,0.5951018,,,2026-10-04T16:05:44Z,2026-10-04T16:05:44Z,0
19560,511036,Rukungiri RukungiriTC,-0.7824612451972481,29.919168920717752,1791128700000,2026-10-04T15:45:00+00:00,2026-10-04T18:45:00+03:00,15.7,0.0,0.0,100.0,6.785535,,,,2026-10-04T16:05:44Z,2026-10-04T16:05:44Z,0
19644,511034,Ntungamo RukoneEast,-0.9026492749586166,30.53713188060457,1791128700000,2026-10-04T15:45:00+00:00,2026-10-04T18:45:00+03:00,19.19,0.0,0.0,100.0,9.706569,,,,2026-10-04T16:05:44Z,2026-10-04T16:05:44Z,0
19913,512648,Rubanda Kachwekano,-1.2492907374261277,29.94650239241936,1791128700000,2026-10-04T15:45:00+00:00,2026-10-04T18:45:00+03:00,16.74831,0.0,0.0,95.3933,4.782177,6.543069,,,2026-10-04T16:05:44Z,2026-10-04T16:05:44Z,0
21602,44434,Mbarara NARO,-0.33912497379417256,30.53875374336554,1791128700000,2026-10-04T15:45:00+00:00,2026-10-04T18:45:00+03:00,21.65,0.0,0.0,100.0,2.670329,7.498283,,,2026-10-04T16:05:44Z,2026-10-04T16:05:44Z,0
22494,511046,Bukedea BukedeaTC,1.344383477320109,34.65405915348999,1791128700000,2026-10-04T15:45:00+00:00,2026-10-04T18:45:00+03:00,28.38,0.0,0.0,59.43,2.658122,6.018158,,,2026-10-04T16:05:44Z,2026-10-04T16:05:44Z,0
22745,860739,Tororo TororoMC,0.7363404161562512,34.16750975530811,1791128700000,2026-10-04T15:45:00+00:00,2026-10-04T18:45:00+03:00,29.63,,0.3356985,51.49,2.914473,,rain_mm,,2026-10-04T16:05:44Z,2026-10-04T16:05:44Z,0
23570,860744,Kabarole KyembogoNARO,0.7373272793620456,30.378182216821177,1791128700000,2026-10-04T15:45:00+00:00,2026-10-04T18:45:00+03:00,22.16983,0.0,7.263295,89.84055,0.6715496,0.6962692,,,2026-10-04T16:05:44Z,2026-10-04T16:05:44Z,0
24597,511024,Kanungu KirimaSC,-0.8665190597972187,29.750001331073445,1791128700000,2026-10-04T15:45:00+00:00,2026-10-04T18:45:00+03:00,17.68,0.2,0.0,999.0,7.064927,10.7454,,rh_sensor_suspect,2026-10-04T16:05:44Z,2026-10-04T16:05:44Z,0
25494,45719,Wakiso KawandaNARO,0.5757356735589316,32.2094519796799,1791128700000,2026-10-04T15:45:00+00:00,2026-10-04T18:45:00+03:00,25.29794,0.0,0.7324331,76.17151,1.779812,,,,2026-10-04T16:05:44Z,2026-10-04T16:05:44Z,0
25894,44432,NARO Serere2,1.5498464368665708,33.471426852949406,1791128700000,2026-10-04T15:45:00+00:00,2026-10-04T18:45:00+03:00,29.28,0.0,0.0,55.67,4.751659,6.32639,,,2026-10-04T16:05:44Z,2026-10-04T16:05:44Z,0
26350,516055,Bushenyi PIBID2,-0.34476582916148607,30.12697463332902,1791128700000,2026-10-04T15:45:00+00:00,2026-10-04T18:45:00+03:00,11.48,0.0,0.0,100.0,5.12398,7.42504,,,2026-10-04T16:05:44Z,2026-10-04T16:05:44Z,0
27630,514559,Gulu Airfield2,2.3315839569642756,32.403314261884674,1791128700000,2026-10-04T15:45:00+00:00,2026-10-04T18:45:00+03:00,27.88,0.0,0.0,53.99,0.5035477,,,,2026-10-04T16:05:44Z,2026-10-04T16:05:44Z,0
27651,514554,Lamwo LamwoTC,3.5293008898067413,32.800069272228264,1791128700000,2026-10-04T15:45:00+00:00,2026-10-04T18:45:00+03:00,27.37,0.0,0.0,67.13,2.972457,3.921569,,,2026-10-04T16:05:44Z,2026-10-04T16:05:44Z,0
27771,853292,Palisa PallisaTC2,1.2019752388359248,33.32467996636534,1791128700000,2026-10-04T15:45:00+00:00,2026-10-04T18:45:00+03:00,30.77,0.0,0.0,46.01,0.4852369,,,,2026-10-04T16:05:44Z,2026-10-04T16:05:44Z,0
28282,49381,Amolatar NamasaleHCIII2,1.890942556037648,33.03500809176537,1791128700000,2026-10-04T15:45:00+00:00,2026-10-04T18:45:00+03:00,28.0,0.0,0.0,58.41,4.901198,6.350805,,,2026-10-04T16:05:44Z,2026-10-04T16:05:44Z,0
28650,518275,Nakapiripirit NabulengerHCII,1.8399992209235494,34.569297846559095,1791128700000,2026-10-04T15:45:00+00:00,2026-10-04T18:45:00+03:00,29.98,0.0,0.0,33.5,24.70313,37.91989,,,2026-10-04T16:05:44Z,2026-10-04T16:05:44Z,0
29347,862041,Kabale KabaleMC,-1.2542908115437144,29.987880749577656,1791128700000,2026-10-04T15:45:00+00:00,2026-10-04T18:45:00+03:00,18.94,0.0,0.0,77.39,0.8157473,,,,2026-10-04T16:05:44Z,2026-10-04T16:05:44Z,0
29366,860740,Kasese Airfield,0.16776145042270435,30.06946870555926,1791128700000,2026-10-04T15:45:00+00:00,2026-10-04T18:45:00+03:00,27.43,0.0,5.951019,68.91,8.466469,,,,2026-10-04T16:05:44Z,2026-10-04T16:05:44Z,0
29407,860737,Soroti Airfield,1.7125019696651427,33.60989885031907,1791128700000,2026-10-04T15:45:00+00:00,2026-10-04T18:45:00+03:00,29.05,0.0,0.0,71.88,0.6056306,,,,2026-10-04T16:05:44Z,2026-10-04T16:05:44Z,0
29529,514573,Bundibugyo BundibugyoTC,0.8026268481642997,30.27578425237216,1791128700000,2026-10-04T15:45:00+00:00,2026-10-04T18:45:00+03:00,27.49,0.0,0.0,64.29,4.639048,,,,2026-10-04T16:05:44Z,2026-10-04T16:05:44Z,0
29756,862010,Nakasongola KalungiSC,1.2852342933913012,32.662599686414936,1791128700000,2026-10-04T15:45:00+00:00,2026-10-04T18:45:00+03:00,29.64523,0.0,0.0,43.38598,0.0,0.0,,,2026-10-04T16:05:44Z,2026-10-04T16:05:44Z,0
29823,860732,Kotido KotidoTC,3.007038604042491,34.10733499015392,1791128700000,2026-10-04T15:45:00+00:00,2026-10-04T18:45:00+03:00,29.74,0.0,0.7629511,50.32,0.0,0.0,,,2026-10-04T16:05:44Z,2026-10-04T16:05:44Z,0
29892,516056,Budaka BudakaTC2,0.11576196513474404,33.453613566274235,1791128700000,2026-10-04T15:45:00+00:00,2026-10-04T18:45:00+03:00,27.01,0.0,0.0,82.65,5.349813,,,,2026-10-04T16:05:44Z,2026-10-04T16:05:44Z,0
30001,860741,Mbarara MbararaMC,-0.6104058469568668,30.637128687200217,1791128700000,2026-10-04T15:45:00+00:00,2026-10-04T18:45:00+03:00,24.15,0.0,0.0,76.73,6.579538,9.953765,,,2026-10-04T16:05:44Z,2026-10-04T16:05:44Z,0
30143,860494,Lira NARONgetta,2.1557054334938868,32.88785061975556,1791128700000,2026-10-04T15:45:00+00:00,2026-10-04T18:45:00+03:00,27.68,0.0,0.0,56.9,5.331197,,,,2026-10-04T16:05:44Z,2026-10-04T16:05:44Z,0
30220,45708,Dokolo DokoloTC,1.914993229491238,33.176049575854904,1791128700000,2026-10-04T15:45:00+00:00,2026-10-04T18:45:00+03:00,28.50233,0.0,0.0,51.39086,1.639735,3.794461,,,2026-10-04T16:05:44Z,2026-10-04T16:05:44Z,0
30252,49521,Kyenjojo KyenjojoMC,0.6130612575199993,30.641008786833954,1791128700000,2026-10-04T15:45:00+00:00,2026-10-04T18:45:00+03:00,24.73792,0.0,1.770047,44.00854,5.154498,7.956054,,,2026-10-04T16:05:44Z,2026-10-04T16:05:44Z,0
30347,860738,Bulambuli BuginyanyaNARO,1.2292008829492236,34.512188495373756,1791128700000,2026-10-04T15:45:00+00:00,2026-10-04T18:45:00+03:00,19.58,0.0,25.23842,79.93,0.03295949,,,,2026-10-04T16:05:44Z,2026-10-04T16:05:44Z,0
30600,514575,Buvuma BuvumaCollege,0.20227217732623182,33.298299581212675,1791128700000,2026-10-04T15:45:00+00:00,2026-10-04T18:45:00+03:00,25.74,0.0,0.0,92.98,11.53582,,,,2026-10-04T16:05:44Z,2026-10-04T16:05:44Z,0
30695,514556,EntebbeCity AirportNMC,-0.34891969990053573,30.46770493505511,1791128700000,2026-10-04T15:45:00+00:00,2026-10-04T18:45:00+03:00,24.73,0.0,5.188067,76.56,7.913329,10.2388,,,2026-10-04T16:05:44Z,2026-10-04T16:05:44Z,0
31567,518860,Bulambuli Bunambutye HCIII,1.456486355349107,34.36072118430061,1791128700000,2026-10-04T15:45:00+00:00,2026-10-04T18:45:00+03:00,30.41,0.0,7.415885,34.11,4.385443,6.970321,,,2026-10-04T16:05:44Z,2026-10-04T16:05:44Z,0
31712,518846,Sironko SironkoTC,1.2330289483318788,34.24436423053502,1791128700000,2026-10-04T15:45:00+00:00,2026-10-04T18:45:00+03:00,25.87,0.0,95.49096,61.71,6.347754,9.582665,,,2026-10-04T16:05:44Z,2026-10-04T16:05:44Z,0
32252,518843,Isingiro KabuyandaTC,-0.9482535956706091,30.623306857245286,1791128700000,2026-10-04T15:45:00+00:00,2026-10-04T18:45:00+03:00,21.14,0.0,0.0,81.55,1.101701,2.618448,,,2026-10-04T16:05:44Z,2026-10-04T16:05:44Z,0
33112,45718,Kaliro KaliroTC3,0.3200660892230024,30.52341859895648,1791128700000,2026-10-04T15:45:00+00:00,2026-10-04T18:45:00+03:00,0.0,0.0,0.0,0.0,0.8941787,0.9002823,,temp_rh_dead,2026-10-04T16:05:44Z,2026-10-04T16:05:44Z,0
33816,512617,Buyende Kidera1,1.1427018347181084,33.27926712214954,1791128700000,2026-10-04T15:45:00+00:00,2026-10-04T18:45:00+03:00,31.33745,0.0,0.0,41.82651,0.0,0.0,,,2026-10-04T16:05:44Z,2026-10-04T16:05:44Z,0
28133,514567,Rukiga RwamuchuchuSC,-1.147093805481443,30.065473322928664,1791129000000,2026-10-04T15:50:00+00:00,2026-10-04T18:50:00+03:00,18.65,0.0,128.2368,88.69,2.151522,3.057908,,,2026-10-04T16:05:44Z,2026-10-04T16:05:44Z,0
14926,45633,NARO NaFIRRI,1.2369277861017918,34.56704375600076,1791129600000,2026-10-04T16:00:00+00:00,2026-10-04T19:00:00+03:00,-39.90997,0.0,1.159686,0.09918365,4.641795,8.825818,,temp_sensor_suspect,2026-10-04T16:05:44Z,2026-10-04T16:05:44Z,0
18638,511041,Rubirizi RubiriziTC,0.12326709721562841,30.33796491610475,1791129600000,2026-10-04T16:00:00+00:00,2026-10-04T19:00:00+03:00,19.32,0.0,0.0,999.0,11.87457,20.63325,,rh_sensor_suspect,2026-10-04T16:05:44Z,2026-10-04T16:05:44Z,0
18675,511038,Bushenyi KyamuhungaTC,-0.43140075953825036,30.06284619401695,1791129600000,2026-10-04T16:00:00+00:00,2026-10-04T19:00:00+03:00,16.58,0.2,0.0,100.0,4.281682,9.600977,,,2026-10-04T16:05:44Z,2026-10-04T16:05:44Z,0
18831,511028,Kibuku KadamaTC,1.230158490836445,33.75766971001673,1791129600000,2026-10-04T16:00:00+00:00,2026-10-04T19:00:00+03:00,27.72,0.0,0.0,71.86,6.027313,9.228657,,,2026-10-04T16:05:44Z,2026-10-04T16:05:44Z,0
19036,511025,Kumi Mukongoro,1.3213023670796662,33.886075111016034,1791129600000,2026-10-04T16:00:00+00:00,2026-10-04T19:00:00+03:00,28.81,0.0,22.24765,69.25,0.5035477,0.5554284,,,2026-10-04T16:05:44Z,2026-10-04T16:05:44Z,0
19410,511043,Rubanda KarengyereNARO,-1.500172417819356,29.80055712733001,1791129600000,2026-10-04T16:00:00+00:00,2026-10-04T19:00:00+03:00,13.76,0.0,0.0,100.0,12.9366,,,,2026-10-04T16:05:44Z,2026-10-04T16:05:44Z,0
19689,511063,Isingiro Mbaale SC,-0.8229276501909935,30.80641202589177,1791129600000,2026-10-04T16:00:00+00:00,2026-10-04T19:00:00+03:00,24.62,0.0,0.0,71.75,5.300984,5.899138,,,2026-10-04T16:05:44Z,2026-10-04T16:05:44Z,0
20513,512647,Kitgum2 KitgumMC,3.329416943369524,33.176767183806454,1791129600000,2026-10-04T16:00:00+00:00,2026-10-04T19:00:00+03:00,30.65,0.0,0.0,44.23,8.587778,,,,2026-10-04T16:05:44Z,2026-10-04T16:05:44Z,0
22531,514574,Ntungamo NtungamoTC,-0.8743084927533056,30.25887027699915,1791129600000,2026-10-04T16:00:00+00:00,2026-10-04T19:00:00+03:00,18.68,0.0,0.0,100.0,1.293965,,,,2026-10-04T16:05:44Z,2026-10-04T16:05:44Z,0
23068,44186,Hoima Bulindi,1.4649547824354439,31.438459956597924,1791129600000,2026-10-04T16:00:00+00:00,2026-10-04T19:00:00+03:00,23.45159,0.0,0.0,82.59403,0.708629,,,,2026-10-04T16:05:44Z,2026-10-04T16:05:44Z,0
25858,860733,Masindi MasindiMC,1.6873183106449883,31.720847713796427,1791129600000,2026-10-04T16:00:00+00:00,2026-10-04T19:00:00+03:00,27.42,0.0,0.0,78.39,1.373312,,,,2026-10-04T16:05:44Z,2026-10-04T16:05:44Z,0
26314,511026,Buhweju BuhwejuTC,-0.36217852027400727,30.438745738821645,1791129600000,2026-10-04T16:00:00+00:00,2026-10-04T19:00:00+03:00,19.08598,0.0,19.19585,96.58961,2.758831,,,,2026-10-04T16:05:44Z,2026-10-04T16:05:44Z,0
26371,514572,EntebbeCity NMTS,0.002068145970468316,32.47029039760271,1791129600000,2026-10-04T16:00:00+00:00,2026-10-04T19:00:00+03:00,24.61,0.0,0.0,77.0,2.197299,3.11284,,,2026-10-04T16:05:44Z,2026-10-04T16:05:44Z,0
26934,863098,Kampala LubigiNWSC,0.3440953682915257,32.54509647954191,1791129600000,2026-10-04T16:00:00+00:00,2026-10-04T19:00:00+03:00,26.01205,0.0,6.317235,79.19585,6.558328,9.372091,,,2026-10-04T16:05:44Z,2026-10-04T16:05:44Z,0
27204,515136,Kirihura MburoNP,-0.32644602379535037,30.558912625750658,1791129600000,2026-10-04T16:00:00+00:00,2026-10-04T19:00:00+03:00,,0.0,0.0,,0.0,0.265507,t_air_c;rh_pct,,2026-10-04T16:05:44Z,2026-10-04T16:05:44Z,0
27429,853290,Tororo MoroTC,1.347804683283513,33.56157669447344,1791129600000,2026-10-04T16:00:00+00:00,2026-10-04T19:00:00+03:00,28.57,0.0,0.0,54.94,3.076219,5.084306,,,2026-10-04T16:05:44Z,2026-10-04T16:05:44Z,0
27592,514557,Kampala MakerereUnv3,0.33461539452981,32.571512848339765,1791129600000,2026-10-04T16:00:00+00:00,2026-10-04T19:00:00+03:00,24.94,0.0,0.0,74.48,3.704891,6.671245,,,2026-10-04T16:05:44Z,2026-10-04T16:05:44Z,0
28247,853287,KaberamaidoTC,1.3267002801667445,33.24551213582627,1791129600000,2026-10-04T16:00:00+00:00,2026-10-04T19:00:00+03:00,27.76379,0.0,0.0,60.86061,3.573663,4.46479,,,2026-10-04T16:05:44Z,2026-10-04T16:05:44Z,0
28835,518279,Karenga KidepoAirfield,3.433006937417964,33.45274286601015,1791129600000,2026-10-04T16:00:00+00:00,2026-10-04T19:00:00+03:00,28.28,0.0,0.0,41.52,14.57237,,,,2026-10-04T16:05:44Z,2026-10-04T16:05:44Z,0
28935,518278,Kaabong SidokHCIII,3.3616463406052675,34.12346082801267,1791129600000,2026-10-04T16:00:00+00:00,2026-10-04T19:00:00+03:00,26.08,0.0,0.0,45.69,13.31807,,,,2026-10-04T16:05:44Z,2026-10-04T16:05:44Z,0
29036,514566,Nabilatuk Nabuin ZARDI,1.716485049322414,34.51313788762028,1791129600000,2026-10-04T16:00:00+00:00,2026-10-04T19:00:00+03:00,28.25,0.0,0.0,39.62,23.0428,,,,2026-10-04T16:05:44Z,2026-10-04T16:05:44Z,0
29180,517853,Moroto RupaSC,2.582841223352566,34.66924742947938,1791129600000,2026-10-04T16:00:00+00:00,2026-10-04T19:00:00+03:00,27.06,0.0,0.0,43.41,14.18174,26.53849,,,2026-10-04T16:05:44Z,2026-10-04T16:05:44Z,0
29306,514576,Butaleja ButalejaTC,0.6919682458015968,34.09885656329347,1791129600000,2026-10-04T16:00:00+00:00,2026-10-04T19:00:00+03:00,28.19,0.0,0.0,65.62,0.6633097,,,,2026-10-04T16:05:44Z,2026-10-04T16:05:44Z,0
29432,514563,Kikuube Hoima Sugar,1.250555426321004,31.194469848676302,1791129600000,2026-10-04T16:00:00+00:00,2026-10-04T19:00:00+03:00,25.51,0.0,15.74731,73.67,1.171893,3.311208,,,2026-10-04T16:05:44Z,2026-10-04T16:05:44Z,0
29497,514558,Bulisa ButiabaHydro,2.1126939171888264,31.436768666464783,1791129600000,2026-10-04T16:00:00+00:00,2026-10-04T19:00:00+03:00,28.95,0.0,0.0,69.7,8.866102,,,,2026-10-04T16:05:44Z,2026-10-04T16:05:44Z,0
29593,514561,Pallisa KasodoSC,1.2320044388064466,33.6019957700963,1791129600000,2026-10-04T16:00:00+00:00,2026-10-04T19:00:00+03:00,27.71,0.0,0.0,73.2,0.576791,,,,2026-10-04T16:05:44Z,2026-10-04T16:05:44Z,0
29787,862013,Kamuli Namasagali,1.0190806821802028,32.949594981070824,1791129600000,2026-10-04T16:00:00+00:00,2026-10-04T19:00:00+03:00,27.33,0.0,0.0,65.98,3.759823,4.873732,,,2026-10-04T16:05:44Z,2026-10-04T16:05:44Z,0
29932,514577,Namutumba NamutumbaTC2,1.9758008082349363,33.56106699819666,1791129600000,2026-10-04T16:00:00+00:00,2026-10-04T19:00:00+03:00,28.43,0.0,0.0,68.74,4.412909,0.4730297,,,2026-10-04T16:05:44Z,2026-10-04T16:05:44Z,0
30033,45670,Apac ApacTC,1.9892647841094635,32.531624149345156,1791129600000,2026-10-04T16:00:00+00:00,2026-10-04T19:00:00+03:00,29.34,0.0,0.0,62.82,0.0,0.0,,,2026-10-04T16:05:44Z,2026-10-04T16:05:44Z,0
30283,514568,Kampala KyambogoUnv2,0.3228582483254613,32.59455916940114,1791129600000,2026-10-04T16:00:00+00:00,2026-10-04T19:00:00+03:00,25.08,0.0,0.0,76.19,4.107576,9.076219,,,2026-10-04T16:05:44Z,2026-10-04T16:05:44Z,0
30316,860746,Mayuge IkulweNARO,0.4388712184461232,33.476196856980515,1791129600000,2026-10-04T16:00:00+00:00,2026-10-04T19:00:00+03:00,,0.0,24.38392,,7.407644,,t_air_c;rh_pct,,2026-10-04T16:05:44Z,2026-10-04T16:05:44Z,0
30381,45666,Mukono NtawoNARO,0.37885800528124053,32.7292665823493,1791129600000,2026-10-04T16:00:00+00:00,2026-10-04T19:00:00+03:00,24.28016,0.0,0.0,95.11711,6.655985,10.17777,,,2026-10-04T16:05:44Z,2026-10-04T16:05:44Z,0
30411,45716,Lwengo KamenyamigoNARO,-0.28429808513865706,31.664636340132986,1791129600000,2026-10-04T16:00:00+00:00,2026-10-04T19:00:00+03:00,24.13,0.0,9.887847,84.09,11.38628,17.97208,,,2026-10-04T16:05:44Z,2026-10-04T16:05:44Z,0
30476,518276,Moroto Airfield,2.499539862843011,34.60336771655714,1791129600000,2026-10-04T16:00:00+00:00,2026-10-04T19:00:00+03:00,28.05,0.0,0.0,41.32,29.6553,,,,2026-10-04T16:05:44Z,2026-10-04T16:05:44Z,0
30518,45678,Kwania AdukuTC,2.0141834426175826,32.722869192593286,1791129600000,2026-10-04T16:00:00+00:00,2026-10-04T19:00:00+03:00,29.21,0.0,0.0,48.57,0.0,0.0,,,2026-10-04T16:05:44Z,2026-10-04T16:05:44Z,0
30757,860735,Arua Airfield,3.022727728757243,30.902049741391995,1791129600000,2026-10-04T16:00:00+00:00,2026-10-04T19:00:00+03:00,27.7,0.0,0.0,68.13,1.544213,3.079271,,,2026-10-04T16:05:44Z,2026-10-04T16:05:44Z,0
31495,518862,Kapchorwa SipiTC,1.2267354469379133,34.365906405123326,1791129600000,2026-10-04T16:00:00+00:00,2026-10-04T19:00:00+03:00,21.34,0.0,0.0,50.42,2.810712,4.525826,,,2026-10-04T16:05:44Z,2026-10-04T16:05:44Z,0
31809,518861,Bulambuli Bulegeni NARO,1.2990504672186247,34.322697246680406,1791129600000,2026-10-04T16:00:00+00:00,2026-10-04T19:00:00+03:00,25.51,0.0,0.0,44.41,9.011978,11.44427,,,2026-10-04T16:05:44Z,2026-10-04T16:05:44Z,0
