{"type":"FeatureCollection","features":[{"type":"Feature","properties":{"class":"Major road"},"geometry":{"type":"MultiLineString","coordinates":[[[30.908,3.027],[30.909,3.025]],[[30.909,3.025],[30.91,3.023]],[[30.91,3.023],[30.91,3.022]],[[30.91,3.022],[30.912,3.019]],[[30.912,3.019],[30.913,3.017]],[[30.913,3.017],[30.915,3.015]],[[30.915,3.015],[30.913,3.012]],[[30.913,3.012],[30.911,3.008]],[[30.915,2.987],[30.92,2.975]],[[30.92,2.975],[30.92,2.973]],[[30.92,2.973],[30.935,2.958]],[[30.935,2.958],[30.948,2.946]],[[30.948,2.946],[30.954,2.933],[30.956,2.933]],[[30.956,2.933],[30.956,2.928],[30.96,2.923],[30.957,2.912],[30.968,2.902],[30.97,2.894],[30.982,2.878],[30.982,2.869],[30.986,2.864],[30.985,2.86]],[[30.985,2.86],[30.996,2.825]],[[31.139,2.657],[31.145,2.652],[31.143,2.644],[31.145,2.633],[31.136,2.618],[31.117,2.606],[31.114,2.592],[31.101,2.562]],[[31.101,2.562],[31.101,2.562]],[[33.265,2.123],[33.258,2.125]],[[33.266,2.123],[33.265,2.123]],[[33.33,2.101],[33.277,2.122],[33.266,2.123]],[[33.332,2.1],[33.33,2.101]],[[33.334,2.099],[33.332,2.1]],[[31.375,1.419],[31.375,1.417]],[[31.375,1.417],[31.375,1.413]],[[31.375,1.413],[31.378,1.401]],[[31.378,1.401],[31.401,1.366]],[[31.401,1.366],[31.403,1.36]],[[31.403,1.36],[31.403,1.36]],[[31.403,1.36],[31.407,1.351],[31.412,1.347]],[[31.412,1.347],[31.413,1.347]],[[31.413,1.347],[31.422,1.335]],[[34.079,1.286],[34.088,1.264]],[[34.453,1.398],[34.45,1.397],[34.439,1.405],[34.442,1.395],[34.427,1.388]],[[31.749,2.557],[31.735,2.554],[31.728,2.548],[31.705,2.558],[31.676,2.566],[31.66,2.562],[31.629,2.569],[31.618,2.561],[31.616,2.535],[31.603,2.523]],[[31.603,2.523],[31.596,2.516]],[[31.886,2.538],[31.876,2.537],[31.857,2.542],[31.84,2.535]],[[32.306,2.785],[32.306,2.783]],[[32.299,2.782],[32.303,2.783],[32.304,2.787],[32.306,2.785]],[[32.299,2.781],[32.299,2.782]],[[32.306,2.785],[32.299,2.781]],[[32.298,2.779],[32.299,2.781]],[[32.298,2.779],[32.296,2.782],[32.299,2.782]],[[32.306,2.783],[32.298,2.779]],[[32.299,2.777],[32.297,2.777]],[[32.297,2.777],[32.298,2.779]],[[32.297,2.777],[32.296,2.777]],[[32.296,2.777],[32.295,2.777]],[[32.295,2.777],[32.288,2.776]],[[32.288,2.776],[32.285,2.776]],[[32.298,2.772],[32.297,2.777]],[[32.295,2.771],[32.298,2.772]],[[32.29,2.771],[32.295,2.771]],[[32.298,2.772],[32.298,2.77]],[[32.296,2.77],[32.298,2.77]],[[32.295,2.771],[32.296,2.77]],[[32.296,2.77],[32.296,2.768]],[[32.298,2.77],[32.302,2.758]],[[32.302,2.758],[32.303,2.754]],[[32.306,2.742],[32.307,2.734]],[[32.307,2.734],[32.316,2.695]],[[32.316,2.695],[32.326,2.666],[32.334,2.619],[32.356,2.57]],[[32.356,2.57],[32.357,2.556]],[[32.357,2.556],[32.36,2.525],[32.366,2.508],[32.368,2.497]],[[31.135,2.492],[31.123,2.496],[31.111,2.491]],[[31.111,2.491],[31.11,2.491]],[[31.147,2.491],[31.135,2.492]],[[31.152,2.489],[31.147,2.491]],[[31.154,2.488],[31.152,2.489]],[[31.162,2.485],[31.154,2.488]],[[31.168,2.484],[31.162,2.485]],[[31.175,2.481],[31.168,2.484]],[[31.189,2.47],[31.184,2.477],[31.175,2.481]],[[31.19,2.465],[31.189,2.47]],[[31.192,2.463],[31.19,2.465]],[[31.192,2.463],[31.192,2.463]],[[31.197,2.457],[31.192,2.463]],[[31.2,2.453],[31.197,2.457]],[[31.2,2.453],[31.2,2.453]],[[31.205,2.444],[31.2,2.453]],[[31.208,2.438],[31.205,2.444]],[[31.505,2.465],[31.507,2.461]],[[31.528,2.456],[31.531,2.457]],[[31.521,2.453],[31.528,2.456]],[[31.508,2.459],[31.514,2.451],[31.521,2.453]],[[32.242,2.253],[32.24,2.253]],[[32.383,2.447],[32.379,2.446]],[[32.379,2.446],[32.379,2.446]],[[32.496,2.237],[32.48,2.234]],[[32.48,2.234],[32.48,2.234]],[[32.48,2.234],[32.468,2.231]],[[32.468,2.231],[32.464,2.231]],[[32.464,2.231],[32.45,2.228]],[[32.338,2.246],[32.339,2.227]],[[32.45,2.228],[32.445,2.227]],[[32.339,2.227],[32.348,2.226],[32.368,2.214]],[[32.445,2.227],[32.429,2.224]],[[32.429,2.224],[32.408,2.22]],[[32.408,2.22],[32.368,2.214]],[[32.687,2.316],[32.665,2.317]],[[32.706,2.311],[32.7,2.315],[32.687,2.316]],[[32.728,2.294],[32.72,2.298],[32.706,2.311]],[[32.928,2.316],[32.924,2.302]],[[32.924,2.302],[32.922,2.298]],[[32.922,2.298],[32.922,2.296]],[[32.922,2.296],[32.921,2.293]],[[32.8,2.286],[32.784,2.295],[32.767,2.295]],[[32.921,2.293],[32.919,2.277]],[[32.819,2.277],[32.8,2.286]],[[32.828,2.275],[32.819,2.277]],[[32.919,2.277],[32.916,2.272]],[[32.828,2.275],[32.864,2.264]],[[32.916,2.272],[32.91,2.262]],[[32.864,2.264],[32.875,2.261]],[[32.875,2.261],[32.886,2.257]],[[32.886,2.257],[32.89,2.256]],[[32.89,2.256],[32.897,2.254]],[[32.91,2.262],[32.904,2.254]],[[32.897,2.254],[32.899,2.252]],[[32.904,2.254],[32.903,2.252]],[[32.899,2.252],[32.9,2.252]],[[32.9,2.252],[32.9,2.251]],[[32.897,2.254],[32.898,2.25]],[[32.899,2.252],[32.898,2.25]],[[32.898,2.25],[32.898,2.25]],[[32.903,2.252],[32.902,2.25]],[[32.9,2.251],[32.902,2.25]],[[32.9,2.251],[32.899,2.25]],[[32.898,2.25],[32.899,2.25]],[[32.902,2.25],[32.905,2.248]],[[32.902,2.25],[32.901,2.248]],[[32.901,2.248],[32.9,2.248]],[[32.899,2.25],[32.9,2.248]],[[32.905,2.248],[32.906,2.248]],[[32.899,2.245],[32.897,2.243]],[[32.907,2.243],[32.903,2.245]],[[32.895,2.241],[32.897,2.243]],[[32.897,2.243],[32.896,2.241]],[[32.896,2.241],[32.895,2.241]],[[32.895,2.241],[32.888,2.241]],[[32.897,2.243],[32.897,2.24]],[[32.897,2.24],[32.896,2.241]],[[32.903,2.245],[32.904,2.24],[32.909,2.241]],[[32.97,2.24],[32.959,2.243],[32.918,2.245]],[[32.894,2.24],[32.895,2.241]],[[32.896,2.241],[32.895,2.239]],[[32.895,2.239],[32.894,2.24]],[[32.895,2.239],[32.894,2.239]],[[32.894,2.24],[32.89,2.239]],[[32.888,2.241],[32.89,2.239]],[[32.897,2.24],[32.894,2.239]],[[32.904,2.236],[32.897,2.24]],[[32.91,2.237],[32.907,2.235]],[[32.907,2.235],[32.904,2.236]],[[32.89,2.239],[32.892,2.235]],[[32.893,2.233],[32.894,2.233]],[[32.894,2.239],[32.893,2.233]],[[32.892,2.235],[32.893,2.233]],[[32.894,2.233],[32.895,2.232]],[[32.893,2.233],[32.911,2.185]],[[32.911,2.185],[32.913,2.177]],[[33.176,2.274],[33.133,2.264],[33.106,2.254],[33.099,2.248]],[[33.19,2.219],[33.194,2.197],[33.209,2.18],[33.22,2.155]],[[33.22,2.155],[33.224,2.147]],[[33.352,2.072],[33.376,2.065]],[[33.334,2.099],[33.342,2.075],[33.352,2.072]],[[33.376,2.065],[33.384,2.063]],[[33.384,2.063],[33.42,2.053]],[[33.42,2.053],[33.451,2.044]],[[33.451,2.044],[33.453,2.04]],[[33.453,2.04],[33.455,2.035]],[[33.455,2.035],[33.47,2.012]],[[31.88,1.604],[31.862,1.614],[31.852,1.615],[31.844,1.62]],[[31.88,1.604],[31.88,1.604]],[[31.901,1.589],[31.88,1.604]],[[31.901,1.589],[31.901,1.589]],[[31.908,1.586],[31.903,1.588]],[[31.925,1.581],[31.908,1.586]],[[31.932,1.578],[31.925,1.581]],[[31.957,1.569],[31.932,1.578]],[[32.171,1.987],[32.17,1.985]],[[32.17,1.985],[32.151,1.964]],[[32.151,1.964],[32.13,1.94]],[[32.13,1.94],[32.119,1.93]],[[32.119,1.93],[32.11,1.926]],[[32.11,1.926],[32.1,1.92],[32.074,1.891]],[[32.074,1.891],[32.063,1.878]],[[32.063,1.878],[32.065,1.877]],[[32.063,1.878],[32.06,1.876]],[[32.065,1.877],[32.063,1.876]],[[32.061,1.876],[32.063,1.876]],[[32.063,1.876],[32.061,1.876]],[[32.063,1.876],[32.063,1.875]],[[32.06,1.876],[32.037,1.853],[32.011,1.81]],[[32.011,1.81],[32.011,1.809]],[[32.011,1.809],[32.009,1.803],[32.018,1.782],[32.023,1.747]],[[32.023,1.747],[32.029,1.71]],[[32.029,1.71],[32.034,1.559],[32.041,1.545]],[[32.042,1.542],[32.042,1.541]],[[32.041,1.545],[32.042,1.542]],[[32.042,1.541],[32.044,1.526],[32.047,1.521],[32.096,1.508]],[[32.096,1.508],[32.128,1.498]],[[33.477,1.957],[33.47,1.934]],[[33.47,1.934],[33.459,1.901]],[[33.459,1.901],[33.492,1.846]],[[33.492,1.846],[33.494,1.841]],[[33.494,1.841],[33.499,1.832]],[[33.641,1.787],[33.631,1.78]],[[33.631,1.78],[33.629,1.78]],[[33.629,1.78],[33.624,1.772]],[[33.624,1.772],[33.621,1.766]],[[33.541,1.784],[33.564,1.761]],[[33.564,1.761],[33.567,1.757]],[[33.522,1.803],[33.535,1.79]],[[33.646,1.786],[33.641,1.787]],[[33.567,1.757],[33.575,1.749]],[[33.575,1.749],[33.577,1.747]],[[33.615,1.729],[33.616,1.744]],[[33.615,1.729],[33.615,1.729]],[[33.614,1.726],[33.615,1.729]],[[33.612,1.72],[33.614,1.726]],[[33.612,1.72],[33.613,1.719]],[[33.606,1.719],[33.605,1.72]],[[33.612,1.719],[33.612,1.72]],[[33.617,1.718],[33.613,1.719]],[[33.612,1.718],[33.612,1.719]],[[33.613,1.719],[33.614,1.718]],[[33.607,1.717],[33.606,1.72]],[[33.607,1.717],[33.606,1.719]],[[33.622,1.717],[33.617,1.718]],[[33.611,1.717],[33.612,1.718]],[[33.617,1.717],[33.622,1.717]],[[33.617,1.717],[33.617,1.718]],[[33.614,1.718],[33.612,1.717]],[[33.612,1.718],[33.612,1.717]],[[33.614,1.717],[33.617,1.717]],[[33.614,1.718],[33.614,1.717]],[[33.608,1.716],[33.607,1.717]],[[33.61,1.716],[33.611,1.717]],[[33.61,1.716],[33.608,1.716]],[[33.612,1.716],[33.611,1.717]],[[33.612,1.717],[33.613,1.715]],[[33.613,1.715],[33.612,1.716]],[[33.656,1.715],[33.631,1.715]],[[33.614,1.717],[33.615,1.715]],[[33.615,1.715],[33.613,1.715]],[[33.617,1.715],[33.617,1.717]],[[33.617,1.715],[33.615,1.715]],[[33.622,1.715],[33.622,1.717]],[[33.622,1.715],[33.617,1.715]],[[33.631,1.715],[33.624,1.715]],[[33.624,1.715],[33.622,1.715]],[[33.612,1.716],[33.611,1.715]],[[33.611,1.715],[33.61,1.716]],[[33.617,1.714],[33.617,1.715]],[[33.613,1.715],[33.611,1.714]],[[33.611,1.715],[33.611,1.714]],[[33.617,1.714],[33.618,1.712]],[[33.611,1.714],[33.611,1.712]],[[33.611,1.712],[33.608,1.716]],[[33.615,1.715],[33.611,1.712]],[[33.618,1.712],[33.615,1.712]],[[33.615,1.712],[33.617,1.714]],[[33.611,1.712],[33.611,1.711]],[[33.618,1.712],[33.618,1.711]],[[33.613,1.708],[33.615,1.712]],[[33.613,1.708],[33.613,1.708]],[[33.683,1.675],[33.676,1.681],[33.656,1.715]],[[33.694,1.673],[33.683,1.675]],[[33.707,1.67],[33.694,1.673]],[[33.792,1.649],[33.766,1.663]],[[33.799,1.638],[33.792,1.649]],[[33.8,1.637],[33.799,1.638]],[[33.814,1.612],[33.8,1.637]],[[33.815,1.611],[33.814,1.612]],[[33.831,1.591],[33.822,1.598],[33.815,1.611]],[[33.859,1.571],[33.846,1.582],[33.831,1.591]],[[33.892,1.542],[33.859,1.571]],[[33.893,1.541],[33.892,1.542]],[[31.352,1.443],[31.351,1.44]],[[31.348,1.439],[31.344,1.442]],[[31.351,1.44],[31.351,1.436]],[[31.351,1.436],[31.348,1.439]],[[31.347,1.434],[31.345,1.434]],[[31.351,1.436],[31.35,1.434]],[[31.35,1.434],[31.347,1.434]],[[31.35,1.434],[31.35,1.434]],[[31.351,1.433],[31.35,1.434]],[[31.354,1.433],[31.351,1.436]],[[31.354,1.432],[31.354,1.433]],[[31.354,1.433],[31.353,1.432]],[[31.353,1.432],[31.351,1.433]],[[31.353,1.432],[31.353,1.431]],[[31.353,1.431],[31.351,1.433]],[[31.354,1.432],[31.354,1.431]],[[31.354,1.431],[31.353,1.432]],[[31.355,1.431],[31.354,1.432]],[[31.355,1.431],[31.355,1.43]],[[31.355,1.43],[31.354,1.431]],[[31.355,1.43],[31.354,1.43]],[[31.354,1.43],[31.353,1.431]],[[31.353,1.431],[31.349,1.43]],[[31.349,1.43],[31.348,1.429]],[[31.348,1.429],[31.348,1.429]],[[31.355,1.429],[31.354,1.43]],[[31.359,1.427],[31.355,1.431]],[[31.355,1.429],[31.355,1.427]],[[31.36,1.426],[31.359,1.427]],[[31.361,1.426],[31.36,1.426]],[[31.361,1.425],[31.361,1.426]],[[31.361,1.425],[31.361,1.425]],[[31.361,1.425],[31.36,1.425]],[[31.36,1.425],[31.36,1.425]],[[31.36,1.425],[31.359,1.425]],[[31.359,1.427],[31.359,1.425]],[[31.358,1.422],[31.355,1.429]],[[31.359,1.425],[31.359,1.422]],[[31.359,1.422],[31.358,1.422]],[[31.363,1.422],[31.361,1.425]],[[31.371,1.422],[31.363,1.422]],[[31.378,1.424],[31.376,1.422]],[[31.376,1.422],[31.375,1.419]],[[31.371,1.422],[31.375,1.419]],[[31.462,1.305],[31.466,1.288],[31.481,1.278]],[[31.422,1.335],[31.422,1.335]],[[31.422,1.335],[31.442,1.316],[31.452,1.313]],[[31.452,1.313],[31.462,1.305]],[[31.578,1.152],[31.586,1.136],[31.596,1.125]],[[31.596,1.125],[31.624,1.098]],[[31.624,1.098],[31.638,1.083]],[[31.638,1.083],[31.653,1.068]],[[31.653,1.068],[31.663,1.053]],[[31.663,1.053],[31.68,1.03]],[[31.68,1.03],[31.7,0.999]],[[32.462,1.241],[32.465,1.224]],[[32.465,1.224],[32.465,1.222]],[[32.465,1.222],[32.461,1.189]],[[32.461,1.189],[32.464,1.16]],[[32.464,1.16],[32.465,1.146]],[[32.465,1.146],[32.465,1.143]],[[32.465,1.143],[32.465,1.119]],[[32.465,1.119],[32.467,1.081]],[[32.467,1.081],[32.468,1.055]],[[32.468,1.055],[32.468,1.051]],[[32.468,1.051],[32.468,1.031]],[[32.468,1.031],[32.469,1.027]],[[32.469,1.019],[32.47,1.003]],[[32.469,1.027],[32.469,1.019]],[[32.163,1.444],[32.169,1.434]],[[32.169,1.434],[32.174,1.426],[32.182,1.422]],[[32.182,1.422],[32.187,1.421]],[[32.187,1.421],[32.19,1.42]],[[32.19,1.42],[32.197,1.419]],[[32.197,1.419],[32.242,1.412]],[[32.242,1.412],[32.244,1.411]],[[32.244,1.411],[32.25,1.411]],[[32.25,1.411],[32.25,1.41]],[[32.467,1.415],[32.468,1.414]],[[32.468,1.412],[32.471,1.412]],[[32.467,1.409],[32.469,1.408]],[[32.464,1.406],[32.465,1.406]],[[32.26,1.409],[32.3,1.403]],[[32.482,1.422],[32.474,1.402]],[[32.469,1.404],[32.474,1.402]],[[32.462,1.4],[32.463,1.4]],[[32.474,1.402],[32.488,1.397]],[[32.488,1.397],[32.49,1.396]],[[32.488,1.397],[32.488,1.396]],[[32.493,1.397],[32.493,1.395]],[[32.49,1.396],[32.493,1.395]],[[32.493,1.395],[32.495,1.394]],[[32.495,1.394],[32.498,1.394]],[[32.3,1.403],[32.308,1.401],[32.32,1.393]],[[32.488,1.396],[32.487,1.392]],[[32.487,1.392],[32.487,1.392]],[[32.49,1.396],[32.488,1.392]],[[32.493,1.395],[32.491,1.39]],[[32.489,1.391],[32.491,1.39]],[[32.495,1.394],[32.493,1.389]],[[32.491,1.39],[32.493,1.389]],[[32.493,1.389],[32.496,1.389],[32.497,1.391]],[[32.493,1.389],[32.492,1.386]],[[32.491,1.39],[32.489,1.385]],[[32.487,1.392],[32.481,1.373]],[[32.32,1.393],[32.399,1.339],[32.42,1.331],[32.422,1.325]],[[32.481,1.373],[32.467,1.323]],[[32.467,1.323],[32.466,1.317]],[[32.447,1.316],[32.441,1.316],[32.428,1.324],[32.422,1.325]],[[32.466,1.317],[32.465,1.315]],[[32.465,1.315],[32.465,1.315]],[[32.466,1.317],[32.458,1.315]],[[32.458,1.315],[32.447,1.316]],[[32.465,1.315],[32.465,1.312]],[[32.422,1.325],[32.422,1.307]],[[32.465,1.312],[32.465,1.294]],[[32.422,1.307],[32.423,1.297],[32.432,1.285]],[[32.465,1.294],[32.462,1.278],[32.464,1.272]],[[32.432,1.285],[32.448,1.264]],[[32.464,1.272],[32.461,1.254]],[[32.448,1.264],[32.458,1.252]],[[32.461,1.254],[32.458,1.252]],[[32.458,1.252],[32.458,1.252]],[[33.932,1.494],[33.936,1.489]],[[33.936,1.489],[33.937,1.488]],[[33.936,1.489],[33.93,1.487]],[[33.937,1.488],[33.951,1.467]],[[33.951,1.467],[33.972,1.435]],[[33.972,1.435],[33.992,1.411]],[[33.992,1.411],[33.994,1.409]],[[33.994,1.409],[33.995,1.408]],[[33.881,1.135],[33.881,1.131]],[[34.001,1.037],[33.972,1.023]],[[33.972,1.023],[33.967,1.021]],[[33.967,1.021],[33.963,1.02]],[[33.963,1.02],[33.961,1.019]],[[33.961,1.019],[33.959,1.018]],[[33.88,1.017],[33.877,1.017]],[[33.882,1.017],[33.88,1.017]],[[33.852,1.017],[33.849,1.016]],[[33.877,1.017],[33.852,1.017]],[[33.959,1.018],[33.947,1.015]],[[33.894,1.015],[33.882,1.017]],[[33.947,1.015],[33.945,1.015]],[[33.849,1.016],[33.821,1.014]],[[33.945,1.015],[33.934,1.013]],[[33.934,1.013],[33.928,1.012]],[[33.902,1.013],[33.894,1.015]],[[33.907,1.011],[33.902,1.013]],[[33.928,1.012],[33.921,1.01],[33.907,1.011]],[[33.819,1.014],[33.79,1.009]],[[33.79,1.009],[33.772,1.005]],[[33.772,1.005],[33.762,1.001]],[[34.041,1.351],[34.042,1.35]],[[34.042,1.35],[34.043,1.349]],[[34.043,1.349],[34.052,1.341]],[[34.052,1.341],[34.052,1.34]],[[34.052,1.34],[34.058,1.329]],[[34.058,1.329],[34.062,1.316]],[[34.062,1.316],[34.063,1.314]],[[34.063,1.314],[34.064,1.311]],[[34.064,1.311],[34.07,1.301]],[[34.07,1.301],[34.079,1.286]],[[34.171,1.082],[34.171,1.08]],[[34.165,1.08],[34.167,1.08]],[[34.168,1.08],[34.17,1.08]],[[34.17,1.08],[34.171,1.08]],[[34.156,1.079],[34.158,1.08]],[[34.171,1.08],[34.173,1.079]],[[34.19,1.086],[34.187,1.079]],[[34.165,1.08],[34.165,1.079]],[[34.147,1.078],[34.156,1.079]],[[34.175,1.08],[34.174,1.078]],[[34.173,1.079],[34.174,1.078]],[[34.156,1.079],[34.158,1.078]],[[34.167,1.08],[34.167,1.078]],[[34.165,1.079],[34.165,1.078]],[[34.168,1.08],[34.168,1.078]],[[34.168,1.078],[34.167,1.078]],[[34.17,1.08],[34.17,1.078]],[[34.17,1.078],[34.168,1.078]],[[34.158,1.078],[34.16,1.077]],[[34.162,1.08],[34.16,1.077]],[[34.16,1.077],[34.16,1.077]],[[34.171,1.077],[34.17,1.078]],[[34.165,1.079],[34.161,1.077]],[[34.16,1.077],[34.161,1.077]],[[34.165,1.078],[34.165,1.077]],[[34.174,1.078],[34.172,1.076]],[[34.172,1.076],[34.171,1.077]],[[34.165,1.078],[34.162,1.076]],[[34.161,1.077],[34.162,1.076]],[[34.179,1.08],[34.177,1.076]],[[34.174,1.078],[34.177,1.076]],[[34.179,1.084],[34.178,1.076]],[[34.165,1.077],[34.163,1.076]],[[34.162,1.076],[34.163,1.076]],[[34.165,1.077],[34.165,1.076]],[[34.163,1.076],[34.165,1.076]],[[34.167,1.078],[34.166,1.076]],[[34.165,1.076],[34.166,1.076]],[[34.178,1.076],[34.177,1.075]],[[34.177,1.076],[34.177,1.075]],[[34.172,1.076],[34.171,1.074]],[[34.166,1.076],[34.171,1.074]],[[34.171,1.074],[34.171,1.074]],[[34.177,1.075],[34.177,1.074]],[[34.147,1.078],[34.125,1.075]],[[34.177,1.075],[34.179,1.074]],[[34.12,1.074],[34.095,1.077]],[[34.179,1.074],[34.179,1.073]],[[34.179,1.073],[34.177,1.074]],[[34.177,1.074],[34.176,1.073]],[[34.178,1.076],[34.181,1.073]],[[34.179,1.074],[34.181,1.073]],[[34.181,1.073],[34.18,1.072]],[[34.18,1.072],[34.179,1.073]],[[34.188,1.074],[34.187,1.072]],[[34.179,1.073],[34.178,1.072]],[[34.176,1.073],[34.178,1.072]],[[34.187,1.072],[34.188,1.072]],[[34.36,1.34],[34.355,1.326],[34.336,1.318],[34.329,1.308]],[[34.329,1.308],[34.323,1.305]],[[34.323,1.305],[34.32,1.303],[34.315,1.304],[34.314,1.307],[34.31,1.304],[34.312,1.3],[34.309,1.304],[34.311,1.309],[34.3,1.303],[34.288,1.301]],[[34.288,1.301],[34.277,1.28]],[[34.277,1.28],[34.277,1.28]],[[34.276,1.278],[34.272,1.266]],[[34.276,1.278],[34.27,1.255]],[[34.273,1.249],[34.273,1.248]],[[34.25,1.236],[34.247,1.233]],[[34.102,1.239],[34.107,1.232]],[[34.247,1.233],[34.242,1.229]],[[34.107,1.232],[34.112,1.225]],[[34.112,1.225],[34.112,1.225]],[[34.112,1.225],[34.113,1.223]],[[34.113,1.223],[34.121,1.212]],[[34.242,1.229],[34.219,1.207],[34.205,1.208],[34.2,1.206]],[[34.2,1.206],[34.192,1.198],[34.194,1.176]],[[34.194,1.176],[34.203,1.166]],[[34.202,1.161],[34.199,1.156],[34.2,1.149]],[[34.203,1.166],[34.202,1.161]],[[34.158,1.165],[34.165,1.151],[34.165,1.143]],[[34.121,1.212],[34.156,1.171],[34.158,1.165]],[[34.2,1.149],[34.186,1.141]],[[34.186,1.141],[34.177,1.136],[34.169,1.122]],[[34.165,1.143],[34.169,1.122]],[[34.169,1.122],[34.173,1.106]],[[34.173,1.106],[34.175,1.099]],[[34.183,1.098],[34.175,1.099]],[[34.175,1.099],[34.176,1.096]],[[34.176,1.096],[34.178,1.089]],[[34.178,1.089],[34.178,1.088]],[[34.183,1.087],[34.182,1.087]],[[34.178,1.088],[34.179,1.086]],[[34.182,1.087],[34.182,1.086]],[[34.182,1.086],[34.179,1.085]],[[34.179,1.086],[34.179,1.085]],[[34.179,1.085],[34.179,1.084]],[[34.179,1.084],[34.176,1.083]],[[34.176,1.083],[34.172,1.083]],[[34.172,1.083],[34.171,1.082]],[[34.176,1.083],[34.175,1.081]],[[34.175,1.081],[34.172,1.083]],[[34.175,1.081],[34.175,1.08]],[[34.175,1.08],[34.171,1.082]],[[34.158,1.08],[34.162,1.08]],[[34.167,1.08],[34.168,1.08]],[[34.162,1.08],[34.165,1.08]],[[34.181,1.073],[34.182,1.072]],[[34.171,1.074],[34.175,1.072]],[[34.19,1.072],[34.19,1.072]],[[34.188,1.072],[34.19,1.072]],[[34.176,1.073],[34.175,1.071]],[[34.175,1.072],[34.175,1.071]],[[34.19,1.072],[34.192,1.071]],[[34.18,1.072],[34.179,1.071]],[[34.178,1.072],[34.179,1.071]],[[34.187,1.072],[34.187,1.071]],[[34.182,1.072],[34.18,1.072]],[[34.179,1.071],[34.18,1.071]],[[34.182,1.072],[34.184,1.071]],[[34.187,1.079],[34.185,1.07]],[[34.185,1.07],[34.185,1.07]],[[34.184,1.071],[34.185,1.07]],[[34.19,1.072],[34.189,1.07]],[[34.187,1.071],[34.186,1.07]],[[34.184,1.071],[34.182,1.069]],[[34.182,1.069],[34.182,1.069]],[[34.187,1.069],[34.187,1.069]],[[34.179,1.071],[34.178,1.068]],[[34.175,1.071],[34.178,1.068]],[[34.184,1.068],[34.182,1.069]],[[34.185,1.07],[34.185,1.068]],[[34.185,1.068],[34.184,1.068]],[[34.187,1.069],[34.185,1.068]],[[34.189,1.068],[34.187,1.069]],[[34.182,1.069],[34.181,1.067]],[[34.178,1.068],[34.18,1.067]],[[34.181,1.067],[34.181,1.066]],[[34.18,1.067],[34.181,1.066]],[[34.184,1.068],[34.183,1.066]],[[34.183,1.066],[34.181,1.067]],[[34.192,1.071],[34.201,1.069],[34.201,1.066]],[[34.192,1.071],[34.201,1.066]],[[34.185,1.068],[34.183,1.066]],[[34.201,1.066],[34.201,1.065]],[[34.204,1.065],[34.201,1.065]],[[34.201,1.065],[34.189,1.068]],[[34.181,1.066],[34.18,1.056]],[[34.095,1.077],[34.068,1.056],[34.048,1.052]],[[34.18,1.056],[34.178,1.041]],[[34.048,1.052],[34.023,1.04]],[[34.023,1.04],[34.02,1.039]],[[34.02,1.039],[34.001,1.037]],[[34.178,1.041],[34.178,1.037]],[[34.178,1.037],[34.177,1.031]],[[34.177,1.031],[34.178,1.021]],[[34.272,1.243],[34.261,1.236]],[[34.253,1.236],[34.251,1.236]],[[34.261,1.236],[34.253,1.236]],[[30.167,0.536],[30.182,0.516],[30.182,0.514]],[[30.182,0.514],[30.179,0.505]],[[31.507,0.507],[31.508,0.497]],[[31.566,0.497],[31.562,0.5]],[[32.513,0.766],[32.512,0.775]],[[30.247,0.632],[30.233,0.64],[30.225,0.625]],[[30.225,0.625],[30.218,0.614],[30.213,0.612]],[[30.213,0.612],[30.214,0.611]],[[30.214,0.611],[30.217,0.601]],[[30.217,0.601],[30.214,0.594]],[[30.214,0.594],[30.209,0.587]],[[30.209,0.587],[30.206,0.585]],[[30.206,0.585],[30.201,0.581]],[[30.201,0.581],[30.2,0.58]],[[30.2,0.58],[30.196,0.575],[30.186,0.571],[30.183,0.568],[30.184,0.565],[30.179,0.56],[30.172,0.557]],[[30.172,0.557],[30.171,0.556]],[[30.171,0.556],[30.167,0.551]],[[30.167,0.551],[30.166,0.545],[30.17,0.541],[30.167,0.536]],[[30.463,0.678],[30.459,0.677]],[[30.285,0.675],[30.283,0.675]],[[30.283,0.676],[30.283,0.675]],[[30.481,0.672],[30.476,0.672],[30.47,0.678],[30.463,0.678]],[[30.459,0.677],[30.447,0.671],[30.439,0.671]],[[30.283,0.675],[30.284,0.67]],[[30.284,0.67],[30.281,0.668]],[[30.501,0.667],[30.492,0.674],[30.481,0.672]],[[30.281,0.664],[30.281,0.668]],[[30.281,0.668],[30.28,0.664]],[[30.28,0.664],[30.281,0.664]],[[30.439,0.671],[30.43,0.664]],[[30.281,0.664],[30.281,0.663]],[[30.281,0.663],[30.28,0.661]],[[30.43,0.664],[30.427,0.661]],[[30.28,0.661],[30.28,0.661]],[[30.296,0.659],[30.295,0.659]],[[30.28,0.661],[30.279,0.659]],[[30.279,0.659],[30.279,0.658]],[[30.427,0.661],[30.423,0.657]],[[30.279,0.658],[30.278,0.657]],[[30.295,0.659],[30.279,0.658]],[[30.278,0.657],[30.278,0.656]],[[30.278,0.656],[30.276,0.655]],[[30.283,0.654],[30.283,0.656],[30.278,0.656]],[[30.273,0.654],[30.276,0.655]],[[30.276,0.655],[30.275,0.653]],[[30.276,0.655],[30.275,0.653]],[[30.275,0.653],[30.273,0.654]],[[30.275,0.653],[30.273,0.651]],[[30.304,0.65],[30.296,0.659]],[[30.273,0.651],[30.271,0.648]],[[30.384,0.648],[30.383,0.648]],[[30.271,0.648],[30.271,0.648]],[[30.271,0.648],[30.271,0.647]],[[30.271,0.647],[30.271,0.647]],[[30.387,0.647],[30.384,0.648]],[[30.322,0.645],[30.314,0.649],[30.304,0.65]],[[30.271,0.647],[30.271,0.644]],[[30.331,0.644],[30.322,0.645]],[[30.383,0.648],[30.381,0.645],[30.376,0.644],[30.365,0.648],[30.362,0.644]],[[30.398,0.644],[30.396,0.644]],[[30.423,0.657],[30.412,0.653],[30.406,0.646],[30.398,0.644]],[[30.396,0.644],[30.391,0.644],[30.387,0.647]],[[30.271,0.644],[30.271,0.642]],[[30.345,0.641],[30.343,0.641]],[[30.343,0.641],[30.331,0.644]],[[30.271,0.642],[30.27,0.64]],[[30.362,0.644],[30.357,0.64],[30.345,0.641]],[[30.27,0.64],[30.27,0.639]],[[30.27,0.639],[30.269,0.637]],[[30.327,0.637],[30.322,0.645]],[[30.269,0.637],[30.268,0.636]],[[30.343,0.641],[30.34,0.635]],[[30.34,0.635],[30.339,0.634]],[[30.268,0.636],[30.265,0.633]],[[30.339,0.634],[30.336,0.631]],[[30.265,0.633],[30.264,0.631]],[[30.336,0.631],[30.333,0.63]],[[30.333,0.63],[30.329,0.631],[30.327,0.637]],[[30.264,0.631],[30.26,0.627]],[[30.26,0.627],[30.256,0.624]],[[30.503,0.665],[30.501,0.667]],[[30.523,0.659],[30.508,0.656],[30.503,0.665]],[[30.541,0.655],[30.54,0.655]],[[30.54,0.655],[30.533,0.655],[30.528,0.659],[30.523,0.659]],[[30.545,0.654],[30.541,0.655]],[[30.579,0.645],[30.571,0.65],[30.56,0.651],[30.554,0.656],[30.545,0.654]],[[30.644,0.612],[30.632,0.62],[30.618,0.625],[30.614,0.636],[30.607,0.641],[30.586,0.642],[30.579,0.645]],[[30.725,0.592],[30.721,0.592],[30.719,0.597],[30.711,0.598],[30.706,0.608],[30.697,0.607],[30.687,0.601],[30.682,0.603],[30.668,0.602],[30.652,0.612],[30.644,0.612]],[[30.726,0.59],[30.725,0.592]],[[30.732,0.587],[30.73,0.591],[30.726,0.59]],[[30.751,0.582],[30.747,0.581]],[[30.747,0.581],[30.743,0.583],[30.736,0.582],[30.732,0.587]],[[30.752,0.582],[30.751,0.582]],[[30.774,0.569],[30.752,0.582]],[[30.778,0.561],[30.774,0.569]],[[30.857,0.556],[30.853,0.555],[30.845,0.559],[30.833,0.556],[30.826,0.562],[30.82,0.564],[30.81,0.56],[30.801,0.563],[30.787,0.558],[30.778,0.561]],[[30.873,0.554],[30.857,0.556]],[[30.9,0.548],[30.881,0.549],[30.873,0.554]],[[30.905,0.547],[30.9,0.548]],[[30.929,0.535],[30.919,0.538],[30.905,0.547]],[[30.932,0.533],[30.929,0.535]],[[30.937,0.532],[30.935,0.532]],[[30.935,0.532],[30.932,0.533]],[[30.949,0.53],[30.937,0.532]],[[30.953,0.527],[30.949,0.53]],[[30.962,0.521],[30.953,0.527]],[[30.966,0.519],[30.962,0.521]],[[30.967,0.518],[30.966,0.519]],[[30.97,0.515],[30.967,0.518]],[[30.992,0.508],[30.985,0.512],[30.97,0.515]],[[31.395,0.557],[31.395,0.556]],[[31.395,0.556],[31.394,0.555]],[[31.395,0.556],[31.395,0.553]],[[31.394,0.555],[31.387,0.553]],[[31.386,0.56],[31.387,0.553]],[[31.395,0.553],[31.394,0.555]],[[31.395,0.553],[31.395,0.553]],[[31.395,0.553],[31.395,0.553]],[[31.387,0.553],[31.38,0.551]],[[31.38,0.551],[31.379,0.546]],[[31.43,0.544],[31.416,0.549],[31.41,0.546],[31.4,0.547],[31.395,0.553]],[[31.38,0.551],[31.359,0.539]],[[31.359,0.539],[31.357,0.537]],[[31.357,0.537],[31.357,0.537]],[[31.479,0.518],[31.465,0.531],[31.43,0.544]],[[31.356,0.536],[31.353,0.532],[31.335,0.523],[31.331,0.523],[31.316,0.509],[31.314,0.504]],[[31.751,0.943],[31.758,0.923],[31.764,0.917]],[[31.764,0.917],[31.765,0.917]],[[31.765,0.917],[31.778,0.91]],[[31.778,0.909],[31.786,0.904]],[[31.786,0.904],[31.791,0.901]],[[31.791,0.901],[31.797,0.9]],[[31.797,0.9],[31.807,0.897]],[[31.807,0.897],[31.81,0.896],[31.811,0.891],[31.814,0.888],[31.823,0.886]],[[31.828,0.885],[31.835,0.885]],[[31.823,0.886],[31.828,0.885]],[[31.835,0.885],[31.842,0.879]],[[31.842,0.879],[31.848,0.877]],[[31.848,0.877],[31.855,0.87]],[[31.855,0.87],[31.857,0.868]],[[31.857,0.868],[31.877,0.845],[31.895,0.834]],[[31.895,0.834],[31.895,0.834]],[[31.895,0.834],[31.92,0.81],[31.93,0.803]],[[31.93,0.803],[31.931,0.802]],[[31.546,0.503],[31.545,0.503]],[[31.545,0.503],[31.54,0.502]],[[31.562,0.5],[31.546,0.503]],[[31.54,0.502],[31.534,0.499]],[[32.474,0.973],[32.476,0.981]],[[32.472,0.959],[32.474,0.973]],[[32.471,0.949],[32.472,0.959]],[[32.471,0.938],[32.471,0.949]],[[32.471,0.937],[32.471,0.938]],[[32.471,0.928],[32.471,0.937]],[[32.471,0.924],[32.471,0.928]],[[32.478,0.899],[32.471,0.924]],[[32.484,0.881],[32.478,0.899]],[[32.486,0.862],[32.484,0.881]],[[32.486,0.855],[32.486,0.862]],[[32.489,0.849],[32.486,0.855]],[[32.492,0.844],[32.489,0.849]],[[32.494,0.841],[32.492,0.844]],[[32.5,0.831],[32.494,0.841]],[[32.501,0.83],[32.5,0.831]],[[32.037,0.69],[32.039,0.691]],[[32.031,0.69],[32.037,0.69]],[[32.011,0.689],[32.018,0.687],[32.031,0.69]],[[32.039,0.691],[32.055,0.683]],[[32.056,0.682],[32.07,0.672]],[[32.074,0.671],[32.086,0.673]],[[32.07,0.672],[32.074,0.671]],[[32.086,0.672],[32.086,0.669],[32.094,0.653]],[[32.094,0.653],[32.099,0.639]],[[32.099,0.639],[32.112,0.633]],[[32.112,0.633],[32.12,0.626],[32.134,0.624],[32.136,0.618]],[[32.136,0.618],[32.141,0.609]],[[32.141,0.609],[32.142,0.605],[32.155,0.594],[32.16,0.594]],[[32.16,0.594],[32.187,0.584]],[[32.187,0.584],[32.193,0.572]],[[32.204,0.565],[32.207,0.565]],[[32.193,0.572],[32.204,0.565]],[[32.215,0.562],[32.221,0.558]],[[32.207,0.565],[32.215,0.562]],[[32.221,0.558],[32.227,0.553]],[[32.227,0.553],[32.231,0.548]],[[32.231,0.548],[32.234,0.544]],[[32.234,0.544],[32.241,0.533]],[[32.252,0.526],[32.252,0.526]],[[32.26,0.525],[32.252,0.526]],[[32.264,0.523],[32.26,0.525]],[[32.264,0.523],[32.264,0.523]],[[32.265,0.522],[32.264,0.523]],[[32.267,0.522],[32.265,0.522]],[[32.27,0.52],[32.267,0.522]],[[32.272,0.52],[32.27,0.52]],[[32.293,0.508],[32.285,0.514],[32.272,0.52]],[[32.301,0.5],[32.293,0.508]],[[32.512,0.775],[32.508,0.794]],[[32.502,0.826],[32.501,0.83]],[[32.506,0.806],[32.502,0.826]],[[32.506,0.805],[32.506,0.806]],[[32.508,0.794],[32.506,0.805]],[[32.508,0.794],[32.508,0.794]],[[32.516,0.745],[32.517,0.741]],[[32.517,0.741],[32.519,0.739]],[[32.519,0.739],[32.524,0.734]],[[32.524,0.734],[32.525,0.733]],[[32.525,0.733],[32.527,0.732]],[[32.527,0.732],[32.528,0.729]],[[32.515,0.753],[32.513,0.766]],[[32.516,0.75],[32.515,0.753]],[[32.528,0.729],[32.528,0.718]],[[32.528,0.718],[32.528,0.714]],[[32.528,0.714],[32.528,0.71]],[[32.528,0.71],[32.522,0.697]],[[32.522,0.697],[32.522,0.691]],[[32.522,0.691],[32.524,0.683]],[[32.524,0.683],[32.526,0.679]],[[32.526,0.679],[32.529,0.662]],[[32.529,0.662],[32.53,0.659]],[[32.53,0.659],[32.53,0.659]],[[32.53,0.659],[32.531,0.646]],[[32.531,0.646],[32.531,0.64]],[[32.531,0.64],[32.531,0.639]],[[32.531,0.639],[32.532,0.635]],[[32.532,0.635],[32.533,0.619]],[[32.533,0.619],[32.533,0.619]],[[32.533,0.619],[32.532,0.614]],[[32.532,0.614],[32.531,0.605]],[[32.531,0.605],[32.531,0.599]],[[32.531,0.599],[32.531,0.596]],[[32.531,0.596],[32.532,0.591]],[[32.532,0.591],[32.532,0.587]],[[32.532,0.587],[32.532,0.586]],[[32.538,0.584],[32.537,0.584]],[[32.541,0.583],[32.538,0.584]],[[32.543,0.58],[32.541,0.583]],[[32.55,0.579],[32.548,0.579]],[[32.544,0.578],[32.543,0.58]],[[32.548,0.579],[32.544,0.578]],[[32.544,0.578],[32.544,0.577]],[[32.544,0.577],[32.544,0.576]],[[32.544,0.576],[32.537,0.574]],[[32.537,0.574],[32.531,0.573]],[[32.532,0.586],[32.531,0.573]],[[32.531,0.573],[32.531,0.572]],[[32.531,0.573],[32.531,0.572]],[[32.531,0.572],[32.529,0.563]],[[32.529,0.563],[32.53,0.561]],[[32.53,0.561],[32.533,0.553]],[[32.533,0.553],[32.533,0.552]],[[32.533,0.552],[32.533,0.551]],[[32.533,0.551],[32.534,0.547]],[[32.534,0.547],[32.533,0.539]],[[32.533,0.539],[32.529,0.534],[32.526,0.525]],[[32.526,0.525],[32.527,0.524]],[[32.527,0.524],[32.525,0.509]],[[32.525,0.509],[32.522,0.501]],[[32.749,0.503],[32.743,0.5]],[[32.749,0.503],[32.751,0.499]],[[32.898,0.704],[32.903,0.7]],[[32.903,0.7],[32.913,0.696],[32.913,0.692]],[[32.913,0.692],[32.913,0.688]],[[32.913,0.688],[32.904,0.684]],[[32.913,0.688],[32.921,0.683]],[[32.904,0.684],[32.9,0.683]],[[32.921,0.683],[32.923,0.681]],[[32.923,0.681],[32.925,0.68]],[[32.925,0.68],[32.929,0.672]],[[32.929,0.672],[32.931,0.671]],[[32.931,0.671],[32.944,0.667]],[[32.944,0.667],[32.953,0.663]],[[32.953,0.663],[32.953,0.662]],[[32.953,0.662],[32.96,0.658]],[[32.876,0.673],[32.861,0.657]],[[32.9,0.683],[32.883,0.679],[32.876,0.673]],[[32.96,0.658],[32.963,0.657]],[[32.861,0.657],[32.857,0.655]],[[32.857,0.655],[32.852,0.652]],[[32.963,0.657],[32.978,0.648]],[[32.852,0.652],[32.848,0.648]],[[32.848,0.648],[32.848,0.648]],[[32.978,0.648],[32.98,0.647]],[[32.98,0.647],[32.986,0.645]],[[32.986,0.645],[32.986,0.644]],[[32.986,0.644],[32.991,0.642]],[[32.848,0.648],[32.837,0.638]],[[32.991,0.642],[32.994,0.634]],[[32.837,0.638],[32.833,0.634]],[[32.994,0.634],[32.996,0.631]],[[32.833,0.634],[32.828,0.631]],[[32.828,0.631],[32.825,0.628]],[[32.825,0.628],[32.822,0.625]],[[32.996,0.631],[33.001,0.618]],[[32.822,0.625],[32.815,0.613]],[[32.815,0.613],[32.813,0.609]],[[32.813,0.609],[32.812,0.609]],[[32.812,0.609],[32.809,0.602]],[[32.809,0.602],[32.809,0.599]],[[32.809,0.599],[32.809,0.595]],[[32.809,0.595],[32.808,0.584]],[[32.808,0.584],[32.807,0.579]],[[32.807,0.579],[32.806,0.572]],[[32.806,0.572],[32.806,0.571]],[[32.806,0.571],[32.804,0.567]],[[32.804,0.567],[32.796,0.555]],[[32.796,0.555],[32.794,0.551],[32.795,0.544],[32.792,0.542]],[[32.792,0.542],[32.789,0.541]],[[32.789,0.541],[32.786,0.54],[32.785,0.536]],[[32.785,0.536],[32.784,0.53],[32.78,0.527]],[[32.78,0.527],[32.779,0.526]],[[32.779,0.526],[32.774,0.519]],[[32.774,0.519],[32.769,0.514]],[[32.769,0.514],[32.769,0.514]],[[32.769,0.514],[32.762,0.512]],[[32.762,0.512],[32.756,0.51]],[[32.756,0.51],[32.752,0.506]],[[33.122,0.947],[33.124,0.95]],[[33.12,0.945],[33.122,0.947]],[[33.122,0.947],[33.124,0.945]],[[33.124,0.859],[33.129,0.848]],[[34.167,0.981],[34.17,0.973]],[[34.17,0.973],[34.171,0.968]],[[34.173,0.794],[34.176,0.782]],[[34.185,0.723],[34.183,0.702]],[[34.183,0.702],[34.183,0.701]],[[34.176,0.695],[34.158,0.703]],[[34.183,0.701],[34.181,0.693]],[[33.122,0.944],[33.124,0.945]],[[33.123,0.944],[33.124,0.945]],[[33.113,0.935],[33.123,0.944]],[[33.112,0.931],[33.113,0.935]],[[33.111,0.93],[33.112,0.931]],[[33.111,0.93],[33.111,0.93]],[[33.111,0.929],[33.111,0.93]],[[33.109,0.919],[33.111,0.929]],[[33.108,0.914],[33.109,0.919]],[[33.108,0.914],[33.108,0.908]],[[33.108,0.908],[33.109,0.894]],[[33.129,0.848],[33.135,0.839]],[[33.135,0.839],[33.138,0.831]],[[33.109,0.894],[33.117,0.876]],[[33.117,0.876],[33.122,0.865]],[[33.122,0.865],[33.124,0.859]],[[33.138,0.831],[33.14,0.816]],[[33.14,0.816],[33.144,0.792]],[[33.144,0.792],[33.145,0.782]],[[33.145,0.782],[33.147,0.763]],[[33.147,0.763],[33.147,0.759]],[[33.501,0.84],[33.498,0.819]],[[33.498,0.819],[33.5,0.803]],[[33.5,0.803],[33.501,0.8]],[[33.151,0.74],[33.156,0.718]],[[33.156,0.718],[33.156,0.718]],[[33.156,0.718],[33.158,0.71]],[[33.158,0.71],[33.159,0.706]],[[33.159,0.706],[33.161,0.7]],[[33.161,0.7],[33.161,0.7]],[[33.163,0.695],[33.166,0.685]],[[33.161,0.7],[33.163,0.695]],[[33.166,0.685],[33.165,0.657]],[[33.165,0.657],[33.171,0.65]],[[33.171,0.65],[33.171,0.65]],[[33.171,0.65],[33.173,0.648]],[[33.173,0.648],[33.18,0.634]],[[33.18,0.634],[33.187,0.62]],[[33.187,0.62],[33.19,0.612]],[[33.19,0.612],[33.191,0.61]],[[33.006,0.606],[33.001,0.617]],[[33.01,0.598],[33.006,0.606]],[[33.01,0.598],[33.018,0.593]],[[33.018,0.593],[33.02,0.592]],[[33.02,0.592],[33.027,0.582]],[[33.191,0.61],[33.205,0.58]],[[33.027,0.582],[33.031,0.574]],[[33.205,0.58],[33.212,0.567]],[[33.212,0.567],[33.212,0.567]],[[33.031,0.574],[33.036,0.561]],[[33.036,0.561],[33.054,0.552]],[[33.054,0.552],[33.07,0.526]],[[33.212,0.567],[33.223,0.545],[33.22,0.511]],[[33.22,0.511],[33.219,0.507]],[[33.495,0.72],[33.495,0.719]],[[33.495,0.719],[33.494,0.718]],[[33.494,0.718],[33.493,0.718]],[[33.494,0.718],[33.493,0.716]],[[33.493,0.716],[33.491,0.716]],[[33.491,0.716],[33.482,0.703],[33.482,0.694]],[[33.482,0.694],[33.48,0.686]],[[33.48,0.686],[33.477,0.678]],[[33.477,0.678],[33.478,0.658]],[[33.478,0.658],[33.477,0.647]],[[33.477,0.647],[33.481,0.628]],[[33.481,0.628],[33.48,0.616]],[[33.48,0.616],[33.48,0.616]],[[33.48,0.616],[33.478,0.615]],[[33.478,0.615],[33.476,0.614]],[[33.476,0.614],[33.474,0.613]],[[33.474,0.613],[33.473,0.613]],[[33.473,0.613],[33.465,0.607]],[[33.465,0.607],[33.456,0.598]],[[33.456,0.598],[33.434,0.584],[33.425,0.572]],[[33.425,0.572],[33.412,0.564]],[[33.412,0.564],[33.411,0.561]],[[33.411,0.561],[33.407,0.554]],[[33.407,0.554],[33.394,0.531]],[[33.394,0.531],[33.385,0.528]],[[33.385,0.528],[33.356,0.521]],[[33.356,0.521],[33.35,0.52]],[[33.261,0.516],[33.251,0.518]],[[33.35,0.52],[33.339,0.514]],[[33.281,0.509],[33.261,0.516]],[[33.328,0.509],[33.327,0.508]],[[33.339,0.514],[33.328,0.509]],[[33.289,0.508],[33.284,0.505]],[[33.284,0.505],[33.281,0.509]],[[33.284,0.505],[33.283,0.505]],[[33.284,0.5],[33.284,0.505]],[[33.284,0.5],[33.284,0.5]],[[33.327,0.508],[33.306,0.497]],[[33.506,0.897],[33.505,0.895]],[[33.505,0.895],[33.505,0.893]],[[33.728,0.934],[33.73,0.911],[33.726,0.893],[33.719,0.877]],[[33.505,0.893],[33.502,0.873]],[[33.502,0.873],[33.502,0.871]],[[33.502,0.871],[33.502,0.869]],[[33.502,0.868],[33.501,0.843]],[[33.502,0.869],[33.502,0.868]],[[33.501,0.843],[33.501,0.84]],[[33.719,0.877],[33.692,0.839]],[[33.692,0.839],[33.686,0.835]],[[33.686,0.835],[33.669,0.82]],[[33.669,0.82],[33.656,0.806]],[[33.501,0.8],[33.503,0.787]],[[33.503,0.787],[33.504,0.781]],[[33.504,0.781],[33.505,0.777]],[[33.634,0.782],[33.625,0.774]],[[33.656,0.806],[33.634,0.782]],[[33.505,0.777],[33.506,0.773]],[[33.625,0.774],[33.622,0.772]],[[33.622,0.772],[33.61,0.758]],[[33.61,0.758],[33.608,0.756]],[[33.506,0.773],[33.51,0.761],[33.507,0.749]],[[33.598,0.743],[33.591,0.735]],[[33.591,0.735],[33.583,0.725]],[[33.583,0.725],[33.573,0.712]],[[33.573,0.712],[33.565,0.701],[33.563,0.685],[33.557,0.669]],[[33.577,0.632],[33.572,0.632]],[[33.557,0.669],[33.555,0.663],[33.543,0.651],[33.519,0.629]],[[33.519,0.629],[33.518,0.629]],[[33.572,0.632],[33.519,0.629]],[[33.601,0.626],[33.591,0.627],[33.577,0.632]],[[33.622,0.623],[33.601,0.626]],[[33.635,0.621],[33.622,0.623]],[[33.639,0.62],[33.635,0.621]],[[33.647,0.619],[33.639,0.62]],[[33.651,0.617],[33.647,0.619]],[[33.662,0.613],[33.651,0.617]],[[33.691,0.604],[33.672,0.61]],[[33.672,0.61],[33.662,0.613]],[[33.697,0.602],[33.691,0.604]],[[33.725,0.589],[33.697,0.602]],[[33.745,0.573],[33.735,0.583],[33.725,0.589]],[[33.75,0.569],[33.745,0.573]],[[33.751,0.567],[33.754,0.566]],[[33.754,0.566],[33.76,0.561]],[[33.76,0.561],[33.766,0.554]],[[33.766,0.554],[33.767,0.554]],[[33.767,0.554],[33.769,0.551]],[[33.864,0.53],[33.903,0.538],[33.93,0.532]],[[33.862,0.53],[33.864,0.53]],[[33.93,0.532],[33.936,0.531]],[[33.936,0.531],[33.946,0.528]],[[33.946,0.528],[33.947,0.528]],[[33.968,0.525],[34.001,0.537]],[[33.964,0.524],[33.968,0.525]],[[33.947,0.528],[33.964,0.524]],[[33.836,0.523],[33.862,0.53]],[[33.968,0.525],[33.972,0.514]],[[33.769,0.551],[33.804,0.513],[33.81,0.513],[33.836,0.523]],[[33.972,0.514],[33.983,0.504]],[[34.167,0.994],[34.167,0.985]],[[34.167,0.985],[34.167,0.981]],[[34.171,0.968],[34.168,0.955]],[[34.168,0.955],[34.165,0.946],[34.159,0.942],[34.158,0.933]],[[34.158,0.933],[34.161,0.92]],[[34.161,0.92],[34.161,0.917]],[[34.161,0.917],[34.162,0.903],[34.166,0.887]],[[34.166,0.887],[34.166,0.887]],[[34.166,0.887],[34.172,0.873]],[[34.172,0.873],[34.174,0.867]],[[34.174,0.867],[34.176,0.861]],[[34.176,0.861],[34.176,0.851]],[[34.176,0.851],[34.176,0.84]],[[34.176,0.84],[34.175,0.839]],[[34.175,0.839],[34.169,0.826],[34.169,0.819]],[[34.169,0.819],[34.173,0.794]],[[34.176,0.782],[34.181,0.752]],[[34.181,0.752],[34.181,0.751]],[[34.181,0.751],[34.182,0.747]],[[34.182,0.747],[34.182,0.746]],[[34.182,0.746],[34.186,0.74]],[[34.186,0.74],[34.185,0.726]],[[34.185,0.725],[34.185,0.723]],[[34.181,0.693],[34.176,0.695]],[[34.189,0.69],[34.181,0.693]],[[34.189,0.69],[34.192,0.689]],[[34.192,0.688],[34.192,0.689]],[[34.192,0.682],[34.192,0.688]],[[34.181,0.693],[34.176,0.674]],[[34.189,0.668],[34.192,0.682]],[[34.192,0.666],[34.189,0.668]],[[34.176,0.674],[34.173,0.66]],[[34.173,0.66],[34.172,0.66]],[[34.172,0.66],[34.145,0.659]],[[34.145,0.659],[34.137,0.657]],[[34.137,0.657],[34.13,0.648]],[[34.251,0.641],[34.206,0.656],[34.192,0.666]],[[34.13,0.648],[34.119,0.64]],[[34.119,0.64],[34.098,0.625]],[[34.098,0.625],[34.079,0.611]],[[34.079,0.611],[34.064,0.6]],[[34.064,0.6],[34.063,0.599]],[[34.052,0.585],[34.042,0.576]],[[34.063,0.599],[34.052,0.585]],[[34.042,0.576],[34.027,0.559]],[[34.027,0.559],[34.015,0.544],[34.001,0.537]],[[34.265,0.639],[34.26,0.639]],[[34.26,0.639],[34.251,0.641]],[[30.001,0.012],[29.999,-0.0]],[[29.999,-0.0],[30.001,-0.002]],[[30.185,0.494],[30.19,0.486]],[[30.19,0.486],[30.19,0.486]],[[30.19,0.486],[30.19,0.483]],[[30.19,0.483],[30.192,0.477]],[[30.192,0.477],[30.191,0.467],[30.198,0.459],[30.198,0.449],[30.204,0.444],[30.2,0.437],[30.202,0.43],[30.21,0.426],[30.211,0.42],[30.216,0.414],[30.216,0.406]],[[30.216,0.406],[30.216,0.38]],[[30.216,0.38],[30.215,0.376],[30.211,0.373]],[[30.211,0.373],[30.207,0.37]],[[30.205,0.373],[30.207,0.37]],[[30.207,0.37],[30.206,0.368]],[[30.206,0.368],[30.2,0.354]],[[30.2,0.354],[30.186,0.333],[30.183,0.309],[30.18,0.296]],[[30.18,0.296],[30.179,0.29]],[[30.179,0.29],[30.177,0.288]],[[30.177,0.288],[30.17,0.285]],[[30.17,0.285],[30.156,0.274],[30.148,0.261],[30.124,0.261]],[[30.124,0.261],[30.118,0.26],[30.117,0.255]],[[30.117,0.255],[30.116,0.247]],[[30.117,0.247],[30.117,0.235],[30.115,0.223]],[[30.115,0.223],[30.112,0.207]],[[30.112,0.207],[30.111,0.2]],[[30.111,0.2],[30.111,0.2]],[[30.111,0.2],[30.109,0.198]],[[30.109,0.198],[30.1,0.191]],[[30.023,0.183],[30.023,0.183]],[[30.076,0.182],[30.076,0.181]],[[30.076,0.181],[30.077,0.18]],[[30.075,0.179],[30.076,0.181]],[[30.077,0.18],[30.076,0.179]],[[30.076,0.179],[30.076,0.179]],[[30.077,0.18],[30.078,0.179]],[[30.076,0.179],[30.075,0.179]],[[30.075,0.179],[30.075,0.179]],[[30.078,0.179],[30.077,0.178]],[[30.076,0.179],[30.077,0.178]],[[30.078,0.179],[30.079,0.178]],[[30.076,0.178],[30.076,0.179]],[[30.079,0.178],[30.078,0.178]],[[30.077,0.178],[30.078,0.178]],[[30.076,0.178],[30.075,0.177]],[[30.075,0.177],[30.075,0.179]],[[30.077,0.177],[30.076,0.178]],[[30.079,0.178],[30.079,0.177]],[[30.079,0.177],[30.079,0.177]],[[30.078,0.178],[30.079,0.177]],[[30.079,0.177],[30.08,0.176]],[[30.077,0.177],[30.076,0.176]],[[30.076,0.176],[30.075,0.177]],[[30.079,0.177],[30.078,0.176]],[[30.078,0.176],[30.077,0.177]],[[30.078,0.176],[30.077,0.176]],[[30.077,0.176],[30.076,0.176]],[[30.08,0.176],[30.078,0.175]],[[30.078,0.175],[30.077,0.176]],[[30.078,0.175],[30.078,0.174]],[[30.076,0.182],[30.085,0.174]],[[30.08,0.176],[30.083,0.174]],[[30.1,0.191],[30.093,0.185],[30.086,0.173]],[[30.085,0.174],[30.084,0.173]],[[30.083,0.174],[30.084,0.173]],[[30.086,0.173],[30.085,0.173]],[[30.085,0.174],[30.085,0.173]],[[30.083,0.174],[30.082,0.173]],[[30.087,0.172],[30.086,0.173]],[[30.085,0.173],[30.085,0.172]],[[30.085,0.172],[30.087,0.172]],[[30.084,0.173],[30.083,0.171]],[[30.087,0.172],[30.092,0.17]],[[30.083,0.171],[30.08,0.17]],[[30.083,0.171],[30.08,0.169]],[[30.085,0.172],[30.081,0.167]],[[30.081,0.167],[30.081,0.166]],[[30.078,0.174],[30.077,0.164]],[[30.077,0.164],[30.075,0.164]],[[30.075,0.164],[30.073,0.164]],[[30.077,0.164],[30.077,0.161]],[[30.075,0.164],[30.077,0.161]],[[30.081,0.166],[30.078,0.161]],[[30.077,0.161],[30.078,0.161]],[[30.078,0.161],[30.078,0.16]],[[30.081,0.166],[30.078,0.16]],[[30.078,0.16],[30.069,0.14],[30.068,0.122],[30.061,0.113]],[[30.061,0.113],[30.043,0.088],[30.038,0.067]],[[30.038,0.067],[30.021,0.036],[30.009,0.025],[30.001,0.012]],[[31.077,0.485],[31.073,0.485]],[[31.081,0.485],[31.077,0.485]],[[31.05,0.486],[31.052,0.484]],[[31.052,0.484],[31.044,0.486]],[[31.073,0.485],[31.069,0.484]],[[31.053,0.483],[31.052,0.484]],[[31.203,0.483],[31.182,0.487]],[[31.069,0.484],[31.065,0.486],[31.059,0.482]],[[31.055,0.482],[31.053,0.483]],[[31.229,0.485],[31.223,0.484],[31.219,0.486],[31.208,0.481],[31.203,0.483]],[[31.059,0.482],[31.055,0.482]],[[31.105,0.485],[31.09,0.479],[31.081,0.485]],[[31.553,0.497],[31.555,0.497]],[[31.505,0.497],[31.502,0.497]],[[31.674,0.454],[31.63,0.475],[31.614,0.474],[31.597,0.484],[31.58,0.485],[31.566,0.497]],[[31.682,0.45],[31.674,0.454]],[[31.688,0.448],[31.682,0.45]],[[31.72,0.45],[31.702,0.447],[31.688,0.448]],[[31.825,0.46],[31.825,0.46]],[[31.825,0.46],[31.818,0.459]],[[31.818,0.459],[31.817,0.459]],[[31.751,0.46],[31.76,0.458]],[[31.817,0.459],[31.81,0.46],[31.796,0.456],[31.788,0.456]],[[31.788,0.456],[31.777,0.455],[31.77,0.458],[31.76,0.458]],[[31.836,0.452],[31.825,0.46]],[[31.851,0.447],[31.84,0.448],[31.836,0.452]],[[31.916,0.438],[31.912,0.438]],[[31.931,0.436],[31.931,0.436]],[[31.93,0.436],[31.921,0.439],[31.916,0.438]],[[31.938,0.434],[31.93,0.436]],[[31.872,0.434],[31.851,0.447]],[[31.942,0.432],[31.938,0.434]],[[31.912,0.438],[31.907,0.433],[31.904,0.432]],[[31.904,0.432],[31.893,0.431]],[[31.953,0.429],[31.942,0.432]],[[31.893,0.431],[31.883,0.428],[31.872,0.434]],[[31.958,0.427],[31.953,0.429]],[[31.964,0.425],[31.958,0.427]],[[31.967,0.419],[31.964,0.421],[31.964,0.425]],[[31.968,0.415],[31.967,0.419]],[[31.995,0.412],[31.986,0.415],[31.968,0.415]],[[31.996,0.408],[31.995,0.412]],[[32.473,0.405],[32.478,0.401]],[[32.478,0.401],[32.48,0.398]],[[32.48,0.398],[32.481,0.398]],[[32.481,0.398],[32.496,0.396]],[[32.574,0.36],[32.573,0.353]],[[32.562,0.36],[32.563,0.353]],[[32.694,0.362],[32.684,0.356]],[[32.684,0.356],[32.663,0.353]],[[32.532,0.359],[32.539,0.351]],[[32.573,0.353],[32.571,0.35]],[[32.563,0.353],[32.563,0.35]],[[33.209,0.423],[33.208,0.422]],[[33.208,0.422],[33.207,0.423]],[[33.206,0.422],[33.204,0.423]],[[33.211,0.422],[33.211,0.422]],[[33.209,0.422],[33.21,0.423]],[[33.209,0.422],[33.208,0.422]],[[33.209,0.422],[33.209,0.422]],[[33.203,0.424],[33.202,0.422]],[[33.202,0.422],[33.2,0.423]],[[33.2,0.423],[33.2,0.421]],[[33.211,0.422],[33.21,0.421]],[[33.21,0.421],[33.209,0.422]],[[33.204,0.421],[33.202,0.422]],[[33.214,0.421],[33.214,0.424]],[[33.214,0.421],[33.213,0.421]],[[33.211,0.422],[33.213,0.421]],[[33.213,0.421],[33.212,0.421]],[[33.211,0.422],[33.212,0.421]],[[33.212,0.421],[33.212,0.421]],[[33.212,0.421],[33.21,0.421]],[[33.212,0.421],[33.212,0.42]],[[33.212,0.42],[33.212,0.421]],[[33.201,0.42],[33.2,0.421]],[[33.205,0.42],[33.204,0.421]],[[33.202,0.422],[33.202,0.42]],[[33.202,0.42],[33.201,0.42]],[[33.212,0.421],[33.209,0.42]],[[33.209,0.42],[33.209,0.422]],[[33.2,0.421],[33.199,0.42]],[[33.203,0.42],[33.202,0.42]],[[33.214,0.419],[33.214,0.421]],[[33.214,0.419],[33.212,0.42]],[[33.204,0.421],[33.203,0.419]],[[33.203,0.419],[33.203,0.42]],[[33.214,0.419],[33.214,0.419]],[[33.209,0.42],[33.208,0.419]],[[33.208,0.419],[33.209,0.422]],[[33.208,0.419],[33.207,0.419]],[[33.207,0.419],[33.205,0.42]],[[33.207,0.419],[33.208,0.419]],[[33.201,0.42],[33.201,0.419]],[[33.201,0.419],[33.199,0.42]],[[33.214,0.419],[33.212,0.419]],[[33.212,0.42],[33.212,0.419]],[[33.207,0.419],[33.206,0.419]],[[33.216,0.428],[33.215,0.419]],[[33.299,0.493],[33.283,0.485]],[[33.283,0.485],[33.283,0.485]],[[33.283,0.485],[33.277,0.482]],[[33.277,0.482],[33.274,0.48]],[[33.274,0.48],[33.271,0.479]],[[33.282,0.478],[33.283,0.485]],[[33.271,0.479],[33.264,0.476]],[[33.264,0.476],[33.257,0.473]],[[33.257,0.473],[33.251,0.471]],[[32.046,0.4],[32.043,0.399]],[[32.043,0.399],[32.042,0.4]],[[32.048,0.399],[32.046,0.4]],[[32.064,0.394],[32.048,0.399]],[[32.083,0.39],[32.064,0.394]],[[32.327,0.474],[32.329,0.471]],[[32.329,0.471],[32.33,0.469]],[[32.33,0.469],[32.332,0.463]],[[32.332,0.463],[32.332,0.463]],[[32.131,0.395],[32.126,0.395],[32.103,0.385]],[[32.103,0.385],[32.085,0.387],[32.083,0.39]],[[32.232,0.382],[32.231,0.382]],[[32.231,0.382],[32.214,0.383]],[[32.214,0.383],[32.206,0.384],[32.199,0.381]],[[32.199,0.381],[32.198,0.381]],[[32.246,0.38],[32.237,0.384],[32.232,0.382]],[[32.198,0.381],[32.195,0.38]],[[32.25,0.379],[32.246,0.38]],[[32.17,0.379],[32.166,0.379]],[[32.185,0.378],[32.177,0.38],[32.17,0.379]],[[32.186,0.378],[32.185,0.378]],[[32.152,0.377],[32.131,0.395]],[[32.195,0.38],[32.186,0.378]],[[32.166,0.379],[32.152,0.377]],[[32.308,0.494],[32.313,0.49]],[[32.313,0.49],[32.314,0.489]],[[32.314,0.489],[32.314,0.489]],[[32.314,0.489],[32.315,0.488]],[[32.315,0.488],[32.325,0.477]],[[32.325,0.477],[32.325,0.477]],[[32.325,0.477],[32.327,0.474]],[[32.332,0.463],[32.334,0.457]],[[32.334,0.457],[32.34,0.452]],[[32.34,0.452],[32.355,0.442]],[[32.355,0.442],[32.363,0.439]],[[32.363,0.439],[32.37,0.437]],[[32.37,0.437],[32.373,0.433]],[[32.373,0.433],[32.374,0.433]],[[32.374,0.433],[32.376,0.43]],[[32.376,0.43],[32.383,0.422],[32.388,0.42]],[[32.388,0.42],[32.392,0.42]],[[32.408,0.42],[32.412,0.419]],[[32.392,0.42],[32.408,0.42]],[[32.412,0.419],[32.43,0.416]],[[32.43,0.416],[32.439,0.414]],[[32.439,0.414],[32.448,0.414]],[[32.448,0.414],[32.46,0.411]],[[32.46,0.411],[32.46,0.411]],[[32.46,0.411],[32.466,0.409]],[[32.466,0.409],[32.473,0.405]],[[32.266,0.376],[32.262,0.376]],[[32.262,0.376],[32.253,0.378]],[[32.269,0.376],[32.266,0.376]],[[32.278,0.365],[32.269,0.376]],[[32.289,0.359],[32.287,0.359]],[[32.287,0.359],[32.278,0.365]],[[32.298,0.353],[32.294,0.353],[32.289,0.359]],[[32.302,0.353],[32.298,0.353]],[[32.308,0.349],[32.302,0.353]],[[32.321,0.348],[32.32,0.348]],[[32.33,0.349],[32.321,0.348]],[[32.32,0.348],[32.316,0.347],[32.308,0.349]],[[32.348,0.345],[32.33,0.349]],[[32.348,0.345],[32.348,0.345]],[[32.352,0.343],[32.348,0.345]],[[32.359,0.339],[32.352,0.343]],[[32.366,0.336],[32.359,0.339]],[[32.374,0.332],[32.366,0.336]],[[32.4,0.332],[32.39,0.331]],[[32.381,0.331],[32.374,0.332]],[[32.39,0.331],[32.388,0.33]],[[32.388,0.33],[32.381,0.331]],[[32.411,0.33],[32.4,0.332]],[[32.418,0.329],[32.411,0.33]],[[32.468,0.327],[32.464,0.327]],[[32.469,0.327],[32.468,0.327]],[[32.423,0.329],[32.418,0.329]],[[32.428,0.327],[32.423,0.329]],[[32.471,0.327],[32.469,0.327]],[[32.472,0.327],[32.486,0.333],[32.491,0.333]],[[32.472,0.327],[32.471,0.327]],[[32.498,0.327],[32.495,0.331],[32.491,0.333]],[[32.464,0.327],[32.459,0.325]],[[32.459,0.325],[32.458,0.325]],[[32.458,0.325],[32.458,0.324]],[[32.435,0.323],[32.428,0.327]],[[32.458,0.324],[32.453,0.323]],[[32.453,0.323],[32.447,0.323]],[[32.441,0.32],[32.435,0.323]],[[32.447,0.323],[32.441,0.32]],[[32.501,0.292],[32.5,0.292]],[[32.5,0.292],[32.496,0.286],[32.488,0.285]],[[32.488,0.285],[32.487,0.285]],[[32.455,0.284],[32.454,0.284]],[[32.454,0.284],[32.448,0.28]],[[32.487,0.285],[32.479,0.279]],[[32.479,0.279],[32.47,0.279]],[[32.459,0.277],[32.455,0.284]],[[32.47,0.279],[32.467,0.274]],[[32.46,0.273],[32.459,0.277]],[[32.448,0.28],[32.44,0.273]],[[32.467,0.274],[32.465,0.272]],[[32.465,0.272],[32.46,0.273]],[[32.44,0.273],[32.436,0.268]],[[32.436,0.268],[32.427,0.263]],[[32.427,0.263],[32.422,0.261]],[[32.421,0.261],[32.413,0.258]],[[32.422,0.261],[32.421,0.261]],[[32.413,0.258],[32.405,0.259],[32.399,0.255]],[[32.249,0.19],[32.247,0.186],[32.248,0.18]],[[32.248,0.18],[32.251,0.164]],[[32.251,0.164],[32.238,0.164],[32.232,0.161]],[[32.232,0.161],[32.23,0.157]],[[32.23,0.157],[32.225,0.148]],[[32.225,0.148],[32.223,0.143]],[[32.223,0.143],[32.22,0.139],[32.207,0.131]],[[32.207,0.131],[32.19,0.121]],[[32.19,0.121],[32.183,0.119]],[[32.183,0.119],[32.183,0.119]],[[32.183,0.119],[32.177,0.112]],[[32.177,0.112],[32.176,0.109]],[[32.176,0.109],[32.154,0.096]],[[32.154,0.096],[32.145,0.089]],[[32.145,0.089],[32.141,0.087]],[[32.141,0.087],[32.126,0.078]],[[32.126,0.078],[32.122,0.075]],[[32.122,0.075],[32.121,0.074]],[[32.121,0.074],[32.116,0.07]],[[32.116,0.07],[32.105,0.062]],[[32.105,0.062],[32.092,0.055],[32.087,0.047]],[[32.087,0.047],[32.077,0.037]],[[32.077,0.037],[32.063,0.026]],[[32.063,0.026],[32.061,0.024]],[[32.061,0.024],[32.053,0.014]],[[32.053,0.014],[32.05,0.011]],[[32.05,0.011],[32.039,-0.001]],[[32.38,0.245],[32.367,0.243]],[[32.367,0.243],[32.365,0.242]],[[32.365,0.242],[32.351,0.241],[32.348,0.237]],[[32.348,0.237],[32.348,0.237]],[[32.348,0.237],[32.348,0.236]],[[32.348,0.236],[32.344,0.229]],[[32.344,0.229],[32.34,0.225]],[[32.34,0.225],[32.336,0.222]],[[32.336,0.222],[32.336,0.221]],[[32.336,0.221],[32.334,0.219]],[[32.334,0.219],[32.329,0.216]],[[32.329,0.216],[32.316,0.207]],[[32.316,0.207],[32.313,0.206]],[[32.313,0.206],[32.307,0.203]],[[32.307,0.203],[32.305,0.202]],[[32.305,0.202],[32.301,0.201],[32.297,0.195]],[[32.297,0.195],[32.296,0.192]],[[32.296,0.192],[32.284,0.182]],[[32.284,0.182],[32.284,0.182]],[[32.284,0.182],[32.278,0.177]],[[32.278,0.177],[32.275,0.175]],[[32.275,0.175],[32.274,0.174]],[[32.274,0.174],[32.273,0.173]],[[32.273,0.173],[32.27,0.173]],[[32.27,0.173],[32.266,0.172]],[[32.266,0.172],[32.264,0.172]],[[32.264,0.172],[32.261,0.171]],[[32.261,0.171],[32.257,0.166],[32.251,0.164]],[[32.501,0.094],[32.496,0.092]],[[32.449,0.081],[32.451,0.08]],[[32.451,0.08],[32.455,0.078]],[[32.496,0.092],[32.485,0.087],[32.479,0.077]],[[32.479,0.083],[32.479,0.077]],[[32.479,0.077],[32.478,0.076]],[[32.478,0.076],[32.478,0.074]],[[32.479,0.077],[32.484,0.073]],[[32.455,0.078],[32.461,0.07]],[[32.461,0.07],[32.466,0.07]],[[32.478,0.074],[32.48,0.071],[32.476,0.068]],[[32.478,0.074],[32.476,0.068]],[[32.476,0.068],[32.476,0.068]],[[32.466,0.07],[32.471,0.064]],[[32.478,0.076],[32.471,0.064]],[[32.471,0.064],[32.471,0.064]],[[32.476,0.068],[32.473,0.063]],[[32.471,0.064],[32.473,0.063]],[[32.471,0.064],[32.467,0.063]],[[32.467,0.063],[32.463,0.068],[32.465,0.065]],[[32.467,0.063],[32.466,0.063]],[[32.466,0.063],[32.461,0.066],[32.461,0.07]],[[32.476,0.068],[32.475,0.063]],[[32.475,0.063],[32.473,0.063]],[[32.454,0.066],[32.459,0.061]],[[32.46,0.06],[32.46,0.061]],[[32.46,0.06],[32.46,0.06]],[[32.459,0.061],[32.46,0.06]],[[32.471,0.064],[32.472,0.06]],[[32.473,0.063],[32.473,0.059]],[[32.472,0.06],[32.473,0.059]],[[32.475,0.063],[32.477,0.058]],[[32.473,0.059],[32.477,0.058]],[[32.472,0.06],[32.471,0.058]],[[32.471,0.058],[32.466,0.063]],[[32.46,0.06],[32.462,0.058],[32.46,0.06]],[[32.46,0.06],[32.462,0.058]],[[32.471,0.058],[32.466,0.057]],[[32.477,0.058],[32.479,0.056]],[[32.466,0.057],[32.464,0.056]],[[32.464,0.056],[32.461,0.055]],[[32.461,0.055],[32.461,0.055]],[[32.461,0.055],[32.458,0.054]],[[32.479,0.056],[32.482,0.054],[32.479,0.056]],[[32.436,0.059],[32.437,0.054]],[[32.437,0.054],[32.435,0.055]],[[32.473,0.059],[32.467,0.054]],[[32.458,0.054],[32.457,0.049]],[[32.459,0.049],[32.457,0.049]],[[32.458,0.054],[32.455,0.053],[32.454,0.049]],[[32.464,0.056],[32.463,0.048]],[[32.459,0.049],[32.463,0.048]],[[32.466,0.057],[32.464,0.048]],[[32.463,0.048],[32.464,0.048]],[[32.467,0.054],[32.466,0.046]],[[32.467,0.054],[32.466,0.046]],[[32.464,0.048],[32.462,0.044]],[[32.466,0.046],[32.459,0.042]],[[32.457,0.049],[32.459,0.042]],[[32.456,0.053],[32.456,0.041]],[[32.456,0.041],[32.437,0.054]],[[32.458,0.04],[32.456,0.041]],[[32.456,0.041],[32.456,0.038]],[[32.459,0.042],[32.456,0.038],[32.448,0.04],[32.441,0.037]],[[32.437,0.054],[32.441,0.024]],[[32.523,0.495],[32.523,0.49]],[[32.719,0.491],[32.715,0.479]],[[32.679,0.479],[32.677,0.479]],[[32.677,0.479],[32.674,0.476]],[[32.674,0.476],[32.673,0.476]],[[32.673,0.476],[32.666,0.476],[32.662,0.472]],[[32.715,0.479],[32.709,0.481],[32.708,0.472]],[[32.662,0.472],[32.659,0.47]],[[32.708,0.472],[32.705,0.469]],[[32.705,0.469],[32.699,0.472],[32.695,0.472],[32.693,0.475],[32.684,0.479],[32.679,0.479]],[[32.659,0.47],[32.657,0.466],[32.652,0.467]],[[32.523,0.49],[32.517,0.479],[32.519,0.469],[32.522,0.466]],[[32.652,0.468],[32.646,0.469],[32.642,0.464]],[[32.522,0.466],[32.528,0.461]],[[32.642,0.464],[32.64,0.461],[32.634,0.461]],[[32.528,0.461],[32.529,0.46]],[[32.634,0.461],[32.629,0.46],[32.625,0.463],[32.621,0.462],[32.612,0.448]],[[32.612,0.448],[32.603,0.438]],[[32.603,0.438],[32.601,0.433]],[[32.601,0.433],[32.597,0.42]],[[32.529,0.46],[32.533,0.452],[32.529,0.443],[32.534,0.435],[32.537,0.417]],[[32.537,0.417],[32.537,0.416]],[[32.537,0.416],[32.537,0.413]],[[32.537,0.413],[32.541,0.408]],[[32.597,0.42],[32.594,0.41],[32.59,0.406]],[[32.59,0.406],[32.588,0.405]],[[32.541,0.408],[32.545,0.403]],[[32.585,0.403],[32.582,0.4]],[[32.588,0.405],[32.585,0.403]],[[32.545,0.403],[32.548,0.396]],[[32.667,0.396],[32.658,0.391]],[[32.548,0.396],[32.553,0.387]],[[32.582,0.4],[32.577,0.384]],[[32.556,0.381],[32.557,0.381]],[[32.553,0.387],[32.556,0.381]],[[32.658,0.391],[32.647,0.381]],[[32.505,0.392],[32.519,0.383],[32.523,0.37]],[[32.734,0.372],[32.731,0.373],[32.714,0.369]],[[32.577,0.384],[32.577,0.369]],[[32.647,0.381],[32.649,0.366]],[[32.714,0.369],[32.701,0.365]],[[32.649,0.366],[32.648,0.364]],[[32.745,0.362],[32.734,0.372]],[[32.701,0.365],[32.694,0.362]],[[32.747,0.361],[32.745,0.362]],[[32.557,0.381],[32.562,0.36]],[[32.577,0.369],[32.574,0.36]],[[32.523,0.37],[32.532,0.359]],[[32.751,0.359],[32.747,0.361]],[[32.539,0.351],[32.541,0.348]],[[32.663,0.353],[32.649,0.347]],[[32.648,0.364],[32.647,0.361],[32.652,0.351],[32.649,0.347]],[[32.649,0.347],[32.648,0.347]],[[32.596,0.343],[32.597,0.348]],[[32.617,0.345],[32.616,0.343]],[[32.596,0.343],[32.589,0.342]],[[32.597,0.348],[32.589,0.342]],[[32.641,0.344],[32.634,0.342]],[[32.648,0.347],[32.641,0.344]],[[32.571,0.35],[32.572,0.341]],[[32.571,0.341],[32.572,0.341]],[[32.563,0.35],[32.571,0.341]],[[32.589,0.342],[32.587,0.34]],[[32.572,0.341],[32.572,0.34]],[[32.572,0.34],[32.572,0.339]],[[32.572,0.339],[32.571,0.341]],[[32.634,0.342],[32.626,0.339]],[[32.587,0.34],[32.581,0.337]],[[32.587,0.34],[32.584,0.336],[32.581,0.337]],[[32.581,0.337],[32.577,0.334]],[[32.577,0.334],[32.577,0.334]],[[32.572,0.34],[32.577,0.334]],[[32.626,0.339],[32.618,0.334]],[[32.616,0.343],[32.615,0.337],[32.618,0.334]],[[32.577,0.334],[32.578,0.333]],[[32.577,0.333],[32.577,0.334]],[[32.578,0.333],[32.577,0.333]],[[32.542,0.347],[32.55,0.334],[32.556,0.332]],[[32.541,0.348],[32.542,0.347]],[[32.556,0.332],[32.556,0.332]],[[32.556,0.332],[32.556,0.332]],[[32.572,0.339],[32.574,0.332]],[[32.577,0.333],[32.575,0.331]],[[32.574,0.332],[32.575,0.331]],[[32.574,0.33],[32.574,0.332]],[[32.575,0.331],[32.575,0.33]],[[32.575,0.33],[32.574,0.33]],[[32.556,0.332],[32.55,0.329]],[[32.574,0.33],[32.57,0.328]],[[32.563,0.35],[32.565,0.328]],[[32.618,0.334],[32.611,0.328]],[[32.57,0.328],[32.565,0.328]],[[32.611,0.328],[32.607,0.325]],[[32.607,0.325],[32.596,0.343]],[[32.611,0.328],[32.618,0.325]],[[32.565,0.328],[32.561,0.325]],[[32.586,0.325],[32.578,0.333]],[[32.56,0.325],[32.561,0.325]],[[32.556,0.332],[32.56,0.325]],[[32.586,0.325],[32.587,0.324]],[[32.587,0.324],[32.586,0.325]],[[32.56,0.323],[32.56,0.325]],[[32.561,0.325],[32.561,0.323]],[[32.561,0.323],[32.56,0.323]],[[32.575,0.33],[32.574,0.32]],[[32.591,0.319],[32.587,0.324]],[[32.57,0.328],[32.569,0.319]],[[32.607,0.325],[32.596,0.319]],[[32.56,0.323],[32.558,0.319]],[[32.55,0.329],[32.558,0.319]],[[32.591,0.319],[32.592,0.319]],[[32.592,0.319],[32.591,0.319]],[[32.596,0.319],[32.595,0.318]],[[32.569,0.319],[32.569,0.318]],[[32.569,0.319],[32.568,0.318],[32.569,0.318]],[[32.595,0.318],[32.596,0.319]],[[32.574,0.32],[32.575,0.318]],[[32.618,0.325],[32.63,0.318]],[[32.593,0.317],[32.592,0.319]],[[32.569,0.318],[32.569,0.317]],[[32.595,0.318],[32.594,0.317]],[[32.593,0.317],[32.594,0.317]],[[32.568,0.317],[32.569,0.317]],[[32.568,0.317],[32.564,0.317]],[[32.561,0.323],[32.564,0.317]],[[32.593,0.316],[32.593,0.317]],[[32.575,0.318],[32.571,0.316],[32.569,0.319]],[[32.594,0.317],[32.594,0.316]],[[32.594,0.316],[32.593,0.316]],[[32.558,0.319],[32.561,0.316]],[[32.567,0.316],[32.568,0.317]],[[32.567,0.316],[32.564,0.316]],[[32.564,0.317],[32.564,0.316]],[[32.564,0.316],[32.561,0.316]],[[32.594,0.316],[32.594,0.316]],[[32.567,0.315],[32.567,0.316]],[[32.567,0.315],[32.565,0.315]],[[32.564,0.316],[32.565,0.315]],[[32.594,0.316],[32.594,0.314]],[[32.594,0.314],[32.594,0.314]],[[32.594,0.314],[32.599,0.314]],[[32.565,0.315],[32.561,0.314]],[[32.561,0.316],[32.561,0.314]],[[32.569,0.317],[32.57,0.314],[32.567,0.315]],[[32.561,0.314],[32.561,0.313]],[[32.569,0.313],[32.567,0.313]],[[32.575,0.318],[32.576,0.313]],[[32.576,0.313],[32.569,0.313]],[[32.574,0.32],[32.583,0.313]],[[32.583,0.313],[32.587,0.312],[32.593,0.316]],[[32.561,0.313],[32.559,0.311]],[[32.558,0.319],[32.557,0.311]],[[32.551,0.318],[32.557,0.311]],[[32.567,0.313],[32.564,0.31]],[[32.561,0.313],[32.564,0.31]],[[32.559,0.311],[32.558,0.31]],[[32.557,0.311],[32.558,0.31]],[[32.558,0.31],[32.557,0.309]],[[32.576,0.313],[32.578,0.309]],[[32.583,0.313],[32.578,0.309]],[[32.578,0.309],[32.578,0.309]],[[32.594,0.314],[32.592,0.309]],[[32.595,0.308],[32.592,0.309]],[[32.63,0.318],[32.64,0.308]],[[32.578,0.308],[32.578,0.309]],[[32.578,0.309],[32.578,0.308]],[[32.595,0.308],[32.595,0.308]],[[32.516,0.308],[32.517,0.308]],[[32.513,0.313],[32.516,0.308]],[[32.502,0.326],[32.506,0.32],[32.51,0.32],[32.513,0.313]],[[32.578,0.308],[32.578,0.307]],[[32.567,0.313],[32.567,0.307]],[[32.564,0.31],[32.567,0.307]],[[32.578,0.307],[32.577,0.307]],[[32.578,0.307],[32.578,0.307]],[[32.578,0.307],[32.581,0.307]],[[32.564,0.31],[32.562,0.307]],[[32.559,0.311],[32.562,0.307]],[[32.578,0.306],[32.578,0.307]],[[32.577,0.307],[32.578,0.306]],[[32.577,0.307],[32.577,0.306]],[[32.592,0.309],[32.583,0.306]],[[32.581,0.307],[32.583,0.306]],[[32.599,0.314],[32.601,0.306],[32.595,0.309]],[[32.517,0.308],[32.517,0.306]],[[32.516,0.306],[32.516,0.308]],[[32.517,0.306],[32.516,0.306]],[[32.562,0.307],[32.558,0.305]],[[32.567,0.307],[32.567,0.303]],[[32.569,0.313],[32.57,0.303]],[[32.57,0.303],[32.567,0.303]],[[32.577,0.306],[32.571,0.303]],[[32.571,0.303],[32.57,0.303]],[[32.567,0.303],[32.565,0.303]],[[32.562,0.307],[32.565,0.303]],[[32.572,0.302],[32.571,0.303]],[[32.558,0.305],[32.553,0.302]],[[32.577,0.306],[32.576,0.301]],[[32.576,0.301],[32.572,0.302]],[[32.516,0.306],[32.513,0.303]],[[32.513,0.303],[32.51,0.301]],[[32.64,0.308],[32.648,0.301]],[[32.51,0.301],[32.51,0.3]],[[32.517,0.306],[32.532,0.3]],[[32.557,0.309],[32.534,0.3]],[[32.532,0.3],[32.534,0.3]],[[32.532,0.299],[32.532,0.3]],[[32.534,0.3],[32.534,0.299]],[[32.534,0.299],[32.532,0.299]],[[32.532,0.299],[32.528,0.298]],[[32.583,0.306],[32.587,0.302],[32.6,0.298]],[[32.528,0.298],[32.527,0.298]],[[32.527,0.298],[32.526,0.297]],[[32.521,0.295],[32.517,0.3],[32.51,0.3]],[[32.526,0.297],[32.521,0.295]],[[32.565,0.303],[32.563,0.299],[32.565,0.295]],[[32.553,0.295],[32.534,0.299]],[[32.565,0.295],[32.571,0.295],[32.572,0.302]],[[32.576,0.301],[32.571,0.293]],[[32.565,0.295],[32.564,0.293]],[[32.564,0.293],[32.553,0.295]],[[32.578,0.306],[32.575,0.296],[32.572,0.293]],[[32.572,0.293],[32.571,0.293]],[[32.571,0.293],[32.57,0.293]],[[32.51,0.3],[32.501,0.292]],[[32.57,0.293],[32.564,0.293]],[[32.57,0.293],[32.57,0.292]],[[32.571,0.292],[32.572,0.293]],[[32.57,0.292],[32.571,0.292]],[[32.571,0.292],[32.572,0.291]],[[32.572,0.291],[32.571,0.291]],[[32.648,0.301],[32.654,0.289]],[[32.571,0.291],[32.569,0.287]],[[32.599,0.314],[32.607,0.312],[32.614,0.303],[32.624,0.297],[32.627,0.289],[32.623,0.287],[32.621,0.292],[32.608,0.3],[32.6,0.298]],[[32.6,0.298],[32.605,0.296],[32.607,0.286],[32.613,0.279]],[[32.613,0.279],[32.616,0.278]],[[32.569,0.287],[32.565,0.278]],[[32.616,0.278],[32.618,0.276]],[[32.618,0.276],[32.618,0.272]],[[32.613,0.279],[32.618,0.272]],[[32.618,0.272],[32.619,0.271]],[[32.565,0.278],[32.565,0.275]],[[32.565,0.275],[32.566,0.27]],[[32.566,0.27],[32.565,0.258],[32.562,0.253]],[[32.619,0.271],[32.637,0.247]],[[32.751,0.497],[32.751,0.494]],[[32.751,0.494],[32.752,0.473]],[[32.752,0.473],[32.752,0.472]],[[32.752,0.472],[32.751,0.469],[32.757,0.459],[32.761,0.444]],[[32.761,0.444],[32.761,0.437]],[[32.761,0.437],[32.765,0.424]],[[32.765,0.424],[32.768,0.42]],[[32.768,0.42],[32.769,0.417]],[[32.769,0.417],[32.77,0.415]],[[32.77,0.415],[32.77,0.41]],[[32.975,0.389],[32.971,0.389]],[[32.85,0.389],[32.845,0.389]],[[32.863,0.386],[32.85,0.389]],[[32.971,0.389],[32.963,0.38]],[[32.77,0.41],[32.764,0.401],[32.769,0.391],[32.767,0.379]],[[32.963,0.38],[32.962,0.379]],[[32.962,0.379],[32.961,0.377]],[[32.845,0.389],[32.828,0.377]],[[32.961,0.377],[32.96,0.376]],[[32.96,0.376],[32.958,0.373]],[[32.874,0.373],[32.863,0.386]],[[32.876,0.372],[32.874,0.373]],[[32.916,0.375],[32.91,0.376],[32.904,0.372],[32.894,0.372]],[[32.894,0.372],[32.887,0.372]],[[32.922,0.371],[32.916,0.375]],[[32.887,0.372],[32.876,0.372]],[[32.958,0.373],[32.954,0.371]],[[32.954,0.371],[32.952,0.37]],[[32.94,0.37],[32.938,0.37]],[[32.941,0.37],[32.94,0.37]],[[32.943,0.369],[32.941,0.37]],[[32.952,0.37],[32.943,0.369]],[[32.926,0.368],[32.922,0.371]],[[32.938,0.37],[32.935,0.368]],[[32.935,0.368],[32.926,0.368]],[[32.828,0.377],[32.815,0.366]],[[32.767,0.379],[32.757,0.374],[32.753,0.362]],[[32.815,0.366],[32.803,0.361]],[[32.753,0.362],[32.751,0.359]],[[32.803,0.361],[32.794,0.356]],[[32.794,0.356],[32.789,0.354]],[[32.761,0.351],[32.761,0.351]],[[32.761,0.351],[32.751,0.359]],[[32.773,0.35],[32.761,0.351]],[[32.789,0.354],[32.773,0.35]],[[32.761,0.351],[32.764,0.344],[32.763,0.339]],[[32.763,0.339],[32.763,0.329]],[[32.763,0.329],[32.773,0.313]],[[32.557,0.244],[32.55,0.229]],[[32.55,0.229],[32.549,0.227]],[[32.549,0.227],[32.546,0.221]],[[32.546,0.221],[32.542,0.214]],[[32.542,0.214],[32.541,0.21]],[[32.541,0.21],[32.539,0.192]],[[32.539,0.192],[32.538,0.178],[32.543,0.163]],[[32.543,0.163],[32.546,0.153]],[[32.546,0.153],[32.546,0.151]],[[32.546,0.151],[32.545,0.146],[32.538,0.139]],[[32.538,0.139],[32.538,0.138]],[[32.538,0.138],[32.533,0.131]],[[32.533,0.131],[32.529,0.122]],[[32.529,0.122],[32.534,0.122],[32.534,0.12]],[[32.529,0.122],[32.529,0.119]],[[32.529,0.119],[32.529,0.118]],[[32.529,0.118],[32.529,0.115]],[[32.529,0.115],[32.528,0.113]],[[32.528,0.113],[32.519,0.106]],[[32.519,0.106],[32.516,0.106]],[[32.516,0.106],[32.509,0.102]],[[32.509,0.102],[32.509,0.101]],[[32.509,0.101],[32.506,0.099]],[[32.506,0.099],[32.503,0.096]],[[32.503,0.096],[32.501,0.094]],[[33.217,0.496],[33.216,0.493]],[[33.234,0.47],[33.234,0.473]],[[33.251,0.471],[33.243,0.468]],[[33.242,0.467],[33.238,0.466]],[[33.238,0.466],[33.236,0.466]],[[33.236,0.466],[33.233,0.464]],[[33.233,0.464],[33.234,0.47]],[[33.233,0.464],[33.225,0.46]],[[33.186,0.459],[33.185,0.464]],[[33.216,0.493],[33.211,0.482],[33.211,0.473],[33.22,0.456]],[[33.225,0.46],[33.222,0.456]],[[33.222,0.456],[33.22,0.456]],[[33.22,0.456],[33.22,0.456]],[[33.22,0.456],[33.219,0.456]],[[33.219,0.456],[33.208,0.459],[33.201,0.457],[33.186,0.459]],[[33.22,0.455],[33.22,0.456]],[[33.219,0.456],[33.22,0.455]],[[33.21,0.453],[33.21,0.456]],[[33.21,0.453],[33.212,0.453]],[[33.207,0.451],[33.204,0.453]],[[33.196,0.449],[33.186,0.459]],[[33.207,0.451],[33.203,0.449]],[[33.209,0.449],[33.21,0.453]],[[33.209,0.449],[33.207,0.451]],[[33.172,0.447],[33.164,0.449],[33.156,0.461]],[[33.197,0.447],[33.196,0.449]],[[33.196,0.449],[33.193,0.446]],[[33.197,0.447],[33.193,0.446]],[[33.197,0.446],[33.197,0.447]],[[33.197,0.446],[33.197,0.446]],[[33.197,0.446],[33.199,0.445]],[[33.193,0.446],[33.192,0.445]],[[33.197,0.446],[33.192,0.445]],[[33.197,0.445],[33.197,0.446]],[[33.199,0.445],[33.198,0.444]],[[33.198,0.444],[33.197,0.445]],[[33.213,0.444],[33.212,0.451]],[[33.213,0.444],[33.209,0.449]],[[33.198,0.444],[33.199,0.443]],[[33.231,0.443],[33.231,0.443]],[[33.236,0.444],[33.234,0.443]],[[33.231,0.443],[33.234,0.443]],[[33.231,0.443],[33.227,0.445],[33.225,0.442]],[[33.184,0.443],[33.182,0.442]],[[33.197,0.445],[33.184,0.443]],[[33.199,0.443],[33.2,0.442]],[[33.234,0.443],[33.235,0.442]],[[33.213,0.442],[33.213,0.444]],[[33.225,0.442],[33.224,0.442]],[[33.224,0.442],[33.224,0.442]],[[33.229,0.442],[33.231,0.443]],[[33.214,0.441],[33.213,0.442]],[[33.22,0.455],[33.219,0.446],[33.214,0.441]],[[33.213,0.442],[33.212,0.441]],[[33.212,0.441],[33.203,0.446],[33.199,0.445]],[[33.2,0.442],[33.2,0.441]],[[33.224,0.442],[33.223,0.441]],[[33.2,0.442],[33.198,0.441]],[[33.228,0.441],[33.229,0.442]],[[33.2,0.441],[33.203,0.442],[33.206,0.441]],[[33.212,0.441],[33.213,0.44]],[[33.213,0.44],[33.214,0.441]],[[33.182,0.442],[33.179,0.44]],[[33.179,0.44],[33.172,0.447]],[[33.229,0.442],[33.231,0.44]],[[33.18,0.44],[33.179,0.44]],[[33.224,0.442],[33.225,0.44]],[[33.198,0.441],[33.198,0.44]],[[33.227,0.44],[33.228,0.441]],[[33.227,0.44],[33.225,0.442]],[[33.225,0.44],[33.223,0.44]],[[33.223,0.44],[33.223,0.441]],[[33.212,0.44],[33.213,0.44]],[[33.232,0.439],[33.231,0.443]],[[33.231,0.44],[33.232,0.439]],[[33.231,0.44],[33.229,0.439]],[[33.228,0.441],[33.229,0.439]],[[33.2,0.441],[33.2,0.439]],[[33.209,0.44],[33.209,0.439]],[[33.206,0.441],[33.205,0.439]],[[33.205,0.439],[33.204,0.44]],[[33.208,0.439],[33.209,0.44]],[[33.206,0.441],[33.208,0.439]],[[33.223,0.44],[33.222,0.439]],[[33.223,0.441],[33.222,0.439]],[[33.234,0.443],[33.232,0.439]],[[33.232,0.439],[33.232,0.439]],[[33.209,0.439],[33.21,0.439]],[[33.225,0.439],[33.227,0.44]],[[33.225,0.44],[33.225,0.439]],[[33.208,0.439],[33.209,0.439]],[[33.229,0.439],[33.228,0.439]],[[33.228,0.439],[33.227,0.44]],[[33.2,0.439],[33.199,0.439]],[[33.198,0.44],[33.199,0.439]],[[33.223,0.439],[33.225,0.439]],[[33.223,0.439],[33.223,0.44]],[[33.198,0.441],[33.195,0.439]],[[33.232,0.439],[33.23,0.438]],[[33.229,0.439],[33.23,0.438]],[[33.205,0.439],[33.205,0.438]],[[33.222,0.438],[33.223,0.439]],[[33.222,0.439],[33.222,0.438]],[[33.196,0.438],[33.195,0.439]],[[33.205,0.438],[33.205,0.438]],[[33.205,0.438],[33.203,0.438]],[[33.198,0.44],[33.197,0.438]],[[33.197,0.438],[33.196,0.438]],[[33.23,0.438],[33.228,0.438]],[[33.228,0.438],[33.228,0.439]],[[33.232,0.439],[33.231,0.438]],[[33.2,0.439],[33.201,0.438]],[[33.199,0.439],[33.199,0.437]],[[33.179,0.44],[33.17,0.437]],[[33.222,0.438],[33.222,0.437]],[[33.205,0.438],[33.205,0.437]],[[33.196,0.438],[33.196,0.437]],[[33.209,0.439],[33.208,0.437]],[[33.208,0.437],[33.205,0.438]],[[33.223,0.437],[33.223,0.439]],[[33.222,0.437],[33.223,0.437]],[[33.209,0.439],[33.21,0.436]],[[33.219,0.436],[33.213,0.437],[33.212,0.44]],[[33.225,0.439],[33.225,0.436]],[[33.223,0.437],[33.225,0.436]],[[33.208,0.437],[33.207,0.436]],[[33.205,0.437],[33.207,0.436]],[[33.219,0.436],[33.222,0.438]],[[33.219,0.436],[33.219,0.436]],[[33.21,0.436],[33.209,0.436]],[[33.209,0.436],[33.208,0.437]],[[33.222,0.437],[33.222,0.436]],[[33.21,0.439],[33.211,0.436]],[[33.211,0.436],[33.21,0.436]],[[33.213,0.436],[33.213,0.436]],[[33.225,0.436],[33.226,0.436]],[[33.223,0.435],[33.223,0.437]],[[33.223,0.435],[33.222,0.436]],[[33.205,0.437],[33.206,0.435]],[[33.207,0.436],[33.207,0.435]],[[33.209,0.436],[33.209,0.435]],[[33.207,0.436],[33.209,0.435]],[[33.215,0.436],[33.215,0.435]],[[33.222,0.436],[33.221,0.435]],[[33.221,0.435],[33.219,0.436]],[[33.199,0.436],[33.198,0.435]],[[33.197,0.438],[33.198,0.435]],[[33.207,0.435],[33.206,0.435]],[[33.206,0.435],[33.206,0.435]],[[33.213,0.436],[33.213,0.435]],[[33.213,0.435],[33.211,0.436]],[[33.225,0.436],[33.224,0.435]],[[33.224,0.435],[33.223,0.435]],[[33.215,0.435],[33.215,0.434]],[[33.206,0.435],[33.206,0.434]],[[33.216,0.434],[33.216,0.435]],[[33.209,0.435],[33.209,0.434]],[[33.209,0.434],[33.207,0.435]],[[33.223,0.434],[33.223,0.435]],[[33.223,0.434],[33.221,0.435]],[[33.206,0.435],[33.204,0.434]],[[33.204,0.434],[33.202,0.436]],[[33.198,0.435],[33.197,0.434]],[[33.195,0.439],[33.197,0.434]],[[33.198,0.435],[33.199,0.434]],[[33.213,0.435],[33.212,0.434]],[[33.209,0.435],[33.212,0.434]],[[33.216,0.434],[33.216,0.434]],[[33.224,0.435],[33.224,0.434]],[[33.224,0.434],[33.223,0.434]],[[33.209,0.434],[33.208,0.433]],[[33.208,0.433],[33.206,0.434]],[[33.215,0.434],[33.215,0.433]],[[33.206,0.434],[33.206,0.433]],[[33.206,0.433],[33.204,0.434]],[[33.201,0.433],[33.201,0.435]],[[33.199,0.434],[33.201,0.433]],[[33.204,0.434],[33.203,0.433]],[[33.201,0.433],[33.203,0.433]],[[33.199,0.434],[33.199,0.433]],[[33.212,0.434],[33.214,0.433]],[[33.212,0.434],[33.212,0.433]],[[33.212,0.433],[33.209,0.434]],[[33.238,0.436],[33.231,0.433]],[[33.231,0.436],[33.231,0.433]],[[33.208,0.433],[33.208,0.432]],[[33.208,0.432],[33.206,0.433]],[[33.215,0.433],[33.215,0.432]],[[33.217,0.432],[33.216,0.434]],[[33.214,0.433],[33.215,0.432]],[[33.215,0.432],[33.213,0.436]],[[33.215,0.432],[33.215,0.432]],[[33.199,0.433],[33.197,0.432]],[[33.197,0.434],[33.197,0.432]],[[33.212,0.433],[33.211,0.432]],[[33.211,0.432],[33.208,0.433]],[[33.214,0.433],[33.213,0.432]],[[33.213,0.432],[33.212,0.433]],[[33.228,0.432],[33.228,0.438]],[[33.228,0.432],[33.224,0.434]],[[33.203,0.433],[33.203,0.432]],[[33.231,0.433],[33.228,0.432]],[[33.217,0.432],[33.217,0.432]],[[33.201,0.432],[33.203,0.432]],[[33.201,0.432],[33.201,0.433]],[[33.211,0.432],[33.211,0.431]],[[33.214,0.431],[33.215,0.432]],[[33.214,0.431],[33.213,0.432]],[[33.21,0.431],[33.208,0.432]],[[33.213,0.432],[33.213,0.431]],[[33.213,0.431],[33.211,0.432]],[[33.215,0.432],[33.216,0.431]],[[33.2,0.431],[33.201,0.432]],[[33.199,0.433],[33.2,0.431]],[[33.198,0.431],[33.2,0.431]],[[33.197,0.432],[33.198,0.431]],[[33.211,0.431],[33.211,0.431]],[[33.211,0.431],[33.21,0.431]],[[33.214,0.431],[33.214,0.431]],[[33.214,0.431],[33.213,0.431]],[[33.211,0.431],[33.211,0.431]],[[33.213,0.431],[33.212,0.431]],[[33.212,0.431],[33.211,0.431]],[[33.217,0.43],[33.217,0.432]],[[33.216,0.431],[33.216,0.43]],[[33.212,0.431],[33.212,0.43]],[[33.212,0.43],[33.211,0.431]],[[33.213,0.43],[33.214,0.431]],[[33.213,0.43],[33.212,0.431]],[[33.213,0.43],[33.212,0.43]],[[33.213,0.429],[33.213,0.43]],[[33.213,0.429],[33.213,0.43]],[[33.217,0.429],[33.217,0.43]],[[33.203,0.432],[33.204,0.429]],[[33.214,0.429],[33.213,0.429]],[[33.21,0.431],[33.209,0.429]],[[33.215,0.429],[33.214,0.429]],[[33.211,0.431],[33.209,0.429]],[[33.209,0.429],[33.209,0.429]],[[33.215,0.428],[33.215,0.432]],[[33.215,0.428],[33.215,0.429]],[[33.208,0.432],[33.206,0.428]],[[33.204,0.429],[33.206,0.428]],[[33.216,0.43],[33.216,0.428]],[[33.216,0.428],[33.215,0.428]],[[33.211,0.431],[33.21,0.428]],[[33.21,0.428],[33.209,0.429]],[[33.217,0.428],[33.217,0.429]],[[33.217,0.428],[33.216,0.428]],[[33.212,0.43],[33.211,0.428]],[[33.211,0.428],[33.21,0.428]],[[33.212,0.427],[33.213,0.43]],[[33.212,0.427],[33.211,0.428]],[[33.209,0.429],[33.208,0.427]],[[33.206,0.428],[33.208,0.427]],[[33.206,0.428],[33.205,0.427]],[[33.209,0.429],[33.208,0.427]],[[33.208,0.427],[33.208,0.427]],[[33.224,0.434],[33.219,0.427]],[[33.219,0.427],[33.217,0.428]],[[33.203,0.427],[33.204,0.429]],[[33.214,0.429],[33.213,0.427]],[[33.213,0.427],[33.212,0.427]],[[33.211,0.426],[33.212,0.427]],[[33.21,0.428],[33.209,0.426]],[[33.208,0.427],[33.209,0.426]],[[33.205,0.427],[33.206,0.426]],[[33.215,0.429],[33.214,0.426]],[[33.214,0.426],[33.213,0.427]],[[33.211,0.428],[33.21,0.426]],[[33.209,0.426],[33.21,0.426]],[[33.205,0.427],[33.204,0.426]],[[33.203,0.427],[33.204,0.426]],[[33.213,0.427],[33.212,0.426]],[[33.212,0.426],[33.211,0.426]],[[33.206,0.426],[33.207,0.426]],[[33.214,0.426],[33.215,0.428]],[[33.214,0.426],[33.214,0.426]],[[33.202,0.426],[33.203,0.427]],[[33.208,0.427],[33.207,0.426]],[[33.207,0.426],[33.207,0.426]],[[33.202,0.426],[33.202,0.426]],[[33.198,0.431],[33.202,0.426]],[[33.211,0.426],[33.211,0.426]],[[33.21,0.426],[33.211,0.426]],[[33.214,0.426],[33.213,0.425]],[[33.213,0.425],[33.212,0.426]],[[33.208,0.427],[33.208,0.425]],[[33.207,0.426],[33.208,0.425]],[[33.206,0.426],[33.205,0.425]],[[33.204,0.426],[33.205,0.425]],[[33.212,0.426],[33.212,0.425]],[[33.211,0.426],[33.212,0.425]],[[33.214,0.425],[33.214,0.426]],[[33.214,0.425],[33.213,0.425]],[[33.209,0.426],[33.208,0.425]],[[33.208,0.425],[33.208,0.425]],[[33.202,0.426],[33.201,0.425]],[[33.207,0.426],[33.206,0.425]],[[33.205,0.425],[33.206,0.425]],[[33.204,0.426],[33.204,0.425]],[[33.204,0.425],[33.202,0.426]],[[33.219,0.427],[33.216,0.424]],[[33.208,0.425],[33.207,0.424]],[[33.206,0.425],[33.207,0.424]],[[33.214,0.424],[33.214,0.425]],[[33.212,0.425],[33.214,0.424]],[[33.205,0.425],[33.205,0.424]],[[33.205,0.424],[33.204,0.425]],[[33.208,0.425],[33.208,0.424]],[[33.207,0.424],[33.208,0.424]],[[33.204,0.425],[33.203,0.424]],[[33.203,0.424],[33.201,0.425]],[[33.206,0.425],[33.206,0.424]],[[33.206,0.424],[33.205,0.424]],[[33.21,0.426],[33.209,0.423]],[[33.208,0.424],[33.209,0.423]],[[33.207,0.424],[33.206,0.423]],[[33.206,0.423],[33.206,0.424]],[[33.21,0.423],[33.211,0.426]],[[33.209,0.423],[33.21,0.423]],[[33.205,0.424],[33.204,0.423]],[[33.204,0.423],[33.203,0.424]],[[33.17,0.437],[33.151,0.433],[33.144,0.423]],[[33.201,0.425],[33.2,0.423]],[[33.208,0.424],[33.207,0.423]],[[33.207,0.423],[33.206,0.423]],[[33.212,0.425],[33.211,0.422]],[[33.21,0.423],[33.211,0.422]],[[33.306,0.497],[33.299,0.493]],[[33.206,0.419],[33.203,0.419]],[[33.203,0.42],[33.202,0.418]],[[33.202,0.418],[33.201,0.419]],[[33.213,0.418],[33.214,0.419]],[[33.212,0.419],[33.21,0.418]],[[33.21,0.418],[33.209,0.42]],[[33.213,0.418],[33.213,0.418]],[[33.212,0.419],[33.213,0.418]],[[33.21,0.418],[33.208,0.417]],[[33.208,0.417],[33.206,0.417]],[[33.206,0.417],[33.207,0.419]],[[33.215,0.419],[33.214,0.417]],[[33.213,0.418],[33.214,0.417]],[[33.206,0.417],[33.206,0.417]],[[33.206,0.417],[33.206,0.419]],[[33.206,0.417],[33.202,0.418]],[[33.202,0.418],[33.201,0.417]],[[33.199,0.42],[33.201,0.417]],[[33.208,0.416],[33.213,0.418]],[[33.214,0.417],[33.214,0.416]],[[33.215,0.419],[33.215,0.416]],[[33.215,0.416],[33.214,0.416]],[[33.216,0.416],[33.215,0.416]],[[33.206,0.416],[33.206,0.417]],[[33.206,0.416],[33.206,0.417]],[[33.206,0.416],[33.208,0.416]],[[33.206,0.416],[33.206,0.416]],[[33.201,0.417],[33.206,0.416]],[[33.215,0.416],[33.215,0.415]],[[33.214,0.416],[33.215,0.415]],[[33.215,0.415],[33.216,0.414]],[[33.214,0.417],[33.208,0.414]],[[33.227,0.413],[33.226,0.42],[33.219,0.427]],[[33.215,0.415],[33.215,0.413]],[[33.061,0.411],[33.049,0.411]],[[33.144,0.423],[33.133,0.411]],[[33.049,0.411],[33.039,0.407]],[[33.103,0.408],[33.081,0.407],[33.072,0.411],[33.061,0.411]],[[33.133,0.411],[33.126,0.406],[33.112,0.411],[33.103,0.408]],[[33.039,0.407],[33.025,0.402]],[[33.025,0.402],[33.009,0.396]],[[33.009,0.396],[33.007,0.396]],[[33.996,0.496],[34.001,0.493]],[[34.001,0.493],[34.016,0.483]],[[34.016,0.483],[34.035,0.477]],[[34.035,0.477],[34.057,0.473],[34.072,0.473],[34.088,0.466]],[[34.088,0.466],[34.099,0.465]],[[30.001,-0.003],[30.003,-0.007]],[[30.003,-0.007],[30.003,-0.013]],[[30.003,-0.013],[30.006,-0.03],[30.03,-0.082]],[[30.03,-0.082],[30.048,-0.122]],[[30.05,-0.126],[30.054,-0.132]],[[30.048,-0.122],[30.05,-0.126]],[[30.054,-0.132],[30.05,-0.132]],[[30.054,-0.132],[30.057,-0.137],[30.067,-0.149]],[[30.067,-0.149],[30.076,-0.166],[30.082,-0.187],[30.093,-0.211],[30.093,-0.217]],[[30.093,-0.217],[30.096,-0.214],[30.102,-0.214]],[[30.453,-0.135],[30.453,-0.138]],[[30.453,-0.138],[30.454,-0.139]],[[30.454,-0.139],[30.46,-0.147],[30.472,-0.153]],[[30.472,-0.153],[30.479,-0.154]],[[30.479,-0.154],[30.479,-0.155]],[[30.479,-0.155],[30.486,-0.164],[30.486,-0.171],[30.491,-0.174]],[[30.491,-0.174],[30.492,-0.178]],[[30.492,-0.178],[30.493,-0.184],[30.501,-0.189]],[[30.104,-0.262],[30.107,-0.266]],[[30.107,-0.266],[30.108,-0.278],[30.104,-0.288],[30.106,-0.3],[30.103,-0.315],[30.107,-0.326],[30.104,-0.331],[30.095,-0.334],[30.091,-0.343],[30.091,-0.348],[30.094,-0.354],[30.098,-0.356],[30.098,-0.361],[30.116,-0.374],[30.111,-0.39],[30.115,-0.397]],[[30.115,-0.397],[30.115,-0.409],[30.111,-0.416],[30.111,-0.439],[30.109,-0.44],[30.111,-0.441],[30.111,-0.448],[30.116,-0.45]],[[30.116,-0.45],[30.106,-0.474]],[[30.501,-0.189],[30.507,-0.196],[30.512,-0.196]],[[30.512,-0.196],[30.525,-0.193],[30.527,-0.202],[30.538,-0.219],[30.549,-0.224]],[[30.548,-0.246],[30.553,-0.253]],[[30.549,-0.224],[30.544,-0.231],[30.547,-0.234],[30.548,-0.246]],[[30.553,-0.253],[30.563,-0.272]],[[31.851,-0.182],[31.852,-0.18]],[[31.85,-0.184],[31.851,-0.182]],[[31.846,-0.194],[31.85,-0.184]],[[31.738,-0.343],[31.738,-0.344]],[[31.74,-0.344],[31.739,-0.344]],[[31.739,-0.342],[31.739,-0.344]],[[31.738,-0.344],[31.738,-0.344]],[[31.737,-0.343],[31.738,-0.344]],[[31.739,-0.344],[31.739,-0.344]],[[31.738,-0.344],[31.739,-0.344]],[[31.737,-0.345],[31.738,-0.344]],[[31.737,-0.345],[31.737,-0.344]],[[31.737,-0.344],[31.735,-0.343]],[[31.739,-0.344],[31.739,-0.345]],[[31.643,-0.341],[31.626,-0.345]],[[31.739,-0.345],[31.738,-0.345]],[[31.738,-0.344],[31.738,-0.345]],[[31.74,-0.344],[31.741,-0.345]],[[31.738,-0.345],[31.737,-0.345]],[[31.737,-0.345],[31.737,-0.345]],[[31.741,-0.345],[31.74,-0.345]],[[31.739,-0.344],[31.74,-0.345]],[[31.74,-0.345],[31.739,-0.346]],[[31.739,-0.345],[31.739,-0.346]],[[31.741,-0.345],[31.741,-0.346]],[[30.268,-0.872],[30.267,-0.874]],[[30.267,-0.874],[30.265,-0.881]],[[30.265,-0.881],[30.251,-0.88]],[[30.265,-0.881],[30.264,-0.893],[30.253,-0.905],[30.251,-0.911]],[[30.649,-0.617],[30.647,-0.616]],[[30.649,-0.617],[30.646,-0.618]],[[30.646,-0.618],[30.641,-0.619]],[[30.641,-0.619],[30.643,-0.62]],[[30.643,-0.62],[30.642,-0.623]],[[30.643,-0.62],[30.648,-0.625]],[[30.641,-0.619],[30.633,-0.625]],[[30.633,-0.625],[30.628,-0.63]],[[30.648,-0.625],[30.67,-0.636]],[[30.628,-0.63],[30.614,-0.636]],[[30.67,-0.636],[30.671,-0.637]],[[30.614,-0.636],[30.607,-0.637]],[[31.469,-0.871],[31.454,-0.889]],[[31.454,-0.889],[31.44,-0.901],[31.434,-0.912]],[[31.434,-0.912],[31.422,-0.938],[31.417,-0.966]],[[31.417,-0.966],[31.418,-0.975]],[[31.418,-0.975],[31.421,-0.991],[31.417,-1.0]],[[30.0,-1.255],[29.993,-1.259]],[[29.993,-1.259],[29.993,-1.259]],[[29.993,-1.259],[29.992,-1.259]],[[29.993,-1.259],[29.993,-1.265]],[[29.993,-1.265],[29.993,-1.274]],[[29.754,-1.274],[29.751,-1.276]],[[29.783,-1.253],[29.782,-1.255],[29.776,-1.256],[29.771,-1.259],[29.773,-1.275],[29.765,-1.272],[29.764,-1.277]],[[29.993,-1.274],[29.993,-1.278]],[[30.563,-0.272],[30.564,-0.277],[30.561,-0.279],[30.561,-0.284]],[[30.561,-0.284],[30.561,-0.293],[30.565,-0.295],[30.574,-0.299],[30.591,-0.296],[30.594,-0.299]],[[30.594,-0.299],[30.583,-0.32]],[[30.583,-0.32],[30.58,-0.326]],[[30.58,-0.326],[30.577,-0.33]],[[30.577,-0.33],[30.576,-0.332]],[[30.576,-0.332],[30.575,-0.333]],[[30.575,-0.333],[30.576,-0.334]],[[30.576,-0.334],[30.566,-0.359]],[[30.566,-0.359],[30.564,-0.374]],[[30.564,-0.374],[30.565,-0.379]],[[30.565,-0.379],[30.565,-0.383]],[[30.565,-0.383],[30.566,-0.393]],[[30.566,-0.393],[30.569,-0.407]],[[30.569,-0.407],[30.57,-0.421]],[[30.57,-0.421],[30.573,-0.436]],[[30.573,-0.436],[30.574,-0.439]],[[30.574,-0.439],[30.574,-0.45],[30.584,-0.457]],[[30.584,-0.457],[30.586,-0.465]],[[30.586,-0.465],[30.591,-0.484]],[[30.591,-0.484],[30.591,-0.489]],[[30.591,-0.489],[30.592,-0.495]],[[30.992,-0.49],[30.985,-0.49]],[[30.985,-0.49],[30.977,-0.494],[30.932,-0.492]],[[30.932,-0.492],[30.908,-0.498]],[[30.908,-0.498],[30.907,-0.498]],[[30.858,-0.488],[30.853,-0.493],[30.852,-0.498]],[[30.887,-0.5],[30.868,-0.485],[30.858,-0.488]],[[30.907,-0.498],[30.898,-0.503]],[[30.89,-0.503],[30.887,-0.5]],[[30.852,-0.498],[30.849,-0.503]],[[31.25,-0.378],[31.248,-0.379]],[[31.248,-0.379],[31.24,-0.38]],[[31.24,-0.38],[31.208,-0.386],[31.198,-0.382],[31.183,-0.391]],[[31.183,-0.391],[31.177,-0.395]],[[31.177,-0.395],[31.154,-0.406]],[[31.154,-0.406],[31.152,-0.407]],[[31.152,-0.407],[31.129,-0.413]],[[31.129,-0.413],[31.08,-0.44]],[[31.307,-0.383],[31.296,-0.38],[31.289,-0.382],[31.28,-0.378]],[[31.496,-0.38],[31.48,-0.381],[31.475,-0.384]],[[31.319,-0.387],[31.307,-0.383]],[[31.475,-0.384],[31.465,-0.389]],[[31.465,-0.389],[31.461,-0.39]],[[31.327,-0.392],[31.319,-0.387]],[[31.342,-0.393],[31.327,-0.392]],[[31.461,-0.39],[31.449,-0.393],[31.434,-0.393],[31.429,-0.395]],[[31.429,-0.395],[31.407,-0.397]],[[31.407,-0.397],[31.399,-0.398],[31.388,-0.403],[31.365,-0.405],[31.359,-0.402],[31.349,-0.394],[31.342,-0.393]],[[31.995,-0.043],[32.0,-0.039]],[[31.99,-0.049],[31.995,-0.043]],[[31.968,-0.079],[31.99,-0.049]],[[31.967,-0.08],[31.968,-0.079]],[[31.955,-0.097],[31.967,-0.08]],[[31.952,-0.101],[31.955,-0.097]],[[31.937,-0.116],[31.938,-0.115]],[[31.938,-0.115],[31.952,-0.101]],[[31.915,-0.127],[31.937,-0.116]],[[31.887,-0.139],[31.915,-0.127]],[[31.879,-0.144],[31.887,-0.139]],[[31.874,-0.149],[31.879,-0.144]],[[31.862,-0.165],[31.874,-0.149]],[[31.857,-0.174],[31.862,-0.165]],[[31.854,-0.177],[31.857,-0.174]],[[31.852,-0.18],[31.854,-0.177]],[[31.844,-0.202],[31.846,-0.194]],[[31.844,-0.204],[31.844,-0.202]],[[31.838,-0.225],[31.844,-0.204]],[[31.83,-0.24],[31.835,-0.234],[31.838,-0.225]],[[31.822,-0.252],[31.83,-0.24]],[[31.742,-0.325],[31.738,-0.33]],[[31.734,-0.328],[31.735,-0.33]],[[31.738,-0.33],[31.735,-0.33]],[[31.738,-0.33],[31.738,-0.33]],[[31.738,-0.33],[31.738,-0.33]],[[31.738,-0.33],[31.738,-0.33]],[[31.738,-0.33],[31.735,-0.331]],[[31.735,-0.33],[31.735,-0.331]],[[31.746,-0.332],[31.745,-0.331]],[[31.747,-0.33],[31.746,-0.332]],[[31.746,-0.332],[31.746,-0.332]],[[31.745,-0.331],[31.742,-0.332]],[[31.742,-0.332],[31.738,-0.33]],[[31.745,-0.331],[31.742,-0.333]],[[31.742,-0.333],[31.742,-0.332]],[[31.746,-0.332],[31.743,-0.333]],[[31.743,-0.333],[31.742,-0.333]],[[31.738,-0.33],[31.737,-0.333]],[[31.737,-0.333],[31.737,-0.333]],[[31.736,-0.331],[31.737,-0.333]],[[31.738,-0.33],[31.738,-0.333]],[[31.738,-0.333],[31.737,-0.333]],[[31.735,-0.331],[31.735,-0.334]],[[31.746,-0.332],[31.743,-0.334]],[[31.743,-0.334],[31.743,-0.333]],[[31.737,-0.333],[31.736,-0.334]],[[31.735,-0.334],[31.736,-0.334]],[[31.736,-0.334],[31.736,-0.335]],[[31.737,-0.333],[31.736,-0.336]],[[31.735,-0.334],[31.732,-0.337]],[[31.739,-0.337],[31.739,-0.334],[31.741,-0.335],[31.739,-0.337]],[[31.732,-0.337],[31.733,-0.337]],[[31.736,-0.336],[31.734,-0.337]],[[31.733,-0.337],[31.734,-0.337]],[[31.743,-0.334],[31.74,-0.337]],[[31.736,-0.336],[31.736,-0.337]],[[31.734,-0.337],[31.736,-0.337]],[[31.732,-0.337],[31.731,-0.338]],[[31.74,-0.337],[31.742,-0.338],[31.743,-0.334]],[[31.74,-0.337],[31.74,-0.338]],[[31.733,-0.339],[31.731,-0.338]],[[31.74,-0.338],[31.74,-0.339]],[[31.733,-0.339],[31.732,-0.339]],[[31.731,-0.338],[31.732,-0.339]],[[31.733,-0.337],[31.734,-0.339]],[[31.653,-0.339],[31.65,-0.338]],[[31.731,-0.338],[31.715,-0.337],[31.709,-0.339]],[[31.74,-0.338],[31.739,-0.339]],[[31.734,-0.339],[31.734,-0.34]],[[31.734,-0.34],[31.733,-0.339]],[[31.736,-0.337],[31.736,-0.34]],[[31.734,-0.339],[31.736,-0.34]],[[31.709,-0.339],[31.691,-0.337]],[[31.674,-0.34],[31.653,-0.339]],[[31.74,-0.339],[31.739,-0.34]],[[31.739,-0.34],[31.739,-0.339]],[[31.691,-0.337],[31.674,-0.34]],[[31.739,-0.339],[31.738,-0.34]],[[31.738,-0.34],[31.738,-0.34]],[[31.738,-0.333],[31.738,-0.34]],[[31.738,-0.34],[31.738,-0.34]],[[31.738,-0.34],[31.738,-0.34]],[[31.74,-0.339],[31.739,-0.34]],[[31.65,-0.338],[31.643,-0.341]],[[31.643,-0.341],[31.643,-0.341]],[[31.738,-0.34],[31.738,-0.341]],[[31.739,-0.34],[31.739,-0.341]],[[31.739,-0.341],[31.738,-0.341]],[[31.736,-0.34],[31.736,-0.342]],[[31.739,-0.341],[31.739,-0.342]],[[31.738,-0.34],[31.737,-0.342]],[[31.736,-0.34],[31.737,-0.342]],[[31.738,-0.343],[31.739,-0.342]],[[31.738,-0.341],[31.738,-0.343]],[[31.738,-0.343],[31.738,-0.343]],[[31.737,-0.342],[31.737,-0.343]],[[31.737,-0.343],[31.738,-0.343]],[[31.737,-0.343],[31.737,-0.343]],[[31.737,-0.343],[31.737,-0.343]],[[31.737,-0.343],[31.737,-0.343]],[[31.735,-0.343],[31.734,-0.34]],[[31.735,-0.343],[31.732,-0.344]],[[31.732,-0.339],[31.732,-0.344]],[[31.739,-0.342],[31.74,-0.344]],[[31.737,-0.343],[31.737,-0.344]],[[31.739,-0.346],[31.738,-0.346]],[[31.738,-0.345],[31.738,-0.346]],[[31.738,-0.346],[31.739,-0.347]],[[31.739,-0.347],[31.737,-0.345]],[[31.626,-0.345],[31.611,-0.347]],[[31.739,-0.346],[31.739,-0.347]],[[31.611,-0.347],[31.61,-0.348]],[[31.61,-0.348],[31.592,-0.347]],[[31.554,-0.353],[31.553,-0.353]],[[31.592,-0.347],[31.587,-0.352],[31.574,-0.354]],[[31.574,-0.354],[31.573,-0.354]],[[31.561,-0.355],[31.554,-0.353]],[[31.573,-0.354],[31.561,-0.355]],[[31.732,-0.344],[31.729,-0.344],[31.722,-0.355]],[[31.553,-0.353],[31.547,-0.356]],[[31.547,-0.356],[31.547,-0.357]],[[31.739,-0.347],[31.751,-0.368]],[[31.547,-0.357],[31.539,-0.366],[31.53,-0.37]],[[31.53,-0.37],[31.525,-0.372]],[[31.525,-0.372],[31.521,-0.373]],[[31.722,-0.355],[31.715,-0.374]],[[31.715,-0.374],[31.704,-0.382]],[[31.704,-0.382],[31.69,-0.406],[31.684,-0.414],[31.678,-0.415],[31.675,-0.418]],[[31.675,-0.418],[31.674,-0.418]],[[31.674,-0.418],[31.662,-0.436]],[[31.662,-0.436],[31.668,-0.447]],[[31.668,-0.447],[31.667,-0.459]],[[31.667,-0.459],[31.667,-0.459]],[[31.667,-0.459],[31.666,-0.471]],[[31.666,-0.471],[31.663,-0.475]],[[31.663,-0.475],[31.653,-0.488]],[[31.653,-0.488],[31.647,-0.493],[31.634,-0.492],[31.632,-0.494]],[[31.814,-0.269],[31.813,-0.269]],[[31.813,-0.269],[31.811,-0.272]],[[31.811,-0.272],[31.806,-0.273]],[[31.806,-0.273],[31.798,-0.279]],[[31.798,-0.279],[31.798,-0.279]],[[31.798,-0.279],[31.787,-0.284],[31.782,-0.299],[31.779,-0.303]],[[31.779,-0.303],[31.776,-0.306]],[[31.776,-0.306],[31.767,-0.306],[31.764,-0.309]],[[31.764,-0.309],[31.764,-0.31]],[[31.764,-0.31],[31.76,-0.317]],[[31.76,-0.317],[31.754,-0.325]],[[31.754,-0.325],[31.752,-0.327]],[[32.031,-0.013],[32.031,-0.013]],[[29.926,-0.792],[29.925,-0.793]],[[29.925,-0.793],[29.928,-0.8]],[[29.928,-0.8],[29.93,-0.803]],[[29.93,-0.803],[29.934,-0.807]],[[29.934,-0.807],[29.943,-0.821],[29.959,-0.826],[29.964,-0.832]],[[29.964,-0.832],[29.975,-0.846],[29.989,-0.852],[30.001,-0.851]],[[30.124,-0.538],[30.125,-0.539]],[[30.196,-0.542],[30.184,-0.541]],[[30.184,-0.541],[30.175,-0.542]],[[30.2,-0.542],[30.196,-0.542]],[[30.175,-0.542],[30.173,-0.542]],[[30.173,-0.542],[30.164,-0.54],[30.146,-0.541]],[[30.205,-0.544],[30.2,-0.542]],[[30.146,-0.541],[30.141,-0.542],[30.139,-0.545]],[[30.125,-0.539],[30.139,-0.545]],[[30.208,-0.548],[30.205,-0.544]],[[30.251,-0.549],[30.244,-0.546],[30.232,-0.547]],[[30.219,-0.549],[30.208,-0.548]],[[30.232,-0.547],[30.228,-0.55],[30.219,-0.549]],[[30.268,-0.551],[30.254,-0.545],[30.251,-0.549]],[[30.278,-0.557],[30.268,-0.551]],[[30.283,-0.558],[30.278,-0.557]],[[30.292,-0.557],[30.283,-0.558]],[[30.297,-0.559],[30.292,-0.557]],[[30.324,-0.56],[30.318,-0.56]],[[30.318,-0.56],[30.316,-0.561]],[[30.316,-0.561],[30.297,-0.559]],[[30.345,-0.565],[30.332,-0.562],[30.329,-0.558],[30.324,-0.56]],[[30.351,-0.571],[30.345,-0.565]],[[30.402,-0.579],[30.399,-0.578]],[[30.408,-0.579],[30.402,-0.579]],[[30.399,-0.578],[30.396,-0.579]],[[30.418,-0.579],[30.408,-0.579]],[[30.428,-0.58],[30.418,-0.579]],[[30.378,-0.58],[30.358,-0.575],[30.351,-0.571]],[[30.379,-0.58],[30.378,-0.58]],[[30.396,-0.579],[30.379,-0.58]],[[30.448,-0.581],[30.428,-0.58]],[[30.501,-0.583],[30.48,-0.583]],[[30.48,-0.583],[30.476,-0.585]],[[30.451,-0.582],[30.448,-0.581]],[[30.476,-0.585],[30.451,-0.582]],[[30.501,-0.643],[30.486,-0.649]],[[30.486,-0.649],[30.481,-0.655]],[[30.481,-0.655],[30.465,-0.659]],[[30.465,-0.659],[30.459,-0.66]],[[30.459,-0.66],[30.456,-0.661]],[[30.456,-0.661],[30.447,-0.667]],[[30.447,-0.667],[30.446,-0.667]],[[30.446,-0.667],[30.443,-0.669]],[[30.443,-0.669],[30.413,-0.679]],[[30.413,-0.679],[30.4,-0.68],[30.391,-0.688]],[[30.391,-0.688],[30.39,-0.693]],[[30.39,-0.693],[30.381,-0.704],[30.378,-0.716]],[[30.378,-0.716],[30.375,-0.722],[30.367,-0.725]],[[30.367,-0.725],[30.353,-0.73]],[[30.159,-0.818],[30.149,-0.819]],[[30.173,-0.83],[30.169,-0.83],[30.165,-0.821],[30.161,-0.818]],[[30.149,-0.819],[30.139,-0.821],[30.135,-0.827],[30.134,-0.832]],[[30.179,-0.835],[30.173,-0.83]],[[30.101,-0.833],[30.092,-0.835]],[[30.134,-0.832],[30.124,-0.838],[30.115,-0.831],[30.101,-0.833]],[[30.092,-0.835],[30.089,-0.833],[30.085,-0.836],[30.081,-0.832],[30.063,-0.838],[30.05,-0.832]],[[30.05,-0.832],[30.049,-0.83],[30.044,-0.834],[30.039,-0.832],[30.039,-0.84],[30.031,-0.849],[30.025,-0.849],[30.015,-0.855]],[[30.001,-0.852],[30.009,-0.856]],[[30.015,-0.855],[30.013,-0.858]],[[30.009,-0.856],[30.013,-0.858]],[[30.251,-0.88],[30.249,-0.878],[30.243,-0.878],[30.229,-0.883],[30.221,-0.865],[30.206,-0.85],[30.201,-0.845],[30.194,-0.844],[30.179,-0.835]],[[30.251,-0.911],[30.243,-0.914],[30.237,-0.92],[30.228,-0.923]],[[30.228,-0.923],[30.22,-0.928]],[[30.22,-0.928],[30.214,-0.934],[30.211,-0.953]],[[30.211,-0.953],[30.205,-0.961],[30.204,-0.968]],[[30.204,-0.968],[30.2,-0.985]],[[30.2,-0.985],[30.192,-1.0]],[[30.294,-0.771],[30.29,-0.771],[30.292,-0.774],[30.288,-0.777]],[[30.288,-0.777],[30.287,-0.782],[30.281,-0.787]],[[30.281,-0.787],[30.267,-0.79],[30.264,-0.807],[30.268,-0.812],[30.272,-0.829]],[[30.272,-0.829],[30.275,-0.844],[30.271,-0.851],[30.272,-0.861],[30.268,-0.872]],[[30.603,-0.511],[30.607,-0.514]],[[30.751,-0.518],[30.742,-0.522]],[[30.742,-0.522],[30.733,-0.524]],[[30.607,-0.514],[30.61,-0.519],[30.607,-0.528]],[[30.733,-0.524],[30.716,-0.534]],[[30.607,-0.528],[30.607,-0.556]],[[30.607,-0.556],[30.607,-0.557]],[[30.607,-0.557],[30.607,-0.558]],[[30.607,-0.558],[30.607,-0.567]],[[30.559,-0.643],[30.544,-0.637]],[[30.544,-0.637],[30.522,-0.636],[30.501,-0.643]],[[30.607,-0.637],[30.587,-0.643],[30.559,-0.643]],[[30.716,-0.534],[30.714,-0.55],[30.698,-0.569]],[[30.698,-0.569],[30.695,-0.572]],[[30.607,-0.567],[30.609,-0.576]],[[30.521,-0.585],[30.501,-0.583]],[[30.609,-0.576],[30.611,-0.585]],[[30.695,-0.572],[30.667,-0.592]],[[30.611,-0.599],[30.601,-0.594],[30.57,-0.587],[30.548,-0.589],[30.521,-0.585]],[[30.611,-0.585],[30.611,-0.599]],[[30.667,-0.592],[30.664,-0.599]],[[30.614,-0.601],[30.611,-0.599]],[[30.664,-0.599],[30.663,-0.602]],[[30.663,-0.602],[30.663,-0.603]],[[30.663,-0.602],[30.663,-0.604]],[[30.614,-0.601],[30.613,-0.604]],[[30.613,-0.604],[30.613,-0.606]],[[30.663,-0.604],[30.662,-0.607]],[[30.663,-0.604],[30.663,-0.607]],[[30.663,-0.607],[30.662,-0.607]],[[30.662,-0.607],[30.662,-0.607]],[[30.663,-0.603],[30.662,-0.607]],[[30.664,-0.607],[30.663,-0.607]],[[30.664,-0.607],[30.664,-0.607]],[[30.667,-0.607],[30.664,-0.607]],[[30.662,-0.607],[30.661,-0.607]],[[30.663,-0.603],[30.661,-0.607]],[[30.661,-0.607],[30.661,-0.607]],[[30.661,-0.607],[30.661,-0.608]],[[30.676,-0.607],[30.667,-0.607]],[[30.613,-0.606],[30.612,-0.608]],[[30.627,-0.608],[30.614,-0.601]],[[30.631,-0.61],[30.627,-0.608]],[[30.631,-0.61],[30.631,-0.61]],[[30.666,-0.61],[30.665,-0.609]],[[30.667,-0.607],[30.666,-0.61]],[[30.666,-0.61],[30.664,-0.607]],[[30.634,-0.611],[30.631,-0.61]],[[30.654,-0.608],[30.654,-0.611]],[[30.654,-0.611],[30.655,-0.611]],[[30.636,-0.611],[30.634,-0.611]],[[30.655,-0.611],[30.656,-0.612]],[[30.637,-0.612],[30.636,-0.611]],[[30.656,-0.612],[30.657,-0.612]],[[30.661,-0.608],[30.66,-0.613]],[[30.657,-0.612],[30.658,-0.613]],[[30.66,-0.613],[30.659,-0.613]],[[30.658,-0.613],[30.659,-0.613]],[[30.659,-0.613],[30.659,-0.614]],[[30.657,-0.612],[30.654,-0.614],[30.655,-0.611]],[[30.659,-0.614],[30.659,-0.615]],[[30.645,-0.615],[30.643,-0.615]],[[30.643,-0.615],[30.637,-0.612]],[[30.647,-0.616],[30.645,-0.615]],[[30.659,-0.615],[30.649,-0.617]],[[30.899,-0.503],[30.894,-0.505],[30.89,-0.503]],[[30.82,-0.512],[30.784,-0.512]],[[30.849,-0.503],[30.838,-0.51],[30.82,-0.512]],[[30.784,-0.512],[30.756,-0.516]],[[30.756,-0.516],[30.751,-0.519]],[[31.501,-0.777],[31.5,-0.786]],[[31.495,-0.838],[31.485,-0.845],[31.481,-0.853]],[[31.481,-0.853],[31.478,-0.859]],[[31.478,-0.859],[31.476,-0.861]],[[31.476,-0.861],[31.469,-0.871]],[[31.63,-0.504],[31.626,-0.525]],[[31.626,-0.525],[31.625,-0.532]],[[31.625,-0.532],[31.622,-0.536]],[[31.622,-0.536],[31.621,-0.538]],[[31.621,-0.538],[31.62,-0.541]],[[31.62,-0.541],[31.613,-0.542]],[[31.613,-0.542],[31.607,-0.548],[31.606,-0.558]],[[31.606,-0.558],[31.606,-0.567]],[[31.606,-0.567],[31.602,-0.572]],[[31.602,-0.572],[31.579,-0.606]],[[31.579,-0.606],[31.578,-0.607]],[[31.578,-0.607],[31.569,-0.623]],[[31.569,-0.623],[31.567,-0.624]],[[31.567,-0.624],[31.56,-0.626]],[[31.56,-0.626],[31.549,-0.63]],[[31.549,-0.63],[31.545,-0.633]],[[31.545,-0.633],[31.542,-0.636]],[[31.542,-0.636],[31.541,-0.644]],[[31.541,-0.644],[31.541,-0.646]],[[31.541,-0.646],[31.54,-0.655]],[[31.54,-0.655],[31.537,-0.668]],[[31.537,-0.668],[31.537,-0.67]],[[31.537,-0.67],[31.524,-0.694]],[[31.524,-0.694],[31.522,-0.7],[31.514,-0.709]],[[31.514,-0.709],[31.512,-0.727]],[[31.512,-0.727],[31.507,-0.748]],[[31.502,-0.81],[31.501,-0.818]],[[29.871,-1.124],[29.877,-1.123]],[[29.877,-1.123],[29.887,-1.126],[29.894,-1.121],[29.895,-1.117],[29.9,-1.128],[29.905,-1.128],[29.908,-1.132]],[[29.871,-1.124],[29.868,-1.142],[29.859,-1.142],[29.854,-1.147],[29.85,-1.154],[29.85,-1.157],[29.842,-1.171]],[[29.805,-1.203],[29.811,-1.204]],[[29.811,-1.204],[29.804,-1.207],[29.803,-1.205]],[[29.822,-1.208],[29.814,-1.201],[29.811,-1.204]],[[29.842,-1.171],[29.842,-1.181],[29.846,-1.189],[29.845,-1.195],[29.838,-1.194],[29.833,-1.196],[29.838,-1.2],[29.834,-1.204],[29.832,-1.212],[29.822,-1.208]],[[29.803,-1.205],[29.802,-1.208],[29.808,-1.208],[29.805,-1.213],[29.806,-1.22],[29.801,-1.221],[29.802,-1.224]],[[29.908,-1.132],[29.926,-1.16],[29.929,-1.178],[29.925,-1.187],[29.929,-1.195],[29.928,-1.198],[29.934,-1.202],[29.935,-1.211],[29.941,-1.216],[29.95,-1.219],[29.973,-1.245]],[[29.973,-1.245],[29.978,-1.246]],[[29.978,-1.246],[29.983,-1.248]],[[29.983,-1.248],[29.985,-1.249]],[[29.985,-1.249],[29.986,-1.249]],[[29.996,-1.248],[29.994,-1.249]],[[29.995,-1.247],[29.994,-1.249]],[[29.985,-1.25],[29.986,-1.249]],[[29.985,-1.249],[29.985,-1.25]],[[29.994,-1.249],[29.994,-1.25]],[[29.994,-1.246],[29.992,-1.25]],[[29.986,-1.249],[29.992,-1.25]],[[29.996,-1.249],[29.996,-1.25]],[[29.994,-1.25],[29.996,-1.25]],[[29.996,-1.25],[29.997,-1.25]],[[29.994,-1.25],[29.993,-1.251]],[[29.992,-1.25],[29.993,-1.251]],[[29.996,-1.251],[29.995,-1.251]],[[29.993,-1.251],[29.992,-1.252]],[[29.985,-1.25],[29.986,-1.252]],[[29.995,-1.251],[29.994,-1.252]],[[29.993,-1.251],[29.994,-1.252]],[[29.994,-1.252],[29.992,-1.252]],[[29.997,-1.252],[29.995,-1.251]],[[29.992,-1.252],[29.991,-1.253]],[[29.986,-1.252],[29.986,-1.253]],[[29.994,-1.252],[29.995,-1.253]],[[29.988,-1.253],[29.986,-1.252]],[[29.802,-1.224],[29.809,-1.231],[29.812,-1.241],[29.809,-1.245],[29.808,-1.251],[29.8,-1.253]],[[29.793,-1.253],[29.779,-1.245],[29.777,-1.248],[29.776,-1.247],[29.777,-1.249],[29.781,-1.248],[29.782,-1.253]],[[29.751,-1.276],[29.745,-1.278]],[[29.745,-1.278],[29.742,-1.279]],[[29.742,-1.279],[29.74,-1.279]],[[29.74,-1.279],[29.72,-1.282]],[[29.719,-1.283],[29.71,-1.284],[29.699,-1.283]],[[29.986,-1.253],[29.985,-1.253]],[[29.988,-1.253],[29.987,-1.253]],[[30.001,-1.255],[30.0,-1.255]],[[29.989,-1.257],[29.988,-1.253]],[[29.989,-1.257],[29.989,-1.257]],[[29.988,-1.258],[29.989,-1.257]],[[29.985,-1.253],[29.988,-1.258]],[[29.801,-1.253],[29.8,-1.254],[29.805,-1.255],[29.806,-1.257],[29.798,-1.256]],[[29.797,-1.256],[29.797,-1.256]],[[29.797,-1.256],[29.793,-1.253]],[[29.798,-1.256],[29.797,-1.256]],[[29.991,-1.258],[29.989,-1.257]],[[29.991,-1.259],[29.991,-1.258]],[[29.992,-1.259],[29.991,-1.259]],[[29.764,-1.277],[29.766,-1.283],[29.764,-1.28],[29.762,-1.283],[29.758,-1.273],[29.756,-1.272],[29.754,-1.274]],[[29.993,-1.278],[29.998,-1.292]],[[29.998,-1.292],[30.001,-1.294]],[[30.131,-1.157],[30.132,-1.159]],[[30.126,-1.151],[30.131,-1.157]],[[30.132,-1.159],[30.132,-1.166],[30.124,-1.171]],[[30.124,-1.171],[30.123,-1.171]],[[30.123,-1.171],[30.117,-1.171],[30.112,-1.175],[30.112,-1.182],[30.116,-1.186]],[[30.19,-1.008],[30.188,-1.018]],[[30.188,-1.018],[30.187,-1.029]],[[30.187,-1.029],[30.186,-1.031]],[[30.186,-1.031],[30.182,-1.055],[30.184,-1.068],[30.178,-1.114]],[[30.178,-1.114],[30.178,-1.12]],[[30.178,-1.12],[30.177,-1.124],[30.161,-1.136]],[[30.161,-1.136],[30.144,-1.139],[30.142,-1.144],[30.139,-1.145],[30.127,-1.139]],[[30.127,-1.139],[30.123,-1.144],[30.126,-1.151]],[[31.814,-0.269],[31.822,-0.252]],[[31.752,-0.327],[31.747,-0.33]],[[31.632,-0.494],[31.636,-0.501],[31.63,-0.504]],[[30.116,-1.186],[30.122,-1.189],[30.123,-1.2]],[[30.123,-1.2],[30.12,-1.214]],[[30.12,-1.214],[30.107,-1.237]],[[30.081,-1.254],[30.08,-1.255]],[[30.003,-1.255],[30.001,-1.255]],[[30.08,-1.255],[30.078,-1.256]],[[30.01,-1.257],[30.003,-1.255]],[[30.027,-1.262],[30.01,-1.257]],[[30.001,-1.294],[30.001,-1.294]],[[30.001,-1.294],[30.016,-1.315],[30.017,-1.318],[30.013,-1.319],[30.013,-1.322],[30.023,-1.326],[30.022,-1.333],[30.025,-1.341]],[[30.025,-1.341],[30.018,-1.344]],[[30.018,-1.344],[30.019,-1.351],[30.014,-1.365],[30.007,-1.374],[30.001,-1.388],[30.004,-1.398],[30.004,-1.413],[30.008,-1.417],[30.009,-1.424]],[[30.911,3.008],[30.915,2.987]],[[30.996,2.825],[30.996,2.814],[31.009,2.809],[31.016,2.791],[31.037,2.775]],[[31.037,2.775],[31.078,2.715],[31.09,2.706],[31.103,2.688],[31.113,2.682],[31.119,2.667],[31.129,2.666],[31.139,2.657]],[[31.84,2.535],[31.828,2.541],[31.825,2.551],[31.817,2.558],[31.799,2.56],[31.773,2.58],[31.77,2.579],[31.766,2.565],[31.763,2.561],[31.749,2.557]],[[31.596,2.516],[31.591,2.508],[31.575,2.501],[31.559,2.472],[31.557,2.462],[31.531,2.457]],[[31.888,2.536],[31.903,2.525],[31.993,2.415],[32.0,2.418],[32.213,2.285],[32.242,2.253]],[[32.303,2.754],[32.306,2.742]],[[31.333,2.465],[31.321,2.466],[31.298,2.463],[31.264,2.45],[31.254,2.445],[31.25,2.436],[31.25,2.428],[31.242,2.424],[31.236,2.424],[31.221,2.427],[31.209,2.438]],[[31.347,2.464],[31.333,2.465]],[[31.356,2.463],[31.347,2.464]],[[31.209,2.438],[31.209,2.438]],[[32.257,2.259],[32.242,2.253]],[[32.26,2.259],[32.257,2.259]],[[32.264,2.258],[32.26,2.259]],[[32.316,2.246],[32.302,2.247],[32.264,2.258]],[[32.338,2.247],[32.316,2.246]],[[32.24,2.253],[32.239,2.249],[32.24,2.242]],[[32.24,2.242],[32.246,2.235],[32.222,2.171]],[[32.222,2.171],[32.216,2.155],[32.204,2.135],[32.202,2.116],[32.171,1.987]],[[32.53,2.246],[32.515,2.24]],[[32.515,2.24],[32.496,2.237]],[[32.767,2.295],[32.728,2.294]],[[32.875,2.261],[32.888,2.241]],[[32.898,2.25],[32.899,2.245]],[[32.9,2.248],[32.899,2.245]],[[32.9,2.248],[32.903,2.245]],[[32.906,2.248],[32.918,2.245]],[[33.025,2.241],[32.999,2.237],[32.97,2.24]],[[33.176,2.274],[33.187,2.239],[33.19,2.219]],[[33.099,2.248],[33.09,2.245]],[[33.09,2.245],[33.071,2.245],[33.049,2.249],[33.025,2.241]],[[33.224,2.147],[33.241,2.131],[33.258,2.125]],[[33.473,2.007],[33.488,1.985],[33.477,1.957]],[[33.47,2.012],[33.473,2.007]],[[31.967,1.569],[31.957,1.569]],[[32.041,1.545],[32.004,1.562],[31.967,1.569]],[[32.128,1.498],[32.163,1.444]],[[33.5,1.831],[33.505,1.82],[33.522,1.803]],[[33.621,1.766],[33.618,1.761],[33.616,1.744]],[[33.577,1.747],[33.599,1.725]],[[33.766,1.663],[33.759,1.668],[33.747,1.671],[33.743,1.669]],[[33.743,1.669],[33.732,1.666],[33.707,1.67]],[[33.932,1.494],[33.893,1.541]],[[31.481,1.278],[31.519,1.252],[31.544,1.229],[31.558,1.212],[31.561,1.205],[31.567,1.172],[31.578,1.152]],[[31.7,0.999],[31.704,0.989],[31.716,0.98],[31.725,0.975],[31.732,0.975],[31.737,0.972],[31.744,0.956]],[[32.25,1.41],[32.26,1.409]],[[32.458,1.252],[32.462,1.241]],[[32.47,1.003],[32.476,0.981]],[[33.995,1.408],[34.024,1.368]],[[34.024,1.368],[34.041,1.351]],[[33.762,1.001],[33.742,0.978],[33.737,0.963]],[[33.737,0.963],[33.728,0.934]],[[34.088,1.264],[34.093,1.248],[34.102,1.239]],[[34.427,1.388],[34.419,1.383],[34.403,1.38],[34.401,1.375],[34.39,1.367],[34.389,1.361],[34.391,1.358],[34.388,1.354],[34.38,1.35],[34.384,1.334],[34.378,1.336],[34.364,1.333],[34.361,1.336],[34.361,1.342],[34.36,1.34]],[[34.27,1.255],[34.273,1.248]],[[34.273,1.248],[34.272,1.243]],[[34.178,1.021],[34.168,1.005],[34.167,0.994]],[[30.256,0.624],[30.247,0.632]],[[30.179,0.505],[30.179,0.5],[30.185,0.494]],[[31.044,0.486],[31.028,0.483],[31.02,0.488],[31.019,0.493],[31.007,0.496],[30.996,0.504]],[[31.18,0.487],[31.163,0.492],[31.156,0.498],[31.144,0.491]],[[31.144,0.491],[31.14,0.486],[31.117,0.478],[31.112,0.479],[31.105,0.485]],[[31.253,0.5],[31.251,0.501],[31.24,0.488],[31.229,0.485]],[[31.507,0.507],[31.501,0.511],[31.484,0.514],[31.479,0.518]],[[31.266,0.497],[31.253,0.5]],[[31.286,0.497],[31.276,0.5],[31.266,0.497]],[[31.314,0.504],[31.313,0.501],[31.304,0.498],[31.301,0.499],[31.286,0.497]],[[31.744,0.956],[31.751,0.943]],[[31.931,0.802],[31.936,0.802],[31.944,0.796],[31.954,0.778],[31.967,0.762],[31.981,0.733]],[[31.508,0.497],[31.509,0.497]],[[31.534,0.499],[31.529,0.496],[31.509,0.497]],[[31.981,0.733],[31.992,0.72],[31.994,0.71],[32.011,0.689]],[[32.241,0.533],[32.252,0.526]],[[32.308,0.494],[32.301,0.5]],[[32.516,0.745],[32.516,0.75]],[[32.752,0.506],[32.749,0.503]],[[32.522,0.501],[32.523,0.495]],[[32.729,0.498],[32.719,0.491]],[[32.729,0.498],[32.739,0.495]],[[32.743,0.5],[32.739,0.495]],[[33.147,0.759],[33.151,0.74]],[[33.219,0.507],[33.217,0.496]],[[33.078,0.522],[33.086,0.522],[33.118,0.509],[33.13,0.497],[33.139,0.482],[33.156,0.461]],[[33.07,0.526],[33.078,0.522]],[[33.507,0.749],[33.495,0.72]],[[33.518,0.629],[33.501,0.627],[33.48,0.616]],[[33.283,0.485],[33.284,0.5]],[[33.608,0.756],[33.598,0.743]],[[33.754,0.566],[33.75,0.569]],[[33.983,0.504],[33.996,0.496]],[[31.76,0.458],[31.745,0.453],[31.73,0.454],[31.72,0.45]],[[32.042,0.4],[32.036,0.403],[32.03,0.401],[32.022,0.405],[32.008,0.403],[32.003,0.407],[31.996,0.408]],[[32.253,0.378],[32.25,0.379]],[[32.496,0.396],[32.505,0.392]],[[32.502,0.326],[32.498,0.327]],[[32.399,0.255],[32.38,0.245]],[[32.039,-0.001],[32.031,-0.013]],[[32.562,0.253],[32.557,0.244]],[[33.007,0.396],[32.975,0.389]],[[30.102,-0.214],[30.094,-0.226],[30.095,-0.238],[30.09,-0.248],[30.09,-0.261],[30.094,-0.263],[30.104,-0.262]],[[30.106,-0.474],[30.112,-0.489],[30.108,-0.501],[30.112,-0.504],[30.115,-0.515],[30.119,-0.516],[30.119,-0.52],[30.123,-0.524],[30.124,-0.538]],[[30.592,-0.495],[30.603,-0.511]],[[31.08,-0.44],[31.044,-0.458],[31.032,-0.467],[31.012,-0.473],[31.001,-0.486],[30.992,-0.49]],[[31.28,-0.378],[31.272,-0.372],[31.261,-0.369],[31.25,-0.378]],[[31.521,-0.373],[31.496,-0.38]],[[32.0,-0.039],[32.025,-0.021],[32.031,-0.013]],[[30.353,-0.73],[30.339,-0.751]],[[30.339,-0.751],[30.326,-0.756],[30.317,-0.753],[30.294,-0.771]],[[30.192,-1.0],[30.19,-1.008]],[[31.5,-0.786],[31.499,-0.803],[31.502,-0.81]],[[31.501,-0.818],[31.495,-0.838]],[[31.507,-0.748],[31.501,-0.777]],[[30.107,-1.237],[30.095,-1.241],[30.092,-1.245],[30.086,-1.247],[30.081,-1.254]],[[30.078,-1.256],[30.075,-1.256],[30.074,-1.246],[30.065,-1.235],[30.056,-1.234],[30.061,-1.229],[30.058,-1.227],[30.049,-1.233],[30.054,-1.24],[30.049,-1.25],[30.029,-1.247],[30.026,-1.252],[30.032,-1.262],[30.027,-1.262]],[[32.625,2.294],[32.645,2.298],[32.655,2.302]],[[32.611,2.289],[32.625,2.294]],[[32.537,2.249],[32.55,2.261]],[[32.602,2.285],[32.611,2.289]],[[32.574,2.272],[32.602,2.285]],[[32.55,2.261],[32.574,2.272]],[[32.53,2.246],[32.537,2.249]],[[32.665,2.317],[32.657,2.314],[32.652,2.307]],[[31.351,1.521],[31.351,1.522]],[[31.476,1.488],[31.476,1.488]],[[31.312,1.623],[31.312,1.624]],[[31.311,1.623],[31.312,1.623]],[[31.308,1.615],[31.308,1.616]],[[31.308,1.614],[31.308,1.615]],[[31.372,1.422],[31.375,1.423]],[[31.375,1.423],[31.378,1.424]],[[31.36,1.426],[31.36,1.425]],[[31.36,1.426],[31.36,1.425]],[[31.36,1.425],[31.36,1.422]],[[31.731,1.675],[31.751,1.671]],[[31.753,1.672],[31.756,1.671]],[[31.751,1.671],[31.753,1.672]],[[31.756,1.671],[31.757,1.67]],[[31.757,1.67],[31.787,1.653]],[[31.804,1.641],[31.8,1.647],[31.787,1.653]],[[31.787,1.653],[31.787,1.653]],[[31.805,1.64],[31.804,1.641]],[[31.805,1.64],[31.805,1.64]],[[31.805,1.64],[31.831,1.629],[31.844,1.62]],[[31.587,1.647],[31.587,1.649]],[[31.901,1.589],[31.903,1.588]],[[31.356,2.463],[31.376,2.459],[31.395,2.45],[31.408,2.458],[31.437,2.462]],[[31.469,2.46],[31.456,2.459]],[[31.469,2.459],[31.469,2.46]],[[31.477,2.458],[31.492,2.461]],[[31.492,2.461],[31.494,2.461]],[[31.494,2.461],[31.496,2.461]],[[31.469,2.46],[31.477,2.458]],[[31.456,2.459],[31.437,2.462]],[[31.209,2.438],[31.208,2.438]],[[31.2,2.453],[31.2,2.453]],[[31.496,2.461],[31.497,2.461]],[[31.497,2.461],[31.499,2.46]],[[31.502,2.461],[31.506,2.46]],[[31.501,2.46],[31.502,2.461]],[[31.499,2.46],[31.501,2.46]],[[31.502,2.461],[31.505,2.459]],[[31.508,2.472],[31.516,2.466]],[[31.505,2.468],[31.508,2.472]],[[31.502,2.466],[31.505,2.468]],[[31.501,2.46],[31.502,2.466]],[[31.101,2.485],[31.11,2.491]],[[31.096,2.481],[31.101,2.485]],[[31.091,2.479],[31.096,2.481]],[[31.09,2.479],[31.091,2.479]],[[31.09,2.479],[31.09,2.479]],[[31.101,2.548],[31.103,2.553],[31.101,2.562]],[[31.097,2.543],[31.101,2.548]],[[31.096,2.541],[31.097,2.543]],[[31.09,2.52],[31.096,2.541]],[[31.09,2.514],[31.09,2.52]],[[31.092,2.508],[31.09,2.514]],[[31.093,2.498],[31.092,2.508]],[[31.092,2.494],[31.093,2.498]],[[31.09,2.492],[31.092,2.494]],[[31.09,2.479],[31.09,2.492]],[[32.368,2.497],[32.368,2.491]],[[32.368,2.491],[32.373,2.477]],[[32.373,2.477],[32.38,2.461],[32.383,2.447]],[[32.383,2.447],[32.383,2.444]],[[32.383,2.444],[32.383,2.413]],[[32.383,2.413],[32.387,2.385]],[[32.387,2.385],[32.388,2.374]],[[32.388,2.374],[32.39,2.356],[32.386,2.323]],[[32.386,2.322],[32.338,2.247]],[[32.48,2.234],[32.48,2.234]]]}}]}