{"type":"FeatureCollection","features":[{"type":"Feature","properties":{"class":"Secondary road"},"geometry":{"type":"MultiLineString","coordinates":[[[31.118,3.616],[31.104,3.59],[31.093,3.579],[31.094,3.573]],[[31.233,3.606],[31.213,3.587],[31.193,3.579],[31.178,3.577],[31.163,3.58],[31.151,3.579],[31.125,3.565]],[[31.125,3.565],[31.116,3.564],[31.11,3.57],[31.1,3.569],[31.094,3.573]],[[31.094,3.573],[31.092,3.573]],[[31.092,3.573],[31.079,3.56],[31.069,3.558],[31.055,3.559],[31.046,3.553],[31.022,3.529],[31.012,3.526],[31.001,3.519]],[[31.125,3.565],[31.132,3.553],[31.129,3.536],[31.143,3.513]],[[31.143,3.513],[31.118,3.523],[31.104,3.521],[31.094,3.525]],[[31.094,3.525],[31.091,3.527]],[[31.143,3.513],[31.153,3.497]],[[31.305,3.784],[31.288,3.757],[31.309,3.736],[31.314,3.725],[31.313,3.719],[31.287,3.679],[31.28,3.663],[31.268,3.657],[31.254,3.656],[31.251,3.652]],[[31.666,3.71],[31.685,3.697],[31.692,3.688],[31.71,3.678],[31.713,3.668],[31.711,3.663],[31.717,3.658]],[[31.717,3.658],[31.719,3.656]],[[31.719,3.656],[31.716,3.656]],[[31.719,3.656],[31.722,3.654]],[[31.722,3.654],[31.713,3.654]],[[31.717,3.658],[31.713,3.657],[31.713,3.654]],[[31.724,3.654],[31.722,3.654]],[[31.726,3.657],[31.726,3.654]],[[31.726,3.654],[31.724,3.654]],[[31.726,3.653],[31.726,3.654]],[[31.727,3.652],[31.726,3.653]],[[31.727,3.652],[31.724,3.654]],[[31.733,3.643],[31.727,3.652]],[[31.751,3.648],[31.74,3.644],[31.733,3.643]],[[31.713,3.654],[31.693,3.641],[31.687,3.642],[31.684,3.635],[31.68,3.632],[31.669,3.629],[31.662,3.632]],[[31.662,3.632],[31.654,3.629],[31.64,3.618],[31.628,3.615],[31.617,3.615],[31.612,3.604],[31.598,3.597],[31.591,3.586],[31.584,3.585]],[[31.788,3.679],[31.787,3.67]],[[31.787,3.67],[31.787,3.67]],[[31.79,3.67],[31.787,3.67]],[[31.787,3.67],[31.785,3.669]],[[31.787,3.67],[31.787,3.667]],[[31.785,3.669],[31.787,3.667]],[[31.791,3.668],[31.787,3.667]],[[31.787,3.667],[31.787,3.667]],[[31.785,3.669],[31.777,3.665],[31.766,3.656]],[[31.766,3.656],[31.764,3.654]],[[31.764,3.654],[31.763,3.653]],[[31.763,3.653],[31.751,3.648]],[[31.787,3.667],[31.787,3.653],[31.79,3.639],[31.793,3.634],[31.803,3.634]],[[31.913,3.608],[31.918,3.592]],[[31.914,3.597],[31.918,3.592]],[[31.918,3.592],[31.925,3.577],[31.924,3.564]],[[31.803,3.634],[31.809,3.615],[31.815,3.609],[31.814,3.605],[31.818,3.597],[31.815,3.59],[31.825,3.59],[31.828,3.586],[31.83,3.572],[31.821,3.561]],[[31.821,3.561],[31.82,3.56]],[[31.821,3.561],[31.821,3.56]],[[31.82,3.56],[31.821,3.56]],[[31.924,3.564],[31.883,3.564],[31.861,3.56],[31.821,3.56]],[[31.82,3.56],[31.816,3.559]],[[31.924,3.564],[31.929,3.559]],[[31.929,3.559],[31.93,3.559]],[[31.816,3.559],[31.812,3.552]],[[31.821,3.56],[31.819,3.551]],[[31.811,3.545],[31.812,3.532],[31.803,3.523]],[[31.803,3.523],[31.795,3.525]],[[31.92,3.508],[31.915,3.497]],[[32.708,3.594],[32.708,3.592]],[[32.736,3.58],[32.708,3.594]],[[32.907,3.691],[32.917,3.68],[32.922,3.669],[32.935,3.653],[32.944,3.625],[32.944,3.619],[32.939,3.609],[32.944,3.59]],[[33.025,3.669],[33.001,3.658]],[[33.001,3.654],[33.027,3.639]],[[33.091,3.641],[33.092,3.619]],[[33.092,3.619],[33.088,3.606]],[[33.088,3.606],[33.085,3.598]],[[33.098,3.597],[33.112,3.583]],[[33.085,3.598],[33.079,3.577]],[[33.1,3.578],[33.112,3.549]],[[33.079,3.577],[33.073,3.552],[33.073,3.539],[33.07,3.524]],[[33.501,3.591],[33.489,3.572],[33.486,3.554]],[[33.486,3.554],[33.483,3.549]],[[33.486,3.554],[33.492,3.538],[33.501,3.531]],[[33.743,3.961],[33.714,3.948],[33.711,3.942],[33.704,3.935],[33.705,3.93],[33.699,3.921],[33.699,3.912],[33.694,3.9],[33.684,3.899],[33.684,3.893],[33.68,3.886],[33.68,3.877]],[[33.68,3.877],[33.653,3.822]],[[33.653,3.822],[33.652,3.817],[33.655,3.812]],[[33.653,3.822],[33.636,3.871],[33.626,3.863],[33.631,3.847],[33.629,3.84],[33.622,3.83],[33.655,3.812]],[[33.655,3.812],[33.657,3.808],[33.656,3.796]],[[33.656,3.796],[33.656,3.796]],[[33.656,3.796],[33.667,3.811],[33.67,3.82],[33.677,3.825],[33.675,3.818],[33.676,3.809],[33.682,3.801],[33.681,3.794],[33.688,3.782],[33.695,3.76]],[[33.656,3.796],[33.695,3.76]],[[33.695,3.76],[33.7,3.749]],[[33.742,3.744],[33.738,3.746]],[[33.739,3.744],[33.742,3.744]],[[33.738,3.746],[33.739,3.744]],[[33.738,3.746],[33.716,3.742]],[[33.729,3.737],[33.729,3.74],[33.739,3.744]],[[33.724,3.737],[33.716,3.742]],[[33.729,3.737],[33.726,3.736]],[[33.726,3.736],[33.724,3.737]],[[33.727,3.735],[33.729,3.737]],[[33.727,3.735],[33.726,3.736]],[[33.728,3.734],[33.739,3.739],[33.742,3.744]],[[33.728,3.734],[33.727,3.735]],[[33.733,3.727],[33.728,3.734]],[[33.733,3.727],[33.725,3.726]],[[33.725,3.726],[33.712,3.726]],[[33.724,3.737],[33.709,3.73],[33.712,3.726]],[[33.725,3.726],[33.726,3.725]],[[33.694,3.743],[33.68,3.737],[33.681,3.728],[33.688,3.724],[33.695,3.73],[33.701,3.732],[33.7,3.734],[33.695,3.736],[33.694,3.743]],[[33.712,3.726],[33.698,3.719]],[[33.634,3.729],[33.633,3.719]],[[33.634,3.729],[33.643,3.719]],[[33.643,3.719],[33.633,3.719]],[[33.698,3.719],[33.673,3.718]],[[33.747,3.718],[33.733,3.727]],[[33.748,3.717],[33.747,3.718]],[[33.698,3.719],[33.697,3.717]],[[33.673,3.718],[33.657,3.714]],[[33.673,3.718],[33.673,3.726],[33.657,3.714]],[[33.655,3.712],[33.652,3.718],[33.643,3.719]],[[33.657,3.714],[33.655,3.712]],[[33.633,3.719],[33.623,3.715],[33.616,3.707]],[[33.616,3.707],[33.603,3.703]],[[33.616,3.707],[33.618,3.697]],[[33.697,3.717],[33.696,3.707],[33.715,3.682],[33.726,3.672]],[[33.726,3.672],[33.729,3.671]],[[33.729,3.671],[33.732,3.678],[33.727,3.685],[33.726,3.695],[33.721,3.701],[33.704,3.709],[33.697,3.717]],[[33.726,3.672],[33.722,3.664]],[[33.722,3.665],[33.722,3.664]],[[33.722,3.664],[33.723,3.661]],[[33.721,3.663],[33.723,3.661]],[[33.723,3.661],[33.72,3.661]],[[33.729,3.671],[33.729,3.661],[33.725,3.655],[33.72,3.654],[33.715,3.64]],[[33.655,3.712],[33.654,3.708],[33.659,3.697],[33.659,3.673],[33.663,3.67],[33.671,3.658],[33.676,3.652],[33.686,3.648],[33.715,3.64]],[[33.715,3.64],[33.729,3.639],[33.73,3.635]],[[33.737,3.633],[33.73,3.635]],[[33.73,3.635],[33.729,3.628]],[[33.729,3.628],[33.737,3.633]],[[33.715,3.64],[33.705,3.62]],[[33.729,3.628],[33.711,3.609],[33.701,3.589]],[[33.701,3.589],[33.698,3.58]],[[33.698,3.58],[33.694,3.566]],[[33.694,3.566],[33.694,3.566]],[[33.694,3.566],[33.703,3.56]],[[33.703,3.56],[33.704,3.56]],[[33.704,3.56],[33.707,3.557]],[[33.894,3.706],[33.896,3.698]],[[33.886,3.702],[33.896,3.698]],[[33.896,3.698],[33.941,3.688]],[[33.804,3.698],[33.813,3.689],[33.822,3.689]],[[33.822,3.689],[33.82,3.686]],[[33.822,3.689],[33.831,3.686],[33.84,3.688],[33.86,3.696],[33.873,3.708],[33.886,3.702]],[[34.004,3.665],[34.021,3.658],[34.029,3.65],[34.04,3.643],[34.048,3.634],[34.059,3.636],[34.079,3.646]],[[34.079,3.646],[34.082,3.643],[34.091,3.625],[34.092,3.614],[34.096,3.61],[34.097,3.602],[34.104,3.598],[34.112,3.588],[34.114,3.583],[34.113,3.576],[34.118,3.575]],[[34.118,3.575],[34.12,3.575],[34.115,3.562],[34.111,3.559],[34.122,3.538],[34.123,3.528],[34.125,3.527]],[[34.125,3.527],[34.126,3.526]],[[34.126,3.526],[34.13,3.517]],[[34.13,3.517],[34.144,3.505]],[[30.941,3.497],[30.94,3.493],[30.943,3.484]],[[30.943,3.484],[30.946,3.46],[30.961,3.443],[30.961,3.435]],[[30.961,3.435],[30.961,3.421]],[[30.961,3.421],[30.956,3.421]],[[30.961,3.421],[30.96,3.415]],[[30.96,3.415],[30.96,3.408]],[[30.96,3.408],[30.975,3.392]],[[30.96,3.408],[30.958,3.399],[30.953,3.39],[30.957,3.37],[30.954,3.333]],[[30.954,3.333],[30.948,3.326],[30.931,3.312],[30.929,3.298]],[[30.929,3.298],[30.925,3.299]],[[30.929,3.298],[30.942,3.287]],[[30.945,3.289],[30.944,3.286]],[[30.942,3.287],[30.944,3.286]],[[30.944,3.286],[30.954,3.273]],[[30.925,3.299],[30.921,3.296],[30.919,3.292],[30.92,3.275],[30.918,3.271],[30.911,3.268],[30.902,3.274],[30.886,3.277],[30.881,3.274]],[[30.954,3.273],[30.956,3.268]],[[30.956,3.268],[30.964,3.265],[30.97,3.269],[30.984,3.267]],[[30.954,3.273],[30.946,3.264]],[[30.917,3.234],[30.91,3.231]],[[30.91,3.231],[30.909,3.23]],[[30.917,3.234],[30.913,3.23]],[[30.913,3.23],[30.911,3.23]],[[30.91,3.231],[30.911,3.23]],[[30.913,3.23],[30.913,3.228]],[[30.911,3.23],[30.913,3.228]],[[30.974,3.242],[30.978,3.227]],[[30.909,3.23],[30.888,3.212]],[[30.83,3.203],[30.832,3.202]],[[30.832,3.202],[30.831,3.201]],[[30.83,3.203],[30.831,3.201]],[[30.978,3.227],[30.978,3.212],[30.971,3.2]],[[30.874,3.197],[30.863,3.2],[30.851,3.198],[30.837,3.204],[30.832,3.202]],[[30.888,3.212],[30.887,3.207],[30.874,3.197]],[[30.831,3.201],[30.825,3.194],[30.823,3.187]],[[30.874,3.197],[30.88,3.182]],[[30.913,3.228],[30.916,3.221],[30.921,3.218],[30.928,3.211],[30.936,3.195],[30.932,3.181],[30.922,3.176],[30.916,3.165]],[[30.916,3.165],[30.909,3.166],[30.905,3.165]],[[30.88,3.182],[30.887,3.173],[30.901,3.17],[30.905,3.165]],[[30.823,3.187],[30.815,3.172],[30.81,3.15]],[[30.971,3.2],[30.97,3.183],[30.973,3.173],[30.979,3.169],[30.979,3.163],[30.972,3.141],[30.972,3.129]],[[30.972,3.129],[30.971,3.127]],[[30.971,3.127],[30.97,3.122]],[[30.898,3.124],[30.894,3.121]],[[30.905,3.165],[30.905,3.139],[30.898,3.124]],[[30.894,3.121],[30.894,3.121]],[[30.894,3.121],[30.894,3.121]],[[30.97,3.122],[30.967,3.113]],[[30.916,3.165],[30.917,3.161],[30.926,3.154],[30.933,3.153],[30.94,3.148],[30.949,3.145],[30.951,3.137],[30.957,3.13],[30.958,3.122],[30.967,3.113]],[[30.894,3.121],[30.884,3.123],[30.88,3.117],[30.868,3.117],[30.857,3.112],[30.847,3.111]],[[30.803,3.124],[30.801,3.12],[30.801,3.111]],[[30.81,3.15],[30.81,3.139],[30.803,3.133],[30.803,3.124]],[[30.847,3.111],[30.822,3.115],[30.801,3.111]],[[30.967,3.113],[30.967,3.105]],[[30.967,3.105],[30.966,3.102]],[[30.966,3.102],[30.969,3.099]],[[30.978,3.101],[30.969,3.099]],[[30.969,3.099],[30.964,3.098]],[[30.966,3.102],[30.964,3.098]],[[30.964,3.098],[30.957,3.091],[30.952,3.079],[30.94,3.074],[30.936,3.064]],[[30.964,3.098],[30.964,3.098]],[[30.936,3.064],[30.934,3.063]],[[30.894,3.121],[30.916,3.068],[30.928,3.062]],[[30.934,3.063],[30.929,3.061]],[[30.928,3.062],[30.929,3.061]],[[30.929,3.061],[30.928,3.061]],[[30.928,3.062],[30.928,3.061]],[[30.801,3.111],[30.8,3.101],[30.795,3.091],[30.796,3.068],[30.792,3.06]],[[30.792,3.06],[30.792,3.06]],[[30.837,3.055],[30.821,3.055],[30.812,3.052],[30.803,3.054],[30.797,3.051],[30.793,3.054],[30.792,3.06]],[[30.928,3.061],[30.913,3.045],[30.913,3.04]],[[30.904,3.048],[30.91,3.045],[30.909,3.041],[30.913,3.04]],[[30.888,3.043],[30.888,3.04]],[[30.888,3.04],[30.875,3.048],[30.866,3.051],[30.837,3.055]],[[30.889,3.038],[30.888,3.04]],[[30.913,3.04],[30.913,3.032]],[[30.913,3.032],[30.907,3.031],[30.905,3.029]],[[30.889,3.038],[30.905,3.029]],[[30.905,3.029],[30.908,3.027]],[[30.908,3.027],[30.911,3.026]],[[30.913,3.032],[30.912,3.025]],[[30.911,3.026],[30.912,3.025]],[[30.911,3.026],[30.91,3.025]],[[30.91,3.025],[30.909,3.025]],[[30.912,3.025],[30.911,3.024]],[[30.91,3.025],[30.911,3.024]],[[30.911,3.024],[30.91,3.023]],[[30.889,3.038],[30.88,3.032],[30.878,3.026],[30.872,3.02]],[[30.921,3.019],[30.924,3.019]],[[30.924,3.019],[30.924,3.022],[30.921,3.019]],[[30.912,3.019],[30.911,3.018]],[[30.911,3.018],[30.909,3.017]],[[30.913,3.017],[30.921,3.019]],[[30.924,3.019],[30.924,3.017]],[[30.921,3.019],[30.919,3.016]],[[30.924,3.017],[30.919,3.016]],[[30.935,3.019],[30.935,3.015]],[[30.924,3.017],[30.935,3.015]],[[30.909,3.017],[30.903,3.014]],[[30.919,3.016],[30.915,3.015]],[[30.903,3.014],[30.898,3.014]],[[30.909,3.017],[30.91,3.013]],[[30.912,3.013],[30.91,3.013]],[[30.915,3.015],[30.916,3.013]],[[30.916,3.013],[30.916,3.012]],[[30.913,3.012],[30.91,3.012]],[[30.91,3.013],[30.91,3.012]],[[30.91,3.012],[30.91,3.01]],[[30.897,3.01],[30.898,3.014]],[[30.91,3.01],[30.907,3.01]],[[30.903,3.014],[30.897,3.01]],[[30.91,3.01],[30.911,3.008]],[[30.935,3.015],[30.948,3.008],[30.956,3.009]],[[30.916,3.013],[30.924,3.007]],[[30.872,3.02],[30.854,3.011],[30.836,3.01],[30.83,3.006]],[[30.837,3.055],[30.834,3.039],[30.834,3.022],[30.83,3.006]],[[30.897,3.01],[30.891,2.999]],[[30.872,3.02],[30.879,3.02],[30.886,3.001],[30.891,2.999]],[[30.83,3.006],[30.826,2.998]],[[30.792,3.06],[30.785,3.061],[30.777,3.057],[30.77,3.049],[30.77,3.043],[30.779,3.034],[30.779,3.024],[30.785,3.018],[30.793,3.015],[30.803,3.005],[30.81,3.004],[30.818,3.006],[30.826,2.998]],[[30.826,2.998],[30.826,2.998]],[[30.956,3.009],[30.95,2.997]],[[31.251,3.455],[31.25,3.454]],[[31.247,3.47],[31.25,3.454]],[[31.247,3.47],[31.222,3.459],[31.195,3.444]],[[31.153,3.497],[31.176,3.468],[31.187,3.463],[31.191,3.449],[31.195,3.444]],[[31.195,3.444],[31.18,3.437],[31.165,3.427]],[[31.165,3.427],[31.159,3.424],[31.148,3.424]],[[31.121,3.479],[31.132,3.457],[31.126,3.441],[31.125,3.43],[31.117,3.418]],[[31.148,3.424],[31.134,3.424],[31.121,3.417]],[[31.121,3.417],[31.117,3.418]],[[31.121,3.417],[31.115,3.414]],[[31.117,3.418],[31.115,3.414]],[[31.115,3.414],[31.101,3.406],[31.088,3.408]],[[31.088,3.408],[31.074,3.42],[31.067,3.429],[31.035,3.442]],[[31.115,3.414],[31.114,3.411],[31.119,3.403],[31.132,3.397],[31.129,3.387]],[[31.25,3.454],[31.241,3.445],[31.218,3.392],[31.217,3.356],[31.213,3.347]],[[31.148,3.424],[31.168,3.399],[31.181,3.391],[31.187,3.368],[31.211,3.351],[31.213,3.347]],[[31.251,3.347],[31.249,3.345]],[[31.213,3.347],[31.214,3.342]],[[31.249,3.345],[31.228,3.334],[31.214,3.342]],[[31.214,3.342],[31.203,3.337]],[[31.203,3.337],[31.192,3.334],[31.179,3.326]],[[31.129,3.387],[31.155,3.366],[31.158,3.361],[31.157,3.352]],[[31.157,3.352],[31.179,3.326]],[[31.179,3.326],[31.178,3.322],[31.181,3.317],[31.179,3.311]],[[31.179,3.311],[31.176,3.304]],[[31.176,3.304],[31.173,3.299]],[[31.176,3.304],[31.176,3.297]],[[31.176,3.297],[31.173,3.299]],[[31.176,3.297],[31.176,3.296]],[[31.179,3.311],[31.182,3.308],[31.185,3.295]],[[31.088,3.287],[31.094,3.275]],[[31.173,3.299],[31.166,3.289],[31.156,3.285],[31.146,3.272]],[[31.115,3.276],[31.097,3.271]],[[31.094,3.275],[31.097,3.271]],[[31.097,3.271],[31.095,3.271]],[[31.094,3.275],[31.095,3.271]],[[31.095,3.271],[31.094,3.271]],[[31.146,3.272],[31.144,3.271]],[[31.129,3.387],[31.123,3.371],[31.124,3.353],[31.128,3.341],[31.13,3.307]],[[31.13,3.307],[31.144,3.271]],[[31.144,3.271],[31.146,3.27],[31.146,3.272]],[[31.094,3.271],[31.051,3.266]],[[31.049,3.27],[31.051,3.266]],[[31.144,3.271],[31.132,3.265],[31.119,3.276],[31.115,3.276]],[[31.051,3.266],[31.034,3.262],[31.028,3.264]],[[31.275,3.497],[31.275,3.497]],[[31.275,3.497],[31.271,3.496]],[[31.271,3.496],[31.268,3.494]],[[31.268,3.494],[31.266,3.491]],[[31.268,3.494],[31.265,3.493],[31.266,3.491]],[[31.266,3.491],[31.264,3.479]],[[31.264,3.479],[31.261,3.477]],[[31.287,3.408],[31.295,3.408],[31.302,3.405]],[[31.302,3.405],[31.308,3.399],[31.316,3.398],[31.328,3.388],[31.343,3.393],[31.354,3.391],[31.357,3.388],[31.363,3.389]],[[31.287,3.408],[31.282,3.385],[31.274,3.379],[31.263,3.375]],[[31.263,3.375],[31.262,3.372]],[[31.262,3.372],[31.263,3.364],[31.251,3.347]],[[31.251,3.227],[31.251,3.219]],[[31.05,3.247],[31.053,3.224],[31.042,3.216],[31.031,3.201]],[[31.031,3.201],[31.024,3.188]],[[31.024,3.188],[31.023,3.187]],[[31.031,3.201],[31.026,3.197],[31.023,3.187]],[[31.047,3.185],[31.041,3.19],[31.024,3.188]],[[31.081,3.179],[31.07,3.187],[31.047,3.185]],[[31.083,3.179],[31.081,3.179]],[[31.083,3.179],[31.081,3.177]],[[31.081,3.179],[31.081,3.177]],[[31.023,3.187],[31.011,3.171]],[[31.011,3.171],[31.008,3.163]],[[31.011,3.171],[31.005,3.164],[31.008,3.163]],[[31.047,3.185],[31.033,3.169],[31.024,3.168],[31.011,3.156]],[[31.008,3.163],[31.011,3.156]],[[31.249,3.08],[31.251,3.077]],[[31.251,3.124],[31.247,3.121],[31.245,3.109],[31.24,3.102],[31.25,3.084],[31.249,3.08]],[[31.081,3.177],[31.079,3.164],[31.085,3.15],[31.085,3.133],[31.088,3.115],[31.083,3.095],[31.086,3.08],[31.084,3.068]],[[31.251,3.219],[31.256,3.217],[31.262,3.208],[31.274,3.201],[31.28,3.185],[31.273,3.16],[31.267,3.152],[31.261,3.138],[31.251,3.125]],[[31.251,3.077],[31.254,3.067],[31.256,3.044],[31.264,3.029],[31.262,2.997]],[[31.704,3.489],[31.71,3.491],[31.712,3.488],[31.725,3.452],[31.751,3.445]],[[31.68,3.406],[31.667,3.398],[31.66,3.401]],[[31.675,3.496],[31.638,3.476],[31.631,3.463],[31.628,3.449],[31.621,3.44],[31.614,3.417],[31.616,3.411],[31.627,3.395]],[[31.627,3.395],[31.64,3.378]],[[31.751,3.368],[31.731,3.362],[31.721,3.354],[31.717,3.353],[31.69,3.381],[31.687,3.388],[31.684,3.401],[31.68,3.406]],[[31.915,3.497],[31.909,3.479],[31.911,3.471],[31.91,3.457],[31.914,3.435]],[[31.955,3.497],[31.955,3.477],[31.946,3.454],[31.925,3.427]],[[31.914,3.435],[31.925,3.427]],[[31.777,3.423],[31.766,3.429],[31.751,3.445]],[[31.914,3.435],[31.911,3.43],[31.91,3.416],[31.904,3.408]],[[31.979,3.403],[31.978,3.402]],[[31.978,3.402],[31.964,3.396]],[[31.964,3.396],[31.955,3.392]],[[31.925,3.427],[31.93,3.422],[31.938,3.405],[31.945,3.4],[31.953,3.397],[31.955,3.392]],[[31.777,3.423],[31.79,3.392]],[[31.979,3.403],[31.985,3.388]],[[31.964,3.396],[31.985,3.388]],[[31.811,3.385],[31.8,3.387],[31.794,3.392],[31.79,3.392]],[[31.79,3.392],[31.791,3.38]],[[31.791,3.38],[31.791,3.378]],[[31.791,3.378],[31.791,3.377]],[[31.791,3.378],[31.791,3.377]],[[31.791,3.377],[31.791,3.377]],[[31.791,3.377],[31.789,3.377]],[[31.789,3.377],[31.785,3.376]],[[31.791,3.38],[31.794,3.376]],[[31.794,3.376],[31.791,3.377]],[[31.785,3.376],[31.778,3.374]],[[31.785,3.376],[31.781,3.377],[31.778,3.374]],[[31.778,3.374],[31.751,3.368]],[[31.834,3.363],[31.81,3.368],[31.794,3.376]],[[31.955,3.392],[31.939,3.385],[31.922,3.372],[31.908,3.365],[31.892,3.36],[31.858,3.357]],[[31.858,3.357],[31.834,3.363]],[[31.789,3.377],[31.783,3.368],[31.779,3.343]],[[31.779,3.343],[31.779,3.338]],[[31.858,3.357],[31.856,3.349],[31.862,3.337]],[[31.834,3.363],[31.812,3.346],[31.786,3.337],[31.779,3.338]],[[31.779,3.343],[31.772,3.338],[31.758,3.334],[31.751,3.335]],[[31.779,3.338],[31.78,3.329]],[[31.78,3.329],[31.776,3.325]],[[31.78,3.329],[31.787,3.325],[31.796,3.316],[31.802,3.314],[31.803,3.289],[31.79,3.26],[31.773,3.25]],[[31.55,3.242],[31.56,3.239]],[[31.914,3.216],[31.915,3.213]],[[31.784,3.227],[31.78,3.206]],[[31.915,3.213],[31.914,3.2]],[[31.78,3.206],[31.796,3.186]],[[31.914,3.2],[31.909,3.195],[31.878,3.186]],[[31.78,3.206],[31.777,3.199],[31.768,3.193],[31.766,3.183],[31.756,3.179]],[[31.751,3.188],[31.756,3.179]],[[31.756,3.179],[31.751,3.177]],[[31.914,3.2],[31.909,3.187],[31.907,3.174]],[[32.068,3.474],[32.067,3.432],[32.077,3.383],[32.086,3.353],[32.099,3.339],[32.108,3.319]],[[32.251,3.273],[32.218,3.266]],[[32.108,3.319],[32.111,3.301],[32.121,3.277],[32.123,3.26]],[[32.123,3.26],[32.121,3.254]],[[32.449,3.497],[32.452,3.497]],[[32.251,3.273],[32.257,3.273]],[[32.153,3.015],[32.15,3.01]],[[32.15,3.01],[32.142,2.997]],[[32.356,3.114],[32.365,3.114]],[[32.355,3.114],[32.356,3.114]],[[32.365,3.114],[32.364,3.109]],[[32.364,3.109],[32.359,3.086],[32.359,3.08],[32.362,3.069],[32.358,3.054]],[[32.358,3.054],[32.346,3.04]],[[32.343,3.049],[32.346,3.04]],[[32.317,3.017],[32.321,3.015]],[[32.318,3.016],[32.321,3.015]],[[32.346,3.04],[32.336,3.035],[32.334,3.027],[32.322,3.015]],[[32.321,3.015],[32.322,3.015]],[[32.606,3.451],[32.603,3.45]],[[32.603,3.45],[32.582,3.439]],[[32.582,3.439],[32.581,3.433]],[[32.581,3.433],[32.568,3.436]],[[32.729,3.472],[32.723,3.469],[32.721,3.455],[32.722,3.44],[32.717,3.429]],[[32.725,3.43],[32.717,3.429]],[[32.717,3.429],[32.706,3.429],[32.683,3.424]],[[32.725,3.43],[32.736,3.42]],[[32.683,3.424],[32.672,3.417]],[[32.683,3.424],[32.685,3.416]],[[32.601,3.407],[32.587,3.421],[32.581,3.433]],[[32.736,3.42],[32.742,3.414],[32.751,3.401]],[[32.672,3.417],[32.642,3.403],[32.626,3.4]],[[32.626,3.4],[32.616,3.401],[32.601,3.407]],[[32.601,3.407],[32.596,3.395]],[[32.65,3.378],[32.64,3.392],[32.626,3.4]],[[32.672,3.417],[32.68,3.394],[32.692,3.378],[32.69,3.371]],[[32.69,3.371],[32.65,3.378]],[[32.736,3.42],[32.733,3.413],[32.725,3.409],[32.718,3.361]],[[32.718,3.361],[32.69,3.371]],[[32.585,3.38],[32.578,3.369],[32.567,3.358]],[[32.718,3.361],[32.713,3.321],[32.703,3.31],[32.678,3.295],[32.671,3.283],[32.658,3.273],[32.655,3.267]],[[32.834,3.469],[32.837,3.466]],[[32.837,3.466],[32.839,3.464]],[[32.839,3.464],[32.849,3.451],[32.854,3.439],[32.861,3.386],[32.895,3.344],[32.901,3.334],[32.903,3.324]],[[32.903,3.324],[32.892,3.31]],[[32.892,3.31],[32.893,3.303]],[[32.892,3.31],[32.886,3.303]],[[32.886,3.303],[32.88,3.304]],[[32.893,3.303],[32.886,3.303]],[[32.88,3.304],[32.88,3.299]],[[32.88,3.299],[32.883,3.297]],[[32.883,3.297],[32.88,3.297]],[[32.88,3.297],[32.878,3.296]],[[32.88,3.299],[32.878,3.296]],[[32.878,3.296],[32.878,3.296]],[[32.886,3.296],[32.883,3.297]],[[32.883,3.297],[32.883,3.295]],[[32.883,3.295],[32.88,3.294]],[[32.88,3.297],[32.88,3.294]],[[32.88,3.294],[32.879,3.294]],[[32.878,3.296],[32.879,3.294]],[[32.886,3.296],[32.883,3.294]],[[32.883,3.295],[32.883,3.294]],[[32.883,3.294],[32.88,3.293]],[[32.88,3.294],[32.88,3.293]],[[32.88,3.293],[32.88,3.293]],[[32.879,3.294],[32.88,3.293]],[[32.896,3.292],[32.886,3.296]],[[32.878,3.296],[32.874,3.291]],[[32.88,3.293],[32.877,3.29]],[[32.88,3.293],[32.885,3.286]],[[32.883,3.294],[32.887,3.285],[32.899,3.273]],[[33.038,3.446],[33.034,3.435]],[[33.034,3.435],[33.031,3.421],[33.023,3.412]],[[33.023,3.412],[33.013,3.398]],[[33.023,3.412],[33.029,3.396],[33.03,3.383],[33.052,3.337]],[[33.053,3.268],[33.058,3.267]],[[33.056,3.267],[33.053,3.268]],[[33.058,3.267],[33.056,3.267]],[[33.052,3.337],[33.07,3.298],[33.074,3.262],[33.072,3.259]],[[33.072,3.259],[33.058,3.267]],[[33.124,3.255],[33.072,3.259]],[[33.41,3.485],[33.427,3.468],[33.444,3.435],[33.448,3.422],[33.454,3.416]],[[33.469,3.399],[33.439,3.402],[33.362,3.396]],[[33.41,3.485],[33.372,3.418],[33.362,3.396]],[[33.362,3.396],[33.335,3.347]],[[33.335,3.347],[33.324,3.371]],[[33.335,3.347],[33.332,3.347]],[[33.353,3.348],[33.349,3.347],[33.344,3.349],[33.335,3.347]],[[33.455,3.073],[33.446,3.066]],[[33.443,3.071],[33.446,3.066]],[[33.443,3.071],[33.435,3.065],[33.409,3.057],[33.39,3.047]],[[33.391,3.052],[33.39,3.047]],[[33.315,3.048],[33.312,3.045]],[[33.39,3.047],[33.382,3.043]],[[33.382,3.043],[33.372,3.039]],[[33.382,3.043],[33.374,3.043],[33.372,3.039]],[[33.372,3.039],[33.372,3.039]],[[33.372,3.039],[33.362,3.036],[33.315,3.048]],[[33.932,3.404],[33.939,3.399],[33.949,3.406],[33.953,3.405],[33.985,3.392]],[[33.845,3.387],[33.869,3.388],[33.884,3.384],[33.897,3.387],[33.906,3.395],[33.927,3.405],[33.932,3.404]],[[33.783,3.376],[33.804,3.383]],[[33.804,3.383],[33.845,3.387]],[[33.751,3.397],[33.76,3.384],[33.772,3.373],[33.783,3.376]],[[34.168,3.477],[34.167,3.467],[34.149,3.441],[34.145,3.439]],[[34.145,3.439],[34.143,3.426],[34.146,3.413],[34.135,3.392],[34.12,3.353]],[[34.087,3.367],[34.115,3.361],[34.12,3.353]],[[34.246,3.316],[34.237,3.319],[34.239,3.334],[34.231,3.341],[34.224,3.34],[34.216,3.342],[34.21,3.335],[34.202,3.332],[34.184,3.331],[34.175,3.334]],[[34.251,3.332],[34.247,3.325],[34.246,3.316]],[[34.246,3.316],[34.246,3.316]],[[34.246,3.316],[34.245,3.313]],[[34.246,3.316],[34.245,3.313]],[[34.12,3.353],[34.117,3.345],[34.122,3.336],[34.119,3.33],[34.123,3.326],[34.128,3.311]],[[34.175,3.334],[34.17,3.335],[34.166,3.333],[34.165,3.329],[34.158,3.325],[34.154,3.314],[34.128,3.311]],[[34.245,3.313],[34.235,3.271],[34.235,3.252],[34.232,3.247]],[[34.128,3.311],[34.127,3.284],[34.121,3.266],[34.124,3.247]],[[34.275,3.342],[34.271,3.331]],[[34.115,3.006],[34.113,3.007]],[[34.113,3.007],[34.104,3.001]],[[34.104,3.001],[34.085,2.998]],[[34.479,3.094],[34.486,3.091],[34.488,3.08],[34.491,3.077],[34.491,3.071],[34.498,3.061],[34.501,3.051],[34.492,3.041],[34.487,3.026],[34.486,3.017],[34.489,3.007],[34.486,2.997]],[[34.441,3.122],[34.461,3.115],[34.473,3.105],[34.479,3.094]],[[30.825,2.989],[30.825,2.987]],[[30.886,2.987],[30.885,2.983]],[[30.885,2.983],[30.88,2.968]],[[30.88,2.968],[30.874,2.968],[30.867,2.965]],[[30.867,2.965],[30.866,2.964]],[[30.92,2.973],[30.917,2.961]],[[30.866,2.964],[30.858,2.959]],[[30.846,2.966],[30.851,2.963]],[[30.852,2.962],[30.858,2.959]],[[30.917,2.961],[30.917,2.958]],[[30.917,2.958],[30.916,2.957]],[[30.935,2.958],[30.925,2.957]],[[30.925,2.957],[30.927,2.956]],[[30.916,2.957],[30.918,2.955],[30.925,2.957]],[[30.916,2.957],[30.914,2.953]],[[30.927,2.956],[30.933,2.95]],[[30.933,2.95],[30.938,2.949]],[[30.938,2.949],[30.938,2.949]],[[30.955,2.949],[30.95,2.954],[30.935,2.958]],[[30.938,2.949],[30.942,2.947]],[[30.963,2.946],[30.949,2.968],[30.932,2.988],[30.928,2.988],[30.924,2.978],[30.92,2.975]],[[30.955,2.949],[30.963,2.946]],[[30.957,2.986],[30.958,2.978],[30.963,2.975],[30.962,2.967],[30.966,2.961],[30.967,2.95],[30.963,2.946]],[[30.963,2.946],[30.963,2.946]],[[30.963,2.946],[30.963,2.946]],[[30.963,2.946],[30.963,2.946]],[[30.963,2.946],[30.963,2.946]],[[30.963,2.946],[30.963,2.946]],[[30.938,2.949],[30.934,2.946]],[[30.933,2.95],[30.934,2.946]],[[30.948,2.946],[30.955,2.949]],[[30.987,2.955],[30.981,2.952],[30.976,2.946]],[[30.963,2.946],[30.976,2.946]],[[30.942,2.947],[30.948,2.946]],[[30.94,2.944],[30.942,2.947]],[[30.94,2.944],[30.938,2.949]],[[30.914,2.953],[30.9,2.944]],[[30.9,2.944],[30.898,2.94]],[[30.934,2.946],[30.93,2.939]],[[30.927,2.956],[30.926,2.944],[30.93,2.939]],[[30.858,2.959],[30.859,2.959]],[[30.859,2.959],[30.858,2.956]],[[30.858,2.955],[30.854,2.948]],[[30.855,2.944],[30.855,2.943]],[[30.855,2.94],[30.855,2.938]],[[30.963,2.946],[30.963,2.942],[30.956,2.933]],[[30.93,2.939],[30.931,2.934],[30.938,2.932],[30.94,2.944]],[[30.898,2.94],[30.891,2.93]],[[30.891,2.93],[30.89,2.927]],[[30.858,2.934],[30.86,2.933]],[[30.858,2.927],[30.859,2.925]],[[30.862,2.924],[30.863,2.924]],[[30.864,2.923],[30.866,2.92]],[[30.89,2.927],[30.886,2.914]],[[30.886,2.914],[30.883,2.909]],[[30.883,2.909],[30.882,2.904]],[[30.867,2.918],[30.868,2.909]],[[30.871,2.908],[30.871,2.901]],[[30.873,2.9],[30.873,2.9]],[[30.875,2.9],[30.875,2.899]],[[30.882,2.904],[30.881,2.892]],[[30.881,2.892],[30.875,2.891]],[[30.875,2.899],[30.875,2.894]],[[30.899,2.888],[30.881,2.892]],[[30.881,2.892],[30.88,2.885]],[[30.875,2.891],[30.88,2.885]],[[30.88,2.885],[30.88,2.885]],[[30.911,2.88],[30.903,2.881],[30.899,2.88],[30.892,2.872],[30.889,2.865]],[[30.88,2.885],[30.88,2.885]],[[30.885,2.881],[30.887,2.879]],[[30.889,2.875],[30.889,2.872]],[[30.888,2.871],[30.889,2.865]],[[30.889,2.865],[30.889,2.865]],[[30.889,2.865],[30.891,2.854]],[[30.889,2.848],[30.886,2.841]],[[30.886,2.84],[30.886,2.837]],[[30.886,2.837],[30.891,2.837]],[[30.886,2.837],[30.886,2.831]],[[30.886,2.831],[30.886,2.83]],[[30.894,2.826],[30.897,2.826],[30.904,2.821],[30.893,2.814]],[[30.893,2.814],[30.886,2.816]],[[30.996,2.825],[30.986,2.811],[30.98,2.807]],[[30.985,2.86],[30.981,2.856],[30.977,2.845],[30.976,2.829],[30.983,2.819],[30.98,2.807]],[[30.893,2.814],[30.9,2.802],[30.9,2.796]],[[30.885,2.813],[30.885,2.812]],[[30.884,2.811],[30.869,2.792]],[[30.98,2.807],[30.978,2.802],[30.979,2.789]],[[31.001,2.788],[30.995,2.787],[30.989,2.79],[30.979,2.789]],[[30.979,2.789],[30.976,2.785]],[[30.896,2.777],[30.895,2.773]],[[30.895,2.773],[30.895,2.773]],[[30.979,2.789],[30.967,2.792],[30.953,2.786],[30.928,2.789],[30.925,2.782],[30.912,2.773],[30.908,2.771],[30.895,2.773]],[[30.869,2.792],[30.861,2.776]],[[30.861,2.775],[30.86,2.771]],[[30.86,2.771],[30.859,2.77]],[[30.895,2.773],[30.88,2.769]],[[30.869,2.792],[30.872,2.774],[30.88,2.769]],[[30.88,2.769],[30.869,2.767],[30.864,2.763]],[[30.859,2.77],[30.864,2.763]],[[30.864,2.763],[30.868,2.758]],[[30.88,2.769],[30.885,2.763],[30.886,2.757]],[[30.886,2.757],[30.874,2.759],[30.868,2.758]],[[30.895,2.773],[30.891,2.765],[30.891,2.758],[30.886,2.757]],[[30.868,2.758],[30.872,2.751],[30.87,2.747]],[[30.886,2.757],[30.891,2.747]],[[30.976,2.785],[30.959,2.77],[30.96,2.758],[30.965,2.747]],[[30.976,2.785],[30.983,2.775],[30.988,2.759],[30.998,2.747]],[[30.965,2.747],[30.969,2.74],[30.969,2.737],[30.963,2.737],[30.951,2.733],[30.945,2.736],[30.935,2.727],[30.903,2.713],[30.889,2.714],[30.885,2.71],[30.871,2.713],[30.864,2.705],[30.855,2.708],[30.85,2.706]],[[31.233,2.876],[31.228,2.879],[31.197,2.889],[31.186,2.89],[31.177,2.889],[31.137,2.896]],[[31.401,2.975],[31.396,2.973]],[[31.396,2.973],[31.384,2.972],[31.367,2.977],[31.359,2.976]],[[31.415,2.76],[31.413,2.755]],[[31.413,2.755],[31.41,2.747]],[[31.41,2.747],[31.41,2.747]],[[31.042,2.618],[31.025,2.613],[31.001,2.614]],[[31.001,2.614],[31.0,2.614]],[[31.042,2.618],[31.052,2.599],[31.052,2.59],[31.047,2.578],[31.049,2.571],[31.073,2.566],[31.087,2.569],[31.101,2.562]],[[34.001,2.986],[33.978,2.986],[33.959,2.989],[33.951,2.98],[33.911,2.953],[33.895,2.948]],[[33.895,2.948],[33.892,2.947]],[[33.892,2.947],[33.887,2.946],[33.885,2.941]],[[33.885,2.941],[33.881,2.934]],[[32.566,2.161],[32.563,2.157]],[[32.745,2.188],[32.735,2.168],[32.715,2.154]],[[32.563,2.157],[32.557,2.15]],[[32.715,2.154],[32.715,2.149]],[[32.585,2.195],[32.604,2.179],[32.617,2.154],[32.631,2.137]],[[32.557,2.15],[32.549,2.132],[32.542,2.127],[32.529,2.11]],[[32.631,2.137],[32.651,2.102]],[[32.529,2.11],[32.509,2.092]],[[32.715,2.149],[32.713,2.118],[32.701,2.1],[32.692,2.091]],[[32.692,2.091],[32.677,2.077]],[[32.651,2.102],[32.654,2.093],[32.677,2.077]],[[33.34,2.137],[33.34,2.136]],[[33.34,2.136],[33.334,2.134],[33.327,2.142]],[[33.265,2.13],[33.265,2.123]],[[33.267,2.125],[33.266,2.123]],[[33.332,2.102],[33.33,2.101]],[[33.34,2.136],[33.333,2.101]],[[33.333,2.101],[33.332,2.1]],[[33.333,2.101],[33.334,2.099]],[[31.325,1.371],[31.32,1.354]],[[31.32,1.354],[31.316,1.347]],[[31.316,1.347],[31.316,1.347]],[[31.316,1.347],[31.314,1.347]],[[31.314,1.347],[31.304,1.346],[31.289,1.357],[31.281,1.358],[31.274,1.366]],[[31.314,1.347],[31.314,1.347]],[[31.314,1.347],[31.312,1.344],[31.312,1.337]],[[31.312,1.337],[31.312,1.337]],[[31.312,1.337],[31.312,1.335]],[[31.312,1.335],[31.312,1.335]],[[32.887,1.088],[32.889,1.074],[32.895,1.057],[32.887,1.029]],[[33.001,1.04],[32.991,1.037],[32.981,1.03],[32.969,1.026],[32.959,1.017]],[[32.959,1.017],[32.962,1.016]],[[32.95,1.014],[32.959,1.017]],[[32.948,1.013],[32.95,1.014]],[[32.946,1.019],[32.948,1.013]],[[32.947,1.013],[32.948,1.013]],[[32.95,1.014],[32.95,1.011]],[[32.95,1.011],[32.948,1.011]],[[32.95,1.011],[32.953,1.008]],[[32.962,1.016],[32.964,1.005]],[[32.953,1.008],[32.957,1.009],[32.964,1.005]],[[32.887,1.029],[32.885,1.014],[32.886,0.997]],[[32.953,1.008],[32.962,0.997]],[[32.964,1.005],[32.974,0.997]],[[33.251,1.443],[33.249,1.442]],[[33.249,1.442],[33.236,1.436],[33.228,1.427]],[[33.228,1.427],[33.224,1.415],[33.223,1.398],[33.215,1.384]],[[33.062,1.371],[33.059,1.345],[33.064,1.329]],[[33.38,1.213],[33.381,1.212]],[[33.305,1.247],[33.305,1.226],[33.3,1.201]],[[33.381,1.212],[33.399,1.204]],[[33.399,1.204],[33.411,1.199]],[[34.165,1.32],[34.148,1.294],[34.137,1.272]],[[34.448,1.497],[34.442,1.492]],[[34.442,1.492],[34.434,1.493]],[[34.434,1.493],[34.369,1.446],[34.353,1.422],[34.351,1.416]],[[34.476,1.405],[34.464,1.405],[34.456,1.4],[34.453,1.4],[34.453,1.398]],[[34.351,1.416],[34.344,1.407],[34.321,1.396]],[[34.476,1.405],[34.477,1.391]],[[31.938,2.814],[31.92,2.821],[31.908,2.822],[31.897,2.821],[31.886,2.814],[31.88,2.814]],[[32.0,2.634],[31.992,2.625],[31.986,2.606]],[[31.986,2.606],[31.985,2.596],[31.982,2.593],[31.967,2.592],[31.956,2.595],[31.947,2.601],[31.924,2.586],[31.917,2.578],[31.901,2.551],[31.886,2.538]],[[31.886,2.538],[31.888,2.536]],[[31.84,2.535],[31.839,2.534]],[[32.199,2.961],[32.199,2.948],[32.202,2.944]],[[32.202,2.944],[32.208,2.934],[32.206,2.927]],[[32.192,2.904],[32.188,2.901],[32.172,2.906],[32.155,2.904]],[[32.175,2.84],[32.173,2.839]],[[32.155,2.904],[32.156,2.891],[32.165,2.875],[32.167,2.868],[32.165,2.847],[32.168,2.841],[32.173,2.839]],[[32.173,2.839],[32.148,2.831],[32.143,2.82]],[[32.098,2.841],[32.13,2.842],[32.143,2.82]],[[32.173,2.839],[32.179,2.834],[32.185,2.822],[32.189,2.81]],[[32.143,2.82],[32.149,2.808]],[[32.189,2.81],[32.179,2.81],[32.165,2.804],[32.15,2.811],[32.149,2.808]],[[32.222,2.779],[32.223,2.776]],[[32.189,2.81],[32.201,2.789],[32.223,2.776]],[[32.202,2.944],[32.204,2.896],[32.219,2.862],[32.214,2.827],[32.235,2.773]],[[32.236,2.77],[32.236,2.769]],[[32.235,2.773],[32.236,2.77]],[[32.236,2.769],[32.236,2.768]],[[32.223,2.776],[32.236,2.768]],[[32.236,2.768],[32.237,2.768]],[[32.236,2.768],[32.236,2.768]],[[32.149,2.808],[32.155,2.783],[32.154,2.776],[32.157,2.771],[32.157,2.765]],[[32.166,2.778],[32.157,2.765]],[[32.157,2.765],[32.14,2.763]],[[32.14,2.763],[32.14,2.763]],[[32.237,2.768],[32.229,2.762]],[[32.4,2.967],[32.412,2.96],[32.428,2.942],[32.431,2.917],[32.45,2.895]],[[32.45,2.895],[32.444,2.888],[32.411,2.866],[32.398,2.853],[32.377,2.837],[32.357,2.827]],[[32.357,2.827],[32.339,2.818],[32.328,2.809]],[[32.328,2.809],[32.326,2.812]],[[32.328,2.809],[32.302,2.786],[32.294,2.784]],[[32.362,2.78],[32.37,2.78]],[[32.294,2.784],[32.295,2.777]],[[32.288,2.776],[32.286,2.783],[32.276,2.796],[32.278,2.803]],[[32.332,2.773],[32.35,2.775],[32.362,2.78]],[[32.332,2.773],[32.298,2.772]],[[32.296,2.777],[32.292,2.775],[32.29,2.771]],[[32.298,2.77],[32.31,2.771]],[[32.29,2.771],[32.287,2.766]],[[32.287,2.766],[32.279,2.761]],[[32.279,2.761],[32.272,2.764]],[[32.279,2.761],[32.274,2.758]],[[32.294,2.761],[32.297,2.758]],[[32.302,2.758],[32.294,2.761]],[[32.283,2.757],[32.279,2.761]],[[32.122,2.742],[32.118,2.739],[32.112,2.741],[32.105,2.74]],[[32.105,2.74],[32.084,2.727]],[[32.084,2.727],[32.068,2.724]],[[32.068,2.724],[32.043,2.716],[32.034,2.711],[32.029,2.703]],[[32.029,2.703],[32.026,2.679]],[[32.175,2.605],[32.173,2.604]],[[32.175,2.605],[32.174,2.604]],[[32.173,2.604],[32.174,2.604]],[[32.174,2.604],[32.17,2.603]],[[32.174,2.604],[32.185,2.589],[32.199,2.578]],[[32.402,2.744],[32.418,2.698]],[[32.418,2.698],[32.418,2.698]],[[32.418,2.698],[32.418,2.698]],[[32.415,2.696],[32.418,2.698]],[[32.316,2.695],[32.333,2.687],[32.348,2.692],[32.361,2.694],[32.387,2.695],[32.409,2.691],[32.415,2.696]],[[32.418,2.698],[32.43,2.696],[32.442,2.691],[32.453,2.676],[32.467,2.669],[32.47,2.657]],[[32.47,2.657],[32.48,2.628],[32.477,2.615]],[[32.477,2.615],[32.472,2.605],[32.463,2.606],[32.446,2.599],[32.411,2.559],[32.416,2.542],[32.413,2.529]],[[32.356,2.57],[32.374,2.563],[32.39,2.553],[32.393,2.548],[32.394,2.538],[32.403,2.525],[32.413,2.529]],[[32.413,2.529],[32.422,2.532],[32.446,2.514]],[[32.446,2.514],[32.479,2.502]],[[32.479,2.502],[32.48,2.502]],[[32.48,2.502],[32.49,2.497]],[[32.934,2.976],[32.939,2.956]],[[32.939,2.956],[32.941,2.947]],[[32.941,2.947],[32.946,2.928]],[[32.946,2.928],[32.955,2.891],[32.956,2.87],[32.965,2.84],[32.959,2.768]],[[32.959,2.768],[32.959,2.767]],[[32.66,2.688],[32.649,2.682],[32.635,2.666],[32.607,2.655]],[[32.607,2.655],[32.605,2.644],[32.577,2.633],[32.558,2.633],[32.535,2.64]],[[32.535,2.64],[32.531,2.641],[32.518,2.63]],[[32.708,2.522],[32.709,2.524],[32.709,2.522]],[[32.703,2.512],[32.682,2.516],[32.67,2.515],[32.652,2.525]],[[32.703,2.512],[32.708,2.522]],[[32.703,2.512],[32.703,2.512]],[[32.709,2.522],[32.709,2.509]],[[32.709,2.509],[32.708,2.511],[32.703,2.512]],[[32.7,2.508],[32.703,2.512]],[[32.652,2.525],[32.622,2.568],[32.608,2.575],[32.598,2.576],[32.586,2.573],[32.542,2.549]],[[32.542,2.549],[32.518,2.537]],[[32.518,2.537],[32.505,2.531],[32.504,2.511],[32.501,2.502]],[[32.786,2.687],[32.777,2.685]],[[32.945,2.701],[32.925,2.7],[32.916,2.697],[32.911,2.699],[32.879,2.728],[32.865,2.73],[32.855,2.727],[32.838,2.713],[32.822,2.707],[32.798,2.693],[32.793,2.688],[32.786,2.687]],[[32.777,2.685],[32.752,2.682]],[[32.945,2.701],[32.942,2.681],[32.941,2.662],[32.935,2.639],[32.935,2.622],[32.941,2.614],[32.944,2.612]],[[32.847,2.605],[32.839,2.612]],[[32.911,2.497],[32.9,2.522],[32.894,2.546],[32.871,2.58],[32.847,2.605]],[[33.112,2.808],[33.111,2.821],[33.089,2.856]],[[33.112,2.808],[33.119,2.808],[33.127,2.799],[33.139,2.792],[33.161,2.786]],[[33.009,2.781],[33.013,2.786],[33.015,2.795],[33.03,2.807],[33.046,2.808],[33.062,2.806],[33.112,2.808]],[[33.313,2.785],[33.308,2.776],[33.307,2.766]],[[33.311,2.764],[33.307,2.766]],[[33.094,2.63],[33.077,2.622]],[[33.077,2.622],[33.06,2.616],[33.033,2.613],[33.009,2.599],[33.001,2.599]],[[33.486,2.742],[33.487,2.743]],[[33.481,2.742],[33.486,2.742]],[[33.464,2.739],[33.481,2.742]],[[33.751,2.821],[33.75,2.818]],[[33.75,2.818],[33.748,2.814],[33.742,2.813],[33.725,2.799]],[[33.881,2.934],[33.865,2.923]],[[33.865,2.923],[33.855,2.918]],[[33.855,2.918],[33.838,2.911],[33.836,2.904]],[[33.881,2.934],[33.882,2.93],[33.877,2.913],[33.886,2.896]],[[33.886,2.896],[33.891,2.878]],[[33.891,2.878],[33.89,2.875]],[[33.836,2.904],[33.825,2.889],[33.801,2.872]],[[33.801,2.872],[33.794,2.87],[33.786,2.863],[33.785,2.855]],[[33.891,2.878],[33.903,2.846]],[[33.903,2.846],[33.905,2.842]],[[33.785,2.855],[33.783,2.845],[33.779,2.842],[33.778,2.832]],[[33.778,2.832],[33.776,2.83],[33.767,2.828]],[[33.767,2.828],[33.754,2.831],[33.751,2.821]],[[33.751,2.821],[33.751,2.82]],[[33.905,2.842],[33.907,2.837],[33.904,2.78],[33.896,2.769]],[[33.896,2.769],[33.893,2.768]],[[33.642,2.714],[33.609,2.713],[33.555,2.721]],[[33.657,2.702],[33.642,2.714]],[[33.657,2.702],[33.654,2.685],[33.656,2.664],[33.66,2.647],[33.668,2.632]],[[33.72,2.594],[33.723,2.595]],[[33.668,2.632],[33.676,2.624],[33.678,2.616],[33.689,2.6],[33.712,2.588],[33.717,2.589],[33.72,2.594]],[[33.668,2.632],[33.646,2.585]],[[33.646,2.585],[33.646,2.585]],[[33.646,2.585],[33.607,2.599],[33.575,2.624]],[[33.646,2.585],[33.706,2.562]],[[33.706,2.562],[33.706,2.562]],[[33.646,2.585],[33.623,2.541],[33.618,2.517]],[[33.791,2.584],[33.786,2.582]],[[33.786,2.582],[33.771,2.591],[33.761,2.589]],[[33.792,2.576],[33.786,2.582]],[[33.794,2.573],[33.792,2.576]],[[33.881,2.498],[33.863,2.519],[33.841,2.534],[33.824,2.549],[33.807,2.559],[33.798,2.567],[33.794,2.573]],[[33.881,2.498],[33.809,2.517],[33.769,2.535]],[[34.0,2.501],[33.964,2.498]],[[34.001,2.501],[34.0,2.501]],[[33.964,2.498],[33.964,2.497]],[[34.221,2.971],[34.202,2.965],[34.192,2.97],[34.167,2.971],[34.15,2.966],[34.139,2.96]],[[34.139,2.96],[34.133,2.956],[34.13,2.957],[34.112,2.976],[34.111,2.982],[34.116,2.996]],[[34.221,2.971],[34.226,2.958],[34.218,2.944],[34.223,2.929],[34.221,2.922],[34.223,2.913],[34.221,2.887],[34.212,2.863]],[[34.304,2.608],[34.324,2.6],[34.327,2.585],[34.355,2.56],[34.36,2.55],[34.364,2.549]],[[34.736,2.621],[34.736,2.616],[34.719,2.604],[34.721,2.593],[34.707,2.595],[34.699,2.589],[34.68,2.588],[34.677,2.578],[34.682,2.567],[34.675,2.559],[34.663,2.555]],[[34.736,2.621],[34.729,2.613],[34.72,2.61],[34.713,2.604],[34.679,2.592],[34.672,2.579],[34.673,2.571],[34.667,2.566],[34.663,2.555]],[[34.663,2.555],[34.665,2.547]],[[34.665,2.547],[34.661,2.539]],[[34.663,2.555],[34.655,2.543],[34.661,2.539]],[[34.661,2.539],[34.658,2.534]],[[34.658,2.534],[34.658,2.533]],[[34.658,2.534],[34.663,2.532]],[[34.658,2.533],[34.657,2.531]],[[34.663,2.532],[34.662,2.531]],[[34.662,2.531],[34.658,2.533]],[[34.662,2.531],[34.661,2.529],[34.657,2.531]],[[34.667,2.528],[34.662,2.531]],[[34.663,2.532],[34.671,2.528],[34.667,2.528]],[[34.667,2.528],[34.669,2.526]],[[34.657,2.531],[34.655,2.521]],[[34.658,2.533],[34.601,2.512],[34.583,2.509],[34.565,2.504]],[[34.565,2.504],[34.55,2.499]],[[30.76,2.489],[30.76,2.489]],[[30.76,2.489],[30.761,2.486]],[[30.742,2.446],[30.744,2.444]],[[30.747,2.441],[30.748,2.439]],[[30.749,2.437],[30.75,2.437]],[[30.956,2.419],[30.946,2.419],[30.937,2.408],[30.923,2.397],[30.92,2.391]],[[30.92,2.391],[30.921,2.374]],[[30.921,2.374],[30.927,2.369],[30.926,2.359],[30.934,2.351],[30.936,2.337],[30.933,2.333]],[[31.09,2.479],[31.089,2.478]],[[31.089,2.478],[31.088,2.478]],[[31.088,2.478],[31.086,2.478]],[[31.086,2.478],[31.085,2.478]],[[31.085,2.478],[31.082,2.478]],[[31.082,2.478],[31.074,2.478]],[[31.074,2.478],[31.07,2.468],[31.066,2.468],[31.058,2.45],[31.053,2.446],[31.028,2.391]],[[31.028,2.391],[31.028,2.389]],[[31.028,2.389],[31.026,2.388]],[[31.2,2.35],[31.192,2.351]],[[31.126,2.36],[31.126,2.36]],[[31.126,2.36],[31.125,2.357]],[[31.125,2.357],[31.121,2.353],[31.116,2.335]],[[31.116,2.335],[31.115,2.326],[31.113,2.326]],[[31.026,2.388],[31.03,2.387]],[[31.03,2.387],[31.03,2.387]],[[31.03,2.387],[31.032,2.383],[31.03,2.377]],[[31.207,2.302],[31.211,2.3]],[[31.469,2.459],[31.458,2.453]],[[31.458,2.453],[31.458,2.452]],[[31.458,2.452],[31.458,2.449]],[[31.458,2.449],[31.453,2.436]],[[31.453,2.436],[31.454,2.421],[31.453,2.41],[31.444,2.387]],[[31.444,2.387],[31.44,2.375]],[[31.44,2.375],[31.436,2.367]],[[31.436,2.367],[31.422,2.355],[31.412,2.35]],[[31.412,2.35],[31.391,2.342]],[[31.391,2.342],[31.385,2.342],[31.376,2.338]],[[31.497,2.329],[31.497,2.327]],[[31.497,2.329],[31.484,2.323]],[[31.467,2.325],[31.484,2.323]],[[31.484,2.323],[31.48,2.317]],[[31.39,2.291],[31.396,2.295],[31.399,2.3],[31.415,2.308],[31.418,2.312],[31.426,2.313],[31.46,2.327],[31.467,2.325]],[[31.376,2.338],[31.376,2.338]],[[31.376,2.338],[31.367,2.332]],[[31.367,2.332],[31.365,2.331]],[[31.365,2.331],[31.358,2.324],[31.353,2.306],[31.336,2.29]],[[31.336,2.29],[31.336,2.29]],[[31.48,2.317],[31.449,2.31],[31.432,2.295],[31.41,2.282],[31.39,2.291]],[[31.48,2.317],[31.465,2.295],[31.437,2.275],[31.41,2.263],[31.4,2.247],[31.388,2.249],[31.374,2.267],[31.378,2.274],[31.388,2.28],[31.388,2.289],[31.39,2.291]],[[31.378,2.179],[31.378,2.179]],[[31.378,2.179],[31.386,2.176]],[[31.386,2.176],[31.391,2.174]],[[31.391,2.174],[31.397,2.168]],[[31.397,2.168],[31.403,2.157],[31.405,2.148]],[[31.405,2.148],[31.408,2.126],[31.411,2.118]],[[31.415,2.119],[31.414,2.119]],[[31.414,2.119],[31.412,2.119]],[[31.412,2.119],[31.412,2.118]],[[31.411,2.118],[31.412,2.118]],[[31.558,2.493],[31.551,2.479],[31.537,2.474],[31.529,2.462]],[[31.526,2.463],[31.527,2.461]],[[31.525,2.463],[31.527,2.461]],[[31.529,2.462],[31.528,2.46]],[[31.529,2.459],[31.528,2.46]],[[31.528,2.46],[31.527,2.459]],[[31.527,2.461],[31.527,2.459]],[[31.527,2.461],[31.527,2.459]],[[31.527,2.459],[31.528,2.457]],[[31.531,2.457],[31.528,2.458]],[[31.528,2.457],[31.528,2.456]],[[31.507,2.461],[31.508,2.459]],[[31.514,2.449],[31.505,2.456],[31.502,2.452],[31.504,2.45],[31.501,2.449]],[[31.521,2.453],[31.514,2.449]],[[31.514,2.449],[31.51,2.433],[31.514,2.422],[31.517,2.4],[31.524,2.388],[31.533,2.383],[31.539,2.373],[31.555,2.369],[31.562,2.357],[31.565,2.343]],[[31.595,2.345],[31.587,2.346],[31.581,2.341],[31.573,2.346],[31.565,2.343]],[[31.565,2.343],[31.562,2.339],[31.558,2.34],[31.556,2.336],[31.548,2.337],[31.535,2.332],[31.52,2.331]],[[31.595,2.345],[31.593,2.341],[31.596,2.335],[31.594,2.333],[31.595,2.329],[31.589,2.319],[31.592,2.313],[31.59,2.31]],[[31.59,2.31],[31.587,2.309],[31.578,2.292],[31.567,2.287]],[[31.564,2.283],[31.562,2.264],[31.564,2.247]],[[31.686,2.278],[31.689,2.275],[31.683,2.267],[31.691,2.247]],[[31.785,2.435],[31.783,2.433]],[[31.777,2.432],[31.777,2.43]],[[31.783,2.433],[31.777,2.43]],[[31.777,2.43],[31.773,2.429]],[[31.773,2.429],[31.768,2.424],[31.761,2.422],[31.759,2.414]],[[31.564,2.247],[31.563,2.222],[31.568,2.218]],[[31.691,2.247],[31.693,2.236],[31.699,2.23],[31.701,2.222],[31.686,2.184]],[[31.569,2.218],[31.572,2.216]],[[31.572,2.216],[31.606,2.206],[31.624,2.19],[31.632,2.188],[31.637,2.191],[31.647,2.191],[31.66,2.185],[31.68,2.186],[31.685,2.184]],[[31.685,2.184],[31.686,2.184]],[[31.686,2.184],[31.693,2.182],[31.698,2.178],[31.705,2.158]],[[32.383,2.444],[32.379,2.443]],[[32.492,2.413],[32.48,2.405]],[[32.48,2.405],[32.469,2.398]],[[32.469,2.398],[32.468,2.396]],[[32.468,2.396],[32.468,2.396]],[[32.383,2.444],[32.415,2.431],[32.426,2.418]],[[32.426,2.418],[32.429,2.413]],[[32.429,2.413],[32.432,2.409],[32.448,2.403]],[[32.448,2.403],[32.468,2.396]],[[32.468,2.396],[32.463,2.377]],[[32.391,2.375],[32.388,2.374]],[[32.388,2.374],[32.386,2.373]],[[32.385,2.324],[32.386,2.323]],[[32.196,2.246],[32.192,2.243]],[[32.143,2.242],[32.139,2.245],[32.137,2.245]],[[32.192,2.243],[32.184,2.247],[32.18,2.244],[32.159,2.244],[32.15,2.241],[32.143,2.242]],[[32.148,2.21],[32.155,2.215],[32.16,2.214],[32.177,2.199],[32.2,2.19],[32.216,2.174],[32.222,2.171]],[[32.222,2.171],[32.24,2.159]],[[32.338,2.247],[32.338,2.247]],[[32.338,2.247],[32.338,2.246]],[[32.373,2.218],[32.368,2.214]],[[32.368,2.214],[32.345,2.202]],[[32.339,2.227],[32.345,2.202]],[[32.345,2.202],[32.345,2.2]],[[32.345,2.2],[32.344,2.161],[32.336,2.143]],[[32.336,2.143],[32.333,2.135],[32.336,2.126]],[[32.336,2.126],[32.335,2.126]],[[32.33,2.124],[32.308,2.099]],[[32.336,2.126],[32.35,2.124],[32.355,2.116],[32.374,2.106]],[[32.374,2.106],[32.379,2.097]],[[32.384,2.074],[32.386,2.054]],[[32.379,2.097],[32.384,2.082],[32.384,2.076]],[[32.384,2.076],[32.384,2.074]],[[32.501,2.494],[32.502,2.493]],[[32.502,2.493],[32.541,2.475],[32.582,2.462],[32.623,2.434]],[[32.623,2.434],[32.618,2.431]],[[32.618,2.431],[32.602,2.416]],[[32.602,2.416],[32.595,2.412]],[[32.595,2.412],[32.589,2.41]],[[32.589,2.41],[32.573,2.403]],[[32.573,2.403],[32.561,2.401]],[[32.751,2.405],[32.73,2.392]],[[32.714,2.469],[32.716,2.438],[32.73,2.392]],[[32.714,2.496],[32.714,2.469]],[[32.73,2.392],[32.731,2.391]],[[32.561,2.401],[32.542,2.397]],[[32.542,2.397],[32.525,2.393]],[[32.525,2.393],[32.507,2.387]],[[32.507,2.387],[32.507,2.387]],[[32.573,2.403],[32.574,2.387]],[[32.563,2.394],[32.561,2.401]],[[32.574,2.386],[32.568,2.389],[32.563,2.394]],[[32.574,2.387],[32.574,2.386]],[[32.73,2.392],[32.715,2.383]],[[32.715,2.383],[32.709,2.379]],[[32.709,2.379],[32.709,2.379]],[[32.711,2.377],[32.71,2.377]],[[32.709,2.379],[32.71,2.377]],[[32.709,2.379],[32.709,2.376]],[[32.71,2.377],[32.71,2.376]],[[32.651,2.397],[32.655,2.387],[32.667,2.375]],[[32.623,2.434],[32.647,2.404]],[[32.647,2.404],[32.651,2.397]],[[32.709,2.379],[32.693,2.366]],[[32.693,2.366],[32.691,2.365]],[[32.667,2.375],[32.682,2.359]],[[32.691,2.365],[32.684,2.358]],[[32.684,2.358],[32.682,2.359]],[[32.684,2.358],[32.682,2.357]],[[32.682,2.359],[32.682,2.357]],[[32.682,2.357],[32.683,2.348]],[[32.683,2.348],[32.665,2.318]],[[32.665,2.318],[32.657,2.321],[32.648,2.32],[32.642,2.33]],[[32.642,2.33],[32.642,2.33]],[[32.665,2.318],[32.665,2.317]],[[32.665,2.317],[32.665,2.316]],[[32.683,2.348],[32.687,2.316]],[[32.728,2.294],[32.69,2.284]],[[32.687,2.316],[32.69,2.284]],[[32.69,2.284],[32.683,2.282],[32.68,2.277]],[[32.54,2.28],[32.537,2.276]],[[32.535,2.276],[32.537,2.276]],[[32.537,2.276],[32.536,2.274]],[[32.536,2.274],[32.535,2.276]],[[32.521,2.271],[32.53,2.28],[32.535,2.276]],[[32.507,2.387],[32.514,2.37],[32.516,2.357]],[[32.516,2.357],[32.514,2.32]],[[32.514,2.32],[32.51,2.304],[32.513,2.292]],[[32.513,2.292],[32.515,2.288]],[[32.515,2.288],[32.521,2.271]],[[32.536,2.274],[32.54,2.261],[32.55,2.261]],[[32.55,2.261],[32.553,2.258]],[[32.612,2.282],[32.597,2.273],[32.568,2.263],[32.556,2.255]],[[32.553,2.258],[32.556,2.255]],[[32.556,2.255],[32.547,2.247]],[[32.911,2.497],[32.92,2.492],[32.935,2.488]],[[32.873,2.439],[32.829,2.44]],[[32.829,2.44],[32.823,2.437]],[[32.828,2.45],[32.823,2.437]],[[32.935,2.488],[32.936,2.466],[32.941,2.451],[32.935,2.437]],[[32.9,2.438],[32.873,2.439]],[[32.935,2.437],[32.9,2.438]],[[32.823,2.437],[32.801,2.428]],[[32.76,2.457],[32.801,2.428]],[[32.801,2.428],[32.796,2.427]],[[32.796,2.427],[32.752,2.406]],[[32.752,2.406],[32.751,2.405]],[[32.751,2.405],[32.751,2.405]],[[32.829,2.44],[32.842,2.414],[32.865,2.391]],[[32.865,2.391],[32.868,2.388]],[[32.935,2.437],[32.931,2.428],[32.938,2.403],[32.933,2.384],[32.936,2.37],[32.935,2.364]],[[32.868,2.388],[32.878,2.38],[32.893,2.359]],[[32.935,2.364],[32.933,2.348]],[[32.933,2.348],[32.933,2.331],[32.928,2.316]],[[32.893,2.359],[32.902,2.349]],[[32.905,2.338],[32.905,2.335]],[[32.902,2.349],[32.905,2.338]],[[32.905,2.335],[32.909,2.318],[32.916,2.308],[32.924,2.302]],[[32.922,2.296],[32.919,2.294]],[[32.919,2.294],[32.921,2.293]],[[32.886,2.26],[32.886,2.257]],[[32.897,2.258],[32.896,2.257]],[[32.897,2.258],[32.898,2.257]],[[32.895,2.257],[32.896,2.257]],[[32.895,2.257],[32.897,2.258]],[[32.898,2.257],[32.899,2.257]],[[32.898,2.257],[32.899,2.257]],[[32.896,2.257],[32.896,2.256]],[[32.896,2.256],[32.895,2.257]],[[32.89,2.265],[32.89,2.256]],[[32.899,2.257],[32.899,2.256]],[[32.896,2.257],[32.899,2.256]],[[32.899,2.256],[32.898,2.255]],[[32.898,2.255],[32.896,2.256]],[[32.864,2.264],[32.843,2.254]],[[32.898,2.255],[32.897,2.254]],[[32.902,2.254],[32.901,2.253]],[[32.901,2.253],[32.898,2.255]],[[32.903,2.252],[32.901,2.253]],[[32.901,2.253],[32.9,2.252]],[[32.918,2.249],[32.917,2.252]],[[32.918,2.248],[32.918,2.249]],[[32.904,2.254],[32.908,2.252],[32.914,2.253],[32.918,2.248]],[[32.905,2.248],[32.905,2.248]],[[32.901,2.248],[32.905,2.248]],[[32.905,2.248],[32.906,2.248]],[[32.843,2.254],[32.832,2.248]],[[32.906,2.248],[32.911,2.247]],[[32.917,2.247],[32.918,2.248]],[[32.547,2.247],[32.532,2.238]],[[32.532,2.238],[32.53,2.246]],[[32.532,2.238],[32.529,2.237]],[[32.529,2.237],[32.531,2.237]],[[32.533,2.236],[32.532,2.238]],[[32.531,2.237],[32.533,2.236]],[[32.533,2.236],[32.558,2.208]],[[32.563,2.205],[32.578,2.2]],[[32.558,2.208],[32.563,2.205]],[[32.587,2.199],[32.578,2.2]],[[32.587,2.199],[32.585,2.195]],[[32.578,2.2],[32.585,2.195]],[[32.725,2.232],[32.748,2.199],[32.745,2.188]],[[32.585,2.195],[32.58,2.188]],[[32.745,2.188],[32.751,2.189]],[[32.745,2.188],[32.745,2.188]],[[32.58,2.188],[32.566,2.161]],[[32.509,2.092],[32.518,2.045],[32.523,2.034]],[[32.677,2.077],[32.688,2.069],[32.712,2.031]],[[32.712,2.031],[32.72,2.016]],[[32.72,2.016],[32.719,2.011]],[[32.523,2.034],[32.53,2.004]],[[32.719,2.011],[32.715,1.999]],[[32.907,2.243],[32.909,2.241]],[[32.909,2.241],[32.91,2.237]],[[32.91,2.237],[32.911,2.235]],[[32.911,2.235],[32.907,2.235]],[[32.904,2.236],[32.904,2.233]],[[32.908,2.233],[32.904,2.233]],[[32.896,2.233],[32.895,2.232]],[[32.895,2.232],[32.895,2.232]],[[32.894,2.233],[32.895,2.232]],[[32.897,2.23],[32.896,2.233]],[[32.896,2.233],[32.897,2.23]],[[32.895,2.232],[32.897,2.23]],[[32.904,2.233],[32.903,2.229]],[[32.918,2.245],[32.921,2.238],[32.916,2.223]],[[32.911,2.235],[32.916,2.223]],[[32.892,2.235],[32.868,2.209]],[[32.916,2.223],[32.929,2.19]],[[32.929,2.19],[32.931,2.186]],[[32.865,2.205],[32.854,2.183],[32.845,2.149],[32.841,2.146]],[[32.868,2.209],[32.865,2.205]],[[32.842,2.146],[32.841,2.146]],[[32.841,2.146],[32.83,2.141]],[[32.915,2.173],[32.918,2.162]],[[32.913,2.177],[32.915,2.173]],[[32.918,2.162],[32.929,2.132]],[[32.83,2.141],[32.785,2.122],[32.771,2.107],[32.765,2.096]],[[32.765,2.096],[32.755,2.056]],[[32.929,2.132],[32.952,2.059]],[[32.952,2.059],[32.959,2.038]],[[32.959,2.038],[32.965,2.021]],[[32.812,2.001],[32.774,2.005]],[[33.038,2.401],[33.042,2.4]],[[33.042,2.4],[33.064,2.385]],[[33.177,2.275],[33.177,2.274]],[[33.177,2.274],[33.176,2.274]],[[33.064,2.385],[33.075,2.376],[33.083,2.373],[33.171,2.283],[33.176,2.274]],[[33.177,2.275],[33.177,2.274]],[[33.177,2.274],[33.177,2.274]],[[33.394,2.486],[33.381,2.47],[33.372,2.468],[33.37,2.464]],[[33.37,2.464],[33.36,2.457],[33.344,2.43]],[[33.325,2.404],[33.322,2.404],[33.306,2.419],[33.282,2.424],[33.256,2.433]],[[33.454,2.418],[33.443,2.406],[33.435,2.403],[33.396,2.409],[33.349,2.402]],[[33.344,2.43],[33.349,2.402]],[[33.338,2.402],[33.325,2.404]],[[33.349,2.402],[33.346,2.4]],[[33.346,2.4],[33.338,2.402]],[[33.346,2.4],[33.353,2.394],[33.355,2.383]],[[33.025,2.241],[33.026,2.221]],[[33.224,2.147],[33.224,2.147]],[[33.026,2.221],[33.033,2.198],[33.031,2.166],[33.024,2.129],[33.013,2.111],[33.005,2.107]],[[33.224,2.147],[33.22,2.108],[33.213,2.089]],[[33.213,2.089],[33.211,2.06]],[[33.211,2.06],[33.215,2.048]],[[33.215,2.048],[33.208,2.034]],[[33.251,2.008],[33.227,2.028],[33.215,2.048]],[[33.396,2.242],[33.396,2.241]],[[33.396,2.241],[33.392,2.238]],[[33.379,2.243],[33.392,2.238]],[[33.392,2.238],[33.393,2.238]],[[33.396,2.241],[33.394,2.236]],[[33.393,2.238],[33.394,2.236]],[[33.321,2.247],[33.347,2.236],[33.379,2.243]],[[33.394,2.236],[33.391,2.225]],[[33.391,2.225],[33.39,2.224]],[[33.39,2.224],[33.374,2.207]],[[33.367,2.223],[33.353,2.21],[33.348,2.199],[33.329,2.199],[33.322,2.19],[33.322,2.182]],[[33.322,2.182],[33.316,2.196]],[[33.374,2.207],[33.366,2.191],[33.367,2.171],[33.36,2.15]],[[33.322,2.143],[33.317,2.143]],[[33.327,2.142],[33.322,2.143]],[[33.36,2.15],[33.341,2.137]],[[33.322,2.182],[33.326,2.175],[33.325,2.153],[33.341,2.137]],[[33.341,2.137],[33.34,2.137]],[[33.476,2.045],[33.468,2.043]],[[33.468,2.043],[33.453,2.04]],[[33.42,2.053],[33.393,2.038]],[[33.393,2.038],[33.392,2.037]],[[33.392,2.037],[33.387,2.034]],[[33.368,2.021],[33.346,2.006],[33.325,1.997]],[[33.387,2.034],[33.368,2.021]],[[33.251,2.009],[33.263,1.997]],[[33.575,2.481],[33.574,2.481]],[[33.911,2.493],[33.91,2.493]],[[33.915,2.493],[33.911,2.493]],[[33.91,2.493],[33.89,2.495]],[[33.89,2.495],[33.888,2.492]],[[33.874,2.497],[33.869,2.494],[33.853,2.49],[33.809,2.486]],[[33.809,2.486],[33.787,2.478],[33.776,2.472]],[[33.809,2.486],[33.787,2.47]],[[33.907,2.356],[33.898,2.351]],[[33.898,2.351],[33.896,2.349]],[[33.907,2.356],[33.901,2.348]],[[33.88,2.325],[33.862,2.314]],[[33.901,2.348],[33.891,2.331],[33.88,2.325]],[[33.873,2.329],[33.862,2.314]],[[33.896,2.349],[33.873,2.329]],[[33.862,2.314],[33.861,2.311]],[[33.823,2.36],[33.803,2.315],[33.784,2.289]],[[33.915,2.493],[33.904,2.461],[33.903,2.453],[33.875,2.433],[33.864,2.419],[33.85,2.385],[33.84,2.373],[33.823,2.36]],[[33.915,2.493],[33.915,2.493]],[[33.787,2.308],[33.784,2.298],[33.784,2.289]],[[33.784,2.289],[33.781,2.285]],[[33.781,2.285],[33.775,2.277],[33.762,2.247]],[[33.573,2.227],[33.591,2.202]],[[33.591,2.202],[33.618,2.198]],[[33.618,2.198],[33.641,2.195]],[[33.748,2.218],[33.733,2.182]],[[33.591,2.202],[33.609,2.176]],[[33.733,2.182],[33.712,2.117]],[[33.751,2.057],[33.751,2.057]],[[33.751,2.057],[33.749,2.056]],[[33.574,2.055],[33.559,2.059]],[[33.712,2.117],[33.69,2.054]],[[33.751,2.057],[33.69,2.054]],[[33.559,2.059],[33.544,2.06],[33.514,2.053]],[[33.589,2.05],[33.574,2.055]],[[33.69,2.054],[33.677,2.048]],[[33.677,2.048],[33.675,2.047]],[[33.609,2.176],[33.61,2.167],[33.6,2.139],[33.6,2.101],[33.595,2.074],[33.601,2.047]],[[33.601,2.047],[33.589,2.05]],[[33.675,2.047],[33.672,2.045]],[[33.611,2.044],[33.601,2.047]],[[33.616,2.042],[33.611,2.044]],[[33.611,2.044],[33.611,2.039]],[[33.611,2.039],[33.611,2.038]],[[33.643,2.03],[33.616,2.042]],[[33.645,2.03],[33.643,2.03]],[[33.672,2.045],[33.645,2.03]],[[33.749,2.056],[33.711,2.016],[33.705,1.997]],[[33.753,2.227],[33.762,2.247]],[[33.838,2.231],[33.788,2.223],[33.753,2.227]],[[33.982,2.111],[34.001,2.11]],[[33.799,2.072],[33.8,2.072]],[[33.799,2.072],[33.783,2.069]],[[33.783,2.069],[33.778,2.068]],[[33.778,2.068],[33.752,2.057]],[[33.752,2.057],[33.751,2.056]],[[33.986,2.03],[33.965,2.013]],[[33.965,2.013],[33.965,2.012]],[[33.965,2.012],[33.964,2.012]],[[34.19,2.496],[34.154,2.497]],[[34.154,2.497],[34.143,2.478],[34.113,2.445],[34.1,2.426],[34.077,2.405]],[[34.198,2.429],[34.189,2.427],[34.168,2.431],[34.148,2.424],[34.14,2.424],[34.127,2.413],[34.108,2.405],[34.079,2.405]],[[34.079,2.405],[34.077,2.405]],[[34.079,2.405],[34.079,2.404]],[[34.014,2.392],[34.014,2.391]],[[34.014,2.392],[34.014,2.391]],[[34.014,2.391],[34.014,2.391]],[[34.077,2.405],[34.065,2.397],[34.042,2.388],[34.027,2.387],[34.014,2.391]],[[34.102,2.382],[34.093,2.385],[34.079,2.404]],[[34.079,2.404],[34.069,2.379],[34.068,2.366],[34.071,2.361],[34.084,2.353],[34.085,2.35]],[[34.014,2.391],[34.018,2.362],[34.016,2.34]],[[34.149,2.333],[34.143,2.324]],[[34.14,2.319],[34.121,2.303],[34.061,2.286],[34.035,2.275],[34.017,2.275],[34.001,2.271]],[[34.325,2.479],[34.324,2.479]],[[34.336,2.48],[34.325,2.479]],[[34.325,2.479],[34.324,2.478]],[[34.324,2.478],[34.324,2.479]],[[34.496,2.477],[34.495,2.476]],[[34.392,2.472],[34.383,2.481],[34.363,2.488],[34.353,2.487],[34.346,2.481],[34.336,2.48]],[[34.495,2.476],[34.474,2.457]],[[34.496,2.477],[34.48,2.441]],[[34.474,2.457],[34.473,2.453],[34.48,2.441]],[[34.48,2.441],[34.477,2.432],[34.468,2.422]],[[34.404,2.416],[34.403,2.429],[34.395,2.437],[34.391,2.457],[34.392,2.472]],[[34.404,2.416],[34.401,2.411]],[[34.401,2.411],[34.375,2.412],[34.374,2.417],[34.379,2.425],[34.379,2.436],[34.371,2.443],[34.366,2.443],[34.359,2.438],[34.352,2.436],[34.334,2.443],[34.33,2.452],[34.332,2.463],[34.324,2.478]],[[34.403,2.41],[34.404,2.416]],[[34.403,2.41],[34.401,2.411]],[[34.468,2.422],[34.427,2.426],[34.407,2.405]],[[34.407,2.405],[34.403,2.41]],[[34.236,2.164],[34.226,2.122]],[[34.226,2.122],[34.228,2.114]],[[34.228,2.114],[34.229,2.11]],[[34.229,2.11],[34.226,2.099]],[[34.226,2.099],[34.235,2.087]],[[34.214,2.095],[34.196,2.092],[34.188,2.086]],[[34.226,2.099],[34.214,2.095]],[[34.045,2.077],[34.043,2.077]],[[34.047,2.076],[34.045,2.077]],[[34.188,2.086],[34.176,2.075]],[[34.083,2.072],[34.047,2.076]],[[34.043,2.077],[34.015,2.054]],[[34.176,2.075],[34.15,2.052]],[[34.015,2.054],[34.011,2.051]],[[34.15,2.052],[34.148,2.05]],[[34.148,2.05],[34.147,2.049]],[[34.154,2.049],[34.149,2.048]],[[34.148,2.05],[34.149,2.048]],[[34.147,2.049],[34.14,2.043]],[[34.149,2.048],[34.148,2.042]],[[34.14,2.043],[34.12,2.024]],[[34.047,2.076],[34.077,2.019],[34.083,1.997]],[[34.269,2.242],[34.258,2.223]],[[34.394,2.131],[34.348,2.161],[34.316,2.19],[34.312,2.192],[34.303,2.203],[34.258,2.223]],[[34.421,2.115],[34.394,2.131]],[[34.43,2.112],[34.421,2.115]],[[34.475,2.096],[34.43,2.112]],[[34.486,2.092],[34.475,2.096]],[[34.578,2.36],[34.578,2.357]],[[34.566,2.358],[34.549,2.357],[34.53,2.364],[34.525,2.371]],[[34.578,2.357],[34.566,2.358]],[[34.578,2.357],[34.58,2.352]],[[34.655,2.233],[34.658,2.227],[34.659,2.216],[34.672,2.206],[34.676,2.194],[34.682,2.187],[34.679,2.181],[34.683,2.162],[34.694,2.148]],[[34.694,2.148],[34.707,2.138],[34.718,2.101],[34.717,2.096],[34.725,2.087],[34.727,2.079]],[[34.694,2.148],[34.692,2.147],[34.691,2.142],[34.693,2.124],[34.687,2.104],[34.684,2.101],[34.678,2.101],[34.674,2.098],[34.66,2.078],[34.654,2.077],[34.65,2.081],[34.643,2.081],[34.64,2.084],[34.623,2.089],[34.618,2.088],[34.605,2.077],[34.593,2.074]],[[34.593,2.074],[34.591,2.074]],[[34.546,2.064],[34.531,2.076],[34.505,2.084]],[[34.591,2.074],[34.561,2.066],[34.554,2.06],[34.548,2.061],[34.546,2.064]],[[34.591,2.074],[34.579,2.064],[34.574,2.054]],[[34.574,2.054],[34.572,2.049]],[[34.897,2.208],[34.909,2.184],[34.916,2.162],[34.918,2.149],[34.905,2.144],[34.899,2.129],[34.888,2.109],[34.9,2.094],[34.904,2.077],[34.913,2.072],[34.913,2.027],[34.922,2.008],[34.924,1.997]],[[31.321,1.824],[31.321,1.828]],[[31.323,1.821],[31.321,1.824]],[[31.327,1.819],[31.323,1.821]],[[31.321,1.824],[31.32,1.818],[31.327,1.819]],[[31.361,1.814],[31.356,1.81]],[[31.356,1.81],[31.347,1.815],[31.335,1.815],[31.327,1.819]],[[31.362,1.811],[31.356,1.81]],[[31.356,1.81],[31.356,1.81]],[[31.373,1.799],[31.356,1.81]],[[31.374,1.799],[31.373,1.799]],[[31.385,1.791],[31.375,1.798]],[[31.385,1.791],[31.375,1.779],[31.381,1.78],[31.38,1.778]],[[31.38,1.778],[31.379,1.773],[31.384,1.772],[31.385,1.765],[31.396,1.77],[31.398,1.764],[31.412,1.765],[31.418,1.761]],[[31.501,1.693],[31.495,1.687]],[[31.311,1.623],[31.311,1.622]],[[31.311,1.622],[31.308,1.616]],[[31.501,1.678],[31.494,1.675],[31.488,1.66]],[[31.488,1.66],[31.483,1.648],[31.469,1.641]],[[31.469,1.641],[31.46,1.632],[31.459,1.625],[31.446,1.61]],[[31.444,1.608],[31.443,1.606]],[[31.446,1.61],[31.444,1.608]],[[31.443,1.606],[31.434,1.597],[31.43,1.589]],[[31.43,1.589],[31.425,1.574]],[[31.443,1.606],[31.451,1.597]],[[31.451,1.597],[31.451,1.593],[31.448,1.59],[31.447,1.584],[31.44,1.57]],[[31.425,1.574],[31.424,1.567],[31.412,1.548],[31.405,1.541],[31.394,1.522]],[[31.35,1.515],[31.361,1.518],[31.372,1.528],[31.374,1.525],[31.375,1.529],[31.378,1.529],[31.386,1.521],[31.394,1.522]],[[31.35,1.522],[31.351,1.521]],[[31.351,1.521],[31.35,1.516]],[[31.35,1.516],[31.35,1.515]],[[31.394,1.522],[31.402,1.512]],[[31.402,1.512],[31.402,1.512]],[[31.35,1.515],[31.339,1.51],[31.331,1.511]],[[31.718,1.997],[31.705,1.983],[31.703,1.977],[31.704,1.972],[31.714,1.96],[31.715,1.948],[31.712,1.934],[31.719,1.914],[31.714,1.906],[31.715,1.899],[31.708,1.884],[31.71,1.858],[31.707,1.843]],[[31.707,1.843],[31.709,1.836],[31.706,1.825]],[[31.706,1.825],[31.707,1.808]],[[31.707,1.808],[31.714,1.794],[31.712,1.788],[31.714,1.779]],[[32.001,1.807],[31.991,1.805],[31.981,1.801]],[[31.981,1.801],[31.955,1.789],[31.934,1.791]],[[31.926,1.791],[31.903,1.798],[31.884,1.793]],[[31.884,1.793],[31.879,1.789]],[[31.934,1.791],[31.926,1.791]],[[31.879,1.789],[31.877,1.788]],[[31.877,1.788],[31.866,1.784]],[[31.866,1.784],[31.852,1.779]],[[31.852,1.779],[31.852,1.779]],[[31.934,1.791],[31.941,1.758],[31.949,1.748],[31.951,1.739]],[[31.951,1.739],[31.951,1.739]],[[31.503,1.697],[31.501,1.693]],[[31.711,1.694],[31.709,1.693]],[[31.709,1.693],[31.708,1.692]],[[31.718,1.694],[31.715,1.69]],[[31.718,1.694],[31.722,1.693],[31.724,1.691],[31.72,1.692],[31.717,1.69]],[[31.718,1.694],[31.718,1.694]],[[31.715,1.69],[31.715,1.69]],[[31.715,1.69],[31.711,1.694]],[[31.717,1.69],[31.715,1.69]],[[31.708,1.692],[31.706,1.687]],[[31.717,1.69],[31.717,1.686]],[[31.717,1.686],[31.715,1.69]],[[31.717,1.686],[31.718,1.686]],[[31.718,1.686],[31.72,1.684]],[[31.718,1.686],[31.717,1.684]],[[31.719,1.683],[31.72,1.684]],[[31.717,1.684],[31.719,1.683]],[[31.706,1.687],[31.704,1.682]],[[31.538,1.7],[31.541,1.681]],[[31.704,1.682],[31.704,1.682]],[[31.704,1.682],[31.703,1.681]],[[31.703,1.681],[31.703,1.681]],[[31.541,1.681],[31.541,1.68]],[[31.72,1.684],[31.729,1.678]],[[31.541,1.68],[31.541,1.68]],[[31.541,1.68],[31.54,1.677]],[[31.54,1.677],[31.54,1.677]],[[31.54,1.677],[31.54,1.677]],[[31.54,1.677],[31.539,1.677]],[[31.544,1.676],[31.54,1.677]],[[31.729,1.678],[31.729,1.678]],[[31.729,1.678],[31.731,1.676]],[[31.539,1.677],[31.539,1.677]],[[31.539,1.677],[31.538,1.675]],[[31.621,1.664],[31.619,1.664]],[[31.638,1.656],[31.625,1.659],[31.621,1.664]],[[31.611,1.646],[31.609,1.643]],[[31.609,1.643],[31.607,1.64]],[[31.607,1.64],[31.607,1.639]],[[31.607,1.635],[31.61,1.637],[31.607,1.639]],[[31.599,1.633],[31.6,1.63]],[[31.607,1.635],[31.601,1.629]],[[31.6,1.63],[31.601,1.629]],[[31.701,1.636],[31.691,1.628]],[[31.691,1.628],[31.691,1.628]],[[31.691,1.628],[31.686,1.624]],[[31.556,1.631],[31.553,1.618],[31.557,1.603]],[[31.686,1.624],[31.665,1.61],[31.66,1.602]],[[31.66,1.602],[31.659,1.602]],[[31.61,1.618],[31.617,1.606],[31.636,1.601]],[[31.636,1.601],[31.636,1.601]],[[31.636,1.601],[31.639,1.597]],[[31.659,1.602],[31.652,1.597]],[[31.652,1.597],[31.639,1.597]],[[31.659,1.602],[31.66,1.596]],[[31.557,1.603],[31.559,1.589],[31.554,1.576]],[[31.639,1.597],[31.631,1.584],[31.618,1.574]],[[31.618,1.574],[31.605,1.554],[31.603,1.546],[31.583,1.533]],[[31.555,1.559],[31.553,1.536],[31.555,1.529],[31.552,1.518]],[[31.583,1.533],[31.579,1.529],[31.566,1.527],[31.555,1.518],[31.552,1.518]],[[31.552,1.518],[31.534,1.509]],[[31.534,1.509],[31.531,1.507]],[[31.531,1.507],[31.518,1.504]],[[31.515,1.503],[31.509,1.498]],[[31.518,1.504],[31.515,1.503]],[[31.98,1.717],[31.973,1.721],[31.963,1.731],[31.951,1.739]],[[31.996,1.713],[31.98,1.717]],[[32.219,1.946],[32.24,1.94]],[[32.13,1.94],[32.152,1.946],[32.168,1.939],[32.219,1.946]],[[32.074,1.891],[32.069,1.896]],[[32.11,1.926],[32.092,1.899],[32.076,1.888]],[[32.076,1.888],[32.074,1.891]],[[32.076,1.888],[32.071,1.88],[32.065,1.877]],[[32.011,1.809],[32.005,1.808]],[[32.005,1.808],[32.001,1.807]],[[32.407,1.932],[32.385,1.907],[32.375,1.89]],[[32.375,1.89],[32.352,1.894]],[[32.375,1.89],[32.352,1.85]],[[32.352,1.85],[32.343,1.834],[32.325,1.822],[32.281,1.806]],[[32.492,1.833],[32.458,1.817],[32.446,1.818],[32.422,1.809],[32.41,1.803],[32.376,1.776]],[[32.352,1.85],[32.374,1.81],[32.376,1.776]],[[32.376,1.776],[32.376,1.775]],[[32.376,1.775],[32.376,1.763]],[[32.179,1.702],[32.153,1.711],[32.133,1.707],[32.118,1.719]],[[32.181,1.702],[32.179,1.702]],[[32.118,1.719],[32.106,1.7]],[[32.1,1.699],[32.106,1.7]],[[32.106,1.7],[32.105,1.699]],[[32.105,1.699],[32.102,1.693],[32.099,1.693]],[[32.093,1.695],[32.029,1.71]],[[32.09,1.529],[32.042,1.541]],[[32.132,1.519],[32.113,1.526],[32.09,1.529]],[[32.207,1.504],[32.193,1.506],[32.173,1.503]],[[32.173,1.503],[32.159,1.505],[32.144,1.516],[32.132,1.519]],[[32.405,1.722],[32.39,1.72]],[[32.278,1.675],[32.251,1.679]],[[32.282,1.675],[32.278,1.675]],[[32.314,1.673],[32.286,1.689]],[[32.314,1.673],[32.282,1.675]],[[32.39,1.72],[32.397,1.701],[32.395,1.699],[32.361,1.674],[32.334,1.668]],[[32.322,1.668],[32.314,1.673]],[[32.334,1.668],[32.327,1.667]],[[32.327,1.667],[32.322,1.668]],[[32.447,1.518],[32.442,1.518]],[[32.455,1.518],[32.447,1.518]],[[32.463,1.518],[32.455,1.518]],[[32.442,1.518],[32.435,1.519],[32.412,1.512]],[[32.412,1.512],[32.406,1.511]],[[32.406,1.511],[32.387,1.507]],[[32.387,1.507],[32.378,1.506]],[[32.378,1.506],[32.355,1.504]],[[32.355,1.504],[32.339,1.503]],[[32.724,1.997],[32.72,1.995]],[[32.72,1.995],[32.718,1.994]],[[32.72,1.995],[32.723,1.993]],[[32.54,1.987],[32.534,1.985]],[[32.622,1.972],[32.554,1.986],[32.54,1.987]],[[32.701,1.98],[32.699,1.969]],[[32.641,1.969],[32.622,1.972]],[[32.66,1.966],[32.641,1.969]],[[32.701,1.98],[32.681,1.968],[32.67,1.965],[32.66,1.966]],[[32.723,1.993],[32.744,1.954],[32.751,1.935]],[[32.699,1.969],[32.691,1.919]],[[32.534,1.985],[32.534,1.93],[32.54,1.906]],[[32.691,1.919],[32.688,1.905],[32.681,1.89]],[[32.681,1.89],[32.679,1.888]],[[32.679,1.888],[32.678,1.886]],[[32.54,1.906],[32.549,1.875]],[[32.549,1.875],[32.554,1.872]],[[32.678,1.886],[32.673,1.871]],[[32.673,1.871],[32.671,1.863]],[[32.673,1.871],[32.666,1.866],[32.659,1.857]],[[32.549,1.875],[32.539,1.87],[32.521,1.854]],[[32.659,1.857],[32.654,1.853]],[[32.554,1.872],[32.571,1.852],[32.593,1.847],[32.626,1.845]],[[32.654,1.853],[32.642,1.843],[32.642,1.831]],[[32.626,1.845],[32.642,1.831]],[[32.642,1.831],[32.648,1.823],[32.661,1.818]],[[32.642,1.831],[32.636,1.82],[32.638,1.803]],[[32.657,1.787],[32.658,1.787]],[[32.638,1.803],[32.639,1.796],[32.653,1.786]],[[32.979,1.974],[32.979,1.974]],[[32.979,1.974],[32.98,1.971]],[[32.98,1.971],[32.981,1.966],[32.976,1.953]],[[32.976,1.953],[32.965,1.923],[32.966,1.917]],[[32.751,1.935],[32.756,1.927],[32.769,1.915],[32.775,1.907]],[[32.966,1.917],[32.972,1.898]],[[32.775,1.907],[32.789,1.889],[32.79,1.871]],[[32.775,1.907],[32.777,1.898],[32.79,1.871]],[[32.958,1.941],[32.923,1.906],[32.896,1.89],[32.882,1.886],[32.858,1.89],[32.84,1.88],[32.809,1.88],[32.797,1.871]],[[32.976,1.953],[32.958,1.941]],[[32.797,1.871],[32.792,1.866]],[[32.79,1.871],[32.792,1.866]],[[32.792,1.866],[32.797,1.853]],[[32.985,1.826],[32.978,1.827]],[[32.822,1.827],[32.823,1.802],[32.846,1.757],[32.844,1.753]],[[32.844,1.753],[32.844,1.747]],[[32.717,1.587],[32.71,1.573],[32.708,1.559],[32.7,1.539]],[[32.7,1.539],[32.697,1.533],[32.681,1.521]],[[32.639,1.584],[32.628,1.558],[32.626,1.511]],[[32.515,1.512],[32.511,1.504]],[[32.681,1.521],[32.639,1.503],[32.633,1.505],[32.625,1.502]],[[32.626,1.511],[32.625,1.502]],[[32.511,1.504],[32.509,1.497]],[[32.838,1.747],[32.829,1.738]],[[32.844,1.747],[32.845,1.717]],[[32.912,1.721],[32.908,1.716]],[[32.829,1.738],[32.797,1.705],[32.773,1.705]],[[32.845,1.717],[32.845,1.702]],[[32.845,1.702],[32.845,1.693]],[[33.0,1.69],[33.001,1.689]],[[32.908,1.716],[32.887,1.688]],[[32.845,1.693],[32.844,1.686]],[[32.887,1.688],[32.863,1.659]],[[32.863,1.659],[32.859,1.652],[32.856,1.64]],[[32.856,1.64],[32.849,1.639]],[[32.849,1.639],[32.844,1.638]],[[32.844,1.686],[32.846,1.677],[32.844,1.638]],[[32.844,1.638],[32.818,1.634]],[[32.773,1.705],[32.782,1.693],[32.804,1.651],[32.818,1.634]],[[32.921,1.632],[32.879,1.641],[32.856,1.64]],[[33.001,1.674],[32.996,1.672]],[[32.956,1.648],[32.945,1.642]],[[32.996,1.672],[32.956,1.648]],[[32.945,1.642],[32.926,1.631]],[[32.926,1.631],[32.926,1.631]],[[32.926,1.631],[32.921,1.632]],[[32.818,1.634],[32.829,1.618],[32.849,1.603]],[[32.926,1.631],[32.903,1.599],[32.897,1.582]],[[32.849,1.603],[32.875,1.584],[32.877,1.577]],[[32.897,1.582],[32.888,1.564],[32.888,1.559]],[[33.196,1.988],[33.18,1.96],[33.175,1.94],[33.176,1.924],[33.174,1.919]],[[33.003,1.982],[33.045,1.983],[33.083,1.956],[33.171,1.917]],[[33.174,1.919],[33.172,1.917]],[[33.171,1.917],[33.172,1.917]],[[33.172,1.917],[33.172,1.916]],[[33.171,1.917],[33.172,1.916]],[[33.175,1.916],[33.178,1.916]],[[33.172,1.917],[33.175,1.916]],[[33.172,1.916],[33.173,1.911]],[[33.173,1.911],[33.174,1.895]],[[33.174,1.895],[33.174,1.893]],[[33.174,1.895],[33.174,1.893]],[[33.174,1.884],[33.174,1.878]],[[33.174,1.893],[33.174,1.884]],[[33.174,1.878],[33.172,1.862]],[[33.172,1.916],[33.144,1.896],[33.113,1.878],[33.096,1.858]],[[33.096,1.858],[33.09,1.86]],[[33.172,1.862],[33.17,1.844]],[[33.17,1.844],[33.17,1.843]],[[33.09,1.86],[33.029,1.837]],[[33.03,1.842],[33.029,1.837]],[[33.029,1.837],[33.015,1.834]],[[33.015,1.834],[33.005,1.832]],[[33.17,1.843],[33.169,1.831]],[[33.223,1.833],[33.213,1.822],[33.18,1.8]],[[33.096,1.858],[33.095,1.855],[33.101,1.829],[33.096,1.798]],[[33.18,1.8],[33.175,1.791]],[[33.096,1.798],[33.095,1.791],[33.091,1.788]],[[33.169,1.831],[33.164,1.781]],[[33.175,1.791],[33.168,1.779]],[[33.168,1.779],[33.164,1.781]],[[33.164,1.781],[33.163,1.776]],[[33.163,1.776],[33.159,1.776]],[[33.168,1.779],[33.166,1.775]],[[33.166,1.775],[33.163,1.776]],[[33.163,1.776],[33.163,1.775]],[[33.166,1.775],[33.165,1.774]],[[33.165,1.774],[33.163,1.775]],[[33.165,1.774],[33.163,1.77]],[[33.163,1.775],[33.163,1.77]],[[33.15,1.765],[33.124,1.778],[33.119,1.787],[33.105,1.803]],[[33.105,1.803],[33.103,1.804],[33.096,1.798]],[[33.151,1.764],[33.15,1.765]],[[33.15,1.765],[33.149,1.763]],[[33.163,1.77],[33.158,1.761]],[[33.158,1.761],[33.158,1.761]],[[33.158,1.761],[33.151,1.764]],[[33.207,1.747],[33.158,1.761]],[[33.158,1.761],[33.157,1.747]],[[33.324,1.992],[33.325,1.997]],[[33.275,1.986],[33.285,1.977]],[[33.263,1.997],[33.275,1.986]],[[33.324,1.992],[33.318,1.964]],[[33.495,1.94],[33.49,1.942],[33.47,1.934]],[[33.346,1.942],[33.336,1.936],[33.322,1.932],[33.31,1.924]],[[33.318,1.964],[33.31,1.924]],[[33.31,1.924],[33.302,1.918]],[[33.302,1.918],[33.285,1.977]],[[33.408,1.894],[33.402,1.896],[33.394,1.909],[33.346,1.942]],[[33.459,1.901],[33.442,1.891]],[[33.442,1.891],[33.424,1.887],[33.408,1.894]],[[33.302,1.918],[33.289,1.904],[33.285,1.889],[33.274,1.87]],[[33.28,1.861],[33.28,1.86]],[[33.27,1.864],[33.272,1.859]],[[33.28,1.86],[33.28,1.854]],[[33.272,1.859],[33.28,1.854]],[[33.28,1.854],[33.307,1.838]],[[33.388,1.848],[33.36,1.837]],[[33.302,1.918],[33.322,1.858],[33.335,1.835]],[[33.492,1.846],[33.46,1.834]],[[33.36,1.837],[33.344,1.833]],[[33.499,1.832],[33.5,1.831]],[[33.46,1.834],[33.444,1.831],[33.437,1.833]],[[33.437,1.833],[33.388,1.848]],[[33.344,1.833],[33.338,1.826]],[[33.335,1.835],[33.338,1.826]],[[33.338,1.826],[33.339,1.818]],[[33.339,1.818],[33.339,1.816]],[[33.339,1.818],[33.335,1.814]],[[33.307,1.838],[33.335,1.814]],[[33.335,1.814],[33.336,1.814]],[[33.339,1.816],[33.338,1.812]],[[33.336,1.814],[33.338,1.812]],[[33.339,1.816],[33.342,1.808]],[[33.338,1.812],[33.327,1.768],[33.322,1.76]],[[33.472,1.749],[33.444,1.753]],[[33.22,1.744],[33.207,1.747]],[[33.157,1.747],[33.16,1.728]],[[33.16,1.728],[33.162,1.72]],[[33.16,1.728],[33.125,1.72]],[[33.125,1.72],[33.111,1.716],[33.096,1.703]],[[33.162,1.72],[33.165,1.699]],[[33.012,1.681],[33.001,1.689]],[[33.096,1.703],[33.074,1.686],[33.02,1.68]],[[33.02,1.68],[33.017,1.68]],[[33.017,1.68],[33.016,1.68]],[[33.013,1.68],[33.012,1.681]],[[33.016,1.68],[33.014,1.68]],[[33.014,1.68],[33.017,1.686]],[[33.014,1.68],[33.013,1.68]],[[33.012,1.681],[33.001,1.674]],[[33.251,1.605],[33.241,1.591],[33.233,1.563]],[[33.233,1.563],[33.222,1.536]],[[33.222,1.536],[33.218,1.527]],[[33.221,1.525],[33.237,1.525]],[[33.217,1.524],[33.221,1.525]],[[33.218,1.527],[33.217,1.524]],[[33.217,1.524],[33.192,1.517]],[[33.192,1.517],[33.184,1.513]],[[33.184,1.513],[33.174,1.509]],[[33.309,1.737],[33.301,1.729]],[[33.374,1.741],[33.383,1.721]],[[33.301,1.729],[33.294,1.72]],[[33.294,1.72],[33.294,1.72]],[[33.294,1.72],[33.277,1.721],[33.276,1.719]],[[33.276,1.719],[33.275,1.715]],[[33.383,1.721],[33.387,1.713]],[[33.465,1.712],[33.477,1.722]],[[33.387,1.713],[33.393,1.701]],[[33.393,1.701],[33.396,1.7]],[[33.453,1.7],[33.465,1.712]],[[33.44,1.686],[33.453,1.7]],[[33.625,1.783],[33.624,1.782]],[[33.62,1.786],[33.62,1.781]],[[33.627,1.781],[33.624,1.782]],[[33.62,1.781],[33.613,1.781]],[[33.624,1.782],[33.624,1.781]],[[33.624,1.781],[33.62,1.781]],[[33.627,1.781],[33.626,1.78]],[[33.626,1.78],[33.624,1.781]],[[33.627,1.78],[33.627,1.781]],[[33.627,1.78],[33.626,1.78]],[[33.635,1.79],[33.629,1.78]],[[33.629,1.78],[33.627,1.78]],[[33.631,1.78],[33.633,1.777]],[[33.613,1.781],[33.61,1.777]],[[33.633,1.776],[33.635,1.777]],[[33.633,1.777],[33.633,1.776]],[[33.635,1.777],[33.639,1.776],[33.635,1.777]],[[33.633,1.777],[33.632,1.774],[33.631,1.776]],[[33.633,1.776],[33.633,1.774]],[[33.633,1.774],[33.63,1.775]],[[33.633,1.774],[33.624,1.772]],[[33.62,1.781],[33.621,1.766]],[[33.449,1.665],[33.5,1.681]],[[33.275,1.715],[33.27,1.668],[33.275,1.648],[33.27,1.644],[33.269,1.638]],[[33.279,1.621],[33.278,1.622]],[[33.285,1.619],[33.279,1.621]],[[33.285,1.619],[33.279,1.618]],[[33.279,1.621],[33.279,1.618]],[[33.279,1.618],[33.272,1.612]],[[33.454,1.613],[33.47,1.612]],[[33.47,1.612],[33.494,1.607]],[[33.315,1.602],[33.295,1.617],[33.285,1.619]],[[33.403,1.597],[33.417,1.614],[33.454,1.613]],[[33.37,1.574],[33.378,1.582],[33.403,1.597]],[[33.365,1.568],[33.37,1.574]],[[33.365,1.568],[33.315,1.602]],[[33.366,1.567],[33.365,1.568]],[[33.359,1.556],[33.353,1.555]],[[33.366,1.567],[33.365,1.555]],[[33.365,1.555],[33.359,1.556]],[[33.486,1.561],[33.471,1.544]],[[33.44,1.549],[33.449,1.546],[33.449,1.54]],[[33.449,1.54],[33.445,1.542]],[[33.441,1.54],[33.436,1.541]],[[33.446,1.539],[33.441,1.54]],[[33.449,1.54],[33.449,1.538]],[[33.449,1.538],[33.446,1.539]],[[33.424,1.532],[33.38,1.554],[33.366,1.567]],[[33.446,1.539],[33.44,1.532]],[[33.441,1.54],[33.44,1.532]],[[33.471,1.544],[33.463,1.531]],[[33.463,1.531],[33.449,1.538]],[[33.424,1.532],[33.397,1.531]],[[33.427,1.531],[33.424,1.532]],[[33.463,1.531],[33.463,1.531]],[[33.466,1.531],[33.463,1.531]],[[33.449,1.538],[33.444,1.53]],[[33.365,1.555],[33.362,1.529]],[[33.44,1.532],[33.437,1.528]],[[33.362,1.529],[33.332,1.533],[33.292,1.527]],[[33.437,1.528],[33.436,1.527]],[[33.436,1.527],[33.427,1.531]],[[33.473,1.518],[33.459,1.518]],[[33.463,1.531],[33.459,1.518]],[[33.459,1.518],[33.458,1.518]],[[33.458,1.518],[33.436,1.527]],[[33.458,1.518],[33.455,1.515]],[[33.493,1.513],[33.473,1.518]],[[33.705,1.997],[33.701,1.986]],[[33.681,1.995],[33.697,1.98]],[[33.697,1.98],[33.699,1.978]],[[33.701,1.986],[33.701,1.976]],[[33.699,1.978],[33.701,1.976]],[[33.701,1.976],[33.701,1.976]],[[33.701,1.976],[33.701,1.973]],[[33.636,1.966],[33.65,1.962],[33.657,1.954]],[[33.701,1.973],[33.704,1.963],[33.729,1.93]],[[33.723,1.866],[33.721,1.866]],[[33.627,1.865],[33.626,1.855]],[[33.626,1.855],[33.626,1.853]],[[33.626,1.853],[33.626,1.851]],[[33.626,1.851],[33.625,1.848]],[[33.706,1.865],[33.694,1.864],[33.673,1.85],[33.671,1.844],[33.659,1.831],[33.646,1.81]],[[33.721,1.866],[33.706,1.865]],[[33.625,1.848],[33.622,1.807]],[[33.622,1.796],[33.625,1.798]],[[33.621,1.795],[33.622,1.796]],[[33.622,1.807],[33.621,1.795]],[[33.625,1.798],[33.627,1.794]],[[33.625,1.798],[33.63,1.793]],[[33.627,1.794],[33.624,1.792]],[[33.622,1.796],[33.624,1.792]],[[33.629,1.792],[33.63,1.793]],[[33.627,1.794],[33.629,1.792]],[[33.646,1.81],[33.635,1.79]],[[33.63,1.793],[33.635,1.79]],[[33.624,1.792],[33.626,1.79],[33.629,1.792]],[[33.642,1.79],[33.641,1.787]],[[33.621,1.795],[33.62,1.786]],[[33.535,1.79],[33.541,1.784]],[[33.58,1.757],[33.564,1.761]],[[33.584,1.756],[33.58,1.757]],[[33.61,1.777],[33.597,1.762],[33.588,1.755]],[[33.588,1.755],[33.584,1.756]],[[33.51,1.749],[33.503,1.749]],[[33.513,1.749],[33.51,1.749]],[[33.543,1.749],[33.513,1.749]],[[33.575,1.749],[33.543,1.749]],[[33.575,1.749],[33.575,1.749]],[[33.964,1.927],[33.967,1.941],[33.967,1.971]],[[33.963,1.919],[33.964,1.927]],[[33.963,1.919],[33.97,1.918]],[[33.955,1.913],[33.963,1.919]],[[33.961,1.904],[33.963,1.919]],[[33.929,1.888],[33.955,1.913]],[[33.961,1.904],[33.958,1.885]],[[33.97,1.918],[33.986,1.905],[34.001,1.878]],[[33.891,1.873],[33.929,1.888]],[[33.755,1.867],[33.768,1.866]],[[33.915,1.864],[33.891,1.873]],[[33.927,1.864],[33.915,1.864]],[[33.927,1.864],[33.927,1.864]],[[33.768,1.866],[33.818,1.863]],[[33.818,1.863],[33.822,1.861]],[[33.952,1.858],[33.958,1.885]],[[33.951,1.856],[33.952,1.858]],[[33.848,1.859],[33.891,1.873]],[[33.839,1.856],[33.848,1.859]],[[33.822,1.861],[33.839,1.856]],[[33.928,1.854],[33.927,1.864]],[[33.928,1.847],[33.928,1.854]],[[33.951,1.856],[33.943,1.828],[33.943,1.81]],[[33.943,1.81],[33.936,1.816],[33.928,1.847]],[[33.943,1.81],[33.946,1.799]],[[33.946,1.799],[33.946,1.798]],[[33.967,1.781],[33.967,1.781]],[[33.946,1.798],[33.952,1.771]],[[33.965,1.756],[33.962,1.755]],[[33.995,1.754],[33.984,1.757],[33.965,1.756]],[[33.962,1.755],[33.956,1.754]],[[33.952,1.771],[33.956,1.754]],[[33.956,1.754],[33.957,1.752]],[[33.956,1.754],[33.942,1.747]],[[33.638,1.747],[33.63,1.744],[33.625,1.737]],[[33.616,1.744],[33.625,1.745],[33.625,1.737]],[[33.625,1.737],[33.624,1.73]],[[33.624,1.729],[33.615,1.729]],[[33.615,1.729],[33.613,1.727]],[[33.612,1.73],[33.613,1.727]],[[33.613,1.727],[33.614,1.726]],[[33.599,1.725],[33.604,1.726],[33.606,1.72]],[[33.605,1.72],[33.599,1.725]],[[33.606,1.72],[33.606,1.719]],[[33.612,1.719],[33.608,1.716]],[[33.608,1.716],[33.608,1.716]],[[33.608,1.716],[33.605,1.715]],[[33.605,1.715],[33.605,1.72]],[[33.657,1.715],[33.659,1.715]],[[33.733,1.715],[33.732,1.72]],[[33.656,1.715],[33.657,1.715]],[[33.624,1.715],[33.624,1.713]],[[33.625,1.713],[33.624,1.713]],[[33.631,1.715],[33.631,1.713],[33.625,1.713]],[[33.659,1.715],[33.707,1.712]],[[33.733,1.711],[33.733,1.715]],[[33.624,1.713],[33.624,1.711]],[[33.625,1.713],[33.624,1.711]],[[33.707,1.712],[33.733,1.711]],[[33.611,1.711],[33.608,1.71],[33.605,1.715]],[[33.624,1.711],[33.621,1.707],[33.618,1.711]],[[33.613,1.708],[33.613,1.706]],[[33.611,1.711],[33.613,1.706]],[[33.613,1.708],[33.614,1.704]],[[33.614,1.704],[33.613,1.706]],[[33.613,1.706],[33.603,1.698]],[[33.605,1.715],[33.52,1.687]],[[33.503,1.745],[33.508,1.727],[33.508,1.718],[33.514,1.707],[33.52,1.687]],[[33.603,1.698],[33.593,1.687]],[[33.593,1.687],[33.585,1.677]],[[33.614,1.704],[33.619,1.679],[33.616,1.671]],[[33.585,1.677],[33.58,1.668]],[[33.616,1.671],[33.614,1.666]],[[33.614,1.666],[33.611,1.66]],[[33.58,1.668],[33.576,1.657],[33.564,1.651]],[[33.611,1.66],[33.605,1.646]],[[33.605,1.646],[33.602,1.64]],[[33.564,1.651],[33.554,1.638]],[[33.554,1.638],[33.548,1.632]],[[33.602,1.64],[33.6,1.63]],[[33.6,1.63],[33.596,1.627]],[[33.548,1.632],[33.517,1.602]],[[33.517,1.602],[33.515,1.599]],[[33.517,1.598],[33.515,1.599]],[[33.596,1.627],[33.587,1.615],[33.578,1.584]],[[33.578,1.584],[33.577,1.577]],[[33.577,1.577],[33.544,1.583],[33.517,1.598]],[[33.578,1.584],[33.589,1.579],[33.598,1.572],[33.614,1.569]],[[33.614,1.569],[33.615,1.56]],[[33.577,1.577],[33.561,1.549]],[[33.615,1.56],[33.614,1.54]],[[33.561,1.549],[33.554,1.534],[33.555,1.516]],[[33.614,1.54],[33.611,1.516]],[[33.611,1.516],[33.61,1.509]],[[33.555,1.516],[33.546,1.5]],[[33.546,1.5],[33.531,1.501]],[[33.549,1.5],[33.546,1.5]],[[33.942,1.747],[33.873,1.715]],[[33.873,1.715],[33.865,1.701]],[[33.922,1.69],[33.918,1.678],[33.919,1.662]],[[33.766,1.663],[33.783,1.664],[33.792,1.649]],[[33.843,1.67],[33.839,1.666],[33.83,1.643],[33.823,1.632]],[[33.823,1.632],[33.817,1.62]],[[33.817,1.62],[33.815,1.611]],[[33.799,1.638],[33.794,1.626],[33.789,1.605]],[[33.789,1.605],[33.79,1.605]],[[33.814,1.612],[33.79,1.605]],[[33.88,1.62],[33.868,1.606],[33.861,1.58]],[[33.861,1.58],[33.86,1.575]],[[33.86,1.575],[33.859,1.571]],[[33.859,1.571],[33.859,1.571]],[[33.79,1.605],[33.785,1.562]],[[33.859,1.571],[33.85,1.558]],[[33.996,1.546],[34.001,1.542]],[[33.785,1.562],[33.781,1.538]],[[33.996,1.546],[33.974,1.526]],[[33.781,1.538],[33.778,1.519]],[[33.85,1.558],[33.819,1.512]],[[33.831,1.591],[33.819,1.512]],[[33.819,1.512],[33.819,1.512]],[[33.819,1.512],[33.819,1.511]],[[33.85,1.558],[33.856,1.524],[33.856,1.511]],[[33.819,1.511],[33.821,1.506]],[[33.778,1.519],[33.776,1.505]],[[33.974,1.526],[33.952,1.502]],[[33.923,1.624],[33.914,1.559],[33.916,1.544],[33.927,1.524],[33.929,1.515],[33.939,1.505],[33.938,1.497]],[[33.856,1.511],[33.857,1.497]],[[33.856,1.511],[33.837,1.497]],[[33.821,1.506],[33.824,1.497]],[[34.083,1.997],[34.085,1.992]],[[34.085,1.992],[34.097,1.956]],[[34.097,1.956],[34.102,1.953]],[[34.102,1.953],[34.118,1.954],[34.14,1.966]],[[34.102,1.953],[34.127,1.923],[34.129,1.918]],[[34.097,1.956],[34.097,1.953],[34.037,1.912]],[[34.129,1.918],[34.139,1.886],[34.135,1.855]],[[34.135,1.855],[34.13,1.828]],[[34.146,1.83],[34.137,1.826],[34.13,1.828]],[[34.052,1.758],[34.035,1.754]],[[34.103,1.729],[34.067,1.67]],[[34.559,1.938],[34.563,1.918],[34.563,1.899],[34.571,1.879],[34.584,1.868],[34.582,1.844]],[[34.728,1.898],[34.723,1.857],[34.719,1.843],[34.722,1.837],[34.718,1.83],[34.713,1.83],[34.708,1.827],[34.703,1.83],[34.699,1.837],[34.697,1.833],[34.686,1.83],[34.666,1.843],[34.648,1.86],[34.631,1.87],[34.627,1.86],[34.589,1.849],[34.582,1.844]],[[34.594,1.806],[34.584,1.832],[34.582,1.844]],[[34.594,1.806],[34.598,1.79]],[[34.598,1.79],[34.602,1.781]],[[34.602,1.781],[34.612,1.752]],[[34.924,1.997],[34.929,1.984],[34.936,1.982],[34.94,1.975],[34.945,1.954]],[[34.945,1.954],[34.946,1.951]],[[34.945,1.95],[34.946,1.951]],[[34.946,1.951],[34.946,1.949]],[[34.945,1.95],[34.946,1.949]],[[34.945,1.954],[34.93,1.942]],[[34.93,1.942],[34.929,1.942]],[[34.946,1.949],[34.948,1.94]],[[34.948,1.94],[34.936,1.94],[34.937,1.943],[34.94,1.939],[34.942,1.941],[34.945,1.95]],[[34.948,1.94],[34.949,1.935],[34.956,1.93],[34.969,1.908],[34.968,1.901],[34.953,1.892],[34.953,1.887],[34.962,1.876],[34.986,1.857],[34.995,1.859],[35.001,1.853]],[[34.583,1.688],[34.56,1.651],[34.557,1.644]],[[34.543,1.598],[34.533,1.573]],[[34.557,1.644],[34.543,1.598]],[[34.533,1.573],[34.532,1.572]],[[34.524,1.57],[34.532,1.572]],[[34.517,1.567],[34.524,1.57]],[[30.501,1.016],[30.488,0.997]],[[30.543,1.057],[30.537,1.05],[30.538,1.044],[30.529,1.033],[30.515,1.023],[30.501,1.016]],[[30.988,1.113],[30.979,1.101],[30.97,1.096]],[[30.97,1.096],[30.965,1.094],[30.956,1.082],[30.943,1.079],[30.936,1.071],[30.936,1.064]],[[30.936,1.064],[30.932,1.061],[30.929,1.061],[30.923,1.055]],[[30.923,1.055],[30.918,1.05]],[[30.918,1.05],[30.906,1.034]],[[30.906,1.034],[30.905,1.029],[30.896,1.016]],[[30.896,1.016],[30.886,1.009],[30.882,1.001]],[[31.195,1.443],[31.191,1.447]],[[31.191,1.447],[31.188,1.448]],[[31.188,1.448],[31.179,1.438]],[[31.178,1.437],[31.179,1.438]],[[31.179,1.438],[31.178,1.437]],[[31.247,1.363],[31.242,1.358]],[[31.242,1.358],[31.233,1.35]],[[31.233,1.35],[31.221,1.339]],[[31.221,1.339],[31.219,1.338]],[[31.219,1.338],[31.209,1.333]],[[31.209,1.333],[31.205,1.331]],[[31.205,1.331],[31.205,1.331]],[[31.035,1.445],[31.052,1.436],[31.073,1.434],[31.088,1.426],[31.094,1.409],[31.104,1.401],[31.116,1.385],[31.131,1.38],[31.143,1.372]],[[31.143,1.372],[31.166,1.371],[31.193,1.36],[31.199,1.355],[31.201,1.343]],[[31.201,1.343],[31.205,1.331]],[[31.205,1.331],[31.188,1.321]],[[31.188,1.321],[31.173,1.314]],[[31.173,1.314],[31.173,1.314]],[[31.173,1.314],[31.169,1.313],[31.166,1.309]],[[31.166,1.309],[31.163,1.305],[31.155,1.302]],[[31.155,1.302],[31.144,1.298],[31.139,1.292],[31.132,1.294],[31.129,1.293],[31.1,1.269]],[[31.1,1.269],[31.1,1.269]],[[31.1,1.269],[31.099,1.268]],[[31.099,1.268],[31.088,1.258],[31.085,1.248]],[[31.085,1.248],[31.085,1.248]],[[31.449,1.495],[31.448,1.495]],[[31.481,1.49],[31.476,1.488]],[[31.476,1.488],[31.449,1.495]],[[31.476,1.488],[31.476,1.488]],[[31.476,1.488],[31.473,1.486]],[[31.303,1.482],[31.303,1.482]],[[31.303,1.482],[31.303,1.482]],[[31.473,1.486],[31.453,1.48]],[[31.449,1.495],[31.453,1.48]],[[31.303,1.482],[31.319,1.48],[31.33,1.483],[31.334,1.482]],[[31.303,1.482],[31.303,1.482]],[[31.334,1.482],[31.344,1.48]],[[31.453,1.48],[31.449,1.473],[31.435,1.461]],[[31.344,1.48],[31.343,1.475]],[[31.343,1.475],[31.339,1.464],[31.339,1.456]],[[31.381,1.486],[31.377,1.474],[31.37,1.466],[31.349,1.456]],[[31.349,1.456],[31.342,1.451]],[[31.339,1.456],[31.342,1.451]],[[31.342,1.451],[31.342,1.448]],[[31.435,1.461],[31.432,1.45],[31.425,1.446]],[[31.425,1.446],[31.42,1.445]],[[31.339,1.456],[31.329,1.447]],[[31.329,1.447],[31.327,1.445]],[[31.453,1.444],[31.431,1.443],[31.425,1.446]],[[31.453,1.444],[31.453,1.444]],[[31.46,1.442],[31.453,1.444]],[[31.342,1.448],[31.344,1.442]],[[31.468,1.441],[31.46,1.442]],[[31.344,1.442],[31.345,1.439]],[[31.341,1.439],[31.339,1.439]],[[31.342,1.439],[31.341,1.439]],[[31.345,1.439],[31.342,1.439]],[[31.348,1.439],[31.348,1.438]],[[31.348,1.438],[31.345,1.439]],[[31.339,1.439],[31.335,1.438]],[[31.327,1.445],[31.334,1.438]],[[31.334,1.438],[31.334,1.438]],[[31.334,1.438],[31.335,1.438]],[[31.348,1.438],[31.346,1.435]],[[31.345,1.439],[31.346,1.435]],[[31.339,1.439],[31.342,1.436]],[[31.342,1.436],[31.344,1.435]],[[31.344,1.435],[31.345,1.434]],[[31.346,1.435],[31.347,1.434]],[[31.42,1.445],[31.413,1.445],[31.394,1.433]],[[31.42,1.445],[31.42,1.445]],[[31.394,1.433],[31.394,1.433]],[[31.327,1.445],[31.313,1.433]],[[31.313,1.433],[31.309,1.43],[31.301,1.43]],[[31.301,1.43],[31.3,1.43]],[[31.3,1.43],[31.284,1.429]],[[31.284,1.429],[31.284,1.429]],[[31.394,1.433],[31.38,1.427]],[[31.38,1.427],[31.38,1.427]],[[31.38,1.427],[31.378,1.424]],[[31.378,1.424],[31.378,1.424]],[[31.284,1.429],[31.282,1.428]],[[31.282,1.428],[31.281,1.428]],[[31.281,1.428],[31.268,1.419]],[[31.268,1.419],[31.264,1.417],[31.254,1.42]],[[31.348,1.429],[31.345,1.428]],[[31.345,1.428],[31.339,1.419]],[[31.339,1.419],[31.339,1.419]],[[31.339,1.419],[31.334,1.405]],[[31.334,1.405],[31.334,1.403]],[[31.334,1.403],[31.334,1.403]],[[31.334,1.403],[31.333,1.398]],[[31.333,1.398],[31.332,1.387]],[[31.332,1.387],[31.325,1.371]],[[31.325,1.371],[31.325,1.371]],[[31.083,1.246],[31.079,1.241]],[[31.083,1.246],[31.073,1.245],[31.058,1.238]],[[31.058,1.238],[31.041,1.231],[31.03,1.236],[31.018,1.232]],[[31.079,1.241],[31.062,1.227]],[[31.062,1.227],[31.062,1.223]],[[31.062,1.223],[31.062,1.223]],[[31.062,1.223],[31.06,1.212],[31.054,1.209],[31.054,1.204],[31.047,1.192],[31.032,1.186]],[[31.239,1.124],[31.228,1.125],[31.216,1.12],[31.212,1.113],[31.196,1.095],[31.186,1.071]],[[31.186,1.071],[31.177,1.062]],[[31.116,1.025],[31.102,1.025],[31.081,1.02]],[[31.065,1.083],[31.066,1.067],[31.062,1.051],[31.068,1.041],[31.075,1.018]],[[31.081,1.02],[31.075,1.018]],[[31.177,1.062],[31.173,1.051],[31.145,1.012]],[[31.145,1.012],[31.145,1.011]],[[31.145,1.011],[31.134,1.015],[31.12,1.026],[31.116,1.025]],[[31.296,1.245],[31.296,1.244]],[[31.296,1.244],[31.295,1.227]],[[31.295,1.227],[31.289,1.209],[31.29,1.206]],[[31.29,1.206],[31.295,1.195],[31.297,1.177],[31.278,1.134],[31.265,1.117]],[[31.253,1.123],[31.265,1.117]],[[31.702,1.193],[31.683,1.19],[31.655,1.173],[31.641,1.171],[31.617,1.159]],[[31.617,1.159],[31.613,1.156]],[[31.613,1.156],[31.605,1.147],[31.597,1.134],[31.596,1.125]],[[31.742,1.111],[31.74,1.11]],[[31.746,1.101],[31.742,1.111]],[[31.596,1.125],[31.597,1.101],[31.593,1.08]],[[31.593,1.08],[31.593,1.08]],[[31.593,1.08],[31.589,1.071]],[[31.74,1.11],[31.653,1.068]],[[31.589,1.071],[31.582,1.055]],[[31.582,1.055],[31.582,1.055]],[[31.582,1.055],[31.585,1.027]],[[31.822,1.212],[31.819,1.204],[31.81,1.204],[31.806,1.201]],[[31.806,1.201],[31.801,1.195]],[[31.801,1.195],[31.813,1.193],[31.818,1.189],[31.844,1.178]],[[31.87,1.129],[31.8,1.094]],[[31.8,1.094],[31.76,1.074]],[[31.76,1.074],[31.768,1.058]],[[32.22,1.492],[32.226,1.488]],[[32.226,1.488],[32.239,1.479]],[[32.113,0.997],[32.109,1.001],[32.089,0.998],[32.059,0.998],[32.057,1.0]],[[32.251,1.195],[32.279,1.16]],[[32.443,1.17],[32.452,1.16],[32.464,1.16]],[[32.464,1.16],[32.464,1.16]],[[32.393,1.151],[32.397,1.157],[32.418,1.157],[32.437,1.164],[32.443,1.17]],[[32.373,1.138],[32.393,1.151]],[[32.353,1.137],[32.373,1.138]],[[32.279,1.16],[32.299,1.131],[32.353,1.137]],[[32.465,1.052],[32.468,1.051]],[[32.259,1.47],[32.27,1.469]],[[32.293,1.49],[32.287,1.485],[32.283,1.477],[32.273,1.469]],[[32.27,1.469],[32.273,1.469]],[[32.273,1.469],[32.287,1.465],[32.299,1.457]],[[32.299,1.457],[32.32,1.449]],[[32.32,1.449],[32.352,1.436],[32.376,1.42]],[[32.27,1.469],[32.271,1.46],[32.267,1.452],[32.266,1.438],[32.261,1.429],[32.264,1.418],[32.26,1.41]],[[32.26,1.41],[32.26,1.409]],[[32.501,1.454],[32.488,1.397]],[[32.376,1.42],[32.387,1.41],[32.412,1.377],[32.433,1.359]],[[32.433,1.359],[32.444,1.349],[32.467,1.323]],[[32.465,1.315],[32.463,1.314]],[[32.463,1.314],[32.465,1.312]],[[32.465,1.312],[32.474,1.31]],[[32.194,1.247],[32.23,1.211],[32.239,1.209],[32.251,1.194]],[[32.019,1.181],[32.001,1.232]],[[32.019,1.181],[32.001,1.176]],[[32.034,1.106],[32.023,1.149],[32.019,1.181]],[[32.035,1.1],[32.034,1.106]],[[32.033,1.051],[32.036,1.068],[32.035,1.1]],[[32.037,1.034],[32.033,1.051]],[[32.057,1.0],[32.04,1.024],[32.037,1.034]],[[32.613,1.494],[32.614,1.494]],[[32.614,1.494],[32.613,1.489]],[[32.504,1.469],[32.536,1.44],[32.536,1.418]],[[32.501,1.456],[32.514,1.446],[32.536,1.418]],[[32.536,1.418],[32.539,1.416]],[[32.536,1.418],[32.536,1.414]],[[32.536,1.414],[32.528,1.413]],[[32.531,1.416],[32.528,1.413]],[[32.539,1.416],[32.537,1.406]],[[32.536,1.414],[32.537,1.406]],[[32.537,1.406],[32.537,1.401]],[[32.504,1.397],[32.507,1.393]],[[32.528,1.413],[32.509,1.393]],[[32.509,1.393],[32.507,1.393]],[[32.515,1.392],[32.509,1.393]],[[32.507,1.393],[32.504,1.388],[32.501,1.387]],[[32.537,1.401],[32.521,1.381]],[[32.537,1.401],[32.521,1.384],[32.501,1.379]],[[32.521,1.381],[32.505,1.376],[32.501,1.376]],[[32.654,1.374],[32.652,1.349]],[[32.635,1.377],[32.635,1.359],[32.647,1.356],[32.652,1.349]],[[32.667,1.371],[32.664,1.355],[32.656,1.344]],[[32.652,1.349],[32.656,1.344]],[[32.689,1.362],[32.684,1.348],[32.68,1.343]],[[32.68,1.343],[32.675,1.335]],[[32.72,1.357],[32.722,1.347],[32.717,1.335]],[[32.68,1.343],[32.691,1.341],[32.689,1.334]],[[32.689,1.334],[32.675,1.335]],[[32.717,1.335],[32.689,1.334]],[[32.675,1.335],[32.655,1.333]],[[32.656,1.344],[32.655,1.333]],[[32.655,1.333],[32.652,1.332]],[[32.652,1.332],[32.625,1.324]],[[32.59,1.36],[32.597,1.356],[32.603,1.356],[32.613,1.349],[32.623,1.336],[32.625,1.324]],[[32.625,1.324],[32.616,1.321]],[[32.689,1.334],[32.685,1.328],[32.678,1.326],[32.676,1.322],[32.66,1.309]],[[32.652,1.332],[32.652,1.326],[32.66,1.309]],[[32.616,1.321],[32.637,1.307]],[[32.66,1.309],[32.66,1.304]],[[32.616,1.321],[32.57,1.307],[32.55,1.304]],[[32.55,1.304],[32.511,1.302]],[[32.717,1.335],[32.716,1.323],[32.717,1.313],[32.709,1.298]],[[32.73,1.298],[32.724,1.297],[32.719,1.292]],[[32.709,1.298],[32.719,1.292]],[[32.66,1.304],[32.657,1.299],[32.657,1.292]],[[32.637,1.307],[32.647,1.297],[32.657,1.292]],[[32.657,1.292],[32.661,1.289]],[[32.66,1.304],[32.662,1.289]],[[32.661,1.289],[32.662,1.289]],[[32.719,1.292],[32.723,1.285]],[[32.709,1.298],[32.701,1.288],[32.672,1.283]],[[32.662,1.289],[32.672,1.283]],[[32.657,1.292],[32.65,1.281],[32.64,1.276]],[[32.637,1.307],[32.633,1.299],[32.637,1.279],[32.64,1.276]],[[32.661,1.289],[32.659,1.283],[32.66,1.269]],[[32.64,1.276],[32.624,1.266]],[[32.672,1.283],[32.69,1.268],[32.695,1.261],[32.701,1.258]],[[32.624,1.266],[32.611,1.258],[32.611,1.255]],[[32.624,1.266],[32.624,1.259],[32.622,1.255]],[[32.701,1.258],[32.72,1.251]],[[32.868,1.438],[32.89,1.416],[32.896,1.399]],[[32.896,1.399],[32.933,1.368]],[[32.933,1.368],[32.955,1.363]],[[32.955,1.363],[32.965,1.358]],[[32.965,1.358],[32.986,1.344]],[[32.82,1.342],[32.815,1.354]],[[32.986,1.344],[32.989,1.336]],[[32.824,1.335],[32.82,1.342]],[[32.989,1.336],[32.993,1.326]],[[32.831,1.316],[32.824,1.335]],[[32.835,1.301],[32.831,1.316]],[[32.831,1.316],[32.828,1.311],[32.835,1.301]],[[32.837,1.286],[32.835,1.301]],[[32.838,1.283],[32.837,1.286]],[[32.859,1.253],[32.855,1.266],[32.838,1.283]],[[32.723,1.247],[32.736,1.217],[32.737,1.199]],[[32.737,1.199],[32.743,1.183],[32.738,1.139]],[[32.738,1.139],[32.738,1.13]],[[32.738,1.13],[32.733,1.116],[32.731,1.1]],[[32.731,1.1],[32.73,1.092]],[[32.73,1.092],[32.725,1.078]],[[32.723,1.07],[32.72,1.064]],[[32.725,1.078],[32.723,1.07]],[[32.72,1.064],[32.713,1.054]],[[32.713,1.054],[32.71,1.042]],[[32.71,1.042],[32.708,1.033]],[[32.708,1.033],[32.706,1.022]],[[32.706,1.022],[32.696,0.997]],[[32.862,1.243],[32.864,1.237]],[[32.864,1.237],[32.864,1.236]],[[32.864,1.236],[32.865,1.231]],[[32.865,1.231],[32.872,1.222],[32.881,1.194],[32.885,1.189],[32.894,1.157]],[[32.894,1.157],[32.892,1.121],[32.885,1.106]],[[32.885,1.106],[32.885,1.103]],[[32.885,1.103],[32.889,1.095]],[[32.889,1.095],[32.892,1.095]],[[32.892,1.095],[32.909,1.093]],[[32.909,1.093],[32.936,1.09]],[[32.889,1.095],[32.887,1.088]],[[33.064,1.329],[33.065,1.326]],[[33.065,1.326],[33.067,1.321]],[[33.067,1.321],[33.07,1.311]],[[33.07,1.311],[33.072,1.302]],[[33.072,1.302],[33.073,1.3]],[[33.073,1.3],[33.075,1.294]],[[33.075,1.294],[33.076,1.292]],[[33.076,1.292],[33.085,1.272]],[[33.085,1.272],[33.085,1.269]],[[33.085,1.269],[33.086,1.266]],[[33.342,1.461],[33.35,1.466]],[[33.306,1.46],[33.342,1.461]],[[33.493,1.458],[33.498,1.446]],[[33.36,1.472],[33.362,1.461],[33.359,1.441]],[[33.342,1.461],[33.359,1.441]],[[33.388,1.447],[33.37,1.437]],[[33.359,1.441],[33.37,1.437]],[[33.37,1.437],[33.358,1.426]],[[33.306,1.312],[33.306,1.308]],[[33.306,1.308],[33.305,1.301]],[[33.305,1.301],[33.303,1.292]],[[33.303,1.292],[33.303,1.288]],[[33.303,1.288],[33.302,1.282]],[[33.302,1.282],[33.302,1.275]],[[33.302,1.275],[33.307,1.264]],[[33.307,1.264],[33.307,1.264]],[[33.307,1.264],[33.318,1.26]],[[33.307,1.264],[33.306,1.256]],[[33.318,1.26],[33.332,1.254]],[[33.306,1.256],[33.305,1.247]],[[33.124,1.218],[33.123,1.218]],[[33.108,1.23],[33.123,1.218]],[[33.108,1.23],[33.108,1.217]],[[33.123,1.218],[33.108,1.217]],[[33.123,1.218],[33.135,1.209]],[[33.108,1.217],[33.102,1.217],[33.097,1.212],[33.088,1.211],[33.082,1.202],[33.071,1.203]],[[33.135,1.209],[33.143,1.204],[33.15,1.196]],[[33.15,1.196],[33.154,1.188]],[[33.154,1.188],[33.154,1.186]],[[33.071,1.203],[33.073,1.188],[33.077,1.175]],[[33.077,1.175],[33.078,1.172]],[[33.154,1.186],[33.157,1.171]],[[33.056,1.157],[33.071,1.165],[33.078,1.172]],[[33.157,1.171],[33.161,1.147]],[[33.078,1.172],[33.082,1.139]],[[33.161,1.147],[33.168,1.146],[33.174,1.139],[33.176,1.132],[33.191,1.12],[33.198,1.119]],[[33.082,1.139],[33.089,1.122],[33.089,1.101]],[[33.198,1.119],[33.202,1.116],[33.204,1.104],[33.216,1.095]],[[33.161,1.147],[33.161,1.139],[33.172,1.122],[33.169,1.105],[33.169,1.092]],[[33.216,1.095],[33.221,1.091],[33.228,1.092]],[[33.245,1.096],[33.237,1.09]],[[33.228,1.092],[33.237,1.09]],[[33.237,1.09],[33.228,1.082]],[[33.228,1.082],[33.226,1.08]],[[33.089,1.101],[33.093,1.069]],[[33.245,1.096],[33.247,1.091],[33.247,1.082],[33.24,1.065],[33.243,1.047]],[[33.093,1.069],[33.096,1.04]],[[33.243,1.047],[33.251,1.034]],[[33.096,1.04],[33.097,1.033]],[[33.097,1.033],[33.099,1.031]],[[33.169,1.092],[33.167,1.073],[33.174,1.03]],[[33.099,1.031],[33.101,1.03]],[[33.099,1.031],[33.108,1.032],[33.115,1.029],[33.138,1.037],[33.148,1.032],[33.174,1.03]],[[33.226,1.08],[33.216,1.064],[33.214,1.053],[33.189,1.029]],[[33.098,1.027],[33.1,1.029]],[[33.097,1.033],[33.098,1.027]],[[33.189,1.029],[33.181,1.022]],[[33.174,1.03],[33.181,1.022]],[[33.181,1.022],[33.181,1.022]],[[33.181,1.022],[33.181,1.021]],[[33.098,1.027],[33.1,1.008]],[[33.354,1.228],[33.362,1.222],[33.375,1.217]],[[33.375,1.217],[33.38,1.213]],[[33.3,1.201],[33.296,1.189]],[[33.296,1.189],[33.294,1.183]],[[33.411,1.199],[33.417,1.18]],[[33.294,1.183],[33.29,1.176]],[[33.417,1.18],[33.419,1.17]],[[33.419,1.17],[33.419,1.169]],[[33.419,1.169],[33.418,1.167]],[[33.418,1.167],[33.414,1.159]],[[33.414,1.159],[33.412,1.155]],[[33.412,1.155],[33.411,1.152]],[[33.411,1.152],[33.407,1.146]],[[33.407,1.146],[33.406,1.143]],[[33.406,1.143],[33.405,1.141]],[[33.29,1.176],[33.285,1.158],[33.286,1.15],[33.279,1.134]],[[33.405,1.141],[33.404,1.133]],[[33.333,1.132],[33.359,1.128]],[[33.359,1.128],[33.361,1.128]],[[33.279,1.134],[33.314,1.127]],[[33.314,1.127],[33.316,1.127]],[[33.316,1.127],[33.333,1.132]],[[33.404,1.133],[33.409,1.115]],[[33.279,1.134],[33.264,1.112]],[[33.409,1.115],[33.408,1.108]],[[33.501,1.104],[33.499,1.104]],[[33.408,1.108],[33.406,1.101]],[[33.361,1.128],[33.389,1.11],[33.405,1.092]],[[33.406,1.101],[33.406,1.092]],[[33.405,1.092],[33.406,1.092]],[[33.499,1.104],[33.483,1.09]],[[33.406,1.092],[33.413,1.087]],[[33.405,1.092],[33.406,1.084],[33.391,1.077],[33.384,1.077]],[[33.483,1.09],[33.48,1.076]],[[33.413,1.087],[33.414,1.072]],[[33.414,1.072],[33.426,1.055]],[[33.48,1.076],[33.477,1.054]],[[33.477,1.054],[33.474,1.047]],[[33.477,1.054],[33.478,1.046]],[[33.474,1.047],[33.478,1.046]],[[33.414,1.072],[33.408,1.067],[33.407,1.058],[33.399,1.054],[33.394,1.042]],[[33.394,1.042],[33.394,1.042]],[[33.393,1.042],[33.394,1.042]],[[33.474,1.047],[33.471,1.04]],[[33.394,1.042],[33.407,1.04]],[[33.407,1.04],[33.413,1.038]],[[33.413,1.038],[33.419,1.038]],[[33.426,1.055],[33.432,1.048],[33.436,1.034]],[[33.419,1.038],[33.436,1.034]],[[33.251,1.034],[33.253,1.027]],[[33.253,1.027],[33.256,1.02]],[[33.478,1.046],[33.486,1.034],[33.487,1.023],[33.491,1.018]],[[33.256,1.02],[33.258,1.017]],[[33.258,1.017],[33.258,1.014]],[[33.394,1.042],[33.39,1.027],[33.393,1.011]],[[33.258,1.014],[33.261,1.007]],[[33.491,1.018],[33.494,1.012],[33.494,1.002]],[[33.471,1.04],[33.465,1.022],[33.453,1.0]],[[33.453,1.0],[33.452,1.0]],[[33.436,1.034],[33.448,1.015],[33.452,1.0]],[[33.453,1.0],[33.467,0.999],[33.486,1.003],[33.494,1.002]],[[33.494,1.002],[33.495,0.997]],[[33.452,1.0],[33.451,0.997]],[[33.602,1.497],[33.608,1.489]],[[33.608,1.489],[33.608,1.479]],[[33.608,1.479],[33.604,1.481]],[[33.609,1.478],[33.608,1.479]],[[33.517,1.479],[33.514,1.477]],[[33.514,1.477],[33.513,1.476]],[[33.604,1.481],[33.591,1.47],[33.58,1.448]],[[33.58,1.448],[33.575,1.441]],[[33.575,1.441],[33.575,1.44]],[[33.575,1.44],[33.556,1.417]],[[33.521,1.41],[33.513,1.419]],[[33.556,1.417],[33.543,1.416],[33.524,1.408],[33.521,1.41]],[[33.74,1.405],[33.732,1.392]],[[33.732,1.392],[33.717,1.359]],[[33.719,1.326],[33.716,1.31]],[[33.716,1.31],[33.715,1.308]],[[33.715,1.308],[33.708,1.282]],[[33.708,1.282],[33.692,1.291]],[[33.708,1.282],[33.706,1.274],[33.707,1.263]],[[33.692,1.291],[33.68,1.286],[33.658,1.266],[33.646,1.26]],[[33.646,1.26],[33.614,1.255]],[[33.598,1.254],[33.578,1.267]],[[33.614,1.255],[33.598,1.254]],[[33.609,1.247],[33.598,1.254]],[[33.824,1.497],[33.824,1.496]],[[33.837,1.497],[33.834,1.495]],[[33.938,1.497],[33.937,1.494]],[[33.937,1.494],[33.937,1.492]],[[33.941,1.493],[33.937,1.492]],[[33.937,1.492],[33.936,1.489]],[[33.805,1.49],[33.804,1.489]],[[33.857,1.497],[33.86,1.489]],[[33.93,1.487],[33.929,1.486]],[[33.834,1.495],[33.827,1.486]],[[33.824,1.496],[33.827,1.486]],[[33.932,1.482],[33.931,1.478]],[[33.93,1.487],[33.931,1.478]],[[33.804,1.489],[33.793,1.477]],[[33.793,1.477],[33.79,1.472]],[[33.929,1.486],[33.895,1.48],[33.865,1.471]],[[33.86,1.489],[33.865,1.471]],[[33.865,1.471],[33.857,1.47]],[[33.976,1.469],[33.94,1.489],[33.937,1.488]],[[33.857,1.47],[33.837,1.469]],[[33.837,1.469],[33.832,1.469]],[[33.827,1.486],[33.832,1.469]],[[33.832,1.469],[33.816,1.467]],[[33.816,1.467],[33.815,1.467]],[[33.827,1.486],[33.815,1.467]],[[33.815,1.467],[33.802,1.466]],[[33.793,1.477],[33.798,1.473],[33.802,1.466]],[[33.802,1.466],[33.795,1.464]],[[33.79,1.472],[33.795,1.464]],[[33.837,1.469],[33.846,1.461]],[[33.795,1.464],[33.783,1.46]],[[33.79,1.472],[33.783,1.46]],[[33.783,1.46],[33.779,1.458]],[[33.775,1.484],[33.775,1.473],[33.779,1.458]],[[33.779,1.458],[33.776,1.457]],[[33.77,1.468],[33.776,1.457]],[[33.776,1.457],[33.773,1.456]],[[33.816,1.467],[33.82,1.449],[33.828,1.44]],[[33.931,1.478],[33.933,1.467],[33.927,1.44]],[[33.846,1.461],[33.875,1.426]],[[33.828,1.44],[33.844,1.432],[33.855,1.416]],[[33.855,1.416],[33.864,1.424],[33.875,1.426]],[[33.992,1.411],[33.984,1.409],[33.972,1.411],[33.958,1.41]],[[33.875,1.426],[33.89,1.406]],[[33.779,1.458],[33.773,1.431],[33.786,1.391]],[[33.927,1.44],[33.914,1.385]],[[33.89,1.406],[33.9,1.393],[33.914,1.385]],[[33.958,1.41],[33.938,1.402],[33.915,1.385]],[[33.914,1.385],[33.915,1.385]],[[33.914,1.385],[33.911,1.374]],[[33.786,1.391],[33.791,1.369]],[[33.911,1.374],[33.904,1.359]],[[33.904,1.359],[33.897,1.344]],[[33.897,1.344],[33.889,1.326]],[[33.836,1.345],[33.844,1.346],[33.862,1.342],[33.883,1.327],[33.889,1.326]],[[33.889,1.326],[33.888,1.326]],[[33.888,1.326],[33.876,1.299]],[[33.876,1.299],[33.87,1.281],[33.873,1.269]],[[33.873,1.269],[33.873,1.263]],[[33.978,1.259],[33.976,1.258]],[[33.978,1.259],[33.978,1.258]],[[33.978,1.258],[33.988,1.255]],[[33.752,1.262],[33.759,1.253]],[[33.873,1.263],[33.866,1.253]],[[33.988,1.255],[33.989,1.248]],[[33.759,1.253],[33.762,1.247]],[[33.609,1.247],[33.616,1.243]],[[33.71,1.232],[33.713,1.201]],[[33.751,1.19],[33.748,1.189]],[[33.748,1.189],[33.744,1.188]],[[33.713,1.201],[33.713,1.186]],[[33.616,1.243],[33.653,1.222],[33.663,1.211],[33.683,1.203],[33.702,1.174],[33.709,1.168]],[[33.713,1.186],[33.712,1.167]],[[33.744,1.188],[33.712,1.167]],[[33.712,1.167],[33.712,1.167]],[[33.711,1.167],[33.712,1.167]],[[33.709,1.168],[33.711,1.167]],[[33.712,1.167],[33.713,1.166]],[[33.711,1.166],[33.711,1.167]],[[33.713,1.166],[33.712,1.166]],[[33.712,1.166],[33.711,1.166]],[[33.711,1.166],[33.671,1.153]],[[33.671,1.153],[33.656,1.148]],[[33.656,1.148],[33.645,1.144]],[[33.645,1.144],[33.625,1.136]],[[33.712,1.166],[33.725,1.138],[33.738,1.123]],[[33.528,1.112],[33.531,1.111]],[[33.508,1.106],[33.518,1.106],[33.528,1.112]],[[33.501,1.104],[33.508,1.106]],[[33.531,1.111],[33.543,1.103]],[[33.543,1.103],[33.548,1.097]],[[33.571,1.113],[33.552,1.092]],[[33.548,1.097],[33.552,1.092]],[[33.552,1.092],[33.552,1.091]],[[33.552,1.091],[33.551,1.089]],[[33.551,1.089],[33.55,1.088]],[[33.55,1.088],[33.547,1.084]],[[33.547,1.084],[33.538,1.069],[33.536,1.059]],[[33.536,1.059],[33.534,1.051]],[[33.534,1.051],[33.531,1.034]],[[33.509,1.049],[33.518,1.032],[33.517,1.029]],[[33.531,1.034],[33.517,1.029]],[[33.517,1.029],[33.517,1.029]],[[33.531,1.034],[33.527,1.028],[33.527,1.023]],[[33.517,1.029],[33.527,1.023]],[[33.527,1.023],[33.533,1.019],[33.535,1.014]],[[33.682,1.038],[33.658,1.023],[33.642,1.008]],[[33.928,1.239],[33.926,1.238]],[[33.933,1.241],[33.928,1.239]],[[33.926,1.238],[33.918,1.233]],[[33.842,1.229],[33.823,1.224]],[[33.823,1.224],[33.823,1.224]],[[33.918,1.233],[33.907,1.22]],[[33.823,1.224],[33.811,1.22]],[[33.811,1.22],[33.806,1.219]],[[33.806,1.219],[33.804,1.218]],[[33.907,1.22],[33.904,1.215]],[[33.895,1.225],[33.904,1.215]],[[33.804,1.218],[33.782,1.211]],[[33.904,1.215],[33.899,1.208]],[[33.899,1.208],[33.894,1.202]],[[33.881,1.131],[33.877,1.132]],[[33.891,1.128],[33.881,1.131]],[[33.899,1.126],[33.891,1.128]],[[33.914,1.121],[33.899,1.126]],[[33.935,1.132],[33.937,1.127],[33.935,1.119]],[[33.935,1.119],[33.935,1.118]],[[33.926,1.119],[33.914,1.121]],[[33.935,1.118],[33.926,1.119]],[[33.95,1.114],[33.941,1.118],[33.935,1.118]],[[33.969,1.108],[33.95,1.114]],[[33.989,1.102],[33.969,1.108]],[[33.753,1.08],[33.755,1.079]],[[33.753,1.08],[33.754,1.079]],[[33.935,1.118],[33.936,1.091],[33.928,1.074]],[[34.0,1.077],[33.994,1.072],[33.988,1.07]],[[33.782,1.211],[33.765,1.202]],[[33.904,1.215],[33.919,1.2]],[[33.983,1.199],[33.981,1.199]],[[33.981,1.199],[33.967,1.198]],[[33.961,1.198],[33.954,1.198]],[[33.967,1.198],[33.961,1.198]],[[33.954,1.198],[33.939,1.196]],[[33.939,1.196],[33.934,1.195]],[[33.998,1.195],[33.986,1.2],[33.983,1.199]],[[33.934,1.195],[33.927,1.195]],[[33.927,1.195],[33.922,1.194]],[[33.922,1.194],[33.922,1.194]],[[33.919,1.2],[33.922,1.194]],[[33.922,1.194],[33.921,1.194]],[[33.921,1.194],[33.915,1.196],[33.897,1.194]],[[33.894,1.202],[33.889,1.194]],[[33.889,1.194],[33.881,1.194]],[[33.897,1.194],[33.889,1.194]],[[33.881,1.194],[33.874,1.194]],[[33.858,1.193],[33.841,1.194]],[[33.874,1.194],[33.858,1.193]],[[33.841,1.194],[33.814,1.192]],[[33.814,1.192],[33.811,1.192]],[[33.811,1.192],[33.798,1.191]],[[33.922,1.194],[33.925,1.189]],[[33.798,1.191],[33.803,1.184]],[[33.803,1.184],[33.807,1.178]],[[33.807,1.178],[33.808,1.176]],[[33.925,1.189],[33.932,1.175]],[[33.841,1.194],[33.829,1.173]],[[33.932,1.175],[33.933,1.171]],[[33.808,1.176],[33.814,1.166]],[[33.933,1.171],[33.932,1.165]],[[33.829,1.173],[33.815,1.165]],[[33.815,1.165],[33.814,1.166]],[[33.814,1.166],[33.813,1.164]],[[33.815,1.164],[33.815,1.165]],[[33.813,1.164],[33.815,1.164]],[[33.813,1.164],[33.794,1.156]],[[33.794,1.156],[33.783,1.158]],[[33.8,1.154],[33.794,1.156]],[[33.811,1.151],[33.8,1.154]],[[33.821,1.149],[33.815,1.164]],[[33.821,1.149],[33.811,1.151]],[[33.833,1.146],[33.821,1.149]],[[33.932,1.165],[33.932,1.165]],[[33.93,1.162],[33.929,1.159]],[[33.928,1.156],[33.932,1.139]],[[33.932,1.139],[33.933,1.136]],[[33.932,1.165],[33.93,1.162]],[[33.929,1.159],[33.928,1.156]],[[33.932,1.139],[33.932,1.139]],[[33.933,1.136],[33.933,1.136]],[[33.933,1.136],[33.935,1.132]],[[33.877,1.132],[33.833,1.146]],[[33.928,1.074],[33.936,1.062]],[[33.936,1.062],[33.941,1.054]],[[33.941,1.054],[33.942,1.054]],[[33.988,1.07],[33.979,1.053]],[[33.755,1.079],[33.767,1.066],[33.795,1.052]],[[33.942,1.054],[33.946,1.048]],[[33.806,1.046],[33.801,1.046]],[[33.801,1.046],[33.799,1.046]],[[33.795,1.052],[33.799,1.046]],[[33.979,1.053],[33.97,1.044]],[[33.946,1.048],[33.949,1.044]],[[33.836,1.042],[33.82,1.046],[33.806,1.046]],[[33.799,1.046],[33.793,1.04]],[[33.843,1.039],[33.836,1.042]],[[33.97,1.044],[33.963,1.034]],[[33.855,1.03],[33.843,1.039]],[[33.754,1.079],[33.761,1.028]],[[33.793,1.04],[33.779,1.026]],[[33.963,1.034],[33.955,1.025]],[[33.949,1.044],[33.955,1.025]],[[33.955,1.025],[33.955,1.021]],[[33.955,1.021],[33.963,1.02]],[[33.761,1.028],[33.762,1.018]],[[33.877,1.017],[33.87,1.023],[33.855,1.03]],[[33.945,1.015],[33.946,1.014]],[[33.821,1.014],[33.819,1.014]],[[33.946,1.014],[33.951,1.01]],[[33.951,1.01],[33.952,1.009]],[[33.952,1.009],[33.953,1.008]],[[33.779,1.026],[33.772,1.005]],[[33.762,1.018],[33.762,1.001]],[[33.762,1.001],[33.763,1.001]],[[34.097,1.442],[34.101,1.442]],[[34.09,1.44],[34.097,1.442]],[[34.101,1.442],[34.129,1.44]],[[34.085,1.439],[34.09,1.44]],[[34.008,1.453],[34.009,1.452]],[[34.009,1.452],[34.037,1.437]],[[34.037,1.437],[34.037,1.435]],[[34.052,1.434],[34.052,1.434]],[[34.05,1.438],[34.052,1.434]],[[34.037,1.437],[34.052,1.434]],[[34.052,1.434],[34.074,1.434],[34.085,1.439]],[[34.037,1.435],[34.03,1.43]],[[34.129,1.44],[34.125,1.43]],[[34.125,1.43],[34.123,1.427]],[[34.123,1.427],[34.121,1.423]],[[34.121,1.423],[34.111,1.413]],[[34.052,1.434],[34.054,1.412]],[[34.037,1.435],[34.043,1.421],[34.054,1.412]],[[34.111,1.413],[34.092,1.396]],[[34.054,1.412],[34.057,1.39],[34.055,1.372]],[[34.092,1.396],[34.088,1.395],[34.059,1.356]],[[34.055,1.372],[34.042,1.37],[34.043,1.349]],[[34.059,1.356],[34.054,1.346]],[[34.055,1.372],[34.054,1.346]],[[34.054,1.346],[34.052,1.34]],[[34.164,1.343],[34.163,1.334]],[[34.052,1.341],[34.044,1.332]],[[34.044,1.332],[34.044,1.332]],[[34.134,1.331],[34.141,1.329]],[[34.109,1.328],[34.113,1.331],[34.125,1.333],[34.134,1.331]],[[34.058,1.329],[34.081,1.331],[34.09,1.328]],[[34.09,1.328],[34.092,1.328]],[[34.092,1.328],[34.109,1.328]],[[34.163,1.334],[34.165,1.321]],[[34.141,1.329],[34.165,1.321]],[[34.165,1.321],[34.165,1.32]],[[34.044,1.332],[34.032,1.316]],[[34.032,1.316],[34.017,1.299]],[[34.017,1.299],[34.008,1.287]],[[34.008,1.287],[34.008,1.286]],[[34.165,1.32],[34.177,1.307],[34.185,1.302],[34.196,1.284]],[[34.158,1.08],[34.158,1.078]],[[34.173,1.079],[34.171,1.077]],[[34.095,1.077],[34.087,1.082],[34.058,1.088]],[[34.103,1.126],[34.103,1.124]],[[34.103,1.124],[34.093,1.11],[34.095,1.077]],[[34.095,1.077],[34.095,1.077]],[[34.16,1.077],[34.16,1.076]],[[34.16,1.076],[34.159,1.075]],[[34.125,1.075],[34.125,1.075]],[[34.125,1.075],[34.12,1.074]],[[34.189,1.073],[34.189,1.073]],[[34.187,1.079],[34.203,1.072]],[[34.189,1.073],[34.188,1.072]],[[34.321,1.396],[34.3,1.339],[34.292,1.327],[34.288,1.301]],[[34.277,1.28],[34.276,1.278]],[[34.357,1.273],[34.366,1.276]],[[34.358,1.272],[34.357,1.273]],[[34.323,1.305],[34.324,1.3],[34.331,1.297],[34.334,1.29],[34.341,1.285],[34.337,1.276],[34.34,1.269]],[[34.354,1.264],[34.352,1.269],[34.358,1.272]],[[34.34,1.269],[34.342,1.266],[34.347,1.268],[34.354,1.264]],[[34.34,1.269],[34.333,1.266],[34.332,1.263],[34.335,1.26]],[[34.354,1.264],[34.355,1.262],[34.353,1.261],[34.355,1.26],[34.354,1.259],[34.362,1.255],[34.359,1.247]],[[34.07,1.235],[34.061,1.239]],[[34.22,1.247],[34.247,1.233]],[[34.081,1.229],[34.07,1.235]],[[34.097,1.225],[34.081,1.229]],[[34.103,1.224],[34.097,1.225]],[[34.112,1.225],[34.11,1.223]],[[34.11,1.223],[34.103,1.224]],[[34.075,1.193],[34.056,1.178]],[[34.097,1.225],[34.087,1.205],[34.075,1.193]],[[34.056,1.178],[34.056,1.179]],[[34.056,1.178],[34.056,1.179]],[[34.056,1.179],[34.043,1.179],[34.008,1.191]],[[34.057,1.176],[34.056,1.178]],[[34.231,1.184],[34.237,1.183],[34.242,1.174]],[[34.057,1.176],[34.052,1.171]],[[34.061,1.17],[34.057,1.176]],[[34.071,1.165],[34.061,1.17]],[[34.242,1.174],[34.24,1.169],[34.242,1.163],[34.227,1.159]],[[34.225,1.159],[34.223,1.158]],[[34.227,1.159],[34.225,1.159]],[[34.223,1.158],[34.216,1.163]],[[34.216,1.163],[34.21,1.168],[34.203,1.166]],[[34.094,1.154],[34.071,1.165]],[[34.223,1.158],[34.217,1.151],[34.214,1.154],[34.211,1.151],[34.206,1.153],[34.2,1.149]],[[34.245,1.144],[34.232,1.149],[34.227,1.159]],[[34.165,1.143],[34.137,1.142]],[[34.137,1.142],[34.135,1.142]],[[34.135,1.142],[34.133,1.142]],[[34.109,1.141],[34.094,1.154]],[[34.133,1.142],[34.129,1.141]],[[34.186,1.141],[34.18,1.143],[34.165,1.143]],[[34.113,1.138],[34.109,1.141]],[[34.129,1.141],[34.113,1.138]],[[34.11,1.138],[34.113,1.138]],[[34.11,1.138],[34.103,1.126]],[[34.052,1.171],[34.043,1.153]],[[34.043,1.153],[34.03,1.126]],[[34.03,1.126],[34.03,1.125]],[[34.03,1.125],[34.026,1.116],[34.015,1.106]],[[34.239,1.11],[34.235,1.105],[34.221,1.102]],[[34.015,1.106],[34.012,1.101]],[[34.221,1.102],[34.209,1.1]],[[34.17,1.1],[34.17,1.097],[34.176,1.096]],[[34.029,1.094],[34.012,1.101]],[[34.033,1.093],[34.029,1.094]],[[34.251,1.091],[34.247,1.093],[34.246,1.097],[34.239,1.094],[34.231,1.098],[34.228,1.095],[34.221,1.102]],[[34.182,1.091],[34.18,1.09]],[[34.184,1.089],[34.19,1.097]],[[34.184,1.089],[34.182,1.091]],[[34.18,1.09],[34.18,1.089]],[[34.054,1.089],[34.033,1.093]],[[34.18,1.089],[34.178,1.089]],[[34.18,1.089],[34.18,1.089]],[[34.184,1.088],[34.184,1.089]],[[34.182,1.091],[34.184,1.088]],[[34.058,1.088],[34.054,1.089]],[[34.18,1.089],[34.178,1.088]],[[34.18,1.089],[34.181,1.087]],[[34.183,1.087],[34.184,1.088]],[[34.18,1.09],[34.182,1.087]],[[34.181,1.087],[34.179,1.086]],[[34.209,1.1],[34.203,1.094],[34.19,1.086]],[[34.19,1.086],[34.183,1.087]],[[34.181,1.087],[34.182,1.086]],[[34.19,1.072],[34.189,1.073]],[[34.188,1.072],[34.187,1.071]],[[34.175,1.072],[34.175,1.071]],[[34.173,1.072],[34.175,1.071]],[[34.159,1.075],[34.159,1.07]],[[34.171,1.074],[34.17,1.07]],[[34.18,1.071],[34.181,1.07]],[[34.175,1.071],[34.173,1.07]],[[34.171,1.071],[34.173,1.07]],[[34.186,1.07],[34.185,1.07]],[[34.17,1.07],[34.168,1.069]],[[34.173,1.07],[34.17,1.069]],[[34.17,1.07],[34.17,1.069]],[[34.181,1.07],[34.182,1.069]],[[34.17,1.069],[34.17,1.069]],[[34.187,1.069],[34.187,1.069]],[[34.187,1.069],[34.186,1.07]],[[34.168,1.069],[34.159,1.069]],[[34.168,1.068],[34.17,1.069]],[[34.168,1.069],[34.168,1.068]],[[34.189,1.07],[34.189,1.068]],[[34.17,1.069],[34.168,1.068]],[[34.159,1.075],[34.155,1.076],[34.153,1.071],[34.159,1.067]],[[34.181,1.07],[34.18,1.067]],[[34.178,1.068],[34.176,1.066]],[[34.18,1.056],[34.165,1.061]],[[34.193,1.054],[34.18,1.056]],[[34.203,1.072],[34.222,1.069],[34.224,1.06],[34.234,1.061],[34.231,1.056],[34.24,1.061],[34.24,1.063],[34.25,1.059],[34.25,1.053],[34.24,1.055],[34.244,1.049],[34.242,1.045],[34.246,1.042],[34.245,1.038],[34.24,1.038],[34.233,1.034],[34.232,1.04],[34.225,1.038]],[[34.178,1.037],[34.183,1.032],[34.177,1.031]],[[34.023,1.04],[34.027,1.038],[34.032,1.027],[34.042,1.017]],[[34.042,1.017],[34.047,1.012]],[[34.178,1.041],[34.192,1.04],[34.198,1.033],[34.201,1.034],[34.204,1.038],[34.209,1.037],[34.213,1.034],[34.221,1.017],[34.226,1.016],[34.24,1.006],[34.246,1.004],[34.248,1.001]],[[34.359,1.247],[34.36,1.244]],[[34.275,1.245],[34.272,1.243]],[[34.36,1.244],[34.357,1.241]],[[34.261,1.236],[34.256,1.233],[34.253,1.236]],[[34.362,1.226],[34.363,1.224]],[[34.337,1.202],[34.325,1.199]],[[34.275,1.245],[34.288,1.238],[34.301,1.21],[34.312,1.199]],[[34.312,1.199],[34.316,1.196]],[[34.325,1.199],[34.321,1.194]],[[34.321,1.194],[34.316,1.196]],[[34.321,1.194],[34.318,1.191]],[[34.316,1.196],[34.318,1.191]],[[34.318,1.191],[34.335,1.17]],[[34.335,1.17],[34.333,1.171]],[[34.333,1.171],[34.326,1.174],[34.314,1.168]],[[34.347,1.163],[34.367,1.175]],[[34.347,1.163],[34.335,1.17]],[[34.261,1.148],[34.259,1.148]],[[34.314,1.168],[34.306,1.165],[34.3,1.16],[34.284,1.159],[34.269,1.148]],[[34.392,1.147],[34.38,1.153],[34.371,1.15],[34.347,1.163]],[[34.269,1.148],[34.261,1.148]],[[34.259,1.148],[34.254,1.145]],[[34.261,1.148],[34.269,1.13],[34.284,1.124]],[[34.299,1.121],[34.284,1.124]],[[34.279,1.104],[34.276,1.101],[34.271,1.1],[34.268,1.093],[34.258,1.091]],[[34.284,1.124],[34.281,1.12],[34.281,1.115],[34.278,1.113],[34.279,1.104]],[[34.258,1.091],[34.257,1.09]],[[34.257,1.09],[34.251,1.091]],[[34.257,1.09],[34.258,1.088]],[[34.258,1.091],[34.27,1.081],[34.275,1.063],[34.279,1.059]],[[34.366,1.009],[34.373,1.02],[34.369,1.032]],[[34.369,1.032],[34.369,1.04],[34.372,1.047],[34.371,1.051],[34.355,1.054],[34.34,1.049],[34.327,1.035],[34.326,1.03],[34.326,1.018],[34.335,1.005]],[[34.335,1.005],[34.335,1.003]],[[34.337,1.002],[34.337,1.002]],[[34.335,1.003],[34.337,1.002]],[[34.258,1.012],[34.253,1.0]],[[34.343,1.002],[34.349,0.999],[34.359,1.002],[34.366,1.009]],[[34.337,1.002],[34.343,1.002]],[[34.343,1.002],[34.343,1.002]],[[34.404,1.007],[34.396,1.006],[34.386,0.999],[34.366,1.009]],[[34.681,1.497],[34.711,1.454],[34.719,1.449]],[[34.719,1.449],[34.743,1.448],[34.751,1.451]],[[34.822,1.48],[34.813,1.465],[34.809,1.466],[34.803,1.461],[34.795,1.458],[34.788,1.451],[34.78,1.45],[34.764,1.454],[34.751,1.451]],[[34.751,1.292],[34.753,1.293]],[[34.753,1.293],[34.755,1.283],[34.753,1.281]],[[34.753,1.281],[34.751,1.277]],[[34.797,1.268],[34.795,1.284]],[[34.78,1.283],[34.781,1.278],[34.797,1.268]],[[34.801,1.256],[34.797,1.268]],[[34.82,1.26],[34.81,1.268],[34.803,1.257],[34.801,1.256]],[[34.818,1.25],[34.803,1.247]],[[34.793,1.247],[34.793,1.25],[34.798,1.252],[34.801,1.256]],[[30.168,0.838],[30.167,0.832],[30.157,0.816],[30.143,0.806]],[[30.143,0.806],[30.143,0.802],[30.146,0.801]],[[30.226,0.789],[30.235,0.818],[30.23,0.836],[30.226,0.836],[30.227,0.84],[30.22,0.842],[30.21,0.835],[30.209,0.838],[30.212,0.84],[30.206,0.836],[30.202,0.839],[30.191,0.839],[30.179,0.844],[30.176,0.841],[30.175,0.837],[30.174,0.841],[30.171,0.837],[30.171,0.841],[30.169,0.836],[30.168,0.838]],[[30.251,0.796],[30.234,0.789],[30.226,0.789]],[[30.143,0.806],[30.116,0.806],[30.11,0.801],[30.099,0.799],[30.088,0.792],[30.081,0.786],[30.079,0.781],[30.073,0.78],[30.064,0.767],[30.057,0.769],[30.048,0.762],[30.051,0.754],[30.049,0.75],[30.05,0.747]],[[30.361,0.936],[30.35,0.932]],[[30.369,0.93],[30.362,0.937],[30.361,0.936]],[[30.489,0.997],[30.481,0.984],[30.462,0.972],[30.454,0.972],[30.403,0.939],[30.381,0.931],[30.369,0.93]],[[30.44,0.861],[30.437,0.861]],[[30.437,0.861],[30.436,0.859]],[[30.436,0.859],[30.435,0.854]],[[30.435,0.854],[30.432,0.852]],[[30.35,0.932],[30.339,0.927],[30.332,0.918],[30.3,0.872],[30.282,0.857],[30.279,0.851]],[[30.432,0.852],[30.43,0.85]],[[30.43,0.85],[30.43,0.848]],[[30.43,0.85],[30.435,0.847],[30.435,0.845]],[[30.435,0.845],[30.434,0.843]],[[30.434,0.843],[30.431,0.839]],[[30.431,0.839],[30.428,0.838]],[[30.428,0.838],[30.425,0.835]],[[30.43,0.848],[30.425,0.835]],[[30.425,0.835],[30.425,0.834]],[[30.425,0.834],[30.425,0.833]],[[30.425,0.833],[30.425,0.83]],[[30.425,0.83],[30.424,0.827]],[[30.424,0.827],[30.42,0.819]],[[30.42,0.819],[30.416,0.816]],[[30.391,0.817],[30.388,0.82],[30.382,0.816]],[[30.382,0.816],[30.381,0.815]],[[30.381,0.815],[30.38,0.815]],[[30.38,0.815],[30.375,0.816],[30.381,0.815]],[[30.421,0.814],[30.416,0.816]],[[30.395,0.814],[30.391,0.817]],[[30.381,0.815],[30.39,0.815]],[[30.395,0.814],[30.391,0.813]],[[30.424,0.827],[30.43,0.824],[30.434,0.818],[30.427,0.813]],[[30.427,0.813],[30.421,0.814]],[[30.399,0.812],[30.395,0.814]],[[30.391,0.813],[30.386,0.812]],[[30.386,0.812],[30.38,0.815]],[[30.403,0.811],[30.399,0.812]],[[30.414,0.812],[30.403,0.811]],[[30.416,0.816],[30.415,0.81]],[[30.415,0.81],[30.414,0.812]],[[30.415,0.81],[30.417,0.804]],[[30.443,0.747],[30.451,0.74]],[[30.345,0.734],[30.338,0.74],[30.317,0.74],[30.304,0.744]],[[30.385,0.747],[30.378,0.743],[30.377,0.73]],[[30.377,0.73],[30.366,0.727]],[[31.077,0.79],[31.074,0.786],[31.079,0.782],[31.078,0.776],[31.08,0.775]],[[31.08,0.775],[31.08,0.774]],[[31.079,0.774],[31.08,0.774]],[[31.08,0.775],[31.079,0.774]],[[31.063,0.776],[31.067,0.779],[31.07,0.776],[31.079,0.774]],[[31.079,0.774],[31.079,0.77]],[[31.079,0.77],[31.08,0.768]],[[31.08,0.774],[31.087,0.77],[31.092,0.77],[31.098,0.764]],[[31.179,0.786],[31.172,0.79],[31.16,0.792],[31.151,0.782],[31.139,0.777],[31.136,0.78],[31.129,0.777],[31.118,0.767],[31.113,0.767],[31.107,0.763],[31.098,0.764]],[[31.43,0.962],[31.429,0.96]],[[31.441,0.957],[31.429,0.96]],[[31.453,0.946],[31.446,0.955]],[[31.446,0.955],[31.441,0.957]],[[31.499,0.937],[31.466,0.932]],[[31.466,0.932],[31.453,0.946]],[[31.508,0.497],[31.505,0.497]],[[31.553,0.497],[31.546,0.503]],[[31.562,0.5],[31.555,0.497]],[[31.566,0.497],[31.562,0.5]],[[31.751,0.714],[31.755,0.711],[31.776,0.706],[31.788,0.698]],[[31.788,0.698],[31.798,0.695],[31.814,0.683],[31.833,0.675]],[[31.825,0.717],[31.839,0.693],[31.837,0.674]],[[31.833,0.675],[31.837,0.674]],[[31.999,0.678],[31.995,0.676],[31.991,0.677],[31.989,0.673]],[[31.989,0.673],[31.98,0.67]],[[31.98,0.67],[31.977,0.666]],[[31.977,0.666],[31.976,0.665]],[[31.837,0.674],[31.85,0.664]],[[32.398,0.792],[32.384,0.8]],[[32.405,0.789],[32.398,0.792]],[[32.408,0.781],[32.405,0.789]],[[32.322,0.78],[32.325,0.79],[32.329,0.794]],[[32.573,0.984],[32.569,0.99],[32.561,0.996]],[[32.561,0.996],[32.555,0.996]],[[32.573,0.983],[32.573,0.984]],[[32.555,0.996],[32.552,0.983]],[[32.516,0.98],[32.521,0.985],[32.523,0.99],[32.53,0.994],[32.531,0.997]],[[32.515,0.981],[32.516,0.98]],[[32.689,0.98],[32.696,0.997]],[[32.689,0.979],[32.689,0.98]],[[32.618,0.97],[32.619,0.98],[32.623,0.989]],[[32.597,0.997],[32.609,0.983],[32.612,0.973],[32.618,0.97]],[[32.552,0.983],[32.552,0.974],[32.544,0.964],[32.54,0.962]],[[32.689,0.961],[32.695,0.963],[32.696,0.969]],[[32.683,0.961],[32.689,0.961]],[[32.683,0.961],[32.689,0.979]],[[32.568,0.766],[32.572,0.774]],[[32.568,0.766],[32.567,0.768]],[[32.724,0.772],[32.714,0.765]],[[32.704,0.769],[32.714,0.765]],[[32.672,0.777],[32.664,0.774],[32.66,0.775],[32.655,0.765]],[[32.679,0.764],[32.684,0.774]],[[32.679,0.764],[32.696,0.769]],[[32.559,0.77],[32.548,0.769],[32.54,0.764]],[[32.539,0.78],[32.54,0.764]],[[32.54,0.764],[32.527,0.768],[32.513,0.766]],[[32.586,0.764],[32.606,0.793],[32.614,0.795]],[[32.586,0.764],[32.584,0.77]],[[32.731,0.781],[32.738,0.773],[32.741,0.764]],[[32.586,0.762],[32.586,0.764]],[[32.604,0.762],[32.594,0.762]],[[32.594,0.762],[32.586,0.762]],[[32.646,0.761],[32.655,0.765]],[[32.626,0.769],[32.641,0.765],[32.646,0.761]],[[32.677,0.761],[32.679,0.764]],[[32.672,0.777],[32.677,0.761]],[[32.677,0.761],[32.677,0.76]],[[32.805,0.766],[32.798,0.78],[32.795,0.8]],[[32.887,0.77],[32.889,0.764]],[[32.81,0.756],[32.805,0.766]],[[32.889,0.764],[32.891,0.756]],[[32.973,0.756],[32.985,0.769]],[[32.97,0.754],[32.973,0.756]],[[32.97,0.754],[32.973,0.747]],[[30.417,0.804],[30.417,0.803]],[[30.417,0.803],[30.418,0.8]],[[30.279,0.851],[30.278,0.844],[30.266,0.816],[30.251,0.796]],[[30.418,0.8],[30.418,0.789]],[[30.418,0.789],[30.418,0.788]],[[30.418,0.788],[30.418,0.782]],[[30.418,0.782],[30.415,0.768]],[[30.415,0.768],[30.415,0.767]],[[30.415,0.768],[30.416,0.767]],[[30.416,0.767],[30.422,0.766]],[[30.422,0.766],[30.423,0.765]],[[30.415,0.767],[30.414,0.764]],[[30.414,0.764],[30.412,0.761]],[[30.412,0.761],[30.407,0.758]],[[30.407,0.758],[30.405,0.753]],[[30.405,0.753],[30.397,0.753]],[[30.397,0.753],[30.392,0.749],[30.386,0.749],[30.385,0.747]],[[30.423,0.765],[30.424,0.764]],[[30.424,0.764],[30.443,0.747]],[[30.19,0.716],[30.191,0.715]],[[30.191,0.715],[30.189,0.714]],[[30.078,0.706],[30.069,0.702],[30.063,0.706]],[[30.201,0.713],[30.195,0.694]],[[30.189,0.714],[30.195,0.694]],[[30.195,0.694],[30.194,0.689]],[[30.194,0.689],[30.193,0.683]],[[30.063,0.706],[30.063,0.699],[30.061,0.697],[30.066,0.681]],[[30.193,0.683],[30.198,0.674]],[[30.198,0.674],[30.197,0.674]],[[30.198,0.674],[30.2,0.673]],[[30.224,0.672],[30.221,0.672]],[[30.066,0.681],[30.063,0.677],[30.053,0.671]],[[30.03,0.669],[30.027,0.669]],[[30.2,0.673],[30.215,0.668]],[[30.053,0.671],[30.048,0.667],[30.039,0.668],[30.036,0.671],[30.03,0.669]],[[30.215,0.668],[30.221,0.663],[30.229,0.663]],[[30.229,0.663],[30.236,0.661]],[[30.236,0.661],[30.243,0.655]],[[30.245,0.65],[30.243,0.655]],[[30.027,0.669],[30.023,0.667],[30.017,0.67],[30.009,0.669],[30.0,0.675],[29.994,0.674],[29.986,0.663],[29.978,0.646]],[[29.978,0.646],[29.979,0.642]],[[30.236,0.661],[30.233,0.654],[30.222,0.651],[30.209,0.638],[30.204,0.622]],[[30.197,0.674],[30.193,0.673],[30.191,0.669],[30.185,0.668],[30.166,0.65],[30.157,0.626],[30.159,0.614]],[[30.204,0.622],[30.206,0.614],[30.211,0.613]],[[30.211,0.613],[30.213,0.612]],[[30.159,0.614],[30.16,0.611]],[[30.159,0.614],[30.149,0.609],[30.147,0.6],[30.15,0.598],[30.152,0.6]],[[30.217,0.601],[30.214,0.594]],[[30.214,0.594],[30.213,0.589]],[[30.213,0.589],[30.209,0.587]],[[30.16,0.611],[30.159,0.585]],[[30.206,0.585],[30.206,0.584]],[[30.206,0.584],[30.201,0.581]],[[30.159,0.585],[30.156,0.568],[30.158,0.565]],[[30.158,0.565],[30.168,0.561]],[[30.168,0.561],[30.172,0.557]],[[30.163,0.538],[30.164,0.537]],[[30.167,0.536],[30.164,0.537]],[[30.164,0.537],[30.161,0.532]],[[30.451,0.74],[30.457,0.732],[30.458,0.726]],[[30.304,0.744],[30.291,0.747],[30.279,0.738],[30.274,0.737],[30.262,0.742],[30.262,0.736],[30.258,0.725]],[[30.356,0.724],[30.348,0.728],[30.345,0.734]],[[30.377,0.73],[30.379,0.724]],[[30.366,0.727],[30.357,0.723]],[[30.384,0.724],[30.382,0.723]],[[30.379,0.724],[30.382,0.723]],[[30.357,0.723],[30.357,0.722]],[[30.357,0.722],[30.356,0.724]],[[30.458,0.726],[30.459,0.722]],[[30.357,0.722],[30.356,0.722]],[[30.258,0.725],[30.253,0.722]],[[30.356,0.722],[30.36,0.72]],[[30.414,0.715],[30.412,0.714],[30.41,0.717],[30.406,0.716],[30.402,0.719],[30.393,0.72],[30.391,0.715],[30.387,0.713]],[[30.387,0.713],[30.386,0.713]],[[30.382,0.723],[30.386,0.713]],[[30.387,0.713],[30.386,0.712]],[[30.386,0.713],[30.386,0.712]],[[30.386,0.712],[30.388,0.708]],[[30.388,0.707],[30.388,0.708]],[[30.388,0.708],[30.39,0.707]],[[30.39,0.707],[30.388,0.707]],[[30.459,0.722],[30.469,0.707],[30.463,0.703]],[[30.388,0.707],[30.379,0.698]],[[30.39,0.707],[30.393,0.706],[30.397,0.698]],[[30.379,0.698],[30.377,0.698]],[[30.377,0.698],[30.373,0.699]],[[30.397,0.698],[30.397,0.692]],[[30.379,0.698],[30.376,0.692]],[[30.377,0.698],[30.376,0.692]],[[30.334,0.692],[30.333,0.691]],[[30.333,0.694],[30.333,0.691]],[[30.254,0.691],[30.254,0.691]],[[30.463,0.703],[30.46,0.697],[30.46,0.69]],[[30.347,0.689],[30.346,0.688]],[[30.356,0.722],[30.355,0.715],[30.345,0.701],[30.346,0.688]],[[30.351,0.685],[30.347,0.689]],[[30.254,0.691],[30.257,0.685]],[[30.376,0.692],[30.369,0.689],[30.368,0.686],[30.358,0.686],[30.357,0.684],[30.351,0.685]],[[30.358,0.683],[30.351,0.685]],[[30.346,0.688],[30.339,0.682]],[[30.368,0.682],[30.358,0.683]],[[30.339,0.682],[30.337,0.682]],[[30.333,0.691],[30.337,0.682]],[[30.46,0.69],[30.463,0.688],[30.461,0.679]],[[30.463,0.678],[30.461,0.679]],[[30.461,0.679],[30.459,0.677]],[[30.257,0.685],[30.266,0.675],[30.267,0.672]],[[30.358,0.683],[30.36,0.679],[30.356,0.676],[30.357,0.67]],[[30.421,0.669],[30.431,0.673],[30.439,0.671]],[[30.421,0.669],[30.421,0.669]],[[30.42,0.669],[30.421,0.669]],[[30.397,0.692],[30.405,0.688],[30.405,0.681],[30.409,0.676],[30.414,0.675],[30.414,0.67]],[[30.414,0.67],[30.42,0.669]],[[30.288,0.669],[30.289,0.667]],[[30.289,0.667],[30.284,0.67]],[[30.357,0.67],[30.355,0.664]],[[30.267,0.672],[30.274,0.664]],[[30.28,0.664],[30.28,0.663]],[[30.28,0.663],[30.281,0.663]],[[30.274,0.664],[30.28,0.663]],[[30.281,0.663],[30.282,0.662]],[[30.355,0.664],[30.356,0.662]],[[30.337,0.682],[30.332,0.68],[30.328,0.672],[30.319,0.666],[30.312,0.668],[30.307,0.663],[30.3,0.661]],[[30.427,0.661],[30.425,0.661]],[[30.421,0.669],[30.423,0.667],[30.422,0.663],[30.425,0.661]],[[30.42,0.661],[30.422,0.66]],[[30.282,0.662],[30.281,0.66]],[[30.281,0.66],[30.28,0.661]],[[30.425,0.661],[30.422,0.66]],[[30.282,0.662],[30.281,0.66]],[[30.356,0.662],[30.357,0.659]],[[30.3,0.661],[30.296,0.659]],[[30.28,0.661],[30.279,0.659]],[[30.357,0.659],[30.357,0.658]],[[30.357,0.658],[30.357,0.658]],[[30.422,0.66],[30.423,0.657]],[[30.278,0.657],[30.273,0.659]],[[30.357,0.658],[30.36,0.655]],[[30.268,0.655],[30.255,0.658],[30.252,0.654]],[[30.273,0.654],[30.268,0.655]],[[30.36,0.655],[30.36,0.653]],[[30.357,0.658],[30.359,0.653]],[[30.36,0.653],[30.359,0.653]],[[30.268,0.655],[30.268,0.652]],[[30.268,0.652],[30.257,0.652],[30.252,0.654]],[[30.273,0.651],[30.274,0.649]],[[30.36,0.653],[30.361,0.649]],[[30.283,0.654],[30.283,0.648]],[[30.268,0.652],[30.271,0.648]],[[30.271,0.648],[30.271,0.648]],[[30.304,0.65],[30.302,0.648]],[[30.3,0.651],[30.302,0.648]],[[30.359,0.653],[30.357,0.652],[30.355,0.653],[30.349,0.648]],[[30.355,0.664],[30.351,0.664],[30.347,0.658],[30.349,0.648]],[[30.272,0.648],[30.271,0.648]],[[30.274,0.649],[30.272,0.648]],[[30.272,0.648],[30.271,0.647]],[[30.349,0.648],[30.346,0.647]],[[30.274,0.649],[30.276,0.647],[30.272,0.648]],[[30.271,0.647],[30.269,0.646]],[[30.271,0.648],[30.269,0.646]],[[30.346,0.647],[30.344,0.645]],[[30.335,0.653],[30.331,0.644]],[[30.269,0.646],[30.271,0.644]],[[30.361,0.649],[30.362,0.644]],[[30.302,0.648],[30.301,0.643]],[[30.384,0.648],[30.386,0.643]],[[30.383,0.648],[30.386,0.643]],[[30.386,0.643],[30.387,0.642]],[[30.387,0.647],[30.387,0.642]],[[30.344,0.645],[30.345,0.641]],[[30.272,0.641],[30.271,0.642]],[[30.272,0.641],[30.27,0.64]],[[30.301,0.643],[30.3,0.639]],[[30.423,0.657],[30.431,0.651],[30.435,0.639]],[[30.387,0.642],[30.386,0.638]],[[30.386,0.638],[30.385,0.636]],[[30.27,0.64],[30.268,0.636]],[[30.3,0.639],[30.295,0.636]],[[30.283,0.648],[30.286,0.645],[30.289,0.634]],[[30.289,0.634],[30.28,0.642],[30.272,0.641]],[[30.27,0.639],[30.272,0.635],[30.269,0.637]],[[30.295,0.636],[30.292,0.633],[30.289,0.634]],[[30.34,0.635],[30.344,0.633]],[[30.289,0.634],[30.29,0.633]],[[30.385,0.636],[30.376,0.631]],[[30.385,0.636],[30.384,0.633],[30.388,0.631]],[[30.29,0.633],[30.288,0.63]],[[30.389,0.63],[30.388,0.631]],[[30.386,0.638],[30.389,0.634],[30.389,0.63]],[[30.389,0.63],[30.389,0.63]],[[30.389,0.63],[30.389,0.63]],[[30.389,0.63],[30.389,0.63]],[[30.288,0.63],[30.278,0.632],[30.271,0.63],[30.265,0.633]],[[30.336,0.631],[30.337,0.63]],[[30.337,0.63],[30.337,0.627]],[[30.435,0.639],[30.436,0.631],[30.442,0.626]],[[30.376,0.631],[30.372,0.626]],[[30.376,0.631],[30.379,0.625]],[[30.379,0.625],[30.372,0.626]],[[30.388,0.631],[30.382,0.625],[30.379,0.625]],[[30.372,0.626],[30.371,0.625]],[[30.371,0.625],[30.362,0.624],[30.339,0.634]],[[30.442,0.626],[30.439,0.623],[30.436,0.625]],[[30.256,0.624],[30.256,0.623]],[[30.337,0.63],[30.347,0.619]],[[30.494,0.616],[30.488,0.617]],[[30.371,0.625],[30.373,0.622],[30.373,0.615]],[[30.501,0.617],[30.494,0.616]],[[30.29,0.633],[30.298,0.625],[30.306,0.61]],[[30.451,0.611],[30.45,0.608]],[[30.488,0.617],[30.473,0.613],[30.467,0.607]],[[30.288,0.63],[30.286,0.62],[30.293,0.612],[30.292,0.605]],[[30.333,0.63],[30.331,0.626],[30.334,0.618],[30.33,0.604]],[[30.346,0.598],[30.342,0.598]],[[30.467,0.607],[30.469,0.599],[30.467,0.597],[30.464,0.598],[30.456,0.606],[30.45,0.608]],[[30.306,0.61],[30.316,0.597]],[[30.316,0.597],[30.315,0.595]],[[30.342,0.598],[30.337,0.593]],[[30.33,0.604],[30.337,0.593]],[[30.445,0.604],[30.438,0.601],[30.436,0.597],[30.437,0.593]],[[30.45,0.608],[30.445,0.604]],[[30.437,0.593],[30.433,0.591],[30.429,0.602],[30.425,0.601],[30.422,0.606],[30.419,0.605],[30.414,0.61],[30.413,0.619],[30.402,0.623],[30.394,0.631],[30.389,0.63]],[[30.256,0.623],[30.257,0.612],[30.26,0.601],[30.259,0.595],[30.255,0.591]],[[30.337,0.593],[30.334,0.59]],[[30.334,0.59],[30.327,0.595],[30.316,0.597]],[[30.315,0.595],[30.311,0.59]],[[30.311,0.59],[30.311,0.588]],[[30.311,0.588],[30.311,0.587]],[[30.311,0.587],[30.31,0.584]],[[30.31,0.584],[30.31,0.583]],[[30.31,0.583],[30.31,0.576]],[[30.31,0.576],[30.31,0.567]],[[30.31,0.576],[30.32,0.566]],[[30.437,0.593],[30.423,0.582],[30.416,0.565]],[[30.32,0.566],[30.323,0.564]],[[30.343,0.562],[30.338,0.566],[30.33,0.567],[30.326,0.563],[30.323,0.564]],[[30.31,0.567],[30.308,0.561],[30.301,0.56]],[[30.301,0.56],[30.3,0.559]],[[30.375,0.561],[30.371,0.562],[30.362,0.558],[30.362,0.563]],[[30.362,0.563],[30.358,0.566],[30.354,0.557],[30.347,0.559],[30.343,0.562]],[[30.3,0.559],[30.3,0.553]],[[30.416,0.565],[30.41,0.558],[30.408,0.558],[30.406,0.555],[30.4,0.559],[30.396,0.554],[30.393,0.556],[30.385,0.553],[30.383,0.554],[30.381,0.552],[30.38,0.559],[30.376,0.559],[30.375,0.561]],[[30.3,0.553],[30.302,0.548],[30.305,0.546]],[[30.305,0.546],[30.307,0.54]],[[30.307,0.54],[30.308,0.536],[30.301,0.522],[30.301,0.515]],[[30.323,0.564],[30.325,0.553],[30.324,0.542],[30.328,0.536],[30.325,0.532],[30.327,0.529],[30.326,0.519],[30.333,0.511]],[[30.337,0.509],[30.339,0.509]],[[30.333,0.511],[30.337,0.509]],[[30.343,0.508],[30.339,0.509]],[[30.339,0.509],[30.343,0.508]],[[30.333,0.511],[30.332,0.505]],[[30.332,0.505],[30.332,0.503]],[[30.332,0.503],[30.331,0.502]],[[30.301,0.515],[30.298,0.503],[30.291,0.497]],[[30.331,0.502],[30.331,0.497]],[[30.692,0.959],[30.687,0.961],[30.676,0.959],[30.668,0.953],[30.653,0.952],[30.646,0.957],[30.615,0.965],[30.591,0.977],[30.583,0.983],[30.587,0.994]],[[30.705,0.94],[30.692,0.959]],[[30.705,0.94],[30.7,0.933],[30.69,0.933],[30.675,0.927]],[[30.675,0.927],[30.674,0.927]],[[30.674,0.927],[30.674,0.925]],[[30.674,0.927],[30.672,0.925]],[[30.666,0.924],[30.663,0.927]],[[30.672,0.925],[30.666,0.924]],[[30.675,0.927],[30.679,0.924],[30.682,0.925]],[[30.674,0.925],[30.677,0.923]],[[30.674,0.925],[30.671,0.921]],[[30.672,0.925],[30.671,0.921]],[[30.671,0.921],[30.671,0.912]],[[30.666,0.924],[30.663,0.918],[30.663,0.907]],[[30.663,0.907],[30.661,0.906]],[[30.663,0.907],[30.663,0.905]],[[30.532,0.8],[30.53,0.792]],[[30.522,0.789],[30.526,0.792],[30.53,0.792]],[[30.53,0.792],[30.539,0.783]],[[30.55,0.782],[30.544,0.785],[30.539,0.783]],[[30.567,0.779],[30.559,0.776],[30.555,0.769]],[[30.555,0.769],[30.551,0.768]],[[30.539,0.783],[30.539,0.774],[30.544,0.772],[30.547,0.772],[30.551,0.768]],[[30.571,0.761],[30.555,0.769]],[[30.68,0.76],[30.671,0.763],[30.659,0.762],[30.657,0.769],[30.651,0.767],[30.648,0.769],[30.639,0.767],[30.632,0.773],[30.628,0.769],[30.615,0.767],[30.609,0.773],[30.594,0.766],[30.587,0.766],[30.585,0.762],[30.579,0.76],[30.571,0.761]],[[30.896,0.944],[30.898,0.939]],[[30.848,0.978],[30.842,0.967],[30.825,0.951],[30.816,0.947],[30.814,0.942],[30.81,0.941],[30.809,0.938]],[[30.898,0.939],[30.898,0.921]],[[30.855,0.919],[30.84,0.922],[30.831,0.929],[30.809,0.938]],[[30.809,0.938],[30.795,0.917],[30.786,0.919]],[[30.786,0.919],[30.779,0.927],[30.759,0.916]],[[30.898,0.921],[30.895,0.913],[30.888,0.909]],[[30.888,0.909],[30.884,0.909]],[[30.884,0.909],[30.868,0.913],[30.862,0.917],[30.855,0.919]],[[30.899,0.902],[30.888,0.909]],[[30.961,0.884],[30.948,0.886],[30.935,0.894],[30.922,0.899],[30.902,0.899],[30.899,0.902]],[[30.965,0.879],[30.961,0.884]],[[30.991,0.863],[30.975,0.867],[30.965,0.879]],[[30.7,0.736],[30.702,0.736]],[[30.702,0.736],[30.7,0.735]],[[30.7,0.735],[30.7,0.736]],[[30.513,0.712],[30.513,0.707]],[[30.513,0.707],[30.513,0.706]],[[30.513,0.706],[30.511,0.7],[30.511,0.69],[30.516,0.683]],[[30.7,0.735],[30.687,0.71],[30.688,0.704],[30.681,0.698],[30.669,0.699],[30.662,0.678]],[[30.516,0.683],[30.518,0.674],[30.503,0.665]],[[30.662,0.678],[30.657,0.66]],[[30.545,0.654],[30.545,0.655]],[[30.657,0.66],[30.65,0.642]],[[30.65,0.642],[30.651,0.639]],[[30.523,0.659],[30.524,0.65],[30.531,0.644],[30.531,0.636]],[[30.531,0.636],[30.541,0.641],[30.548,0.649],[30.545,0.654]],[[30.651,0.639],[30.644,0.627]],[[30.509,0.618],[30.51,0.626],[30.508,0.631],[30.525,0.638],[30.531,0.636]],[[30.644,0.627],[30.644,0.612]],[[30.644,0.612],[30.644,0.612]],[[30.544,0.598],[30.537,0.607],[30.53,0.602],[30.522,0.6],[30.509,0.618]],[[30.564,0.601],[30.544,0.598]],[[30.644,0.612],[30.641,0.594],[30.638,0.588]],[[30.638,0.588],[30.626,0.59],[30.611,0.609],[30.605,0.608],[30.598,0.611],[30.575,0.607],[30.564,0.601]],[[30.733,0.587],[30.732,0.587]],[[30.751,0.578],[30.747,0.581]],[[30.638,0.588],[30.637,0.579],[30.641,0.571],[30.641,0.563],[30.646,0.552]],[[30.732,0.587],[30.73,0.585],[30.727,0.572],[30.731,0.565],[30.725,0.547],[30.725,0.541],[30.73,0.534]],[[30.646,0.552],[30.658,0.543],[30.671,0.525],[30.681,0.524],[30.683,0.517]],[[30.73,0.534],[30.722,0.531],[30.714,0.514]],[[30.901,0.629],[30.901,0.629]],[[30.901,0.629],[30.902,0.629]],[[30.752,0.582],[30.751,0.578]],[[30.862,0.564],[30.859,0.564],[30.857,0.556]],[[30.873,0.554],[30.872,0.559],[30.864,0.561],[30.862,0.564]],[[30.902,0.629],[30.904,0.625],[30.903,0.618],[30.917,0.599],[30.93,0.592],[30.931,0.588],[30.939,0.58],[30.942,0.569],[30.947,0.564],[30.947,0.547],[30.956,0.539],[30.955,0.531]],[[30.955,0.531],[30.955,0.531]],[[30.955,0.531],[30.955,0.531]],[[30.955,0.531],[30.953,0.527]],[[30.955,0.531],[30.955,0.527],[30.961,0.53],[30.962,0.521]],[[30.962,0.521],[30.963,0.521]],[[30.996,0.504],[30.992,0.508]],[[31.083,0.919],[31.09,0.909],[31.095,0.892],[31.092,0.876],[31.086,0.87],[31.085,0.853],[31.078,0.843],[31.073,0.826],[31.074,0.818],[31.079,0.815],[31.08,0.809],[31.085,0.807],[31.084,0.796],[31.077,0.79]],[[31.077,0.79],[31.068,0.788],[31.06,0.781]],[[31.198,0.777],[31.19,0.782],[31.179,0.786]],[[31.06,0.781],[31.063,0.776]],[[31.081,0.778],[31.08,0.775]],[[31.256,0.904],[31.26,0.899],[31.276,0.895],[31.291,0.883],[31.296,0.883]],[[31.33,0.878],[31.331,0.876]],[[31.296,0.883],[31.306,0.877],[31.314,0.879],[31.322,0.876],[31.33,0.878]],[[31.429,0.96],[31.426,0.928],[31.429,0.916],[31.422,0.904],[31.423,0.89],[31.418,0.887],[31.414,0.874],[31.41,0.872],[31.406,0.865],[31.405,0.858]],[[31.405,0.858],[31.396,0.846],[31.396,0.838],[31.392,0.836]],[[31.496,0.832],[31.485,0.828],[31.477,0.828],[31.465,0.831],[31.445,0.828],[31.439,0.845]],[[31.439,0.845],[31.417,0.85],[31.41,0.856],[31.405,0.858]],[[31.331,0.876],[31.335,0.842],[31.332,0.826],[31.334,0.824]],[[31.392,0.836],[31.385,0.832],[31.381,0.823],[31.367,0.817]],[[31.367,0.817],[31.364,0.814]],[[31.367,0.817],[31.363,0.814]],[[31.364,0.814],[31.363,0.814]],[[31.363,0.814],[31.363,0.805],[31.357,0.796]],[[31.334,0.824],[31.337,0.818],[31.333,0.806],[31.325,0.79]],[[31.323,0.78],[31.316,0.786],[31.311,0.786],[31.299,0.791]],[[31.325,0.79],[31.324,0.78]],[[31.324,0.78],[31.323,0.78]],[[31.357,0.796],[31.353,0.796],[31.339,0.785],[31.324,0.78]],[[31.357,0.796],[31.356,0.79],[31.363,0.787],[31.37,0.788],[31.378,0.779]],[[31.323,0.78],[31.322,0.778]],[[31.299,0.791],[31.293,0.792],[31.287,0.789],[31.281,0.778],[31.27,0.775],[31.259,0.779],[31.254,0.777]],[[31.378,0.779],[31.379,0.773],[31.383,0.768],[31.382,0.76],[31.384,0.756],[31.399,0.749]],[[31.194,0.734],[31.196,0.73],[31.192,0.724],[31.194,0.716],[31.198,0.713],[31.207,0.696]],[[31.18,0.699],[31.185,0.696],[31.194,0.699],[31.207,0.696]],[[31.048,0.618],[31.046,0.614]],[[31.046,0.614],[31.053,0.614],[31.064,0.602],[31.064,0.599],[31.068,0.598]],[[31.068,0.598],[31.071,0.597],[31.073,0.591],[31.082,0.589],[31.088,0.583],[31.11,0.579]],[[31.11,0.579],[31.117,0.568],[31.134,0.57],[31.139,0.568],[31.152,0.546],[31.166,0.54],[31.166,0.537],[31.169,0.533]],[[31.169,0.533],[31.171,0.531]],[[31.171,0.531],[31.175,0.526]],[[31.175,0.526],[31.178,0.518]],[[31.068,0.598],[31.055,0.575],[31.051,0.553],[31.045,0.541],[31.051,0.524],[31.05,0.512],[31.053,0.506],[31.049,0.499]],[[31.201,0.501],[31.203,0.497]],[[31.41,0.747],[31.409,0.745]],[[31.409,0.745],[31.408,0.745]],[[31.408,0.745],[31.406,0.745]],[[31.409,0.745],[31.408,0.742]],[[31.407,0.743],[31.408,0.742]],[[31.406,0.745],[31.407,0.743]],[[31.408,0.742],[31.408,0.741]],[[31.408,0.741],[31.411,0.736],[31.422,0.733],[31.436,0.72],[31.449,0.713],[31.454,0.712]],[[31.454,0.712],[31.467,0.713],[31.473,0.71],[31.473,0.696],[31.479,0.686]],[[31.338,0.719],[31.346,0.709],[31.341,0.697],[31.342,0.696],[31.338,0.689],[31.339,0.678]],[[31.336,0.722],[31.338,0.719]],[[31.479,0.686],[31.469,0.669],[31.463,0.667],[31.46,0.663]],[[31.479,0.686],[31.5,0.663]],[[31.5,0.663],[31.501,0.662]],[[31.46,0.663],[31.459,0.657],[31.456,0.655]],[[31.456,0.655],[31.452,0.654],[31.45,0.648],[31.425,0.645]],[[31.339,0.678],[31.341,0.666],[31.345,0.667],[31.361,0.661],[31.382,0.639],[31.386,0.629],[31.385,0.621]],[[31.364,0.619],[31.374,0.625],[31.382,0.62],[31.385,0.621]],[[31.385,0.621],[31.389,0.615]],[[31.39,0.614],[31.389,0.615]],[[31.425,0.645],[31.419,0.637],[31.406,0.636],[31.396,0.616],[31.39,0.614]],[[31.39,0.614],[31.389,0.613]],[[31.389,0.615],[31.389,0.613]],[[31.361,0.609],[31.364,0.615],[31.364,0.619]],[[31.355,0.602],[31.361,0.609]],[[31.389,0.613],[31.393,0.606],[31.392,0.601],[31.396,0.596],[31.394,0.587]],[[31.394,0.587],[31.394,0.584]],[[31.345,0.583],[31.355,0.595],[31.355,0.602]],[[31.394,0.584],[31.393,0.583]],[[31.269,0.667],[31.277,0.657],[31.275,0.649],[31.277,0.643],[31.282,0.636],[31.292,0.63],[31.292,0.621],[31.304,0.616],[31.325,0.595],[31.33,0.584],[31.345,0.583]],[[31.394,0.584],[31.393,0.581]],[[31.393,0.583],[31.393,0.581]],[[31.363,0.587],[31.362,0.579],[31.365,0.578]],[[31.393,0.581],[31.394,0.57]],[[31.394,0.57],[31.391,0.567]],[[31.391,0.567],[31.389,0.562]],[[31.365,0.578],[31.361,0.572],[31.372,0.575],[31.377,0.569],[31.379,0.57],[31.381,0.567],[31.38,0.563],[31.386,0.565],[31.387,0.568],[31.389,0.562]],[[31.389,0.562],[31.386,0.56]],[[31.386,0.56],[31.379,0.558]],[[31.43,0.544],[31.423,0.551],[31.42,0.558],[31.415,0.561],[31.413,0.567],[31.406,0.568],[31.396,0.563],[31.395,0.566],[31.391,0.567]],[[31.379,0.558],[31.368,0.555],[31.358,0.547],[31.354,0.543],[31.356,0.541]],[[31.356,0.541],[31.357,0.537]],[[31.357,0.537],[31.356,0.536]],[[31.356,0.536],[31.355,0.53]],[[31.355,0.53],[31.354,0.529]],[[31.586,0.995],[31.586,0.993]],[[31.56,0.994],[31.565,0.989]],[[31.724,0.956],[31.728,0.953],[31.739,0.957],[31.744,0.956]],[[31.681,0.953],[31.708,0.955],[31.715,0.958],[31.721,0.958],[31.724,0.956]],[[31.586,0.993],[31.59,0.975],[31.591,0.95]],[[31.579,0.948],[31.591,0.95]],[[31.591,0.95],[31.631,0.943],[31.645,0.946],[31.666,0.947],[31.673,0.952],[31.681,0.953]],[[31.526,0.94],[31.555,0.947],[31.579,0.948]],[[31.518,0.939],[31.526,0.94]],[[31.736,0.936],[31.736,0.936]],[[31.74,0.933],[31.736,0.936]],[[31.751,0.927],[31.74,0.933]],[[31.591,0.95],[31.595,0.925]],[[31.595,0.925],[31.587,0.919]],[[31.723,0.873],[31.725,0.863],[31.736,0.857],[31.751,0.86]],[[31.751,0.808],[31.731,0.799]],[[31.538,0.785],[31.539,0.789],[31.542,0.79],[31.545,0.801],[31.544,0.804],[31.538,0.808]],[[31.778,0.91],[31.778,0.909]],[[31.778,0.909],[31.78,0.904],[31.777,0.897]],[[31.777,0.897],[31.773,0.885]],[[31.773,0.885],[31.772,0.883]],[[31.772,0.883],[31.771,0.872],[31.774,0.867]],[[31.774,0.867],[31.774,0.866]],[[31.774,0.866],[31.78,0.853],[31.776,0.843],[31.778,0.84],[31.788,0.835]],[[31.788,0.835],[31.788,0.821],[31.782,0.807]],[[31.782,0.807],[31.783,0.805]],[[31.501,0.662],[31.51,0.648],[31.537,0.642]],[[31.537,0.642],[31.56,0.638],[31.572,0.639]],[[31.572,0.639],[31.575,0.638],[31.583,0.627],[31.609,0.62]],[[31.633,0.599],[31.628,0.606],[31.622,0.608],[31.619,0.614],[31.609,0.62]],[[31.633,0.599],[31.644,0.589],[31.658,0.587],[31.666,0.582]],[[31.666,0.582],[31.67,0.581]],[[31.67,0.581],[31.676,0.582]],[[31.676,0.582],[31.694,0.573]],[[31.694,0.573],[31.704,0.565]],[[31.704,0.565],[31.707,0.562]],[[31.738,0.551],[31.739,0.551]],[[31.707,0.562],[31.718,0.554],[31.73,0.55]],[[31.73,0.55],[31.738,0.551]],[[31.739,0.551],[31.75,0.545]],[[31.546,0.503],[31.545,0.503]],[[31.545,0.503],[31.54,0.502]],[[31.54,0.502],[31.534,0.499]],[[31.837,0.674],[31.839,0.652],[31.835,0.637]],[[31.85,0.664],[31.856,0.644],[31.864,0.639],[31.867,0.633]],[[31.835,0.637],[31.836,0.629]],[[31.867,0.633],[31.885,0.622],[31.888,0.617]],[[31.836,0.629],[31.835,0.613]],[[31.976,0.665],[31.958,0.638]],[[31.958,0.638],[31.954,0.63],[31.935,0.618],[31.931,0.609]],[[31.931,0.609],[31.91,0.601]],[[31.888,0.617],[31.895,0.615],[31.9,0.611]],[[31.9,0.611],[31.91,0.601]],[[31.91,0.601],[31.91,0.601]],[[31.835,0.613],[31.828,0.596]],[[31.929,0.582],[31.931,0.596],[31.929,0.6],[31.931,0.609]],[[31.91,0.601],[31.92,0.587],[31.929,0.582]],[[31.828,0.596],[31.827,0.592],[31.83,0.587],[31.828,0.576]],[[31.929,0.582],[31.943,0.576],[31.948,0.572],[31.96,0.573],[31.962,0.569]],[[31.828,0.576],[31.826,0.569]],[[31.962,0.569],[31.962,0.567]],[[31.961,0.566],[31.962,0.567]],[[31.962,0.567],[31.979,0.558]],[[31.999,0.562],[31.98,0.557]],[[31.979,0.558],[31.98,0.557]],[[31.947,0.556],[31.961,0.566]],[[31.938,0.556],[31.947,0.556]],[[31.826,0.569],[31.826,0.561],[31.822,0.556]],[[31.921,0.565],[31.934,0.556],[31.938,0.556]],[[31.9,0.554],[31.904,0.561],[31.911,0.564]],[[31.911,0.564],[31.921,0.565]],[[31.822,0.556],[31.822,0.552]],[[31.791,0.552],[31.797,0.552]],[[31.797,0.552],[31.803,0.551]],[[31.895,0.55],[31.9,0.554]],[[31.773,0.55],[31.791,0.552]],[[31.874,0.551],[31.885,0.553],[31.895,0.55]],[[31.765,0.549],[31.773,0.55]],[[31.853,0.55],[31.854,0.549]],[[31.822,0.552],[31.844,0.553],[31.848,0.549],[31.853,0.55]],[[31.803,0.551],[31.81,0.549]],[[31.854,0.549],[31.864,0.548],[31.874,0.551]],[[31.761,0.548],[31.765,0.549]],[[31.822,0.552],[31.82,0.547]],[[31.81,0.549],[31.82,0.547]],[[31.82,0.547],[31.82,0.546]],[[31.82,0.546],[31.823,0.541]],[[31.82,0.546],[31.812,0.536]],[[31.98,0.557],[31.985,0.547],[31.992,0.543],[31.997,0.526]],[[31.812,0.536],[31.802,0.53],[31.796,0.524]],[[31.823,0.541],[31.838,0.524],[31.85,0.516]],[[31.796,0.524],[31.785,0.51],[31.776,0.505]],[[31.776,0.505],[31.771,0.504]],[[31.85,0.516],[31.855,0.509],[31.872,0.502]],[[31.771,0.504],[31.765,0.501]],[[31.872,0.502],[31.873,0.501]],[[32.113,0.997],[32.12,0.99]],[[32.12,0.99],[32.126,0.984]],[[32.126,0.984],[32.128,0.968],[32.137,0.959]],[[32.137,0.959],[32.14,0.955]],[[32.14,0.955],[32.146,0.949]],[[32.146,0.949],[32.152,0.943]],[[32.152,0.943],[32.152,0.943]],[[32.152,0.943],[32.169,0.926]],[[32.234,0.928],[32.233,0.916],[32.22,0.911]],[[32.169,0.926],[32.183,0.917],[32.189,0.91]],[[32.247,0.908],[32.247,0.905]],[[32.22,0.911],[32.216,0.902]],[[32.194,0.902],[32.194,0.902]],[[32.189,0.91],[32.194,0.902]],[[32.207,0.899],[32.194,0.902]],[[32.216,0.902],[32.207,0.899]],[[32.216,0.902],[32.216,0.896]],[[32.194,0.902],[32.197,0.886]],[[32.197,0.886],[32.188,0.888],[32.18,0.884]],[[32.197,0.886],[32.199,0.882]],[[32.203,0.88],[32.201,0.88]],[[32.199,0.882],[32.201,0.88]],[[32.216,0.896],[32.217,0.892],[32.212,0.878]],[[32.212,0.878],[32.203,0.88]],[[32.247,0.905],[32.229,0.886],[32.22,0.881],[32.218,0.875]],[[32.218,0.875],[32.212,0.878]],[[32.212,0.878],[32.21,0.872]],[[32.201,0.88],[32.21,0.872]],[[32.218,0.875],[32.211,0.87]],[[32.21,0.872],[32.211,0.87]],[[32.211,0.87],[32.219,0.862]],[[32.251,0.859],[32.225,0.863],[32.219,0.862]],[[32.219,0.862],[32.228,0.847]],[[32.228,0.847],[32.228,0.845]],[[32.228,0.845],[32.243,0.823]],[[32.243,0.823],[32.238,0.812]],[[32.012,0.828],[32.008,0.814],[32.013,0.808]],[[32.238,0.812],[32.224,0.798]],[[32.013,0.808],[32.022,0.797]],[[32.022,0.797],[32.035,0.785],[32.04,0.775]],[[32.224,0.798],[32.223,0.79],[32.23,0.765]],[[32.23,0.765],[32.23,0.764]],[[32.04,0.775],[32.062,0.749]],[[32.323,0.996],[32.321,0.997]],[[32.339,0.96],[32.323,0.996]],[[32.472,0.959],[32.473,0.958]],[[32.339,0.96],[32.33,0.953]],[[32.353,0.937],[32.339,0.96]],[[32.33,0.953],[32.323,0.942],[32.314,0.936],[32.312,0.928],[32.306,0.926]],[[32.361,0.915],[32.353,0.937]],[[32.457,0.913],[32.429,0.917],[32.417,0.911],[32.407,0.913]],[[32.46,0.908],[32.457,0.913]],[[32.467,0.906],[32.46,0.908]],[[32.362,0.905],[32.361,0.915]],[[32.473,0.904],[32.47,0.91],[32.47,0.924]],[[32.473,0.904],[32.467,0.906]],[[32.476,0.9],[32.473,0.904]],[[32.497,0.89],[32.498,0.893]],[[32.478,0.889],[32.476,0.9]],[[32.489,0.885],[32.49,0.887]],[[32.48,0.884],[32.478,0.889]],[[32.353,0.883],[32.362,0.905]],[[32.493,0.883],[32.497,0.89]],[[32.484,0.881],[32.489,0.885]],[[32.481,0.879],[32.484,0.881]],[[32.481,0.879],[32.48,0.884]],[[32.484,0.867],[32.481,0.879]],[[32.407,0.913],[32.405,0.903],[32.411,0.899],[32.429,0.875],[32.447,0.862]],[[32.447,0.862],[32.451,0.863]],[[32.486,0.862],[32.484,0.867]],[[32.451,0.863],[32.463,0.858]],[[32.463,0.858],[32.469,0.856]],[[32.356,0.854],[32.35,0.87],[32.353,0.883]],[[32.313,0.854],[32.33,0.856]],[[32.33,0.856],[32.347,0.853]],[[32.469,0.856],[32.475,0.851]],[[32.424,0.853],[32.443,0.849]],[[32.416,0.85],[32.424,0.853]],[[32.489,0.849],[32.492,0.851]],[[32.475,0.851],[32.481,0.848]],[[32.397,0.848],[32.398,0.848]],[[32.398,0.848],[32.402,0.847]],[[32.402,0.847],[32.416,0.85]],[[32.3,0.847],[32.313,0.854]],[[32.361,0.847],[32.356,0.854]],[[32.393,0.847],[32.397,0.848]],[[32.454,0.847],[32.475,0.851]],[[32.443,0.849],[32.454,0.847]],[[32.481,0.848],[32.487,0.846]],[[32.362,0.845],[32.361,0.847]],[[32.347,0.853],[32.362,0.845]],[[32.362,0.845],[32.362,0.845]],[[32.374,0.844],[32.393,0.847]],[[32.491,0.844],[32.492,0.844]],[[32.487,0.846],[32.491,0.844]],[[32.284,0.843],[32.3,0.847]],[[32.362,0.845],[32.368,0.843],[32.374,0.844]],[[32.362,0.845],[32.356,0.841]],[[32.491,0.844],[32.494,0.841]],[[32.364,0.837],[32.362,0.845]],[[32.356,0.841],[32.354,0.836]],[[32.354,0.836],[32.354,0.835]],[[32.366,0.833],[32.364,0.837]],[[32.37,0.825],[32.366,0.833]],[[32.371,0.816],[32.37,0.825]],[[32.341,0.816],[32.346,0.827],[32.354,0.835]],[[32.372,0.815],[32.371,0.816]],[[32.34,0.814],[32.341,0.816]],[[32.339,0.811],[32.34,0.814]],[[32.384,0.8],[32.377,0.805],[32.372,0.815]],[[32.329,0.794],[32.339,0.811]],[[32.49,0.775],[32.495,0.784]],[[32.409,0.774],[32.408,0.781]],[[32.324,0.774],[32.322,0.78]],[[32.251,0.769],[32.264,0.77]],[[32.264,0.77],[32.267,0.769]],[[32.303,0.767],[32.308,0.768]],[[32.267,0.769],[32.286,0.767]],[[32.286,0.767],[32.296,0.767]],[[32.308,0.768],[32.313,0.767]],[[32.296,0.767],[32.303,0.767]],[[32.488,0.765],[32.49,0.771],[32.496,0.772]],[[32.325,0.765],[32.324,0.774]],[[32.313,0.767],[32.325,0.765]],[[32.325,0.765],[32.329,0.765]],[[32.329,0.765],[32.336,0.764]],[[32.408,0.763],[32.409,0.774]],[[32.336,0.764],[32.342,0.758]],[[32.408,0.758],[32.408,0.763]],[[32.342,0.758],[32.347,0.754]],[[32.407,0.754],[32.408,0.758]],[[32.408,0.752],[32.407,0.754]],[[32.347,0.754],[32.351,0.751]],[[32.408,0.75],[32.408,0.752]],[[32.031,0.74],[32.027,0.73],[32.027,0.721]],[[32.027,0.721],[32.028,0.716]],[[32.043,0.716],[32.039,0.691]],[[32.028,0.716],[32.031,0.69]],[[32.165,0.684],[32.165,0.684]],[[32.055,0.683],[32.056,0.682]],[[32.142,0.694],[32.137,0.694],[32.131,0.688]],[[32.152,0.687],[32.151,0.687]],[[32.157,0.687],[32.156,0.687]],[[32.13,0.687],[32.121,0.682]],[[32.119,0.682],[32.112,0.681]],[[32.151,0.687],[32.142,0.694]],[[32.131,0.688],[32.13,0.687]],[[32.165,0.684],[32.157,0.687]],[[32.156,0.687],[32.152,0.687]],[[32.121,0.682],[32.119,0.682]],[[32.101,0.682],[32.099,0.682]],[[32.109,0.681],[32.102,0.682]],[[32.112,0.681],[32.11,0.681]],[[32.102,0.682],[32.101,0.682]],[[32.11,0.681],[32.109,0.681]],[[32.099,0.682],[32.094,0.68]],[[32.246,0.682],[32.25,0.673]],[[32.094,0.68],[32.086,0.673]],[[32.086,0.673],[32.086,0.672]],[[32.248,0.653],[32.246,0.649],[32.248,0.646]],[[32.136,0.618],[32.112,0.6],[32.104,0.599],[32.091,0.603],[32.078,0.593]],[[32.049,0.588],[32.045,0.59],[32.037,0.587]],[[32.051,0.587],[32.049,0.588]],[[32.078,0.593],[32.063,0.587],[32.051,0.587]],[[32.037,0.587],[32.025,0.583]],[[32.025,0.583],[32.02,0.582]],[[32.141,0.609],[32.125,0.58]],[[32.125,0.58],[32.125,0.571]],[[32.234,0.576],[32.231,0.574],[32.221,0.558]],[[32.221,0.558],[32.221,0.558]],[[32.204,0.565],[32.203,0.562],[32.192,0.555]],[[32.192,0.555],[32.186,0.549]],[[32.186,0.549],[32.181,0.544]],[[32.077,0.535],[32.074,0.533]],[[32.074,0.533],[32.057,0.532]],[[32.125,0.571],[32.125,0.554],[32.121,0.548],[32.121,0.529]],[[32.121,0.529],[32.12,0.523],[32.124,0.517]],[[32.181,0.544],[32.169,0.53],[32.16,0.525],[32.152,0.513]],[[32.124,0.517],[32.13,0.511]],[[32.057,0.532],[32.053,0.525],[32.036,0.509]],[[32.152,0.513],[32.148,0.506]],[[32.007,0.506],[32.012,0.505]],[[32.086,0.503],[32.088,0.508],[32.088,0.527],[32.082,0.535],[32.077,0.535]],[[32.036,0.509],[32.027,0.502],[32.018,0.502]],[[32.012,0.505],[32.018,0.502]],[[32.007,0.506],[32.012,0.502]],[[32.086,0.503],[32.082,0.501]],[[32.13,0.511],[32.136,0.508],[32.138,0.501]],[[32.148,0.506],[32.139,0.501]],[[32.139,0.501],[32.138,0.501]],[[32.082,0.501],[32.084,0.5],[32.086,0.503]],[[32.485,0.747],[32.482,0.747]],[[32.4,0.747],[32.397,0.746]],[[32.395,0.747],[32.397,0.746]],[[32.46,0.747],[32.46,0.744]],[[32.454,0.747],[32.46,0.744]],[[32.489,0.747],[32.492,0.744]],[[32.492,0.744],[32.487,0.741]],[[32.487,0.741],[32.478,0.743]],[[32.492,0.744],[32.501,0.74]],[[32.372,0.747],[32.367,0.74]],[[32.46,0.744],[32.46,0.739]],[[32.341,0.739],[32.342,0.744],[32.349,0.747]],[[32.341,0.739],[32.328,0.741]],[[32.431,0.747],[32.425,0.744],[32.423,0.739]],[[32.367,0.74],[32.368,0.737]],[[32.442,0.747],[32.437,0.743],[32.434,0.737]],[[32.434,0.737],[32.427,0.736]],[[32.283,0.746],[32.29,0.741],[32.295,0.742],[32.297,0.735]],[[32.46,0.739],[32.451,0.734],[32.443,0.736],[32.434,0.737]],[[32.49,0.733],[32.491,0.735],[32.487,0.741]],[[32.314,0.732],[32.297,0.735]],[[32.427,0.736],[32.416,0.73]],[[32.397,0.746],[32.402,0.737],[32.401,0.729]],[[32.368,0.737],[32.375,0.729]],[[32.375,0.729],[32.376,0.727]],[[32.401,0.729],[32.386,0.734],[32.376,0.727]],[[32.416,0.73],[32.409,0.727]],[[32.283,0.746],[32.281,0.744],[32.269,0.74],[32.268,0.726]],[[32.268,0.726],[32.259,0.726],[32.251,0.73]],[[32.409,0.727],[32.404,0.725]],[[32.401,0.729],[32.401,0.726],[32.404,0.725]],[[32.314,0.732],[32.316,0.724]],[[32.368,0.737],[32.364,0.734],[32.36,0.724]],[[32.36,0.724],[32.341,0.739]],[[32.375,0.729],[32.368,0.724],[32.36,0.724]],[[32.495,0.725],[32.492,0.723]],[[32.492,0.723],[32.492,0.723]],[[32.492,0.723],[32.476,0.726],[32.465,0.737],[32.46,0.739]],[[32.492,0.723],[32.492,0.722]],[[32.297,0.735],[32.294,0.721]],[[32.294,0.721],[32.288,0.725],[32.28,0.727],[32.279,0.73],[32.268,0.726]],[[32.495,0.725],[32.501,0.718]],[[32.404,0.725],[32.39,0.718]],[[32.376,0.727],[32.386,0.723],[32.39,0.718]],[[32.39,0.718],[32.387,0.717]],[[32.316,0.724],[32.312,0.713]],[[32.312,0.713],[32.304,0.719],[32.294,0.721]],[[32.427,0.736],[32.428,0.728],[32.433,0.723],[32.441,0.722],[32.446,0.713],[32.459,0.713],[32.471,0.708]],[[32.492,0.722],[32.471,0.708]],[[32.387,0.717],[32.368,0.711],[32.361,0.706]],[[32.361,0.706],[32.361,0.706]],[[32.361,0.706],[32.361,0.706]],[[32.36,0.724],[32.353,0.714],[32.361,0.706]],[[32.312,0.713],[32.305,0.701]],[[32.316,0.724],[32.318,0.726],[32.326,0.723],[32.332,0.71],[32.332,0.701]],[[32.338,0.701],[32.332,0.701]],[[32.361,0.706],[32.338,0.701]],[[32.309,0.7],[32.305,0.701]],[[32.332,0.701],[32.309,0.7]],[[32.305,0.701],[32.298,0.702],[32.293,0.7]],[[32.294,0.721],[32.29,0.706],[32.293,0.7]],[[32.409,0.727],[32.415,0.713],[32.414,0.709],[32.408,0.703],[32.39,0.697]],[[32.387,0.717],[32.387,0.704],[32.39,0.702],[32.39,0.697]],[[32.338,0.701],[32.338,0.693]],[[32.293,0.7],[32.275,0.693]],[[32.268,0.726],[32.267,0.718],[32.261,0.703],[32.268,0.698],[32.268,0.693]],[[32.275,0.693],[32.268,0.693]],[[32.471,0.708],[32.473,0.701],[32.468,0.696],[32.458,0.692]],[[32.5,0.685],[32.501,0.683]],[[32.458,0.692],[32.453,0.695],[32.448,0.694],[32.441,0.687],[32.426,0.681]],[[32.416,0.73],[32.42,0.717],[32.419,0.707],[32.428,0.699],[32.423,0.691],[32.426,0.681]],[[32.309,0.7],[32.303,0.68],[32.296,0.678],[32.292,0.68],[32.29,0.677]],[[32.275,0.693],[32.29,0.677]],[[32.426,0.681],[32.427,0.674],[32.431,0.672]],[[32.338,0.693],[32.325,0.687],[32.325,0.682],[32.32,0.679],[32.318,0.67]],[[32.451,0.669],[32.456,0.68],[32.462,0.686],[32.458,0.692]],[[32.451,0.669],[32.437,0.667],[32.433,0.67],[32.434,0.673],[32.431,0.672]],[[32.431,0.672],[32.426,0.669],[32.412,0.668],[32.406,0.664]],[[32.361,0.706],[32.361,0.697],[32.358,0.679],[32.348,0.663]],[[32.39,0.697],[32.392,0.687],[32.389,0.683],[32.393,0.672],[32.392,0.663]],[[32.406,0.664],[32.392,0.663]],[[32.338,0.693],[32.34,0.69],[32.336,0.676],[32.341,0.671],[32.341,0.663],[32.348,0.663]],[[32.29,0.677],[32.29,0.673],[32.278,0.662],[32.265,0.661]],[[32.251,0.67],[32.265,0.661]],[[32.464,0.658],[32.462,0.664]],[[32.462,0.664],[32.451,0.669]],[[32.492,0.695],[32.492,0.685],[32.488,0.684],[32.48,0.656]],[[32.492,0.722],[32.491,0.71],[32.493,0.706],[32.492,0.695]],[[32.481,0.656],[32.48,0.656]],[[32.48,0.656],[32.471,0.658],[32.467,0.656],[32.464,0.658]],[[32.5,0.685],[32.493,0.659],[32.488,0.654]],[[32.488,0.654],[32.481,0.656]],[[32.488,0.654],[32.488,0.654]],[[32.392,0.663],[32.383,0.658],[32.378,0.659],[32.37,0.655],[32.364,0.656],[32.359,0.653]],[[32.359,0.653],[32.351,0.651]],[[32.348,0.663],[32.345,0.657],[32.351,0.651]],[[32.265,0.661],[32.286,0.65]],[[32.286,0.65],[32.283,0.648]],[[32.406,0.663],[32.406,0.657],[32.403,0.654],[32.394,0.652],[32.387,0.647],[32.384,0.649],[32.381,0.639]],[[32.406,0.664],[32.406,0.663]],[[32.283,0.648],[32.278,0.639],[32.283,0.637]],[[32.286,0.65],[32.308,0.636]],[[32.283,0.648],[32.269,0.645],[32.26,0.636],[32.255,0.634]],[[32.29,0.677],[32.299,0.674],[32.308,0.659],[32.315,0.653],[32.317,0.647],[32.313,0.641],[32.314,0.633]],[[32.308,0.636],[32.314,0.633]],[[32.255,0.634],[32.253,0.633]],[[32.308,0.636],[32.296,0.636],[32.293,0.633],[32.283,0.637]],[[32.351,0.651],[32.345,0.646],[32.338,0.631]],[[32.325,0.649],[32.329,0.651],[32.33,0.648],[32.335,0.643],[32.338,0.631]],[[32.381,0.639],[32.365,0.631]],[[32.381,0.639],[32.392,0.63],[32.4,0.63],[32.404,0.627]],[[32.283,0.637],[32.27,0.623]],[[32.27,0.623],[32.27,0.623]],[[32.255,0.634],[32.27,0.623]],[[32.338,0.631],[32.334,0.625],[32.327,0.621]],[[32.314,0.633],[32.327,0.621]],[[32.464,0.658],[32.455,0.65],[32.446,0.652],[32.444,0.646],[32.422,0.636],[32.424,0.63],[32.415,0.62]],[[32.327,0.621],[32.33,0.62]],[[32.415,0.62],[32.411,0.62],[32.406,0.628],[32.404,0.627]],[[32.33,0.62],[32.333,0.618]],[[32.481,0.656],[32.472,0.641],[32.464,0.635],[32.455,0.617]],[[32.27,0.623],[32.276,0.617]],[[32.358,0.637],[32.348,0.624],[32.347,0.615]],[[32.359,0.653],[32.364,0.65],[32.365,0.645],[32.358,0.637]],[[32.333,0.618],[32.33,0.615]],[[32.33,0.62],[32.33,0.615]],[[32.339,0.614],[32.347,0.615]],[[32.333,0.618],[32.339,0.614]],[[32.327,0.621],[32.319,0.62],[32.308,0.614]],[[32.27,0.623],[32.255,0.613]],[[32.253,0.633],[32.254,0.63],[32.251,0.621],[32.255,0.613]],[[32.365,0.631],[32.36,0.626],[32.356,0.617],[32.35,0.615],[32.348,0.612]],[[32.347,0.615],[32.348,0.612]],[[32.404,0.627],[32.39,0.612],[32.383,0.609]],[[32.383,0.609],[32.377,0.612],[32.375,0.625],[32.365,0.631]],[[32.324,0.608],[32.308,0.614]],[[32.33,0.615],[32.329,0.61],[32.324,0.608]],[[32.501,0.61],[32.498,0.608]],[[32.488,0.654],[32.479,0.607],[32.476,0.607]],[[32.476,0.607],[32.472,0.615],[32.455,0.617]],[[32.308,0.614],[32.299,0.61],[32.296,0.605]],[[32.324,0.608],[32.318,0.603]],[[32.318,0.603],[32.309,0.606],[32.296,0.605]],[[32.455,0.617],[32.452,0.612],[32.439,0.61],[32.427,0.602]],[[32.427,0.602],[32.426,0.602]],[[32.415,0.62],[32.421,0.607],[32.426,0.602]],[[32.479,0.601],[32.476,0.607]],[[32.495,0.603],[32.479,0.601]],[[32.479,0.601],[32.477,0.6]],[[32.318,0.603],[32.314,0.599]],[[32.348,0.612],[32.369,0.598]],[[32.323,0.597],[32.318,0.603]],[[32.383,0.609],[32.379,0.596]],[[32.369,0.598],[32.379,0.596]],[[32.323,0.597],[32.318,0.593]],[[32.314,0.599],[32.318,0.593]],[[32.477,0.6],[32.48,0.592]],[[32.255,0.613],[32.261,0.598],[32.26,0.592]],[[32.296,0.605],[32.293,0.602],[32.285,0.603],[32.264,0.592]],[[32.264,0.592],[32.26,0.592]],[[32.385,0.591],[32.39,0.6],[32.383,0.609]],[[32.379,0.596],[32.385,0.591]],[[32.426,0.602],[32.425,0.597],[32.418,0.59]],[[32.48,0.592],[32.483,0.589]],[[32.418,0.59],[32.416,0.587]],[[32.427,0.602],[32.431,0.598],[32.431,0.593],[32.434,0.586]],[[32.434,0.586],[32.418,0.59]],[[32.385,0.591],[32.39,0.584]],[[32.348,0.612],[32.345,0.604],[32.348,0.597],[32.345,0.583]],[[32.477,0.6],[32.454,0.587],[32.449,0.58]],[[32.449,0.58],[32.434,0.586]],[[32.318,0.593],[32.318,0.583],[32.314,0.578]],[[32.345,0.583],[32.333,0.577]],[[32.333,0.577],[32.332,0.584],[32.328,0.586]],[[32.328,0.586],[32.323,0.597]],[[32.416,0.587],[32.404,0.576]],[[32.39,0.584],[32.4,0.581],[32.404,0.576]],[[32.39,0.584],[32.378,0.576],[32.361,0.574]],[[32.369,0.598],[32.362,0.588],[32.361,0.574]],[[32.361,0.574],[32.36,0.574]],[[32.489,0.573],[32.494,0.577],[32.501,0.574]],[[32.483,0.589],[32.489,0.573]],[[32.345,0.583],[32.346,0.573]],[[32.36,0.574],[32.346,0.573]],[[32.314,0.599],[32.297,0.579],[32.282,0.572]],[[32.282,0.572],[32.264,0.592]],[[32.333,0.577],[32.33,0.571]],[[32.36,0.574],[32.36,0.57]],[[32.33,0.571],[32.323,0.572],[32.32,0.57]],[[32.32,0.57],[32.321,0.576]],[[32.321,0.576],[32.321,0.577],[32.314,0.578]],[[32.404,0.576],[32.411,0.569]],[[32.416,0.587],[32.419,0.579],[32.413,0.567]],[[32.411,0.569],[32.413,0.567]],[[32.33,0.571],[32.329,0.567]],[[32.48,0.592],[32.478,0.587],[32.473,0.582],[32.471,0.568]],[[32.471,0.568],[32.47,0.56]],[[32.489,0.573],[32.489,0.561]],[[32.489,0.561],[32.49,0.555]],[[32.49,0.555],[32.47,0.56]],[[32.346,0.573],[32.343,0.558]],[[32.343,0.558],[32.347,0.554]],[[32.449,0.58],[32.436,0.564]],[[32.436,0.564],[32.435,0.558],[32.429,0.553]],[[32.413,0.567],[32.417,0.564]],[[32.417,0.564],[32.429,0.553]],[[32.411,0.569],[32.41,0.566]],[[32.41,0.566],[32.403,0.564],[32.402,0.553],[32.396,0.554]],[[32.251,0.56],[32.253,0.553]],[[32.314,0.578],[32.307,0.574],[32.305,0.562],[32.296,0.553]],[[32.282,0.572],[32.296,0.553]],[[32.32,0.568],[32.32,0.57]],[[32.33,0.55],[32.33,0.55]],[[32.33,0.55],[32.32,0.558],[32.318,0.562],[32.32,0.568]],[[32.501,0.55],[32.496,0.556],[32.49,0.555]],[[32.396,0.554],[32.387,0.563],[32.385,0.56],[32.377,0.556],[32.373,0.546],[32.368,0.542],[32.368,0.553],[32.365,0.555],[32.358,0.557],[32.347,0.554]],[[32.47,0.56],[32.461,0.562],[32.456,0.56],[32.449,0.545],[32.445,0.542]],[[32.429,0.553],[32.445,0.542]],[[32.429,0.553],[32.416,0.538]],[[32.49,0.555],[32.492,0.543],[32.49,0.538]],[[32.416,0.538],[32.419,0.536]],[[32.396,0.554],[32.389,0.535]],[[32.416,0.538],[32.397,0.533],[32.389,0.535]],[[32.445,0.542],[32.433,0.539],[32.432,0.533],[32.43,0.531],[32.419,0.536]],[[32.253,0.553],[32.255,0.553],[32.264,0.544],[32.262,0.533],[32.258,0.527]],[[32.389,0.535],[32.382,0.533],[32.378,0.527]],[[32.258,0.527],[32.254,0.529],[32.252,0.526]],[[32.252,0.526],[32.251,0.525]],[[32.26,0.525],[32.258,0.527]],[[32.347,0.554],[32.341,0.554],[32.335,0.549],[32.336,0.545],[32.339,0.544],[32.344,0.532],[32.333,0.523]],[[32.307,0.535],[32.319,0.535],[32.333,0.523]],[[32.296,0.553],[32.301,0.541],[32.307,0.535]],[[32.264,0.523],[32.26,0.525]],[[32.279,0.543],[32.265,0.522]],[[32.296,0.553],[32.287,0.549],[32.279,0.543]],[[32.267,0.522],[32.27,0.52]],[[32.333,0.523],[32.329,0.517]],[[32.323,0.516],[32.316,0.516],[32.308,0.521],[32.304,0.526],[32.305,0.531],[32.307,0.532]],[[32.329,0.517],[32.323,0.516]],[[32.501,0.522],[32.495,0.515]],[[32.49,0.538],[32.487,0.526],[32.482,0.518],[32.483,0.515]],[[32.495,0.515],[32.483,0.515]],[[32.47,0.56],[32.466,0.529],[32.462,0.513]],[[32.445,0.542],[32.448,0.541],[32.454,0.525],[32.462,0.513]],[[32.483,0.515],[32.482,0.511]],[[32.378,0.527],[32.367,0.511]],[[32.347,0.554],[32.355,0.538],[32.356,0.528],[32.367,0.511]],[[32.462,0.513],[32.464,0.51]],[[32.367,0.511],[32.358,0.509]],[[32.333,0.523],[32.341,0.514],[32.352,0.514],[32.358,0.509]],[[32.383,0.509],[32.378,0.527]],[[32.419,0.536],[32.419,0.525],[32.412,0.507]],[[32.389,0.535],[32.398,0.517],[32.412,0.507]],[[32.412,0.507],[32.414,0.504]],[[32.293,0.508],[32.287,0.504]],[[32.272,0.52],[32.287,0.504]],[[32.287,0.504],[32.287,0.504]],[[32.323,0.516],[32.318,0.505],[32.313,0.503],[32.308,0.506]],[[32.414,0.504],[32.412,0.501],[32.4,0.5],[32.389,0.504],[32.383,0.509]],[[32.301,0.5],[32.287,0.504]],[[32.383,0.509],[32.375,0.501],[32.368,0.499]],[[32.367,0.511],[32.368,0.499]],[[32.482,0.511],[32.474,0.498]],[[32.464,0.51],[32.474,0.498]],[[32.329,0.517],[32.331,0.51],[32.328,0.503],[32.33,0.498]],[[32.33,0.498],[32.328,0.497]],[[32.441,0.497],[32.435,0.5],[32.432,0.504],[32.427,0.499],[32.414,0.504]],[[32.464,0.51],[32.449,0.497]],[[32.624,0.991],[32.624,0.992]],[[32.623,0.989],[32.624,0.991]],[[32.527,0.797],[32.53,0.791]],[[32.565,0.793],[32.573,0.792],[32.578,0.794]],[[32.541,0.802],[32.54,0.791]],[[32.53,0.791],[32.54,0.791]],[[32.631,0.788],[32.636,0.801]],[[32.628,0.788],[32.614,0.795]],[[32.628,0.788],[32.631,0.788]],[[32.738,0.807],[32.739,0.802],[32.731,0.785]],[[32.53,0.791],[32.535,0.784]],[[32.535,0.784],[32.524,0.791]],[[32.638,0.783],[32.638,0.79],[32.644,0.794],[32.649,0.792]],[[32.638,0.783],[32.644,0.783]],[[32.59,0.783],[32.59,0.783]],[[32.631,0.782],[32.631,0.788]],[[32.631,0.782],[32.638,0.783]],[[32.577,0.782],[32.584,0.785],[32.59,0.783]],[[32.577,0.782],[32.585,0.792]],[[32.568,0.781],[32.565,0.793]],[[32.731,0.785],[32.731,0.781]],[[32.54,0.791],[32.539,0.78]],[[32.535,0.784],[32.539,0.78]],[[32.574,0.779],[32.577,0.782]],[[32.568,0.781],[32.574,0.779]],[[32.665,0.799],[32.67,0.793],[32.672,0.777]],[[32.684,0.774],[32.685,0.775]],[[32.572,0.774],[32.574,0.779]],[[32.731,0.781],[32.725,0.777],[32.724,0.772]],[[32.628,0.771],[32.631,0.782]],[[32.567,0.771],[32.568,0.781]],[[32.584,0.77],[32.582,0.777],[32.59,0.783]],[[32.584,0.77],[32.572,0.774]],[[32.704,0.769],[32.71,0.776],[32.71,0.784],[32.718,0.792],[32.717,0.797],[32.722,0.808],[32.727,0.808]],[[32.696,0.769],[32.704,0.769]],[[32.626,0.769],[32.628,0.771]],[[32.567,0.768],[32.567,0.771]],[[32.567,0.768],[32.56,0.768],[32.559,0.77]],[[32.721,0.958],[32.718,0.97]],[[32.618,0.97],[32.628,0.958]],[[32.658,0.966],[32.668,0.957]],[[32.679,0.954],[32.683,0.961]],[[32.668,0.957],[32.679,0.954]],[[32.526,0.965],[32.527,0.953]],[[32.516,0.98],[32.525,0.974],[32.526,0.965]],[[32.717,0.952],[32.721,0.958]],[[32.628,0.958],[32.629,0.952]],[[32.629,0.952],[32.641,0.954],[32.66,0.95],[32.668,0.957]],[[32.527,0.953],[32.526,0.948]],[[32.618,0.947],[32.616,0.962],[32.618,0.97]],[[32.575,0.967],[32.585,0.954],[32.618,0.947]],[[32.552,0.983],[32.571,0.972],[32.575,0.967]],[[32.629,0.952],[32.629,0.945]],[[32.618,0.947],[32.629,0.945]],[[32.629,0.945],[32.629,0.944]],[[32.696,0.942],[32.701,0.948],[32.717,0.952]],[[32.526,0.948],[32.523,0.938]],[[32.621,0.938],[32.629,0.944]],[[32.541,0.935],[32.535,0.956],[32.531,0.957],[32.527,0.953]],[[32.706,0.933],[32.708,0.94],[32.717,0.952]],[[32.696,0.942],[32.706,0.933]],[[32.67,0.929],[32.679,0.954]],[[32.604,0.929],[32.616,0.938],[32.618,0.947]],[[32.706,0.928],[32.706,0.933]],[[32.706,0.928],[32.731,0.928],[32.747,0.937],[32.751,0.936]],[[32.523,0.938],[32.522,0.925]],[[32.55,0.925],[32.55,0.928],[32.545,0.928],[32.542,0.93],[32.541,0.935]],[[32.686,0.924],[32.683,0.928],[32.684,0.933],[32.696,0.942]],[[32.686,0.924],[32.7,0.925],[32.706,0.928]],[[32.67,0.929],[32.664,0.929],[32.655,0.924]],[[32.678,0.918],[32.686,0.924]],[[32.655,0.924],[32.643,0.917]],[[32.629,0.944],[32.643,0.917]],[[32.59,0.917],[32.604,0.929]],[[32.55,0.925],[32.578,0.933],[32.589,0.926],[32.59,0.917]],[[32.667,0.917],[32.674,0.921],[32.678,0.918]],[[32.667,0.917],[32.67,0.929]],[[32.55,0.916],[32.55,0.925]],[[32.672,0.915],[32.678,0.918]],[[32.605,0.914],[32.612,0.921],[32.615,0.93],[32.621,0.938]],[[32.604,0.929],[32.602,0.921],[32.605,0.914]],[[32.667,0.913],[32.667,0.917]],[[32.655,0.924],[32.658,0.916],[32.667,0.913]],[[32.522,0.925],[32.522,0.912]],[[32.533,0.909],[32.538,0.916],[32.55,0.916]],[[32.666,0.909],[32.672,0.915]],[[32.666,0.909],[32.667,0.913]],[[32.643,0.917],[32.652,0.907]],[[32.653,0.906],[32.666,0.909]],[[32.652,0.907],[32.653,0.906]],[[32.522,0.912],[32.523,0.905]],[[32.523,0.905],[32.527,0.905],[32.533,0.909]],[[32.595,0.904],[32.605,0.914]],[[32.595,0.904],[32.587,0.911],[32.59,0.917]],[[32.64,0.903],[32.643,0.905],[32.652,0.907]],[[32.643,0.917],[32.637,0.913],[32.64,0.903]],[[32.672,0.915],[32.68,0.911],[32.689,0.902],[32.694,0.903]],[[32.663,0.901],[32.666,0.909]],[[32.596,0.9],[32.595,0.904]],[[32.549,0.899],[32.55,0.916]],[[32.549,0.899],[32.537,0.901],[32.533,0.909]],[[32.654,0.899],[32.663,0.901]],[[32.653,0.906],[32.654,0.899]],[[32.549,0.898],[32.549,0.899]],[[32.64,0.903],[32.64,0.898]],[[32.574,0.894],[32.596,0.9]],[[32.569,0.892],[32.574,0.894]],[[32.569,0.892],[32.567,0.9],[32.549,0.898]],[[32.657,0.892],[32.663,0.901]],[[32.654,0.899],[32.655,0.891]],[[32.656,0.89],[32.657,0.892]],[[32.656,0.89],[32.655,0.891]],[[32.596,0.9],[32.6,0.896],[32.607,0.894],[32.61,0.89]],[[32.655,0.891],[32.655,0.889]],[[32.655,0.889],[32.656,0.89]],[[32.653,0.888],[32.655,0.889]],[[32.653,0.888],[32.65,0.893],[32.64,0.898]],[[32.579,0.887],[32.574,0.894]],[[32.562,0.887],[32.569,0.892]],[[32.61,0.89],[32.612,0.886]],[[32.628,0.886],[32.623,0.899],[32.625,0.918],[32.621,0.924],[32.621,0.938]],[[32.523,0.905],[32.518,0.886]],[[32.612,0.886],[32.628,0.886]],[[32.569,0.884],[32.569,0.892]],[[32.562,0.887],[32.569,0.884]],[[32.548,0.883],[32.562,0.887]],[[32.548,0.883],[32.549,0.898]],[[32.657,0.892],[32.708,0.883]],[[32.612,0.886],[32.615,0.882]],[[32.64,0.898],[32.64,0.891],[32.644,0.886],[32.643,0.881]],[[32.628,0.886],[32.643,0.881]],[[32.503,0.879],[32.518,0.886]],[[32.501,0.88],[32.503,0.879]],[[32.648,0.878],[32.653,0.888]],[[32.643,0.881],[32.648,0.878]],[[32.605,0.875],[32.615,0.882]],[[32.518,0.886],[32.519,0.875],[32.518,0.873]],[[32.503,0.879],[32.518,0.873]],[[32.526,0.866],[32.531,0.873],[32.548,0.883]],[[32.592,0.866],[32.594,0.879],[32.6,0.879],[32.605,0.875]],[[32.594,0.865],[32.605,0.875]],[[32.594,0.865],[32.592,0.866]],[[32.592,0.866],[32.586,0.865]],[[32.565,0.861],[32.564,0.864],[32.571,0.878],[32.569,0.884]],[[32.523,0.86],[32.526,0.866]],[[32.523,0.86],[32.518,0.873]],[[32.525,0.86],[32.536,0.862]],[[32.523,0.86],[32.525,0.86]],[[32.523,0.86],[32.523,0.86]],[[32.672,0.86],[32.679,0.871]],[[32.586,0.865],[32.568,0.86],[32.565,0.861]],[[32.651,0.859],[32.661,0.865],[32.672,0.86]],[[32.651,0.859],[32.647,0.874],[32.648,0.878]],[[32.536,0.862],[32.547,0.859]],[[32.558,0.854],[32.565,0.861]],[[32.547,0.859],[32.558,0.854]],[[32.672,0.86],[32.682,0.853]],[[32.682,0.853],[32.683,0.853]],[[32.515,0.852],[32.523,0.86]],[[32.504,0.85],[32.501,0.851]],[[32.525,0.86],[32.529,0.85]],[[32.713,0.85],[32.734,0.86]],[[32.603,0.848],[32.614,0.854]],[[32.603,0.848],[32.598,0.857],[32.598,0.864],[32.594,0.865]],[[32.558,0.854],[32.571,0.848]],[[32.646,0.848],[32.651,0.859]],[[32.615,0.882],[32.636,0.85],[32.646,0.848]],[[32.571,0.848],[32.573,0.851],[32.581,0.855],[32.586,0.865]],[[32.571,0.848],[32.571,0.848]],[[32.529,0.85],[32.543,0.847]],[[32.549,0.847],[32.553,0.848],[32.558,0.854]],[[32.547,0.859],[32.549,0.847]],[[32.549,0.847],[32.549,0.847]],[[32.543,0.847],[32.549,0.847]],[[32.697,0.847],[32.713,0.85]],[[32.683,0.853],[32.688,0.849],[32.697,0.847]],[[32.529,0.85],[32.529,0.845]],[[32.515,0.852],[32.529,0.845]],[[32.509,0.845],[32.515,0.852]],[[32.509,0.845],[32.504,0.85]],[[32.571,0.848],[32.586,0.844]],[[32.562,0.847],[32.561,0.843],[32.568,0.843],[32.571,0.848]],[[32.598,0.842],[32.603,0.848]],[[32.586,0.844],[32.598,0.842]],[[32.654,0.84],[32.655,0.845],[32.672,0.86]],[[32.505,0.84],[32.509,0.845]],[[32.529,0.845],[32.532,0.84]],[[32.598,0.842],[32.618,0.837]],[[32.644,0.836],[32.65,0.841],[32.654,0.84]],[[32.644,0.836],[32.646,0.848]],[[32.618,0.837],[32.627,0.836]],[[32.532,0.84],[32.538,0.835]],[[32.538,0.835],[32.539,0.835]],[[32.501,0.834],[32.505,0.84]],[[32.633,0.833],[32.644,0.836]],[[32.631,0.833],[32.633,0.833]],[[32.627,0.836],[32.631,0.833]],[[32.669,0.832],[32.669,0.841],[32.674,0.849],[32.682,0.853]],[[32.654,0.84],[32.669,0.832]],[[32.549,0.847],[32.551,0.842],[32.563,0.835],[32.563,0.832]],[[32.652,0.831],[32.654,0.84]],[[32.684,0.831],[32.692,0.835],[32.697,0.847]],[[32.509,0.833],[32.501,0.83]],[[32.684,0.831],[32.679,0.828]],[[32.669,0.832],[32.679,0.828]],[[32.586,0.844],[32.577,0.827]],[[32.682,0.826],[32.684,0.831]],[[32.679,0.828],[32.682,0.826]],[[32.563,0.832],[32.55,0.83],[32.542,0.824]],[[32.539,0.835],[32.542,0.831],[32.542,0.824]],[[32.577,0.827],[32.581,0.823],[32.589,0.823]],[[32.542,0.824],[32.542,0.823]],[[32.682,0.826],[32.696,0.821],[32.704,0.825],[32.717,0.827]],[[32.622,0.821],[32.631,0.833]],[[32.566,0.82],[32.577,0.827]],[[32.521,0.82],[32.519,0.83],[32.509,0.833]],[[32.646,0.819],[32.644,0.836]],[[32.531,0.817],[32.521,0.82]],[[32.622,0.821],[32.63,0.816]],[[32.549,0.816],[32.546,0.821],[32.542,0.823]],[[32.616,0.815],[32.622,0.821]],[[32.618,0.837],[32.611,0.823],[32.611,0.82],[32.616,0.815]],[[32.63,0.816],[32.63,0.815]],[[32.566,0.814],[32.566,0.82]],[[32.644,0.814],[32.646,0.819]],[[32.644,0.814],[32.632,0.819],[32.63,0.816]],[[32.679,0.828],[32.676,0.821],[32.671,0.817],[32.67,0.812]],[[32.516,0.811],[32.521,0.82]],[[32.502,0.826],[32.504,0.827],[32.516,0.811]],[[32.609,0.809],[32.616,0.815]],[[32.589,0.823],[32.595,0.822],[32.609,0.809]],[[32.67,0.812],[32.678,0.809],[32.684,0.811],[32.682,0.826]],[[32.609,0.809],[32.614,0.81]],[[32.514,0.809],[32.516,0.811]],[[32.556,0.809],[32.566,0.814]],[[32.556,0.809],[32.55,0.812],[32.549,0.816]],[[32.641,0.808],[32.644,0.814]],[[32.63,0.815],[32.641,0.808]],[[32.614,0.81],[32.624,0.808]],[[32.516,0.811],[32.519,0.807]],[[32.519,0.807],[32.514,0.809]],[[32.66,0.807],[32.67,0.812]],[[32.646,0.819],[32.66,0.807]],[[32.626,0.807],[32.63,0.815]],[[32.624,0.808],[32.626,0.807]],[[32.506,0.806],[32.514,0.809]],[[32.604,0.806],[32.609,0.809]],[[32.589,0.823],[32.589,0.81],[32.604,0.806]],[[32.651,0.805],[32.66,0.807]],[[32.641,0.808],[32.651,0.805]],[[32.57,0.804],[32.566,0.814]],[[32.57,0.804],[32.591,0.804]],[[32.542,0.823],[32.541,0.802]],[[32.636,0.801],[32.641,0.808]],[[32.626,0.807],[32.636,0.801]],[[32.598,0.801],[32.604,0.806]],[[32.591,0.804],[32.598,0.801]],[[32.559,0.801],[32.556,0.804],[32.556,0.809]],[[32.504,0.8],[32.506,0.805]],[[32.66,0.807],[32.665,0.799]],[[32.525,0.799],[32.53,0.808],[32.531,0.817]],[[32.519,0.807],[32.525,0.799]],[[32.594,0.797],[32.598,0.801]],[[32.541,0.802],[32.527,0.797]],[[32.525,0.799],[32.527,0.797]],[[32.662,0.796],[32.665,0.799]],[[32.662,0.796],[32.651,0.805]],[[32.662,0.796],[32.662,0.796]],[[32.578,0.794],[32.57,0.804]],[[32.508,0.794],[32.525,0.799]],[[32.508,0.794],[32.505,0.795],[32.504,0.8]],[[32.565,0.793],[32.559,0.801]],[[32.585,0.792],[32.594,0.797]],[[32.578,0.794],[32.585,0.792]],[[32.554,0.747],[32.554,0.747]],[[32.539,0.747],[32.542,0.746]],[[32.627,0.746],[32.62,0.747]],[[32.554,0.747],[32.557,0.742]],[[32.56,0.742],[32.557,0.742]],[[32.554,0.747],[32.546,0.741]],[[32.542,0.746],[32.545,0.745],[32.546,0.741]],[[32.546,0.741],[32.546,0.741]],[[32.683,0.741],[32.683,0.74]],[[32.683,0.74],[32.683,0.74]],[[32.683,0.74],[32.683,0.74]],[[32.561,0.74],[32.56,0.742]],[[32.546,0.741],[32.543,0.74]],[[32.543,0.74],[32.538,0.739]],[[32.538,0.739],[32.534,0.738]],[[32.683,0.74],[32.675,0.738],[32.671,0.739]],[[32.581,0.747],[32.571,0.736],[32.565,0.736],[32.561,0.74]],[[32.519,0.739],[32.502,0.735]],[[32.534,0.738],[32.527,0.734]],[[32.527,0.734],[32.517,0.741]],[[32.627,0.746],[32.625,0.734]],[[32.625,0.734],[32.617,0.736]],[[32.654,0.747],[32.644,0.742],[32.642,0.733]],[[32.617,0.736],[32.613,0.733],[32.609,0.734]],[[32.527,0.734],[32.527,0.732]],[[32.557,0.742],[32.559,0.731]],[[32.671,0.739],[32.658,0.731]],[[32.565,0.731],[32.561,0.73]],[[32.561,0.73],[32.559,0.731]],[[32.57,0.729],[32.565,0.731]],[[32.559,0.731],[32.558,0.729]],[[32.642,0.733],[32.633,0.729],[32.625,0.734]],[[32.561,0.729],[32.561,0.73]],[[32.558,0.729],[32.561,0.729]],[[32.683,0.74],[32.689,0.728]],[[32.558,0.729],[32.549,0.726]],[[32.528,0.729],[32.531,0.726]],[[32.706,0.726],[32.705,0.739],[32.697,0.74],[32.691,0.738],[32.683,0.74]],[[32.655,0.765],[32.664,0.761],[32.677,0.76]],[[32.58,0.758],[32.582,0.762],[32.586,0.762]],[[32.54,0.764],[32.542,0.756]],[[32.677,0.76],[32.678,0.756]],[[32.562,0.756],[32.568,0.766]],[[32.617,0.755],[32.626,0.769]],[[32.617,0.755],[32.604,0.762]],[[32.58,0.758],[32.588,0.755]],[[32.562,0.756],[32.568,0.754],[32.58,0.758]],[[32.616,0.754],[32.617,0.755]],[[32.542,0.756],[32.54,0.753]],[[32.515,0.753],[32.524,0.757],[32.537,0.755],[32.54,0.753]],[[32.594,0.762],[32.592,0.754],[32.594,0.748]],[[32.594,0.748],[32.599,0.748],[32.602,0.754],[32.608,0.752],[32.616,0.754]],[[32.54,0.753],[32.539,0.747]],[[32.542,0.756],[32.547,0.757],[32.553,0.755],[32.554,0.747]],[[32.555,0.747],[32.562,0.756]],[[32.594,0.748],[32.594,0.747]],[[32.886,0.988],[32.885,0.997]],[[32.886,0.968],[32.888,0.982],[32.886,0.988]],[[32.883,0.954],[32.886,0.968]],[[32.883,0.953],[32.883,0.954]],[[32.876,0.939],[32.883,0.953]],[[32.869,0.925],[32.876,0.939]],[[32.869,0.925],[32.869,0.925]],[[32.868,0.924],[32.869,0.925]],[[32.864,0.892],[32.868,0.924]],[[32.865,0.885],[32.864,0.892]],[[32.866,0.879],[32.865,0.885]],[[32.879,0.847],[32.877,0.858],[32.866,0.879]],[[32.884,0.833],[32.879,0.847]],[[32.888,0.822],[32.886,0.821]],[[32.886,0.821],[32.884,0.833]],[[32.886,0.821],[32.887,0.806]],[[32.887,0.806],[32.887,0.805]],[[32.795,0.8],[32.785,0.811]],[[32.887,0.805],[32.888,0.799],[32.885,0.781]],[[32.885,0.781],[32.885,0.78]],[[32.987,0.771],[32.988,0.773]],[[32.885,0.78],[32.887,0.77]],[[32.985,0.769],[32.987,0.771]],[[32.609,0.734],[32.606,0.727],[32.611,0.724]],[[32.549,0.726],[32.54,0.723]],[[32.54,0.723],[32.538,0.723]],[[32.617,0.736],[32.618,0.723]],[[32.611,0.724],[32.618,0.723]],[[32.618,0.723],[32.618,0.723]],[[32.572,0.722],[32.57,0.729]],[[32.561,0.729],[32.567,0.721],[32.572,0.722]],[[32.611,0.724],[32.605,0.72]],[[32.658,0.731],[32.647,0.719]],[[32.642,0.733],[32.646,0.73],[32.647,0.719]],[[32.538,0.723],[32.53,0.719]],[[32.531,0.726],[32.53,0.719]],[[32.53,0.719],[32.53,0.718]],[[32.605,0.72],[32.602,0.718]],[[32.602,0.718],[32.597,0.718]],[[32.53,0.718],[32.528,0.718]],[[32.572,0.722],[32.582,0.716]],[[32.528,0.718],[32.526,0.716]],[[32.692,0.715],[32.699,0.72],[32.7,0.725],[32.706,0.726]],[[32.689,0.728],[32.692,0.715]],[[32.618,0.723],[32.617,0.715]],[[32.692,0.715],[32.692,0.715]],[[32.582,0.716],[32.583,0.715]],[[32.539,0.714],[32.53,0.718]],[[32.597,0.718],[32.594,0.717],[32.593,0.714],[32.583,0.715]],[[32.528,0.714],[32.526,0.716]],[[32.647,0.719],[32.642,0.714]],[[32.642,0.714],[32.641,0.713]],[[32.583,0.715],[32.582,0.711]],[[32.514,0.71],[32.513,0.717],[32.506,0.718],[32.505,0.715]],[[32.514,0.71],[32.514,0.711]],[[32.553,0.709],[32.539,0.714]],[[32.514,0.711],[32.508,0.715],[32.513,0.708],[32.514,0.711]],[[32.526,0.716],[32.516,0.708]],[[32.516,0.708],[32.514,0.71]],[[32.582,0.711],[32.553,0.709]],[[32.532,0.707],[32.531,0.71],[32.528,0.71]],[[32.516,0.708],[32.514,0.707]],[[32.641,0.713],[32.637,0.706]],[[32.637,0.706],[32.636,0.705]],[[32.514,0.707],[32.513,0.705]],[[32.505,0.715],[32.513,0.705]],[[32.53,0.703],[32.532,0.707]],[[32.6,0.703],[32.597,0.718]],[[32.6,0.703],[32.582,0.711]],[[32.513,0.705],[32.509,0.703]],[[32.509,0.703],[32.501,0.705]],[[32.743,0.705],[32.727,0.7]],[[32.514,0.707],[32.519,0.7]],[[32.727,0.7],[32.727,0.699]],[[32.738,0.729],[32.727,0.699]],[[32.727,0.699],[32.725,0.699]],[[32.617,0.715],[32.618,0.705],[32.615,0.699]],[[32.522,0.697],[32.527,0.698],[32.53,0.703]],[[32.519,0.7],[32.522,0.697]],[[32.636,0.705],[32.629,0.699],[32.623,0.697]],[[32.623,0.697],[32.618,0.694]],[[32.725,0.699],[32.714,0.693]],[[32.618,0.694],[32.615,0.692]],[[32.615,0.692],[32.619,0.69]],[[32.615,0.692],[32.612,0.69]],[[32.714,0.693],[32.709,0.689]],[[32.615,0.699],[32.608,0.689]],[[32.608,0.689],[32.604,0.7],[32.6,0.703]],[[32.588,0.688],[32.591,0.689]],[[32.709,0.689],[32.708,0.687]],[[32.612,0.69],[32.608,0.687]],[[32.608,0.689],[32.608,0.687]],[[32.608,0.687],[32.604,0.685]],[[32.591,0.689],[32.604,0.685]],[[32.532,0.707],[32.539,0.705],[32.544,0.693],[32.55,0.69],[32.551,0.684]],[[32.612,0.69],[32.613,0.687],[32.608,0.683]],[[32.608,0.687],[32.608,0.683]],[[32.708,0.687],[32.701,0.683]],[[32.692,0.715],[32.697,0.689],[32.701,0.683]],[[32.689,0.684],[32.686,0.683]],[[32.701,0.683],[32.699,0.683]],[[32.608,0.683],[32.608,0.681]],[[32.604,0.685],[32.603,0.681]],[[32.603,0.681],[32.601,0.683]],[[32.619,0.69],[32.628,0.681]],[[32.608,0.681],[32.603,0.681]],[[32.699,0.683],[32.693,0.68]],[[32.693,0.68],[32.689,0.684]],[[32.562,0.685],[32.557,0.679]],[[32.551,0.684],[32.557,0.679]],[[32.608,0.681],[32.609,0.678]],[[32.686,0.683],[32.682,0.684],[32.671,0.678],[32.669,0.679]],[[32.693,0.68],[32.686,0.678]],[[32.686,0.683],[32.686,0.678]],[[32.603,0.681],[32.6,0.677]],[[32.6,0.677],[32.596,0.677]],[[32.592,0.677],[32.588,0.688]],[[32.592,0.677],[32.595,0.679],[32.596,0.677]],[[32.609,0.678],[32.6,0.677]],[[32.609,0.678],[32.609,0.676]],[[32.628,0.681],[32.633,0.676]],[[32.531,0.676],[32.526,0.679]],[[32.6,0.677],[32.598,0.674]],[[32.596,0.677],[32.598,0.674]],[[32.598,0.674],[32.598,0.674]],[[32.609,0.676],[32.611,0.674]],[[32.537,0.674],[32.531,0.676]],[[32.699,0.683],[32.7,0.674]],[[32.562,0.685],[32.572,0.68],[32.573,0.673]],[[32.557,0.679],[32.556,0.676],[32.544,0.671]],[[32.686,0.678],[32.67,0.67]],[[32.544,0.671],[32.539,0.67]],[[32.539,0.67],[32.537,0.674]],[[32.67,0.67],[32.666,0.668]],[[32.598,0.674],[32.595,0.668]],[[32.669,0.679],[32.659,0.668]],[[32.659,0.668],[32.658,0.668]],[[32.611,0.674],[32.613,0.667]],[[32.658,0.668],[32.654,0.667]],[[32.666,0.668],[32.662,0.667]],[[32.662,0.667],[32.659,0.668]],[[32.633,0.676],[32.641,0.672],[32.644,0.666]],[[32.616,0.666],[32.613,0.667]],[[32.54,0.665],[32.539,0.67]],[[32.573,0.673],[32.569,0.669],[32.569,0.665]],[[32.654,0.667],[32.649,0.665]],[[32.644,0.666],[32.649,0.665]],[[32.7,0.674],[32.706,0.665]],[[32.619,0.664],[32.616,0.666]],[[32.751,0.682],[32.748,0.678],[32.73,0.664]],[[32.73,0.664],[32.706,0.665]],[[32.613,0.667],[32.611,0.663]],[[32.649,0.665],[32.644,0.663]],[[32.598,0.674],[32.6,0.663],[32.611,0.663]],[[32.625,0.662],[32.619,0.664]],[[32.63,0.662],[32.625,0.662]],[[32.706,0.665],[32.708,0.662]],[[32.595,0.668],[32.586,0.662]],[[32.644,0.663],[32.641,0.661]],[[32.641,0.661],[32.63,0.662]],[[32.53,0.659],[32.533,0.663],[32.54,0.665]],[[32.662,0.667],[32.655,0.657]],[[32.708,0.662],[32.704,0.656]],[[32.586,0.662],[32.581,0.655]],[[32.611,0.663],[32.608,0.654]],[[32.581,0.655],[32.569,0.653]],[[32.569,0.665],[32.569,0.653]],[[32.625,0.662],[32.625,0.659],[32.63,0.657],[32.633,0.652]],[[32.737,0.651],[32.736,0.66],[32.73,0.664]],[[32.629,0.65],[32.622,0.653],[32.619,0.664]],[[32.633,0.652],[32.629,0.65]],[[32.655,0.657],[32.648,0.648]],[[32.704,0.656],[32.701,0.648]],[[32.51,0.647],[32.508,0.648]],[[32.701,0.648],[32.7,0.647]],[[32.53,0.659],[32.535,0.653],[32.531,0.646]],[[32.569,0.653],[32.561,0.645]],[[32.608,0.654],[32.609,0.645]],[[32.73,0.664],[32.724,0.655],[32.724,0.645]],[[32.708,0.662],[32.716,0.649],[32.724,0.645]],[[32.728,0.645],[32.734,0.646],[32.737,0.651]],[[32.724,0.645],[32.728,0.645]],[[32.561,0.645],[32.554,0.644]],[[32.7,0.647],[32.698,0.644]],[[32.554,0.644],[32.549,0.644]],[[32.549,0.644],[32.531,0.64]],[[32.531,0.64],[32.531,0.639]],[[32.531,0.639],[32.529,0.639]],[[32.531,0.646],[32.529,0.639]],[[32.529,0.639],[32.51,0.647]],[[32.648,0.648],[32.64,0.637]],[[32.728,0.645],[32.726,0.638],[32.722,0.637]],[[32.609,0.645],[32.61,0.637]],[[32.722,0.637],[32.721,0.636]],[[32.721,0.636],[32.721,0.636]],[[32.698,0.644],[32.701,0.634]],[[32.7,0.634],[32.701,0.634]],[[32.64,0.637],[32.635,0.633]],[[32.561,0.645],[32.569,0.633]],[[32.635,0.633],[32.633,0.631]],[[32.701,0.634],[32.705,0.629]],[[32.633,0.631],[32.63,0.628]],[[32.569,0.633],[32.572,0.627]],[[32.572,0.627],[32.573,0.626]],[[32.705,0.629],[32.708,0.626]],[[32.61,0.637],[32.606,0.624]],[[32.63,0.628],[32.626,0.623]],[[32.7,0.634],[32.69,0.623]],[[32.573,0.626],[32.584,0.623]],[[32.69,0.623],[32.69,0.622]],[[32.584,0.623],[32.59,0.62]],[[32.626,0.623],[32.623,0.619]],[[32.529,0.639],[32.53,0.634],[32.527,0.633],[32.533,0.619]],[[32.708,0.626],[32.725,0.617],[32.727,0.621]],[[32.606,0.624],[32.603,0.616]],[[32.59,0.62],[32.598,0.616]],[[32.598,0.616],[32.603,0.616]],[[32.695,0.615],[32.698,0.615]],[[32.694,0.615],[32.695,0.615]],[[32.603,0.616],[32.61,0.613]],[[32.61,0.613],[32.615,0.612]],[[32.623,0.619],[32.62,0.614],[32.615,0.612]],[[32.615,0.612],[32.615,0.612]],[[32.615,0.612],[32.62,0.61]],[[32.694,0.615],[32.685,0.61]],[[32.69,0.622],[32.685,0.61]],[[32.62,0.61],[32.624,0.609]],[[32.624,0.609],[32.624,0.609]],[[32.685,0.61],[32.676,0.606]],[[32.695,0.615],[32.707,0.605]],[[32.624,0.609],[32.634,0.605]],[[32.749,0.612],[32.747,0.604]],[[32.634,0.605],[32.641,0.603]],[[32.531,0.605],[32.529,0.602]],[[32.527,0.606],[32.529,0.602]],[[32.747,0.604],[32.751,0.602]],[[32.625,0.602],[32.624,0.609]],[[32.529,0.602],[32.529,0.602]],[[32.615,0.612],[32.612,0.604],[32.598,0.603],[32.595,0.601]],[[32.676,0.606],[32.669,0.6]],[[32.641,0.603],[32.646,0.6]],[[32.669,0.6],[32.666,0.599]],[[32.646,0.6],[32.647,0.599]],[[32.529,0.602],[32.531,0.599]],[[32.619,0.596],[32.625,0.602]],[[32.619,0.596],[32.615,0.596]],[[32.615,0.596],[32.615,0.596]],[[32.615,0.596],[32.604,0.596],[32.595,0.6]],[[32.747,0.604],[32.739,0.595]],[[32.666,0.599],[32.663,0.598],[32.662,0.594]],[[32.707,0.605],[32.704,0.593]],[[32.595,0.601],[32.591,0.595],[32.585,0.592]],[[32.529,0.602],[32.53,0.591]],[[32.53,0.591],[32.532,0.591]],[[32.52,0.59],[32.518,0.593],[32.507,0.595]],[[32.662,0.594],[32.658,0.589]],[[32.647,0.599],[32.652,0.597],[32.658,0.589]],[[32.704,0.593],[32.702,0.589]],[[32.658,0.589],[32.658,0.588]],[[32.531,0.596],[32.535,0.588]],[[32.535,0.588],[32.536,0.588]],[[32.535,0.588],[32.535,0.587]],[[32.536,0.588],[32.537,0.587]],[[32.536,0.588],[32.537,0.587]],[[32.702,0.589],[32.697,0.586]],[[32.532,0.586],[32.52,0.59]],[[32.658,0.589],[32.666,0.585],[32.672,0.585]],[[32.585,0.592],[32.58,0.591],[32.574,0.585]],[[32.697,0.586],[32.69,0.584]],[[32.537,0.587],[32.538,0.584]],[[32.537,0.584],[32.537,0.584]],[[32.535,0.587],[32.537,0.584]],[[32.537,0.584],[32.537,0.584]],[[32.535,0.587],[32.537,0.584]],[[32.537,0.584],[32.537,0.583]],[[32.537,0.583],[32.532,0.587]],[[32.672,0.585],[32.674,0.583]],[[32.537,0.584],[32.538,0.582]],[[32.54,0.582],[32.541,0.583]],[[32.538,0.584],[32.54,0.582]],[[32.54,0.581],[32.54,0.582]],[[32.538,0.582],[32.54,0.581]],[[32.54,0.58],[32.54,0.581]],[[32.538,0.582],[32.54,0.58]],[[32.54,0.582],[32.543,0.58]],[[32.574,0.585],[32.567,0.58]],[[32.658,0.588],[32.649,0.579]],[[32.739,0.595],[32.732,0.591],[32.726,0.579]],[[32.56,0.581],[32.55,0.579]],[[32.567,0.58],[32.564,0.579],[32.56,0.581]],[[32.674,0.583],[32.676,0.578]],[[32.69,0.584],[32.684,0.578]],[[32.63,0.578],[32.619,0.596]],[[32.55,0.579],[32.55,0.578]],[[32.55,0.578],[32.544,0.577]],[[32.633,0.576],[32.63,0.578]],[[32.544,0.576],[32.54,0.58]],[[32.57,0.576],[32.567,0.58]],[[32.575,0.576],[32.57,0.576]],[[32.567,0.58],[32.566,0.574]],[[32.537,0.583],[32.538,0.578],[32.542,0.577],[32.537,0.574]],[[32.584,0.574],[32.578,0.578],[32.575,0.576]],[[32.587,0.574],[32.584,0.574]],[[32.531,0.573],[32.531,0.573]],[[32.55,0.578],[32.552,0.573]],[[32.634,0.572],[32.633,0.576]],[[32.684,0.578],[32.679,0.572]],[[32.676,0.578],[32.679,0.572]],[[32.649,0.579],[32.644,0.572]],[[32.644,0.572],[32.644,0.571]],[[32.679,0.572],[32.68,0.571]],[[32.566,0.574],[32.561,0.57]],[[32.552,0.573],[32.555,0.574],[32.561,0.57]],[[32.595,0.57],[32.592,0.574],[32.587,0.574]],[[32.726,0.579],[32.72,0.569]],[[32.644,0.571],[32.65,0.568]],[[32.561,0.57],[32.561,0.569]],[[32.561,0.569],[32.562,0.567]],[[32.531,0.573],[32.526,0.57],[32.526,0.566]],[[32.644,0.571],[32.636,0.564]],[[32.636,0.564],[32.636,0.564]],[[32.636,0.564],[32.634,0.572]],[[32.529,0.563],[32.526,0.566]],[[32.605,0.561],[32.595,0.57]],[[32.68,0.571],[32.686,0.562]],[[32.686,0.562],[32.688,0.559]],[[32.608,0.558],[32.605,0.561]],[[32.72,0.569],[32.71,0.558]],[[32.526,0.566],[32.526,0.566]],[[32.526,0.566],[32.522,0.565],[32.52,0.556]],[[32.636,0.564],[32.634,0.562]],[[32.634,0.562],[32.628,0.556]],[[32.71,0.558],[32.694,0.553]],[[32.562,0.567],[32.563,0.553]],[[32.552,0.573],[32.543,0.56],[32.533,0.553]],[[32.61,0.552],[32.608,0.558]],[[32.694,0.553],[32.692,0.551]],[[32.688,0.559],[32.692,0.551]],[[32.563,0.553],[32.567,0.551]],[[32.615,0.55],[32.61,0.552]],[[32.628,0.556],[32.626,0.549]],[[32.626,0.549],[32.615,0.55]],[[32.692,0.551],[32.692,0.549]],[[32.656,0.548],[32.643,0.555],[32.635,0.548],[32.626,0.549]],[[32.626,0.549],[32.626,0.547]],[[32.52,0.556],[32.509,0.547]],[[32.656,0.547],[32.656,0.548]],[[32.509,0.547],[32.504,0.546]],[[32.656,0.543],[32.656,0.547]],[[32.71,0.558],[32.721,0.543]],[[32.692,0.549],[32.689,0.541]],[[32.721,0.543],[32.733,0.54]],[[32.665,0.54],[32.659,0.544],[32.656,0.543]],[[32.665,0.54],[32.668,0.538]],[[32.733,0.54],[32.736,0.538]],[[32.736,0.538],[32.737,0.536]],[[32.668,0.538],[32.666,0.535]],[[32.666,0.535],[32.665,0.54]],[[32.689,0.541],[32.69,0.535]],[[32.567,0.551],[32.576,0.539],[32.577,0.533]],[[32.598,0.533],[32.59,0.529]],[[32.577,0.533],[32.578,0.529]],[[32.578,0.529],[32.578,0.529]],[[32.59,0.529],[32.581,0.529]],[[32.661,0.529],[32.666,0.535]],[[32.58,0.528],[32.578,0.529]],[[32.581,0.529],[32.58,0.528]],[[32.626,0.547],[32.615,0.528]],[[32.615,0.528],[32.615,0.526]],[[32.615,0.528],[32.617,0.526]],[[32.617,0.526],[32.615,0.526]],[[32.615,0.526],[32.615,0.526]],[[32.615,0.526],[32.612,0.526]],[[32.612,0.526],[32.607,0.527],[32.598,0.533]],[[32.617,0.526],[32.62,0.525]],[[32.615,0.526],[32.615,0.524]],[[32.615,0.524],[32.612,0.526]],[[32.62,0.525],[32.624,0.523]],[[32.627,0.522],[32.624,0.523]],[[32.627,0.522],[32.628,0.522]],[[32.627,0.522],[32.627,0.522]],[[32.624,0.523],[32.627,0.522]],[[32.627,0.521],[32.627,0.522]],[[32.628,0.521],[32.628,0.522]],[[32.628,0.521],[32.627,0.521]],[[32.627,0.521],[32.626,0.52]],[[32.737,0.536],[32.751,0.52]],[[32.62,0.525],[32.619,0.522],[32.623,0.52]],[[32.626,0.52],[32.624,0.52]],[[32.623,0.52],[32.624,0.52]],[[32.578,0.529],[32.563,0.52]],[[32.624,0.52],[32.624,0.519]],[[32.624,0.519],[32.623,0.518]],[[32.623,0.52],[32.623,0.518]],[[32.628,0.522],[32.633,0.521],[32.635,0.518]],[[32.635,0.518],[32.628,0.521]],[[32.624,0.519],[32.626,0.518],[32.626,0.52]],[[32.615,0.524],[32.616,0.517]],[[32.635,0.518],[32.637,0.517]],[[32.628,0.517],[32.628,0.521]],[[32.628,0.517],[32.627,0.521]],[[32.69,0.535],[32.69,0.529],[32.685,0.516]],[[32.563,0.52],[32.559,0.516]],[[32.59,0.529],[32.61,0.516]],[[32.559,0.516],[32.561,0.515]],[[32.623,0.518],[32.618,0.514]],[[32.616,0.517],[32.618,0.514]],[[32.637,0.517],[32.632,0.513]],[[32.632,0.513],[32.628,0.517]],[[32.685,0.516],[32.684,0.513]],[[32.632,0.513],[32.63,0.511],[32.625,0.514],[32.628,0.517]],[[32.618,0.514],[32.617,0.51]],[[32.617,0.51],[32.616,0.506]],[[32.61,0.516],[32.616,0.506]],[[32.561,0.515],[32.563,0.506]],[[32.69,0.535],[32.701,0.529],[32.705,0.513],[32.713,0.506]],[[32.637,0.517],[32.646,0.505]],[[32.559,0.516],[32.556,0.512],[32.547,0.509],[32.545,0.505]],[[32.616,0.506],[32.615,0.505]],[[32.684,0.513],[32.68,0.505]],[[32.713,0.506],[32.714,0.504]],[[32.545,0.505],[32.545,0.502]],[[32.714,0.504],[32.727,0.5]],[[32.727,0.5],[32.727,0.5]],[[32.743,0.5],[32.74,0.499]],[[32.545,0.502],[32.547,0.499]],[[32.751,0.499],[32.743,0.5]],[[32.74,0.499],[32.736,0.498],[32.733,0.501],[32.727,0.5]],[[32.727,0.5],[32.729,0.498]],[[32.525,0.509],[32.533,0.505],[32.539,0.497]],[[32.545,0.502],[32.54,0.497]],[[32.952,0.747],[32.953,0.746]],[[32.891,0.747],[32.907,0.747]],[[32.998,0.747],[32.998,0.745]],[[32.89,0.745],[32.891,0.747]],[[32.953,0.746],[32.947,0.742]],[[32.947,0.742],[32.947,0.747]],[[32.958,0.739],[32.96,0.741]],[[32.781,0.747],[32.782,0.737]],[[32.998,0.745],[32.994,0.736]],[[32.892,0.736],[32.89,0.745]],[[32.951,0.736],[32.958,0.739]],[[32.97,0.734],[32.96,0.741]],[[32.994,0.736],[32.989,0.733]],[[32.947,0.732],[32.951,0.736]],[[32.946,0.732],[32.947,0.732]],[[32.801,0.732],[32.803,0.747]],[[32.983,0.731],[32.97,0.734]],[[32.892,0.731],[32.892,0.736]],[[32.986,0.73],[32.983,0.731]],[[32.989,0.733],[32.986,0.73]],[[32.893,0.728],[32.892,0.731]],[[32.782,0.737],[32.782,0.728]],[[32.824,0.727],[32.824,0.733]],[[32.804,0.726],[32.801,0.732]],[[32.804,0.726],[32.824,0.727]],[[32.782,0.728],[32.783,0.724]],[[32.939,0.723],[32.946,0.732]],[[32.894,0.722],[32.896,0.725]],[[32.894,0.722],[32.893,0.728]],[[32.937,0.721],[32.939,0.723]],[[32.986,0.73],[32.989,0.719]],[[32.783,0.724],[32.784,0.719]],[[32.935,0.719],[32.937,0.721]],[[32.937,0.721],[32.948,0.719]],[[32.784,0.719],[32.784,0.719]],[[32.934,0.718],[32.935,0.719]],[[32.895,0.718],[32.895,0.721]],[[32.895,0.718],[32.894,0.722]],[[32.969,0.718],[32.968,0.719]],[[32.801,0.715],[32.804,0.726]],[[32.784,0.719],[32.782,0.713]],[[32.791,0.712],[32.782,0.713]],[[32.792,0.711],[32.791,0.712]],[[32.979,0.706],[32.972,0.71],[32.969,0.718]],[[32.91,0.706],[32.934,0.718]],[[32.979,0.706],[32.98,0.705]],[[32.898,0.705],[32.895,0.718]],[[32.908,0.705],[32.91,0.706]],[[32.898,0.704],[32.898,0.705]],[[32.898,0.704],[32.898,0.705]],[[32.901,0.702],[32.902,0.705]],[[32.98,0.705],[32.988,0.702]],[[32.994,0.701],[33.001,0.703]],[[32.988,0.702],[32.994,0.701]],[[32.903,0.7],[32.908,0.705]],[[32.975,0.699],[32.979,0.706]],[[32.907,0.699],[32.91,0.701],[32.911,0.699]],[[32.799,0.697],[32.796,0.709],[32.792,0.711]],[[32.807,0.697],[32.808,0.706],[32.801,0.715]],[[32.975,0.697],[32.975,0.699]],[[32.994,0.701],[33.001,0.693]],[[32.803,0.693],[32.799,0.697]],[[32.974,0.692],[32.975,0.697]],[[32.807,0.697],[32.805,0.691]],[[32.805,0.691],[32.803,0.693]],[[32.782,0.713],[32.777,0.69]],[[32.834,0.69],[32.824,0.727]],[[32.843,0.729],[32.842,0.722],[32.844,0.703],[32.838,0.689]],[[32.808,0.688],[32.805,0.691]],[[32.838,0.689],[32.834,0.69]],[[33.001,0.692],[32.998,0.687]],[[32.971,0.687],[32.974,0.692]],[[32.777,0.69],[32.774,0.686]],[[32.81,0.685],[32.808,0.688]],[[32.827,0.683],[32.834,0.69]],[[32.827,0.683],[32.818,0.693],[32.807,0.697]],[[32.93,0.681],[32.927,0.681]],[[32.933,0.68],[32.93,0.681]],[[32.927,0.681],[32.925,0.68]],[[32.965,0.679],[32.971,0.687]],[[32.965,0.678],[32.965,0.679]],[[32.826,0.678],[32.827,0.683]],[[32.826,0.678],[32.826,0.677]],[[32.826,0.677],[32.826,0.676]],[[32.826,0.677],[32.826,0.676]],[[32.961,0.673],[32.965,0.678]],[[32.931,0.671],[32.933,0.68]],[[32.774,0.686],[32.77,0.671]],[[32.958,0.669],[32.961,0.673]],[[32.841,0.669],[32.84,0.672],[32.826,0.677]],[[32.998,0.687],[32.987,0.668]],[[32.987,0.668],[32.987,0.667]],[[32.956,0.666],[32.958,0.669]],[[32.842,0.666],[32.841,0.669]],[[32.953,0.663],[32.956,0.666]],[[32.987,0.667],[32.985,0.662]],[[32.929,0.672],[32.928,0.668],[32.933,0.66]],[[32.77,0.671],[32.768,0.66]],[[32.89,0.659],[32.884,0.661]],[[32.933,0.66],[32.935,0.658]],[[32.842,0.666],[32.835,0.657]],[[32.935,0.658],[32.936,0.655]],[[32.768,0.66],[32.776,0.655]],[[32.798,0.654],[32.815,0.665],[32.825,0.677],[32.822,0.68],[32.81,0.685]],[[32.936,0.655],[32.935,0.653]],[[32.846,0.652],[32.842,0.666]],[[32.896,0.652],[32.898,0.654]],[[32.896,0.652],[32.891,0.653],[32.89,0.659]],[[32.798,0.654],[32.794,0.651]],[[32.936,0.655],[32.943,0.651]],[[32.994,0.654],[32.997,0.65]],[[32.985,0.662],[32.978,0.648]],[[32.848,0.648],[32.846,0.652]],[[32.935,0.653],[32.935,0.647],[32.932,0.646],[32.931,0.651],[32.935,0.653]],[[32.994,0.654],[32.989,0.652],[32.986,0.645]],[[32.997,0.65],[33.001,0.647],[32.991,0.642]],[[32.943,0.651],[32.948,0.642]],[[32.776,0.655],[32.778,0.641]],[[32.848,0.648],[32.852,0.641]],[[32.986,0.644],[32.982,0.641]],[[32.948,0.642],[32.949,0.64]],[[32.762,0.64],[32.778,0.641]],[[32.826,0.676],[32.82,0.642],[32.821,0.637]],[[32.821,0.637],[32.821,0.636]],[[32.949,0.64],[32.954,0.635]],[[32.794,0.651],[32.782,0.634]],[[32.782,0.634],[32.782,0.634]],[[32.778,0.641],[32.782,0.634]],[[32.821,0.636],[32.823,0.633]],[[32.828,0.631],[32.823,0.633]],[[32.782,0.634],[32.79,0.629]],[[32.823,0.633],[32.825,0.628]],[[32.852,0.641],[32.855,0.624]],[[32.912,0.623],[32.904,0.628],[32.896,0.652]],[[32.934,0.631],[32.931,0.627],[32.921,0.623]],[[32.948,0.642],[32.938,0.636],[32.934,0.631]],[[32.754,0.622],[32.762,0.64]],[[32.754,0.622],[32.754,0.622]],[[32.837,0.621],[32.834,0.622],[32.828,0.631]],[[32.79,0.629],[32.799,0.621]],[[32.84,0.621],[32.837,0.621]],[[32.799,0.621],[32.801,0.619]],[[32.801,0.619],[32.805,0.617]],[[32.843,0.617],[32.84,0.621]],[[32.855,0.624],[32.856,0.617]],[[32.914,0.617],[32.912,0.623]],[[33.001,0.618],[32.993,0.617]],[[32.921,0.623],[32.914,0.616]],[[32.914,0.616],[32.914,0.616]],[[32.914,0.616],[32.914,0.616]],[[32.914,0.616],[32.914,0.617]],[[32.954,0.635],[32.961,0.616]],[[32.843,0.615],[32.843,0.617]],[[32.961,0.616],[32.968,0.614]],[[32.968,0.614],[32.969,0.614]],[[32.969,0.614],[32.97,0.613]],[[32.845,0.613],[32.843,0.615]],[[32.993,0.617],[32.99,0.619],[32.987,0.613]],[[32.856,0.617],[32.858,0.612]],[[32.97,0.613],[32.972,0.611]],[[32.987,0.613],[32.985,0.61]],[[32.805,0.617],[32.813,0.609]],[[32.858,0.612],[32.86,0.607]],[[32.919,0.605],[32.914,0.616]],[[32.845,0.604],[32.845,0.613]],[[32.985,0.61],[32.979,0.604]],[[32.972,0.611],[32.979,0.604]],[[32.979,0.604],[32.979,0.604]],[[32.844,0.602],[32.845,0.604]],[[32.919,0.605],[32.924,0.602],[32.93,0.605],[32.936,0.602]],[[32.92,0.601],[32.919,0.605]],[[32.936,0.602],[32.939,0.601],[32.942,0.608],[32.94,0.615]],[[32.843,0.6],[32.844,0.602]],[[32.77,0.597],[32.763,0.604]],[[32.861,0.597],[32.862,0.598]],[[32.86,0.607],[32.861,0.597]],[[32.773,0.594],[32.77,0.597]],[[32.979,0.604],[32.988,0.594]],[[32.84,0.592],[32.843,0.6]],[[32.921,0.589],[32.929,0.592]],[[32.92,0.601],[32.921,0.589]],[[32.777,0.589],[32.774,0.591],[32.773,0.594]],[[32.841,0.588],[32.84,0.592]],[[32.921,0.589],[32.921,0.585]],[[32.861,0.597],[32.846,0.584]],[[32.846,0.584],[32.841,0.588]],[[32.876,0.581],[32.876,0.581]],[[32.921,0.585],[32.922,0.581]],[[32.847,0.576],[32.846,0.584]],[[32.845,0.575],[32.847,0.576]],[[32.777,0.589],[32.783,0.581],[32.785,0.571]],[[32.768,0.569],[32.764,0.572]],[[32.771,0.567],[32.768,0.569]],[[32.785,0.571],[32.787,0.567]],[[32.771,0.567],[32.771,0.567]],[[32.773,0.565],[32.771,0.567]],[[32.842,0.564],[32.845,0.575]],[[32.842,0.564],[32.833,0.565]],[[32.787,0.567],[32.792,0.563]],[[32.792,0.563],[32.793,0.561]],[[32.881,0.561],[32.884,0.571],[32.882,0.575],[32.888,0.579],[32.879,0.579],[32.876,0.581]],[[32.852,0.561],[32.858,0.562]],[[32.842,0.564],[32.852,0.561]],[[32.881,0.561],[32.88,0.56]],[[32.841,0.559],[32.842,0.564]],[[32.793,0.561],[32.795,0.557]],[[32.929,0.592],[32.943,0.588],[32.95,0.591],[32.959,0.587],[32.963,0.572],[32.966,0.573],[32.969,0.569],[32.968,0.563],[32.97,0.557]],[[32.795,0.557],[32.796,0.555]],[[32.833,0.565],[32.822,0.564],[32.818,0.554],[32.815,0.553]],[[32.88,0.56],[32.872,0.552]],[[32.845,0.552],[32.841,0.559]],[[32.872,0.552],[32.869,0.551]],[[32.858,0.562],[32.869,0.551]],[[32.869,0.551],[32.859,0.546]],[[32.783,0.546],[32.773,0.565]],[[32.815,0.553],[32.803,0.548],[32.801,0.544]],[[32.754,0.567],[32.756,0.543]],[[32.869,0.551],[32.874,0.543]],[[32.789,0.541],[32.783,0.546]],[[32.843,0.54],[32.848,0.541]],[[32.859,0.546],[32.853,0.54]],[[32.853,0.54],[32.845,0.552]],[[32.848,0.541],[32.853,0.54]],[[32.775,0.543],[32.77,0.54]],[[32.841,0.54],[32.843,0.54]],[[32.801,0.544],[32.795,0.54]],[[32.792,0.542],[32.795,0.54]],[[32.853,0.54],[32.853,0.54]],[[32.836,0.537],[32.841,0.54]],[[32.756,0.543],[32.757,0.536]],[[32.785,0.536],[32.775,0.543]],[[32.828,0.536],[32.836,0.537]],[[32.795,0.54],[32.801,0.534]],[[32.801,0.534],[32.815,0.537],[32.822,0.534]],[[32.822,0.534],[32.828,0.536]],[[32.874,0.543],[32.872,0.534]],[[32.77,0.54],[32.76,0.533]],[[32.869,0.533],[32.872,0.534]],[[32.853,0.54],[32.85,0.532]],[[32.76,0.533],[32.757,0.531]],[[32.757,0.536],[32.757,0.531]],[[32.853,0.54],[32.862,0.531],[32.869,0.533]],[[32.85,0.532],[32.849,0.53]],[[32.872,0.534],[32.873,0.528]],[[32.922,0.581],[32.917,0.558],[32.92,0.537],[32.914,0.527]],[[32.757,0.531],[32.757,0.523]],[[32.849,0.53],[32.844,0.522]],[[32.844,0.522],[32.844,0.521]],[[32.757,0.523],[32.756,0.521]],[[32.844,0.521],[32.843,0.521]],[[32.843,0.521],[32.843,0.521]],[[32.843,0.521],[32.852,0.516]],[[32.852,0.516],[32.86,0.516]],[[32.801,0.534],[32.81,0.515]],[[32.756,0.521],[32.753,0.515]],[[32.873,0.528],[32.867,0.515]],[[32.86,0.516],[32.863,0.517],[32.867,0.515]],[[32.81,0.515],[32.812,0.513]],[[32.843,0.521],[32.838,0.513]],[[32.769,0.514],[32.772,0.512]],[[32.753,0.515],[32.751,0.51]],[[32.812,0.513],[32.817,0.508]],[[32.838,0.513],[32.838,0.508]],[[32.9,0.508],[32.898,0.514],[32.893,0.516]],[[32.867,0.515],[32.869,0.506]],[[32.914,0.527],[32.908,0.504]],[[32.908,0.504],[32.9,0.508]],[[32.772,0.512],[32.787,0.503]],[[32.869,0.506],[32.879,0.502]],[[32.817,0.508],[32.82,0.502]],[[32.838,0.508],[32.831,0.502]],[[32.831,0.502],[32.831,0.501]],[[32.831,0.501],[32.831,0.502]],[[32.787,0.503],[32.793,0.499]],[[32.793,0.499],[32.8,0.498]],[[32.8,0.498],[32.808,0.498]],[[32.808,0.498],[32.812,0.497]],[[32.831,0.501],[32.824,0.497]],[[32.831,0.502],[32.834,0.497]],[[32.838,0.508],[32.858,0.497]],[[32.86,0.516],[32.865,0.497]],[[33.12,0.984],[33.123,0.981]],[[33.144,0.975],[33.157,0.988]],[[33.134,0.964],[33.144,0.975]],[[33.109,0.96],[33.102,0.995]],[[33.123,0.981],[33.119,0.969],[33.12,0.959]],[[33.114,0.965],[33.12,0.959]],[[33.129,0.958],[33.134,0.964]],[[33.12,0.959],[33.12,0.956]],[[33.109,0.96],[33.12,0.956]],[[33.12,0.956],[33.129,0.958]],[[33.139,0.954],[33.139,0.955]],[[33.021,0.963],[33.036,0.952]],[[33.125,0.951],[33.129,0.958]],[[33.124,0.952],[33.125,0.951]],[[33.122,0.95],[33.124,0.952]],[[33.121,0.95],[33.122,0.95]],[[33.12,0.956],[33.121,0.95]],[[33.124,0.952],[33.123,0.95]],[[33.122,0.95],[33.123,0.95]],[[33.124,0.95],[33.125,0.951]],[[33.123,0.95],[33.124,0.95]],[[33.122,0.947],[33.121,0.95]],[[33.124,0.945],[33.124,0.946]],[[33.216,0.861],[33.236,0.851]],[[33.055,0.849],[33.059,0.854]],[[33.239,0.869],[33.248,0.849]],[[33.236,0.851],[33.248,0.849]],[[33.189,0.847],[33.185,0.854]],[[33.107,0.863],[33.105,0.853],[33.107,0.846]],[[33.051,0.845],[33.055,0.849]],[[34.195,0.983],[34.203,0.981]],[[34.091,0.982],[34.076,0.976]],[[34.076,0.976],[34.06,0.969]],[[34.058,0.978],[34.06,0.969]],[[34.238,0.972],[34.228,0.967]],[[34.06,0.969],[34.046,0.963]],[[34.046,0.963],[34.045,0.962]],[[34.045,0.962],[34.044,0.962]],[[34.044,0.962],[34.043,0.962]],[[34.203,0.981],[34.211,0.96]],[[34.022,0.801],[34.026,0.789]],[[34.205,0.787],[34.195,0.795]],[[34.205,0.786],[34.205,0.787]],[[34.03,0.766],[34.03,0.766]],[[34.248,0.771],[34.244,0.764]],[[34.038,0.769],[34.037,0.762]],[[34.037,0.762],[34.03,0.766]],[[34.03,0.766],[34.024,0.758]],[[34.155,0.705],[34.142,0.711]],[[34.158,0.703],[34.155,0.705]],[[34.203,0.714],[34.193,0.697]],[[34.228,0.706],[34.203,0.694]],[[31.667,0.216],[31.675,0.207]],[[31.675,0.207],[31.708,0.182],[31.713,0.182]],[[31.743,0.119],[31.722,0.118],[31.714,0.122]],[[31.714,0.122],[31.704,0.115],[31.691,0.113],[31.685,0.115],[31.675,0.111],[31.667,0.111]],[[31.667,0.111],[31.651,0.109],[31.643,0.105]],[[31.643,0.105],[31.624,0.099]],[[31.624,0.099],[31.614,0.089]],[[31.614,0.089],[31.608,0.069]],[[33.124,0.945],[33.124,0.945]],[[33.124,0.945],[33.124,0.945]],[[33.124,0.945],[33.124,0.945]],[[33.12,0.945],[33.119,0.944]],[[33.119,0.944],[33.122,0.944]],[[33.036,0.952],[33.051,0.944]],[[33.125,0.944],[33.127,0.947]],[[33.124,0.945],[33.125,0.944]],[[33.13,0.943],[33.139,0.954]],[[33.124,0.943],[33.125,0.944]],[[33.123,0.944],[33.124,0.943]],[[33.13,0.943],[33.137,0.941]],[[33.051,0.944],[33.061,0.94]],[[33.124,0.943],[33.126,0.938]],[[33.14,0.936],[33.139,0.936]],[[33.137,0.941],[33.139,0.936]],[[33.139,0.936],[33.139,0.936]],[[33.061,0.94],[33.07,0.936]],[[33.113,0.935],[33.119,0.944]],[[33.126,0.934],[33.139,0.936]],[[33.126,0.938],[33.126,0.934]],[[33.158,0.934],[33.14,0.936]],[[33.168,0.933],[33.158,0.934]],[[33.07,0.936],[33.077,0.933]],[[33.077,0.933],[33.086,0.931]],[[33.111,0.93],[33.112,0.949],[33.109,0.96]],[[33.192,0.928],[33.168,0.933]],[[33.195,0.927],[33.192,0.928]],[[33.111,0.93],[33.116,0.926]],[[33.119,0.925],[33.116,0.926]],[[33.086,0.931],[33.104,0.925]],[[33.104,0.925],[33.111,0.929]],[[33.126,0.934],[33.125,0.926],[33.123,0.924]],[[33.123,0.924],[33.119,0.925]],[[33.079,0.923],[33.086,0.931]],[[33.222,0.921],[33.195,0.927]],[[33.082,0.92],[33.079,0.923]],[[33.251,0.921],[33.234,0.92]],[[33.234,0.92],[33.222,0.921]],[[33.129,0.917],[33.123,0.924]],[[33.001,0.918],[33.008,0.917]],[[33.061,0.917],[33.082,0.92]],[[33.008,0.917],[33.011,0.916]],[[33.086,0.914],[33.082,0.92]],[[33.011,0.916],[33.024,0.914]],[[33.038,0.913],[33.049,0.914],[33.057,0.918],[33.061,0.917]],[[33.024,0.914],[33.038,0.913]],[[33.143,0.91],[33.129,0.917]],[[33.161,0.898],[33.147,0.909],[33.143,0.91]],[[33.096,0.897],[33.108,0.914]],[[33.096,0.897],[33.086,0.914]],[[33.163,0.895],[33.161,0.898]],[[33.164,0.893],[33.163,0.895]],[[33.093,0.892],[33.096,0.897]],[[33.164,0.891],[33.164,0.893]],[[33.102,0.891],[33.096,0.897]],[[33.249,0.89],[33.251,0.891]],[[33.143,0.91],[33.146,0.9],[33.144,0.894],[33.15,0.89]],[[33.09,0.889],[33.093,0.892]],[[33.163,0.895],[33.157,0.889]],[[33.248,0.849],[33.251,0.848],[33.248,0.843]],[[33.064,0.841],[33.055,0.849]],[[33.048,0.841],[33.051,0.845]],[[33.048,0.841],[33.051,0.84]],[[33.192,0.839],[33.189,0.847]],[[33.066,0.839],[33.064,0.841]],[[33.047,0.838],[33.048,0.841]],[[33.206,0.838],[33.224,0.839]],[[33.224,0.839],[33.237,0.837],[33.248,0.843]],[[33.194,0.834],[33.192,0.839]],[[33.194,0.834],[33.206,0.838]],[[33.248,0.843],[33.243,0.829]],[[33.041,0.828],[33.047,0.838]],[[33.199,0.827],[33.194,0.834]],[[33.039,0.827],[33.041,0.828]],[[33.157,0.889],[33.157,0.888]],[[33.234,0.888],[33.249,0.89]],[[33.086,0.886],[33.09,0.889]],[[33.157,0.888],[33.16,0.886]],[[33.157,0.888],[33.155,0.885]],[[33.085,0.885],[33.086,0.886]],[[33.166,0.885],[33.164,0.891]],[[33.16,0.886],[33.166,0.885]],[[33.221,0.884],[33.234,0.888]],[[33.218,0.883],[33.221,0.884]],[[33.081,0.882],[33.085,0.885]],[[33.109,0.894],[33.108,0.881]],[[33.108,0.881],[33.102,0.891]],[[33.155,0.885],[33.144,0.88]],[[33.144,0.88],[33.138,0.878],[33.13,0.878]],[[33.195,0.877],[33.21,0.878],[33.218,0.883]],[[33.221,0.884],[33.23,0.876]],[[33.13,0.878],[33.117,0.876]],[[33.108,0.881],[33.107,0.876]],[[33.117,0.876],[33.114,0.876],[33.108,0.881]],[[33.173,0.874],[33.166,0.885]],[[33.071,0.873],[33.081,0.882]],[[33.189,0.871],[33.195,0.877]],[[33.23,0.876],[33.239,0.869]],[[33.177,0.869],[33.173,0.874]],[[33.107,0.876],[33.107,0.867]],[[33.182,0.865],[33.185,0.87],[33.189,0.871]],[[33.182,0.865],[33.177,0.869]],[[33.107,0.867],[33.107,0.863]],[[33.189,0.871],[33.216,0.861]],[[33.061,0.857],[33.071,0.873]],[[33.059,0.854],[33.061,0.857]],[[33.185,0.854],[33.182,0.865]],[[33.034,0.824],[33.039,0.827]],[[33.04,0.823],[33.041,0.828]],[[33.107,0.846],[33.106,0.837],[33.1,0.823]],[[33.045,0.818],[33.04,0.823]],[[33.1,0.823],[33.096,0.817]],[[33.204,0.816],[33.199,0.827]],[[33.243,0.829],[33.237,0.811]],[[33.237,0.811],[33.236,0.806]],[[33.236,0.806],[33.236,0.803]],[[33.012,0.798],[33.023,0.809],[33.029,0.823]],[[33.213,0.798],[33.204,0.816]],[[33.06,0.795],[33.052,0.811],[33.045,0.818]],[[33.064,0.79],[33.06,0.795]],[[33.005,0.789],[33.012,0.798]],[[33.215,0.787],[33.213,0.798]],[[33.096,0.817],[33.089,0.806],[33.091,0.786]],[[33.067,0.785],[33.064,0.79]],[[33.068,0.784],[33.067,0.785]],[[33.216,0.783],[33.215,0.787]],[[33.236,0.803],[33.231,0.781]],[[33.231,0.781],[33.223,0.779],[33.216,0.783]],[[33.091,0.786],[33.092,0.777]],[[33.072,0.776],[33.068,0.784]],[[33.222,0.765],[33.216,0.783]],[[33.231,0.781],[33.224,0.765]],[[33.222,0.764],[33.222,0.765]],[[33.224,0.765],[33.222,0.759]],[[33.222,0.759],[33.222,0.764]],[[33.092,0.777],[33.088,0.757]],[[33.088,0.757],[33.088,0.756]],[[33.088,0.756],[33.078,0.761],[33.072,0.776]],[[33.224,0.752],[33.222,0.759]],[[33.225,0.747],[33.224,0.752]],[[33.088,0.756],[33.085,0.747]],[[33.495,0.997],[33.495,0.997]],[[33.391,0.986],[33.371,0.988],[33.356,0.994],[33.349,0.994],[33.342,0.99]],[[33.495,0.997],[33.501,0.984]],[[33.342,0.99],[33.326,0.984]],[[33.326,0.984],[33.326,0.997]],[[33.326,0.984],[33.323,0.981]],[[33.323,0.981],[33.32,0.977]],[[33.32,0.977],[33.313,0.983],[33.308,0.997]],[[33.281,0.997],[33.271,0.977],[33.274,0.976],[33.281,0.98],[33.295,0.977]],[[33.391,0.986],[33.382,0.972]],[[33.32,0.977],[33.318,0.968]],[[33.318,0.968],[33.31,0.967]],[[33.318,0.968],[33.319,0.964]],[[33.31,0.967],[33.302,0.963]],[[33.302,0.963],[33.298,0.961],[33.299,0.956],[33.296,0.953]],[[33.296,0.953],[33.286,0.95],[33.274,0.962],[33.267,0.961]],[[33.371,0.949],[33.369,0.957],[33.361,0.965],[33.361,0.975],[33.342,0.99]],[[33.371,0.949],[33.358,0.955]],[[33.495,0.997],[33.489,0.991],[33.483,0.978],[33.48,0.958],[33.481,0.949]],[[33.319,0.964],[33.319,0.947]],[[33.382,0.972],[33.372,0.947]],[[33.372,0.947],[33.371,0.949]],[[33.358,0.955],[33.351,0.955],[33.348,0.949],[33.338,0.947],[33.335,0.943],[33.319,0.947]],[[33.382,0.972],[33.39,0.967],[33.399,0.968],[33.4,0.959],[33.394,0.953],[33.388,0.939],[33.372,0.947]],[[33.251,0.933],[33.254,0.924]],[[33.254,0.924],[33.251,0.927]],[[33.256,0.921],[33.254,0.924]],[[33.256,0.921],[33.251,0.921]],[[33.267,0.961],[33.261,0.948],[33.266,0.929],[33.266,0.919]],[[33.266,0.919],[33.256,0.921]],[[33.451,0.997],[33.444,0.973],[33.45,0.959],[33.444,0.944],[33.438,0.936],[33.432,0.918]],[[33.372,0.947],[33.361,0.917]],[[33.283,0.917],[33.266,0.919]],[[33.501,0.918],[33.498,0.916]],[[33.498,0.916],[33.481,0.949]],[[33.303,0.931],[33.306,0.936]],[[33.299,0.926],[33.302,0.931]],[[33.297,0.919],[33.298,0.925]],[[33.302,0.931],[33.303,0.931]],[[33.298,0.925],[33.299,0.926]],[[33.286,0.915],[33.297,0.919]],[[33.286,0.915],[33.283,0.917]],[[33.405,0.926],[33.396,0.926],[33.383,0.914]],[[33.432,0.918],[33.416,0.921],[33.405,0.926]],[[33.293,0.912],[33.286,0.915]],[[33.287,0.911],[33.286,0.915]],[[33.319,0.947],[33.322,0.919],[33.331,0.909]],[[33.331,0.908],[33.331,0.909]],[[33.331,0.909],[33.331,0.908]],[[33.331,0.908],[33.331,0.907]],[[33.331,0.907],[33.331,0.908]],[[33.331,0.907],[33.332,0.904]],[[33.501,0.904],[33.498,0.916]],[[33.332,0.903],[33.332,0.904]],[[33.332,0.904],[33.332,0.903]],[[33.498,0.916],[33.483,0.901]],[[33.483,0.901],[33.475,0.905],[33.466,0.906],[33.432,0.918]],[[33.332,0.903],[33.333,0.901]],[[33.333,0.901],[33.333,0.9]],[[33.333,0.9],[33.333,0.901]],[[33.333,0.9],[33.333,0.9]],[[33.383,0.914],[33.358,0.899]],[[33.361,0.917],[33.358,0.899]],[[33.333,0.9],[33.32,0.901],[33.296,0.911]],[[33.296,0.911],[33.293,0.912]],[[33.501,0.895],[33.491,0.896],[33.483,0.901]],[[33.358,0.899],[33.351,0.895]],[[33.351,0.895],[33.336,0.901],[33.333,0.9]],[[33.266,0.919],[33.266,0.893]],[[33.483,0.901],[33.478,0.895],[33.47,0.892]],[[33.47,0.892],[33.468,0.893]],[[33.266,0.893],[33.266,0.892]],[[33.266,0.893],[33.251,0.89]],[[33.501,0.892],[33.482,0.882]],[[33.47,0.892],[33.475,0.886],[33.482,0.882]],[[33.482,0.882],[33.478,0.876]],[[33.333,0.9],[33.334,0.893],[33.348,0.873]],[[33.348,0.873],[33.331,0.878],[33.323,0.879],[33.321,0.876],[33.315,0.878],[33.309,0.882],[33.302,0.884],[33.294,0.893]],[[33.294,0.893],[33.292,0.904],[33.287,0.911]],[[33.351,0.895],[33.35,0.873]],[[33.35,0.873],[33.348,0.873]],[[33.5,0.871],[33.501,0.871]],[[33.482,0.882],[33.489,0.878],[33.492,0.873],[33.5,0.871]],[[33.5,0.871],[33.5,0.87]],[[33.5,0.87],[33.501,0.87]],[[33.266,0.892],[33.258,0.864]],[[33.474,0.874],[33.439,0.861]],[[33.478,0.876],[33.474,0.874]],[[33.438,0.88],[33.434,0.873],[33.435,0.865],[33.439,0.861]],[[33.44,0.895],[33.443,0.89],[33.442,0.884],[33.438,0.88]],[[33.439,0.861],[33.439,0.853]],[[33.258,0.864],[33.251,0.848]],[[33.251,0.848],[33.251,0.849]],[[33.439,0.861],[33.416,0.847]],[[33.251,0.848],[33.251,0.847]],[[33.439,0.853],[33.439,0.843]],[[33.26,0.841],[33.251,0.848]],[[33.398,0.863],[33.389,0.835]],[[33.416,0.847],[33.39,0.833]],[[33.39,0.833],[33.389,0.835]],[[33.39,0.833],[33.389,0.832]],[[33.389,0.835],[33.389,0.832]],[[33.463,0.832],[33.466,0.841],[33.46,0.851],[33.455,0.846],[33.451,0.846],[33.445,0.847],[33.439,0.853]],[[33.463,0.832],[33.451,0.84],[33.439,0.843]],[[33.389,0.832],[33.381,0.828]],[[33.39,0.833],[33.392,0.828]],[[33.392,0.828],[33.381,0.828]],[[33.393,0.828],[33.392,0.828]],[[33.381,0.828],[33.364,0.822]],[[33.35,0.873],[33.355,0.854],[33.355,0.846],[33.362,0.833],[33.364,0.822]],[[33.364,0.822],[33.355,0.819]],[[33.501,0.843],[33.485,0.835],[33.467,0.817]],[[33.467,0.817],[33.463,0.832]],[[33.416,0.847],[33.424,0.825],[33.422,0.815]],[[33.422,0.815],[33.399,0.827],[33.393,0.828]],[[33.439,0.843],[33.436,0.838],[33.439,0.826],[33.436,0.817],[33.438,0.811]],[[33.438,0.811],[33.422,0.815]],[[33.498,0.819],[33.497,0.811],[33.5,0.803]],[[33.355,0.819],[33.339,0.814],[33.333,0.81],[33.323,0.809],[33.311,0.797]],[[33.311,0.797],[33.299,0.815],[33.281,0.827]],[[33.281,0.827],[33.269,0.838],[33.26,0.841]],[[33.467,0.817],[33.455,0.8],[33.455,0.796]],[[33.455,0.796],[33.438,0.811]],[[33.311,0.797],[33.3,0.786]],[[33.264,0.79],[33.265,0.777]],[[33.26,0.841],[33.257,0.832],[33.255,0.818],[33.264,0.79]],[[33.265,0.777],[33.26,0.778],[33.253,0.784]],[[33.253,0.784],[33.251,0.783]],[[33.501,0.777],[33.483,0.779],[33.47,0.789],[33.455,0.796]],[[33.3,0.786],[33.29,0.776]],[[33.455,0.796],[33.456,0.788],[33.465,0.774]],[[33.317,0.768],[33.3,0.786]],[[33.317,0.768],[33.298,0.769],[33.29,0.776]],[[33.355,0.819],[33.348,0.802],[33.341,0.794],[33.34,0.778],[33.331,0.767]],[[33.331,0.767],[33.311,0.797]],[[33.331,0.766],[33.331,0.767]],[[33.331,0.766],[33.317,0.768]],[[33.29,0.776],[33.275,0.761]],[[33.419,0.761],[33.417,0.763],[33.416,0.775],[33.402,0.783],[33.395,0.795],[33.389,0.814],[33.393,0.828]],[[33.275,0.761],[33.273,0.76]],[[33.265,0.777],[33.269,0.774],[33.269,0.765],[33.273,0.76]],[[33.465,0.774],[33.472,0.771],[33.479,0.759]],[[33.335,0.758],[33.331,0.766]],[[33.465,0.774],[33.465,0.764],[33.468,0.757]],[[33.479,0.759],[33.468,0.757]],[[33.433,0.756],[33.427,0.76],[33.419,0.761]],[[33.433,0.756],[33.426,0.756],[33.419,0.761]],[[33.275,0.761],[33.282,0.756]],[[33.501,0.754],[33.49,0.758],[33.479,0.759]],[[33.364,0.822],[33.363,0.805],[33.367,0.784],[33.354,0.766],[33.342,0.753]],[[33.342,0.753],[33.335,0.758]],[[33.453,0.753],[33.433,0.756]],[[33.468,0.757],[33.456,0.755],[33.453,0.753]],[[33.273,0.76],[33.261,0.749]],[[33.261,0.749],[33.251,0.756]],[[33.468,0.757],[33.472,0.747]],[[33.453,0.753],[33.453,0.747]],[[33.345,0.747],[33.342,0.753]],[[33.338,0.747],[33.335,0.758]],[[33.261,0.749],[33.259,0.747]],[[33.085,0.747],[33.084,0.745]],[[33.175,0.745],[33.179,0.745]],[[33.225,0.747],[33.225,0.744]],[[33.179,0.745],[33.184,0.743]],[[33.225,0.744],[33.224,0.743]],[[33.081,0.739],[33.085,0.739]],[[33.084,0.745],[33.081,0.739]],[[33.081,0.739],[33.081,0.738]],[[33.12,0.738],[33.127,0.741],[33.138,0.738],[33.151,0.74]],[[33.184,0.743],[33.215,0.738]],[[33.224,0.743],[33.224,0.737]],[[33.215,0.738],[33.224,0.737]],[[33.085,0.739],[33.095,0.736]],[[33.224,0.737],[33.224,0.735]],[[33.095,0.736],[33.102,0.735]],[[33.107,0.733],[33.12,0.738]],[[33.102,0.735],[33.107,0.733]],[[33.102,0.735],[33.1,0.724]],[[33.085,0.739],[33.088,0.738],[33.092,0.726],[33.1,0.724]],[[33.081,0.738],[33.076,0.724]],[[33.076,0.724],[33.076,0.723]],[[33.1,0.724],[33.109,0.722]],[[33.109,0.722],[33.116,0.721]],[[33.231,0.72],[33.243,0.725],[33.251,0.735]],[[33.224,0.733],[33.226,0.727],[33.231,0.72]],[[33.224,0.735],[33.224,0.733]],[[33.116,0.721],[33.128,0.719],[33.145,0.722],[33.149,0.721],[33.15,0.718],[33.156,0.718]],[[33.1,0.724],[33.1,0.713]],[[33.222,0.711],[33.231,0.72]],[[33.076,0.723],[33.073,0.708]],[[33.222,0.711],[33.222,0.711]],[[33.216,0.706],[33.222,0.711]],[[33.213,0.703],[33.216,0.706]],[[33.1,0.713],[33.101,0.708],[33.106,0.702]],[[33.21,0.7],[33.213,0.703]],[[33.073,0.708],[33.072,0.696]],[[33.202,0.694],[33.21,0.7]],[[33.201,0.694],[33.202,0.694]],[[33.222,0.711],[33.231,0.689]],[[33.072,0.696],[33.076,0.685]],[[33.106,0.702],[33.11,0.685]],[[33.11,0.678],[33.112,0.675]],[[33.11,0.685],[33.11,0.678]],[[33.187,0.671],[33.199,0.692]],[[33.199,0.692],[33.201,0.694]],[[33.076,0.685],[33.081,0.671]],[[33.086,0.671],[33.099,0.668]],[[33.081,0.671],[33.086,0.671]],[[33.084,0.665],[33.085,0.664]],[[33.081,0.671],[33.084,0.665]],[[33.112,0.675],[33.114,0.661]],[[33.099,0.668],[33.114,0.661]],[[33.114,0.661],[33.121,0.659]],[[33.121,0.659],[33.14,0.652],[33.165,0.657]],[[33.171,0.65],[33.179,0.656],[33.187,0.671]],[[33.056,0.651],[33.068,0.648]],[[33.068,0.648],[33.068,0.648]],[[33.068,0.648],[33.068,0.648]],[[33.068,0.648],[33.077,0.648]],[[33.085,0.664],[33.101,0.646]],[[33.077,0.648],[33.086,0.645]],[[33.086,0.645],[33.096,0.644],[33.101,0.646]],[[33.239,0.633],[33.251,0.636]],[[33.101,0.646],[33.11,0.633]],[[33.232,0.63],[33.239,0.633]],[[33.161,0.623],[33.164,0.623],[33.166,0.63],[33.17,0.632],[33.17,0.645],[33.173,0.648]],[[33.12,0.619],[33.126,0.628],[33.143,0.636],[33.151,0.643],[33.171,0.65]],[[33.11,0.633],[33.12,0.619]],[[33.208,0.617],[33.232,0.63]],[[33.191,0.61],[33.208,0.617]],[[33.125,0.608],[33.144,0.616],[33.153,0.623],[33.154,0.626],[33.161,0.623]],[[33.12,0.619],[33.125,0.608]],[[33.068,0.648],[33.064,0.626],[33.074,0.607],[33.076,0.599]],[[33.179,0.597],[33.181,0.603],[33.19,0.612]],[[33.125,0.608],[33.132,0.585]],[[33.076,0.599],[33.099,0.594],[33.119,0.594],[33.132,0.585]],[[33.132,0.585],[33.132,0.585]],[[33.028,0.583],[33.02,0.592]],[[33.132,0.585],[33.133,0.582]],[[33.132,0.585],[33.164,0.583],[33.178,0.593],[33.179,0.597]],[[33.03,0.579],[33.028,0.583]],[[33.133,0.582],[33.138,0.574]],[[33.133,0.582],[33.134,0.576],[33.138,0.574]],[[33.076,0.599],[33.08,0.587],[33.088,0.582],[33.095,0.567],[33.101,0.561],[33.104,0.553]],[[33.138,0.574],[33.142,0.57],[33.14,0.564],[33.14,0.552],[33.137,0.548]],[[33.036,0.561],[33.041,0.543]],[[33.041,0.543],[33.041,0.541]],[[33.041,0.541],[33.042,0.538]],[[33.042,0.538],[33.043,0.537]],[[33.043,0.537],[33.044,0.536]],[[33.125,0.536],[33.131,0.537]],[[33.104,0.553],[33.106,0.55],[33.113,0.55],[33.118,0.548],[33.12,0.538],[33.125,0.536]],[[33.137,0.548],[33.141,0.535]],[[33.131,0.537],[33.141,0.535]],[[33.104,0.553],[33.108,0.546],[33.118,0.536],[33.125,0.536]],[[33.141,0.535],[33.148,0.527]],[[33.148,0.527],[33.151,0.525]],[[33.153,0.524],[33.156,0.534],[33.188,0.564],[33.212,0.567]],[[33.151,0.525],[33.153,0.524]],[[33.153,0.524],[33.159,0.52]],[[33.053,0.517],[33.07,0.526]],[[33.044,0.536],[33.053,0.517]],[[33.029,0.519],[33.03,0.52]],[[33.03,0.52],[33.039,0.521],[33.048,0.516],[33.053,0.517]],[[33.159,0.52],[33.166,0.509]],[[33.014,0.506],[33.016,0.514],[33.029,0.519]],[[33.008,0.504],[33.014,0.506]],[[33.191,0.503],[33.192,0.503]],[[33.182,0.502],[33.191,0.503]],[[33.192,0.503],[33.195,0.502]],[[33.166,0.509],[33.17,0.502]],[[33.17,0.502],[33.182,0.502]],[[33.195,0.502],[33.208,0.5]],[[33.208,0.5],[33.215,0.497]],[[33.345,0.747],[33.352,0.733]],[[33.393,0.726],[33.381,0.725],[33.37,0.735],[33.362,0.736],[33.352,0.733]],[[33.473,0.725],[33.471,0.725]],[[33.48,0.724],[33.472,0.747]],[[33.48,0.724],[33.473,0.725]],[[33.452,0.724],[33.442,0.729],[33.425,0.73],[33.416,0.733],[33.405,0.732],[33.393,0.726]],[[33.471,0.725],[33.457,0.722],[33.452,0.724]],[[33.495,0.72],[33.48,0.724]],[[33.484,0.719],[33.48,0.724]],[[33.495,0.719],[33.493,0.718]],[[33.493,0.718],[33.493,0.716]],[[33.493,0.716],[33.495,0.716],[33.495,0.719]],[[33.491,0.716],[33.484,0.719]],[[33.338,0.747],[33.339,0.733],[33.336,0.709]],[[33.352,0.733],[33.353,0.719],[33.356,0.708]],[[33.356,0.708],[33.347,0.705],[33.336,0.709]],[[33.336,0.709],[33.322,0.698],[33.305,0.697]],[[33.356,0.708],[33.367,0.695]],[[33.305,0.697],[33.294,0.692]],[[33.367,0.695],[33.368,0.691]],[[33.294,0.692],[33.284,0.69],[33.271,0.692],[33.261,0.686]],[[33.368,0.691],[33.387,0.67]],[[33.336,0.709],[33.336,0.702],[33.33,0.687],[33.327,0.668]],[[33.327,0.668],[33.327,0.658]],[[33.327,0.658],[33.327,0.654]],[[33.478,0.658],[33.473,0.651]],[[33.387,0.67],[33.4,0.661],[33.41,0.647]],[[33.473,0.651],[33.477,0.647]],[[33.327,0.654],[33.328,0.646]],[[33.41,0.647],[33.42,0.643],[33.431,0.633],[33.438,0.63]],[[33.473,0.651],[33.462,0.639],[33.442,0.627]],[[33.438,0.63],[33.442,0.627]],[[33.328,0.646],[33.327,0.644]],[[33.327,0.644],[33.322,0.622]],[[33.48,0.616],[33.477,0.615]],[[33.476,0.617],[33.477,0.615]],[[33.477,0.615],[33.476,0.615]],[[33.476,0.615],[33.474,0.614]],[[33.473,0.616],[33.474,0.614]],[[33.476,0.615],[33.476,0.614]],[[33.474,0.614],[33.471,0.614]],[[33.474,0.614],[33.474,0.613]],[[33.476,0.614],[33.476,0.613]],[[33.442,0.627],[33.441,0.622],[33.455,0.612]],[[33.478,0.615],[33.479,0.609]],[[33.479,0.609],[33.479,0.609]],[[33.455,0.612],[33.464,0.608]],[[33.464,0.608],[33.465,0.607]],[[33.479,0.609],[33.481,0.606]],[[33.482,0.604],[33.481,0.606]],[[33.481,0.606],[33.482,0.604]],[[33.476,0.603],[33.473,0.608],[33.473,0.613]],[[33.479,0.609],[33.476,0.603]],[[33.482,0.604],[33.477,0.599]],[[33.476,0.603],[33.477,0.599]],[[33.322,0.622],[33.315,0.591]],[[33.456,0.598],[33.459,0.59]],[[33.46,0.59],[33.459,0.59]],[[33.459,0.59],[33.459,0.589]],[[33.337,0.585],[33.332,0.584]],[[33.332,0.584],[33.323,0.587],[33.315,0.584]],[[33.315,0.591],[33.315,0.584]],[[33.315,0.584],[33.312,0.58]],[[33.261,0.575],[33.254,0.59]],[[33.399,0.573],[33.396,0.577]],[[33.353,0.587],[33.337,0.585]],[[33.396,0.577],[33.392,0.578],[33.379,0.574],[33.376,0.586],[33.373,0.59],[33.363,0.591],[33.353,0.587]],[[33.403,0.572],[33.399,0.573]],[[33.412,0.564],[33.409,0.564],[33.403,0.572]],[[33.465,0.562],[33.464,0.567],[33.467,0.575],[33.467,0.585],[33.47,0.585],[33.46,0.59]],[[33.267,0.562],[33.261,0.575]],[[33.27,0.554],[33.267,0.562]],[[33.312,0.58],[33.309,0.569],[33.311,0.562],[33.309,0.555],[33.311,0.552],[33.308,0.543]],[[33.308,0.543],[33.307,0.543]],[[33.407,0.554],[33.404,0.535]],[[33.307,0.543],[33.302,0.541],[33.297,0.535]],[[33.404,0.535],[33.404,0.534]],[[33.279,0.532],[33.27,0.554]],[[33.28,0.53],[33.279,0.532]],[[33.283,0.527],[33.28,0.53]],[[33.297,0.535],[33.285,0.525]],[[33.285,0.525],[33.283,0.527]],[[33.477,0.599],[33.486,0.58],[33.494,0.552],[33.491,0.536]],[[33.491,0.536],[33.486,0.524]],[[33.501,0.525],[33.486,0.524]],[[33.465,0.562],[33.464,0.553]],[[33.464,0.553],[33.47,0.523]],[[33.486,0.524],[33.47,0.523]],[[33.312,0.58],[33.341,0.534]],[[33.341,0.534],[33.348,0.521]],[[33.404,0.534],[33.403,0.521]],[[33.385,0.528],[33.403,0.521]],[[33.47,0.523],[33.465,0.525],[33.45,0.521],[33.436,0.52],[33.414,0.523],[33.404,0.534]],[[33.28,0.53],[33.265,0.518]],[[33.265,0.518],[33.261,0.516]],[[33.298,0.512],[33.295,0.51]],[[33.292,0.517],[33.295,0.51]],[[33.295,0.51],[33.293,0.509]],[[33.293,0.509],[33.29,0.515]],[[33.285,0.525],[33.28,0.524],[33.279,0.522],[33.281,0.509]],[[33.293,0.509],[33.289,0.508]],[[33.289,0.508],[33.285,0.525]],[[33.289,0.508],[33.289,0.508]],[[33.293,0.506],[33.293,0.509]],[[33.281,0.509],[33.282,0.506]],[[33.282,0.506],[33.283,0.505]],[[33.29,0.504],[33.293,0.506]],[[33.289,0.508],[33.29,0.504]],[[33.403,0.521],[33.399,0.511],[33.392,0.508],[33.389,0.504]],[[33.283,0.505],[33.283,0.504]],[[33.283,0.504],[33.282,0.503]],[[33.288,0.502],[33.29,0.504]],[[33.288,0.502],[33.286,0.501]],[[33.29,0.504],[33.289,0.501]],[[33.289,0.501],[33.288,0.502]],[[33.282,0.503],[33.28,0.5]],[[33.291,0.501],[33.288,0.5]],[[33.289,0.501],[33.288,0.5]],[[33.288,0.5],[33.284,0.5]],[[33.518,0.969],[33.518,0.968]],[[33.518,0.968],[33.519,0.958]],[[33.602,0.945],[33.6,0.948]],[[33.625,0.944],[33.615,0.947],[33.602,0.945]],[[33.567,0.94],[33.532,0.939]],[[33.6,0.948],[33.583,0.94],[33.567,0.94]],[[33.652,0.937],[33.64,0.942],[33.625,0.944]],[[33.532,0.939],[33.52,0.935]],[[33.678,0.934],[33.652,0.937]],[[33.52,0.935],[33.517,0.933]],[[33.519,0.958],[33.517,0.933]],[[33.728,0.934],[33.708,0.931],[33.678,0.934]],[[33.625,0.944],[33.621,0.929],[33.621,0.918]],[[33.621,0.918],[33.614,0.924],[33.602,0.945]],[[33.517,0.933],[33.501,0.918]],[[33.517,0.933],[33.506,0.897]],[[33.506,0.897],[33.501,0.904]],[[33.505,0.895],[33.501,0.895]],[[33.571,0.922],[33.567,0.921],[33.565,0.916],[33.565,0.893]],[[33.505,0.893],[33.501,0.892]],[[33.621,0.918],[33.617,0.893],[33.611,0.885]],[[33.61,0.899],[33.609,0.889],[33.611,0.885]],[[33.565,0.893],[33.564,0.886],[33.56,0.882]],[[33.565,0.893],[33.571,0.893],[33.579,0.886],[33.587,0.884],[33.588,0.877]],[[33.611,0.885],[33.607,0.873]],[[33.607,0.873],[33.588,0.877]],[[33.502,0.873],[33.501,0.871]],[[33.502,0.869],[33.501,0.87]],[[33.588,0.877],[33.579,0.877],[33.581,0.869]],[[33.588,0.877],[33.59,0.868],[33.581,0.869]],[[33.581,0.869],[33.569,0.866]],[[33.607,0.873],[33.604,0.859]],[[33.604,0.859],[33.605,0.852]],[[33.633,0.849],[33.635,0.861],[33.633,0.866],[33.627,0.867],[33.625,0.865],[33.626,0.859],[33.62,0.858],[33.617,0.849]],[[33.617,0.849],[33.614,0.852],[33.605,0.852]],[[33.605,0.852],[33.605,0.848]],[[33.617,0.849],[33.618,0.847]],[[33.618,0.847],[33.605,0.848]],[[33.618,0.847],[33.619,0.847]],[[33.552,0.886],[33.556,0.877],[33.554,0.873],[33.559,0.865],[33.556,0.855],[33.565,0.844]],[[33.565,0.844],[33.558,0.845]],[[33.604,0.859],[33.599,0.858],[33.587,0.847],[33.565,0.844]],[[33.619,0.847],[33.624,0.848],[33.628,0.843]],[[33.501,0.843],[33.501,0.843]],[[33.628,0.843],[33.628,0.843]],[[33.628,0.843],[33.624,0.841],[33.619,0.847]],[[33.652,0.937],[33.655,0.92],[33.666,0.9],[33.675,0.878],[33.682,0.859],[33.686,0.835]],[[33.669,0.82],[33.63,0.822]],[[33.63,0.822],[33.608,0.819]],[[33.605,0.848],[33.608,0.819]],[[33.608,0.819],[33.609,0.815]],[[33.609,0.815],[33.595,0.81]],[[33.562,0.806],[33.558,0.803]],[[33.595,0.81],[33.565,0.808],[33.562,0.806]],[[33.501,0.843],[33.513,0.841],[33.534,0.826],[33.544,0.807],[33.558,0.803]],[[33.686,0.835],[33.691,0.818],[33.685,0.8]],[[33.503,0.777],[33.501,0.777]],[[33.505,0.777],[33.503,0.777]],[[33.685,0.8],[33.682,0.776]],[[33.621,0.789],[33.625,0.774]],[[33.609,0.815],[33.621,0.789]],[[33.558,0.803],[33.53,0.787],[33.521,0.78],[33.517,0.774]],[[33.517,0.774],[33.505,0.777]],[[33.625,0.774],[33.626,0.769]],[[33.539,0.766],[33.517,0.774]],[[33.549,0.766],[33.539,0.766]],[[33.598,0.761],[33.549,0.766]],[[33.61,0.758],[33.598,0.761]],[[33.615,0.755],[33.608,0.756]],[[33.626,0.769],[33.627,0.754]],[[33.627,0.754],[33.615,0.755]],[[33.982,0.925],[33.974,0.923]],[[33.974,0.923],[33.959,0.916]],[[33.959,0.916],[33.957,0.916]],[[33.957,0.916],[33.954,0.914]],[[33.954,0.914],[33.951,0.908]],[[33.951,0.908],[33.95,0.906]],[[33.878,0.887],[33.867,0.886]],[[33.867,0.886],[33.863,0.886]],[[33.883,0.884],[33.878,0.887]],[[33.863,0.886],[33.85,0.884]],[[33.85,0.884],[33.85,0.884]],[[33.903,0.875],[33.883,0.884]],[[33.85,0.884],[33.853,0.875]],[[33.905,0.874],[33.903,0.875]],[[33.907,0.872],[33.905,0.874]],[[33.95,0.906],[33.95,0.881],[33.946,0.87]],[[33.853,0.875],[33.857,0.862]],[[33.946,0.87],[33.943,0.858]],[[33.857,0.862],[33.859,0.856]],[[33.943,0.858],[33.926,0.85]],[[33.926,0.85],[33.907,0.872]],[[33.926,0.85],[33.928,0.847]],[[33.926,0.85],[33.899,0.838]],[[33.928,0.847],[33.935,0.837]],[[33.859,0.856],[33.864,0.836]],[[33.899,0.838],[33.893,0.836]],[[33.941,0.83],[33.944,0.826]],[[33.935,0.837],[33.941,0.83]],[[33.893,0.836],[33.865,0.825]],[[33.864,0.836],[33.865,0.825]],[[33.827,0.824],[33.805,0.824]],[[33.865,0.825],[33.861,0.823]],[[33.834,0.823],[33.827,0.824]],[[33.861,0.823],[33.857,0.821]],[[33.857,0.821],[33.834,0.823]],[[33.944,0.826],[33.951,0.819]],[[33.857,0.821],[33.859,0.814]],[[33.951,0.819],[33.963,0.811]],[[33.963,0.811],[33.975,0.803]],[[33.975,0.803],[33.982,0.798]],[[33.982,0.798],[33.99,0.79]],[[33.99,0.79],[33.993,0.789]],[[33.859,0.814],[33.861,0.805],[33.877,0.794],[33.881,0.785]],[[33.684,0.742],[33.683,0.741]],[[33.684,0.742],[33.686,0.741]],[[33.686,0.741],[33.683,0.741]],[[33.699,0.737],[33.686,0.741]],[[33.7,0.737],[33.699,0.737]],[[33.705,0.735],[33.7,0.737]],[[33.727,0.731],[33.705,0.735]],[[33.733,0.731],[33.727,0.731]],[[33.739,0.73],[33.733,0.731]],[[33.751,0.727],[33.739,0.73]],[[33.582,0.73],[33.583,0.725]],[[33.514,0.712],[33.506,0.715]],[[33.519,0.694],[33.514,0.712]],[[33.716,0.703],[33.717,0.692]],[[33.699,0.737],[33.716,0.709],[33.716,0.703]],[[33.717,0.692],[33.717,0.691]],[[33.583,0.725],[33.598,0.688]],[[33.534,0.684],[33.532,0.688],[33.519,0.694]],[[33.717,0.691],[33.724,0.673]],[[33.557,0.669],[33.546,0.68],[33.534,0.684]],[[33.724,0.673],[33.725,0.669]],[[33.598,0.688],[33.598,0.678],[33.6,0.665]],[[33.725,0.669],[33.728,0.654]],[[33.6,0.665],[33.6,0.652]],[[33.642,0.684],[33.642,0.674],[33.646,0.663],[33.639,0.65]],[[33.728,0.654],[33.729,0.648]],[[33.6,0.652],[33.601,0.647]],[[33.639,0.65],[33.633,0.646]],[[33.633,0.646],[33.63,0.644]],[[33.63,0.644],[33.622,0.645],[33.614,0.641]],[[33.614,0.641],[33.609,0.641],[33.601,0.647]],[[33.601,0.647],[33.601,0.631]],[[33.601,0.631],[33.601,0.626]],[[33.729,0.648],[33.736,0.616]],[[33.736,0.616],[33.737,0.612]],[[33.737,0.612],[33.743,0.589]],[[33.743,0.589],[33.745,0.573]],[[33.745,0.573],[33.745,0.573]],[[33.601,0.626],[33.602,0.595],[33.599,0.581],[33.601,0.571]],[[33.553,0.569],[33.527,0.582]],[[33.75,0.569],[33.75,0.568]],[[33.75,0.568],[33.751,0.567]],[[33.75,0.568],[33.749,0.567]],[[33.749,0.567],[33.747,0.566]],[[33.745,0.573],[33.747,0.566]],[[33.601,0.571],[33.583,0.566],[33.57,0.569],[33.565,0.568],[33.553,0.569]],[[33.749,0.567],[33.751,0.565]],[[33.747,0.566],[33.749,0.556]],[[33.601,0.571],[33.603,0.551]],[[33.638,0.549],[33.633,0.55]],[[33.633,0.55],[33.603,0.551]],[[33.603,0.551],[33.589,0.549]],[[33.638,0.549],[33.648,0.548]],[[33.749,0.556],[33.75,0.547]],[[33.75,0.547],[33.745,0.547]],[[33.745,0.547],[33.742,0.547]],[[33.742,0.547],[33.734,0.547]],[[33.706,0.547],[33.703,0.548]],[[33.734,0.547],[33.706,0.547]],[[33.589,0.549],[33.581,0.547]],[[33.703,0.548],[33.689,0.546]],[[33.689,0.546],[33.685,0.545]],[[33.685,0.545],[33.648,0.548]],[[33.75,0.547],[33.751,0.54]],[[33.751,0.54],[33.751,0.537]],[[33.581,0.547],[33.549,0.537]],[[33.685,0.545],[33.687,0.534],[33.686,0.525]],[[33.504,0.524],[33.501,0.525]],[[33.549,0.537],[33.545,0.536]],[[33.545,0.536],[33.519,0.526],[33.504,0.524]],[[33.686,0.525],[33.687,0.523]],[[33.687,0.523],[33.69,0.513]],[[33.91,0.718],[33.904,0.72]],[[33.921,0.714],[33.91,0.718]],[[33.947,0.706],[33.921,0.714]],[[33.952,0.705],[33.947,0.706]],[[33.961,0.702],[33.952,0.705]],[[33.976,0.695],[33.961,0.702]],[[34.001,0.692],[34.0,0.692]],[[33.982,0.692],[33.976,0.695]],[[34.0,0.692],[33.99,0.69],[33.982,0.692]],[[34.001,0.66],[33.997,0.648]],[[33.997,0.648],[33.995,0.642]],[[33.995,0.642],[33.991,0.631]],[[33.991,0.631],[33.991,0.631]],[[33.991,0.631],[33.986,0.612]],[[33.986,0.612],[33.984,0.608]],[[33.984,0.608],[33.994,0.604]],[[33.994,0.604],[34.001,0.603]],[[33.982,0.6],[33.984,0.608]],[[33.916,0.594],[33.903,0.592]],[[33.903,0.592],[33.895,0.591]],[[33.982,0.6],[33.974,0.589]],[[33.895,0.591],[33.912,0.572]],[[33.895,0.591],[33.88,0.592],[33.869,0.59],[33.847,0.569]],[[33.847,0.569],[33.842,0.566]],[[33.842,0.566],[33.78,0.553]],[[33.78,0.553],[33.767,0.554]],[[33.766,0.554],[33.762,0.549]],[[33.769,0.551],[33.762,0.549]],[[33.762,0.549],[33.752,0.548]],[[33.912,0.572],[33.933,0.546]],[[33.933,0.546],[33.93,0.532]],[[33.752,0.548],[33.76,0.546],[33.77,0.539],[33.778,0.53]],[[33.947,0.528],[33.954,0.516]],[[33.964,0.524],[33.965,0.515]],[[33.954,0.516],[33.957,0.514]],[[33.957,0.514],[33.965,0.515]],[[33.965,0.515],[33.972,0.514]],[[33.778,0.53],[33.813,0.498]],[[33.983,0.504],[33.98,0.497]],[[34.167,0.994],[34.173,0.987]],[[34.23,0.99],[34.225,0.986]],[[34.131,0.987],[34.125,0.987]],[[34.125,0.987],[34.117,0.986]],[[34.117,0.986],[34.1,0.985]],[[34.225,0.986],[34.223,0.985]],[[34.173,0.987],[34.167,0.985]],[[34.225,0.986],[34.226,0.984]],[[34.227,0.984],[34.226,0.984]],[[34.226,0.984],[34.223,0.985]],[[34.173,0.987],[34.195,0.983]],[[34.167,0.985],[34.166,0.983]],[[34.1,0.985],[34.091,0.982]],[[34.166,0.983],[34.159,0.982]],[[34.159,0.982],[34.142,0.989],[34.131,0.987]],[[34.166,0.983],[34.167,0.981]],[[34.223,0.985],[34.212,0.987],[34.206,0.985],[34.203,0.981]],[[34.203,0.981],[34.203,0.981]],[[34.026,0.789],[34.027,0.776]],[[34.021,0.775],[34.01,0.781]],[[34.027,0.776],[34.026,0.77]],[[34.026,0.769],[34.026,0.77]],[[34.026,0.769],[34.026,0.769]],[[34.026,0.769],[34.021,0.775]],[[34.025,0.768],[34.026,0.769]],[[34.025,0.768],[34.02,0.768]],[[34.027,0.768],[34.026,0.769]],[[34.027,0.768],[34.025,0.768]],[[34.219,0.767],[34.205,0.786]],[[34.03,0.766],[34.027,0.768]],[[34.046,0.963],[34.049,0.96]],[[34.043,0.962],[34.038,0.958]],[[34.228,0.967],[34.214,0.957]],[[34.211,0.96],[34.214,0.957]],[[34.214,0.957],[34.223,0.943],[34.229,0.944]],[[34.229,0.944],[34.227,0.94],[34.23,0.937],[34.223,0.936],[34.223,0.933]],[[34.196,0.922],[34.223,0.933]],[[34.153,0.921],[34.161,0.92]],[[34.184,0.918],[34.196,0.922]],[[34.161,0.92],[34.184,0.918]],[[34.049,0.96],[34.078,0.926],[34.083,0.914]],[[34.083,0.914],[34.085,0.911]],[[34.223,0.933],[34.229,0.92]],[[34.229,0.92],[34.233,0.91]],[[34.233,0.91],[34.234,0.907]],[[34.09,0.903],[34.104,0.887]],[[34.085,0.911],[34.09,0.903]],[[34.01,0.887],[34.011,0.885]],[[34.234,0.907],[34.244,0.883]],[[34.104,0.887],[34.115,0.88]],[[34.244,0.883],[34.251,0.87]],[[34.141,0.864],[34.139,0.865]],[[34.144,0.862],[34.141,0.864]],[[34.244,0.883],[34.23,0.862]],[[34.23,0.862],[34.23,0.861]],[[34.139,0.865],[34.131,0.861]],[[34.011,0.872],[34.011,0.86]],[[34.011,0.885],[34.011,0.872]],[[34.148,0.859],[34.144,0.862]],[[34.131,0.861],[34.127,0.858]],[[34.23,0.861],[34.218,0.856]],[[34.154,0.854],[34.148,0.859]],[[34.127,0.858],[34.121,0.854]],[[34.157,0.852],[34.154,0.854]],[[34.16,0.85],[34.157,0.852]],[[34.2,0.847],[34.2,0.847]],[[34.218,0.856],[34.2,0.847]],[[34.167,0.845],[34.16,0.85]],[[34.121,0.854],[34.104,0.845]],[[34.104,0.845],[34.102,0.846]],[[34.172,0.841],[34.167,0.845]],[[34.2,0.847],[34.187,0.841]],[[34.011,0.86],[34.012,0.84]],[[34.176,0.84],[34.172,0.841]],[[34.187,0.841],[34.182,0.839]],[[34.182,0.839],[34.176,0.84]],[[34.012,0.84],[34.013,0.831]],[[34.175,0.839],[34.157,0.83]],[[34.157,0.83],[34.154,0.833]],[[34.013,0.831],[34.014,0.829]],[[34.014,0.829],[34.014,0.828]],[[34.014,0.828],[34.018,0.812]],[[34.018,0.812],[34.022,0.801]],[[34.022,0.801],[34.022,0.801]],[[34.195,0.795],[34.187,0.796]],[[34.187,0.796],[34.173,0.794]],[[34.173,0.794],[34.172,0.794]],[[34.129,0.717],[34.123,0.72]],[[34.134,0.715],[34.129,0.717]],[[34.251,0.727],[34.247,0.714]],[[34.225,0.74],[34.203,0.714]],[[34.015,0.714],[34.017,0.724]],[[34.142,0.711],[34.134,0.715]],[[34.247,0.714],[34.245,0.71]],[[34.245,0.71],[34.228,0.706]],[[34.057,0.753],[34.037,0.762]],[[34.062,0.751],[34.057,0.753]],[[34.244,0.764],[34.237,0.75]],[[34.237,0.75],[34.219,0.767]],[[34.066,0.749],[34.062,0.751]],[[34.248,0.747],[34.237,0.75]],[[34.237,0.75],[34.232,0.747]],[[34.181,0.752],[34.184,0.747]],[[34.069,0.747],[34.066,0.749]],[[34.024,0.758],[34.021,0.747]],[[34.276,0.957],[34.274,0.954]],[[34.274,0.954],[34.271,0.951]],[[34.371,0.957],[34.37,0.951]],[[34.271,0.951],[34.255,0.95]],[[34.31,0.976],[34.302,0.965],[34.285,0.957],[34.281,0.951],[34.275,0.949]],[[34.274,0.954],[34.275,0.949]],[[34.275,0.949],[34.271,0.951]],[[34.275,0.949],[34.285,0.935]],[[34.37,0.951],[34.371,0.944],[34.366,0.941],[34.369,0.939],[34.366,0.937],[34.367,0.934],[34.36,0.938],[34.358,0.937]],[[34.285,0.935],[34.29,0.933]],[[34.29,0.933],[34.296,0.93]],[[34.285,0.935],[34.283,0.93]],[[34.358,0.937],[34.361,0.932],[34.358,0.93],[34.36,0.929]],[[34.332,0.923],[34.342,0.928],[34.347,0.926],[34.36,0.929]],[[34.329,0.926],[34.332,0.923]],[[34.327,0.92],[34.332,0.923]],[[34.296,0.93],[34.31,0.923],[34.327,0.92]],[[34.283,0.93],[34.282,0.921],[34.272,0.909]],[[34.36,0.929],[34.363,0.927],[34.359,0.926],[34.358,0.92],[34.361,0.91],[34.358,0.906]],[[34.358,0.906],[34.357,0.906]],[[34.33,0.918],[34.326,0.903]],[[34.357,0.906],[34.349,0.903]],[[34.349,0.903],[34.347,0.903]],[[34.272,0.909],[34.264,0.892]],[[34.357,0.906],[34.356,0.901],[34.362,0.893],[34.358,0.89],[34.365,0.885],[34.367,0.867]],[[34.264,0.892],[34.256,0.881],[34.253,0.866]],[[34.253,0.866],[34.251,0.87]],[[34.367,0.867],[34.37,0.863]],[[34.396,0.862],[34.385,0.862]],[[34.385,0.862],[34.379,0.856],[34.37,0.863]],[[34.278,0.841],[34.253,0.866]],[[34.284,0.836],[34.282,0.84],[34.278,0.841]],[[34.264,0.836],[34.264,0.835]],[[34.264,0.835],[34.262,0.833]],[[34.37,0.863],[34.373,0.844],[34.369,0.833]],[[34.262,0.833],[34.259,0.831]],[[34.369,0.833],[34.357,0.824]],[[34.326,0.903],[34.325,0.896],[34.319,0.89],[34.316,0.881],[34.316,0.869],[34.313,0.849],[34.294,0.822]],[[34.294,0.822],[34.284,0.836]],[[34.357,0.824],[34.347,0.817]],[[34.357,0.824],[34.366,0.816]],[[34.302,0.814],[34.294,0.822]],[[34.322,0.815],[34.314,0.814],[34.308,0.817],[34.302,0.814]],[[34.334,0.812],[34.322,0.815]],[[34.347,0.817],[34.334,0.812]],[[34.366,0.816],[34.377,0.811],[34.378,0.804]],[[34.294,0.822],[34.285,0.815],[34.26,0.802]],[[34.26,0.802],[34.254,0.8]],[[34.378,0.804],[34.379,0.794]],[[34.275,0.759],[34.269,0.759],[34.268,0.756]],[[34.268,0.756],[34.266,0.751],[34.26,0.747]],[[34.18,0.747],[34.182,0.746]],[[34.187,0.747],[34.187,0.746]],[[34.251,0.746],[34.247,0.747]],[[34.187,0.746],[34.188,0.746]],[[34.186,0.747],[34.186,0.746]],[[34.186,0.746],[34.184,0.747]],[[34.187,0.746],[34.186,0.746]],[[34.191,0.745],[34.188,0.746]],[[34.188,0.746],[34.191,0.745]],[[34.206,0.744],[34.191,0.745]],[[34.082,0.741],[34.069,0.747]],[[34.232,0.747],[34.225,0.74]],[[34.225,0.74],[34.206,0.744]],[[34.018,0.736],[34.021,0.747]],[[34.101,0.731],[34.082,0.741]],[[34.104,0.729],[34.101,0.731]],[[34.113,0.725],[34.104,0.729]],[[34.017,0.724],[34.018,0.736]],[[34.123,0.72],[34.113,0.725]],[[34.014,0.693],[34.012,0.696],[34.015,0.714]],[[34.014,0.693],[34.011,0.692]],[[34.016,0.692],[34.014,0.693]],[[34.011,0.692],[34.001,0.692]],[[34.155,0.705],[34.15,0.699],[34.136,0.692]],[[34.037,0.691],[34.016,0.692]],[[34.193,0.697],[34.189,0.69]],[[34.136,0.692],[34.112,0.689]],[[34.203,0.694],[34.192,0.689]],[[34.112,0.689],[34.102,0.687]],[[34.102,0.687],[34.081,0.684],[34.074,0.681]],[[34.074,0.681],[34.073,0.681]],[[34.067,0.68],[34.037,0.691]],[[34.073,0.681],[34.067,0.68]],[[34.011,0.692],[34.005,0.673]],[[34.186,0.671],[34.183,0.676],[34.176,0.674]],[[34.005,0.673],[34.003,0.669]],[[34.189,0.668],[34.188,0.668]],[[34.188,0.668],[34.186,0.671]],[[34.003,0.669],[34.001,0.668]],[[34.188,0.668],[34.186,0.667]],[[34.186,0.671],[34.186,0.667]],[[34.003,0.669],[34.001,0.661]],[[34.186,0.667],[34.173,0.66]],[[34.111,0.511],[34.119,0.509]],[[34.309,0.735],[34.291,0.734]],[[34.291,0.734],[34.286,0.732]],[[34.252,0.74],[34.251,0.727]],[[34.286,0.732],[34.257,0.719]],[[34.172,0.66],[34.172,0.648]],[[34.192,0.666],[34.205,0.63]],[[34.172,0.648],[34.17,0.634],[34.16,0.622]],[[34.16,0.622],[34.151,0.616]],[[34.024,0.601],[34.001,0.603]],[[34.052,0.6],[34.024,0.601]],[[34.063,0.599],[34.052,0.6]],[[34.151,0.616],[34.143,0.596]],[[34.138,0.583],[34.133,0.57]],[[34.143,0.596],[34.138,0.583]],[[34.133,0.57],[34.128,0.556]],[[34.128,0.556],[34.127,0.548]],[[34.127,0.548],[34.127,0.539]],[[34.127,0.539],[34.127,0.537]],[[34.127,0.537],[34.121,0.527]],[[34.121,0.527],[34.118,0.522]],[[34.117,0.521],[34.111,0.511]],[[34.111,0.511],[34.106,0.504]],[[34.261,0.704],[34.262,0.697],[34.259,0.69],[34.267,0.671],[34.256,0.656],[34.265,0.639]],[[34.268,0.637],[34.265,0.639]],[[29.954,0.128],[29.951,0.123]],[[29.951,0.123],[29.947,0.126]],[[29.95,0.123],[29.947,0.117]],[[29.947,0.117],[29.946,0.116]],[[29.947,0.117],[29.939,0.101],[29.922,0.093],[29.916,0.085],[29.912,0.085],[29.9,0.075]],[[29.892,0.092],[29.9,0.075]],[[29.9,0.075],[29.9,0.075]],[[29.951,0.123],[29.953,0.115],[29.949,0.112],[29.944,0.101],[29.948,0.096],[29.947,0.091],[29.945,0.089],[29.943,0.092],[29.94,0.091],[29.936,0.094],[29.931,0.091],[29.923,0.082],[29.922,0.076],[29.917,0.071],[29.918,0.068]],[[29.918,0.068],[29.906,0.07],[29.9,0.075]],[[29.744,0.06],[29.751,0.054]],[[29.776,0.047],[29.769,0.04],[29.768,0.035]],[[29.751,0.054],[29.751,0.039],[29.754,0.034]],[[29.768,0.035],[29.759,0.033]],[[29.754,0.034],[29.759,0.036],[29.759,0.033]],[[29.768,0.035],[29.767,0.033]],[[29.72,0.042],[29.722,0.044],[29.74,0.032],[29.754,0.034]],[[29.759,0.033],[29.76,0.015]],[[29.918,0.068],[29.921,0.061],[29.917,0.042],[29.923,0.031],[29.927,0.025],[29.946,0.011]],[[29.946,0.011],[29.886,0.007]],[[29.9,0.075],[29.901,0.066],[29.896,0.055],[29.891,0.051],[29.888,0.04],[29.886,0.007]],[[29.9,0.075],[29.895,0.071],[29.887,0.069],[29.881,0.071],[29.864,0.058],[29.851,0.034],[29.834,0.01],[29.835,-0.003]],[[30.041,0.342],[30.065,0.337]],[[30.065,0.337],[30.076,0.329]],[[30.076,0.329],[30.073,0.326]],[[30.071,0.347],[30.071,0.34],[30.075,0.342],[30.074,0.337],[30.081,0.333],[30.089,0.323],[30.103,0.322]],[[30.103,0.322],[30.11,0.302],[30.116,0.274],[30.124,0.261]],[[30.076,0.329],[30.087,0.322],[30.092,0.312],[30.098,0.307],[30.108,0.27],[30.117,0.255]],[[30.29,0.497],[30.291,0.491],[30.286,0.487]],[[30.331,0.497],[30.335,0.488],[30.339,0.487],[30.343,0.488]],[[30.286,0.487],[30.27,0.486]],[[30.286,0.487],[30.282,0.479],[30.282,0.467],[30.279,0.465],[30.278,0.46],[30.279,0.449],[30.277,0.443],[30.281,0.443],[30.282,0.445],[30.283,0.442],[30.28,0.436]],[[30.343,0.488],[30.355,0.486],[30.362,0.481],[30.368,0.468],[30.38,0.46]],[[30.38,0.46],[30.386,0.45],[30.389,0.448],[30.395,0.432],[30.405,0.426]],[[30.405,0.426],[30.401,0.419],[30.41,0.406]],[[30.41,0.406],[30.415,0.391]],[[30.415,0.391],[30.418,0.378],[30.424,0.366]],[[30.424,0.366],[30.424,0.365]],[[30.501,0.329],[30.496,0.328]],[[30.496,0.328],[30.491,0.327]],[[30.424,0.365],[30.428,0.341],[30.437,0.33],[30.448,0.325]],[[30.491,0.327],[30.485,0.324],[30.479,0.33],[30.473,0.331],[30.468,0.327],[30.448,0.325]],[[30.448,0.325],[30.446,0.323]],[[30.448,0.325],[30.455,0.292]],[[30.455,0.292],[30.449,0.276],[30.448,0.262]],[[30.001,0.217],[30.007,0.214],[30.009,0.203],[30.013,0.198]],[[30.013,0.198],[30.011,0.199]],[[30.011,0.199],[30.011,0.195],[30.005,0.193]],[[30.013,0.198],[30.015,0.193]],[[30.015,0.193],[30.014,0.191]],[[30.014,0.191],[30.013,0.191]],[[30.014,0.191],[30.014,0.19]],[[30.014,0.19],[30.014,0.19]],[[30.015,0.193],[30.016,0.19]],[[30.014,0.19],[30.014,0.19]],[[30.016,0.19],[30.016,0.19]],[[30.014,0.19],[30.016,0.19]],[[30.014,0.19],[30.013,0.189]],[[30.1,0.191],[30.101,0.189]],[[30.016,0.19],[30.018,0.187]],[[30.018,0.187],[30.017,0.187]],[[30.016,0.19],[30.017,0.187]],[[30.018,0.187],[30.018,0.187]],[[30.017,0.187],[30.018,0.187]],[[30.059,0.187],[30.06,0.186]],[[30.017,0.187],[30.016,0.186]],[[30.016,0.186],[30.017,0.185]],[[30.059,0.187],[30.069,0.187],[30.071,0.185]],[[30.026,0.183],[30.04,0.189],[30.059,0.187]],[[30.018,0.187],[30.023,0.183]],[[30.023,0.183],[30.026,0.183]],[[30.071,0.185],[30.073,0.182]],[[30.023,0.183],[30.026,0.183]],[[30.073,0.182],[30.076,0.182]],[[30.073,0.182],[30.072,0.18]],[[30.072,0.18],[30.075,0.179]],[[30.072,0.18],[30.071,0.175]],[[30.082,0.173],[30.08,0.172]],[[30.071,0.185],[30.067,0.17],[30.068,0.161],[30.065,0.16],[30.067,0.158]],[[30.061,0.113],[30.077,0.087],[30.091,0.089]],[[30.091,0.089],[30.107,0.105],[30.124,0.104],[30.135,0.085],[30.137,0.071]],[[30.137,0.071],[30.13,0.071],[30.109,0.056],[30.091,0.061],[30.087,0.064],[30.087,0.073],[30.091,0.089]],[[30.456,0.203],[30.451,0.202],[30.447,0.205]],[[30.456,0.203],[30.457,0.192],[30.455,0.186],[30.453,0.185]],[[30.453,0.185],[30.447,0.187]],[[30.453,0.185],[30.453,0.184]],[[30.453,0.184],[30.452,0.18]],[[30.452,0.18],[30.433,0.186],[30.424,0.183],[30.423,0.179],[30.413,0.18],[30.403,0.167]],[[30.403,0.167],[30.398,0.165],[30.381,0.172],[30.37,0.171]],[[30.452,0.18],[30.445,0.169],[30.44,0.155],[30.435,0.15]],[[30.435,0.15],[30.437,0.142],[30.451,0.132],[30.451,0.125],[30.456,0.119],[30.459,0.108],[30.457,0.101]],[[30.457,0.101],[30.458,0.099]],[[30.458,0.099],[30.461,0.099]],[[30.458,0.099],[30.458,0.099]],[[30.461,0.099],[30.473,0.089]],[[30.473,0.089],[30.474,0.079]],[[30.474,0.079],[30.473,0.079]],[[30.474,0.079],[30.475,0.078]],[[30.475,0.078],[30.473,0.079]],[[30.473,0.079],[30.469,0.076],[30.465,0.08],[30.46,0.081]],[[30.475,0.078],[30.477,0.063],[30.482,0.06],[30.484,0.055]],[[30.484,0.055],[30.498,0.052],[30.501,0.04]],[[30.435,0.15],[30.42,0.126],[30.42,0.118],[30.413,0.107],[30.406,0.103],[30.404,0.093],[30.398,0.089],[30.383,0.065],[30.384,0.051],[30.377,0.04],[30.381,0.037],[30.379,0.033],[30.386,0.022],[30.377,0.017],[30.361,-0.003]],[[30.505,0.328],[30.501,0.329]],[[30.529,0.305],[30.526,0.308],[30.519,0.321],[30.505,0.328]],[[30.695,0.464],[30.698,0.459],[30.696,0.451],[30.698,0.44],[30.708,0.429],[30.714,0.41],[30.727,0.398],[30.72,0.389],[30.715,0.386],[30.712,0.375],[30.706,0.369],[30.7,0.367],[30.688,0.369],[30.675,0.362],[30.669,0.355],[30.654,0.349],[30.651,0.335],[30.633,0.326],[30.626,0.311],[30.605,0.297],[30.597,0.287]],[[30.687,0.489],[30.686,0.486],[30.695,0.464]],[[30.597,0.287],[30.587,0.285],[30.573,0.288],[30.566,0.285],[30.553,0.293],[30.539,0.298],[30.529,0.305]],[[30.987,0.408],[30.984,0.377]],[[30.984,0.377],[30.992,0.371],[30.999,0.358],[30.998,0.347],[30.991,0.336]],[[30.991,0.336],[30.991,0.332],[30.976,0.318],[30.965,0.299]],[[30.711,0.111],[30.706,0.112],[30.698,0.11],[30.673,0.101]],[[30.634,0.196],[30.644,0.193]],[[30.644,0.193],[30.659,0.187],[30.667,0.168],[30.668,0.133],[30.67,0.127],[30.675,0.125],[30.674,0.118],[30.671,0.114],[30.673,0.101]],[[30.501,0.041],[30.507,0.039],[30.51,0.025],[30.518,0.02],[30.527,0.002],[30.531,-0.003]],[[30.626,0.081],[30.617,0.083],[30.61,0.077],[30.598,0.074],[30.591,0.07],[30.579,0.055],[30.573,0.05],[30.561,0.047],[30.56,0.041],[30.549,0.033],[30.55,0.027],[30.544,0.024],[30.543,0.015],[30.536,0.007],[30.533,-0.003]],[[30.673,0.101],[30.664,0.101],[30.657,0.094],[30.644,0.091],[30.637,0.084],[30.626,0.081]],[[30.993,0.135],[30.988,0.134],[30.986,0.138],[30.974,0.142],[30.963,0.138],[30.951,0.139],[30.941,0.134],[30.93,0.134]],[[30.899,0.196],[30.902,0.188],[30.902,0.178],[30.909,0.167],[30.909,0.161],[30.913,0.155],[30.929,0.149],[30.93,0.134]],[[30.93,0.134],[30.922,0.129],[30.915,0.132],[30.91,0.131]],[[30.91,0.131],[30.908,0.126],[30.911,0.121],[30.91,0.109],[30.908,0.104],[30.895,0.095],[30.887,0.08],[30.877,0.069],[30.86,0.056],[30.839,0.053],[30.833,0.044],[30.814,0.029],[30.799,0.022],[30.787,0.013],[30.78,-0.003]],[[31.182,0.487],[31.18,0.487]],[[31.045,0.492],[31.044,0.486]],[[31.053,0.483],[31.053,0.483]],[[31.073,0.485],[31.071,0.483]],[[31.071,0.483],[31.069,0.484]],[[31.044,0.486],[31.05,0.481],[31.053,0.483]],[[31.055,0.482],[31.047,0.479],[31.039,0.464]],[[31.044,0.463],[31.043,0.462]],[[31.043,0.462],[31.039,0.464]],[[31.182,0.487],[31.184,0.474],[31.178,0.461],[31.179,0.454]],[[31.179,0.454],[31.179,0.417],[31.183,0.407]],[[31.183,0.407],[31.189,0.404],[31.195,0.395],[31.202,0.39],[31.221,0.38],[31.227,0.38]],[[31.227,0.38],[31.226,0.378]],[[31.226,0.378],[31.205,0.364],[31.197,0.351]],[[31.197,0.351],[31.195,0.329],[31.187,0.325],[31.185,0.32],[31.186,0.31],[31.181,0.286],[31.18,0.272]],[[31.18,0.272],[31.174,0.269],[31.169,0.274],[31.167,0.271]],[[31.18,0.272],[31.185,0.247]],[[31.282,0.482],[31.292,0.457],[31.29,0.446],[31.292,0.43],[31.288,0.423]],[[31.185,0.247],[31.187,0.237]],[[31.187,0.237],[31.185,0.233],[31.175,0.223]],[[31.175,0.223],[31.173,0.222]],[[31.162,0.227],[31.173,0.222]],[[31.173,0.222],[31.166,0.197],[31.154,0.187]],[[31.154,0.187],[31.15,0.182],[31.15,0.176],[31.154,0.166],[31.145,0.147],[31.151,0.134],[31.154,0.113]],[[31.154,0.113],[31.146,0.085],[31.131,0.086],[31.126,0.089],[31.099,0.083]],[[31.099,0.083],[31.093,0.09],[31.091,0.089]],[[31.154,0.113],[31.16,0.104],[31.168,0.098],[31.181,0.072],[31.187,0.068],[31.191,0.06],[31.2,0.05]],[[31.2,0.05],[31.213,0.046]],[[31.2,0.05],[31.181,0.023],[31.173,0.007],[31.17,0.007]],[[31.363,0.223],[31.35,0.227],[31.332,0.221],[31.313,0.219]],[[31.399,0.212],[31.382,0.219],[31.363,0.223]],[[31.492,0.184],[31.448,0.191],[31.399,0.212]],[[31.499,0.184],[31.492,0.184]],[[31.501,0.183],[31.499,0.184]],[[31.28,0.009],[31.27,0.016],[31.264,0.022],[31.254,0.026]],[[31.285,0.009],[31.28,0.009]],[[31.509,0.497],[31.515,0.483],[31.52,0.48],[31.519,0.475],[31.524,0.465],[31.524,0.457]],[[31.705,0.463],[31.699,0.46],[31.693,0.453]],[[31.693,0.453],[31.688,0.448]],[[31.688,0.448],[31.685,0.445]],[[31.685,0.445],[31.684,0.444]],[[31.684,0.444],[31.671,0.431],[31.666,0.42],[31.653,0.407]],[[31.653,0.407],[31.637,0.399],[31.625,0.379],[31.603,0.374],[31.587,0.374],[31.584,0.371]],[[31.584,0.371],[31.585,0.368],[31.583,0.365]],[[31.584,0.371],[31.579,0.363]],[[31.569,0.366],[31.571,0.363]],[[31.524,0.457],[31.53,0.436],[31.542,0.416],[31.541,0.401],[31.545,0.395],[31.549,0.395],[31.556,0.387],[31.558,0.373],[31.569,0.366]],[[31.571,0.363],[31.571,0.363]],[[31.577,0.363],[31.575,0.362]],[[31.579,0.363],[31.577,0.363]],[[31.575,0.362],[31.571,0.363]],[[31.573,0.36],[31.575,0.362]],[[31.571,0.363],[31.573,0.36]],[[31.573,0.36],[31.573,0.35],[31.583,0.34],[31.595,0.313]],[[31.595,0.313],[31.599,0.302],[31.601,0.284],[31.607,0.272]],[[31.607,0.272],[31.609,0.267]],[[31.725,0.26],[31.713,0.254],[31.702,0.256]],[[31.751,0.287],[31.734,0.264],[31.725,0.26]],[[31.916,0.438],[31.918,0.419],[31.914,0.415]],[[31.988,0.308],[31.986,0.309]],[[31.986,0.309],[31.975,0.307]],[[31.975,0.307],[31.957,0.306]],[[31.946,0.302],[31.942,0.313]],[[31.957,0.306],[31.946,0.302]],[[31.988,0.308],[31.984,0.302]],[[31.946,0.302],[31.944,0.3]],[[31.944,0.3],[31.936,0.297]],[[31.936,0.297],[31.922,0.292]],[[31.861,0.288],[31.844,0.295],[31.833,0.296]],[[31.922,0.292],[31.91,0.284],[31.885,0.284]],[[31.871,0.282],[31.885,0.284]],[[31.844,0.305],[31.869,0.282]],[[31.984,0.302],[31.981,0.297],[31.983,0.279],[31.973,0.271],[31.968,0.264]],[[31.968,0.264],[31.968,0.263]],[[31.967,0.265],[31.968,0.263]],[[31.968,0.263],[31.961,0.258]],[[31.961,0.258],[31.935,0.254]],[[31.885,0.284],[31.893,0.253]],[[31.893,0.253],[31.893,0.252]],[[31.935,0.254],[31.912,0.248],[31.893,0.253]],[[31.65,0.23],[31.658,0.229],[31.667,0.216]],[[31.89,0.226],[31.891,0.218]],[[31.89,0.235],[31.89,0.226]],[[31.891,0.218],[31.892,0.207]],[[32.0,0.196],[31.983,0.206],[31.97,0.222]],[[31.823,0.247],[31.823,0.227],[31.837,0.194]],[[31.776,0.192],[31.764,0.211],[31.762,0.222],[31.751,0.225]],[[32.0,0.196],[31.987,0.19]],[[31.776,0.192],[31.778,0.193],[31.789,0.188]],[[31.789,0.188],[31.801,0.186]],[[31.837,0.194],[31.835,0.186]],[[31.821,0.202],[31.826,0.19],[31.835,0.186]],[[31.987,0.19],[31.988,0.185]],[[31.801,0.186],[31.82,0.18]],[[31.987,0.19],[31.978,0.186],[31.969,0.192],[31.962,0.184],[31.949,0.18]],[[31.988,0.185],[31.99,0.179]],[[31.892,0.207],[31.895,0.194],[31.904,0.183],[31.904,0.178]],[[31.949,0.18],[31.94,0.177]],[[31.904,0.178],[31.905,0.176]],[[31.905,0.176],[31.898,0.176]],[[31.898,0.176],[31.886,0.177]],[[31.867,0.179],[31.86,0.176]],[[31.86,0.176],[31.86,0.176]],[[31.886,0.177],[31.881,0.176],[31.867,0.179]],[[31.835,0.186],[31.834,0.176]],[[31.82,0.18],[31.834,0.176]],[[31.94,0.177],[31.935,0.178],[31.928,0.174]],[[31.919,0.174],[31.905,0.176]],[[31.928,0.174],[31.919,0.174]],[[31.905,0.176],[31.905,0.173]],[[31.905,0.173],[31.898,0.176]],[[31.905,0.173],[31.905,0.173]],[[31.905,0.173],[31.906,0.172]],[[31.86,0.176],[31.854,0.171]],[[31.86,0.176],[31.856,0.175],[31.854,0.171]],[[31.919,0.174],[31.911,0.171],[31.905,0.173]],[[31.854,0.171],[31.853,0.171]],[[31.837,0.194],[31.844,0.19],[31.853,0.171]],[[31.853,0.171],[31.839,0.168]],[[31.834,0.176],[31.838,0.174],[31.839,0.168]],[[31.839,0.168],[31.84,0.166]],[[31.988,0.185],[31.981,0.161]],[[31.86,0.176],[31.868,0.16]],[[31.839,0.168],[31.832,0.168],[31.821,0.159]],[[31.801,0.186],[31.81,0.169],[31.821,0.159]],[[31.821,0.159],[31.812,0.157]],[[31.789,0.188],[31.803,0.172],[31.812,0.157]],[[31.906,0.172],[31.91,0.159],[31.913,0.157]],[[31.812,0.157],[31.81,0.156]],[[31.913,0.157],[31.923,0.15]],[[31.913,0.157],[31.914,0.15]],[[31.949,0.18],[31.954,0.173],[31.962,0.17],[31.962,0.158],[31.967,0.149]],[[31.868,0.16],[31.884,0.145]],[[31.884,0.145],[31.884,0.145]],[[31.906,0.172],[31.895,0.168],[31.892,0.162],[31.887,0.158],[31.892,0.147],[31.89,0.145],[31.884,0.145]],[[31.923,0.15],[31.944,0.142]],[[31.99,0.179],[31.988,0.173],[31.989,0.162],[31.985,0.156],[31.981,0.138]],[[31.981,0.138],[31.981,0.137]],[[31.868,0.16],[31.867,0.151],[31.862,0.143],[31.864,0.135],[31.86,0.134]],[[31.84,0.166],[31.843,0.153],[31.86,0.134]],[[31.812,0.157],[31.817,0.148],[31.817,0.134]],[[31.981,0.161],[31.976,0.141],[31.964,0.133]],[[31.967,0.149],[31.966,0.14],[31.963,0.136],[31.964,0.133]],[[31.914,0.15],[31.917,0.132]],[[31.964,0.133],[31.965,0.131]],[[31.944,0.142],[31.965,0.131]],[[31.965,0.131],[31.965,0.13]],[[31.81,0.156],[31.806,0.147],[31.785,0.129]],[[31.981,0.138],[31.988,0.128]],[[32.001,0.138],[31.992,0.128]],[[31.992,0.128],[31.988,0.128]],[[31.965,0.13],[31.969,0.127]],[[31.785,0.129],[31.781,0.127]],[[31.965,0.13],[31.96,0.126]],[[31.969,0.127],[31.973,0.126]],[[31.969,0.127],[31.967,0.124],[31.96,0.126]],[[31.96,0.126],[31.956,0.124]],[[31.76,0.124],[31.76,0.124]],[[31.751,0.133],[31.76,0.124]],[[31.76,0.124],[31.76,0.124]],[[31.76,0.124],[31.759,0.124]],[[31.781,0.127],[31.776,0.124]],[[31.775,0.124],[31.76,0.124]],[[31.776,0.124],[31.775,0.124]],[[31.988,0.128],[31.984,0.123]],[[31.973,0.126],[31.984,0.123]],[[31.86,0.134],[31.865,0.129],[31.865,0.121]],[[31.865,0.121],[31.86,0.121]],[[31.776,0.124],[31.774,0.12]],[[31.86,0.121],[31.84,0.12]],[[31.84,0.166],[31.837,0.127],[31.84,0.12]],[[31.914,0.15],[31.903,0.142],[31.89,0.119]],[[31.884,0.145],[31.89,0.119]],[[31.879,0.118],[31.87,0.122],[31.865,0.121]],[[31.984,0.123],[32.0,0.115]],[[31.89,0.119],[31.89,0.115]],[[31.89,0.115],[31.879,0.118]],[[32.0,0.115],[31.999,0.115]],[[31.817,0.134],[31.813,0.132],[31.809,0.115]],[[31.809,0.115],[31.781,0.127]],[[31.809,0.114],[31.809,0.115]],[[31.84,0.12],[31.826,0.114]],[[31.826,0.114],[31.822,0.114]],[[31.817,0.134],[31.822,0.114]],[[31.822,0.114],[31.809,0.114]],[[31.917,0.132],[31.917,0.113]],[[31.973,0.126],[31.973,0.117],[31.966,0.111]],[[31.972,0.11],[31.966,0.111]],[[31.966,0.111],[31.963,0.11]],[[31.956,0.124],[31.958,0.114],[31.955,0.11]],[[31.963,0.11],[31.955,0.11]],[[31.999,0.115],[31.984,0.11],[31.972,0.11]],[[31.955,0.11],[31.951,0.106]],[[31.917,0.113],[31.918,0.105]],[[31.918,0.105],[31.89,0.115]],[[31.918,0.105],[31.918,0.105]],[[31.918,0.105],[31.916,0.102]],[[31.972,0.11],[31.972,0.103],[31.968,0.101],[31.963,0.11]],[[31.999,0.115],[31.998,0.101]],[[31.916,0.102],[31.899,0.099]],[[31.951,0.106],[31.933,0.099]],[[31.917,0.113],[31.921,0.118],[31.929,0.114],[31.933,0.103],[31.933,0.099]],[[31.933,0.099],[31.931,0.099]],[[31.774,0.12],[31.762,0.101],[31.757,0.099]],[[31.759,0.124],[31.757,0.099]],[[31.931,0.099],[31.925,0.099],[31.918,0.105]],[[31.86,0.121],[31.862,0.109],[31.859,0.1],[31.861,0.093]],[[31.998,0.101],[32.0,0.091]],[[31.998,0.101],[31.986,0.09]],[[32.0,0.091],[31.995,0.089],[31.986,0.09]],[[31.933,0.099],[31.934,0.088]],[[31.931,0.099],[31.917,0.089],[31.91,0.087]],[[31.916,0.102],[31.909,0.09],[31.91,0.087]],[[31.91,0.087],[31.908,0.087]],[[31.934,0.088],[31.934,0.084]],[[31.934,0.088],[31.937,0.084]],[[31.937,0.084],[31.937,0.083]],[[31.937,0.083],[31.934,0.084]],[[31.908,0.087],[31.889,0.082]],[[31.986,0.09],[31.979,0.083],[31.971,0.078]],[[31.867,0.078],[31.864,0.085]],[[32.495,0.412],[32.487,0.402]],[[32.458,0.404],[32.462,0.398]],[[32.401,0.404],[32.408,0.398]],[[32.487,0.402],[32.481,0.398]],[[32.48,0.398],[32.478,0.398]],[[32.478,0.401],[32.478,0.398]],[[32.472,0.396],[32.47,0.397]],[[32.478,0.398],[32.472,0.396]],[[32.441,0.32],[32.442,0.317]],[[32.442,0.317],[32.444,0.308]],[[32.444,0.308],[32.444,0.308]],[[32.624,0.363],[32.618,0.361],[32.614,0.356]],[[32.603,0.37],[32.614,0.356]],[[32.614,0.356],[32.613,0.355]],[[32.573,0.353],[32.569,0.354]],[[32.569,0.354],[32.563,0.353]],[[32.557,0.381],[32.555,0.379]],[[32.55,0.375],[32.555,0.366]],[[32.556,0.36],[32.556,0.358]],[[32.556,0.357],[32.556,0.356]],[[32.554,0.353],[32.554,0.352]],[[32.555,0.379],[32.55,0.375]],[[32.555,0.366],[32.556,0.36]],[[32.556,0.358],[32.556,0.357]],[[32.556,0.356],[32.554,0.353]],[[32.554,0.352],[32.554,0.352]],[[32.554,0.352],[32.547,0.359]],[[32.563,0.353],[32.554,0.352]],[[32.663,0.353],[32.663,0.351]],[[32.692,0.35],[32.685,0.352]],[[32.685,0.352],[32.678,0.35]],[[32.613,0.355],[32.599,0.349]],[[32.715,0.363],[32.71,0.364],[32.704,0.362],[32.698,0.349]],[[33.207,0.419],[33.205,0.42]],[[33.207,0.419],[33.207,0.419]],[[33.03,0.302],[33.032,0.293]],[[33.035,0.298],[33.039,0.292]],[[33.128,0.303],[33.136,0.292],[33.137,0.286]],[[33.083,0.282],[33.081,0.285],[33.07,0.282]],[[33.058,0.281],[33.056,0.281]],[[33.056,0.281],[33.054,0.28]],[[33.039,0.292],[33.054,0.28]],[[33.269,0.488],[33.264,0.483]],[[33.264,0.483],[33.271,0.479]],[[33.253,0.478],[33.251,0.481]],[[33.274,0.48],[33.276,0.475]],[[33.264,0.483],[33.256,0.475]],[[33.256,0.475],[33.253,0.478]],[[33.256,0.475],[33.251,0.473]],[[33.257,0.473],[33.256,0.475]],[[33.276,0.475],[33.276,0.473]],[[31.934,0.084],[31.928,0.076]],[[31.91,0.087],[31.917,0.075]],[[31.917,0.075],[31.928,0.076]],[[31.908,0.087],[31.903,0.074]],[[31.889,0.082],[31.881,0.074]],[[31.881,0.074],[31.873,0.079],[31.867,0.078]],[[31.903,0.074],[31.898,0.074],[31.889,0.082]],[[31.937,0.083],[31.937,0.072]],[[31.928,0.076],[31.937,0.072]],[[31.881,0.074],[31.878,0.071]],[[31.903,0.074],[31.901,0.069]],[[31.917,0.075],[31.913,0.07],[31.901,0.069]],[[31.937,0.084],[31.948,0.069]],[[31.937,0.072],[31.948,0.069]],[[31.948,0.069],[31.953,0.067]],[[31.901,0.069],[31.899,0.066]],[[31.899,0.066],[31.878,0.071]],[[31.899,0.066],[31.898,0.066]],[[31.826,0.114],[31.821,0.105],[31.822,0.091],[31.826,0.076],[31.822,0.067],[31.825,0.065]],[[31.878,0.071],[31.872,0.065]],[[31.867,0.078],[31.857,0.075],[31.848,0.064]],[[31.87,0.064],[31.872,0.065]],[[31.87,0.064],[31.867,0.078]],[[31.937,0.072],[31.936,0.064]],[[31.825,0.065],[31.83,0.063],[31.848,0.064]],[[31.872,0.065],[31.871,0.063]],[[31.871,0.063],[31.87,0.064]],[[31.848,0.064],[31.86,0.062],[31.87,0.064]],[[32.0,0.091],[31.996,0.074],[32.0,0.059]],[[32.0,0.059],[32.0,0.053]],[[32.0,0.053],[32.001,0.053]],[[31.953,0.067],[31.969,0.053]],[[31.969,0.053],[31.97,0.053]],[[31.898,0.066],[31.887,0.049]],[[31.969,0.053],[31.965,0.048]],[[31.887,0.049],[31.878,0.044]],[[31.878,0.044],[31.87,0.051],[31.871,0.063]],[[32.0,0.053],[31.993,0.044],[31.988,0.042]],[[31.97,0.053],[31.98,0.044],[31.988,0.042]],[[31.988,0.042],[31.988,0.042]],[[31.988,0.042],[31.991,0.04]],[[31.898,0.066],[31.901,0.063],[31.902,0.049],[31.897,0.044],[31.886,0.038]],[[31.887,0.049],[31.886,0.038]],[[31.886,0.038],[31.885,0.037]],[[31.878,0.044],[31.867,0.035]],[[31.887,0.034],[31.885,0.037]],[[31.991,0.04],[32.0,0.033]],[[31.885,0.037],[31.877,0.031]],[[31.887,0.034],[31.882,0.03]],[[31.988,0.042],[31.963,0.029]],[[31.965,0.048],[31.963,0.029]],[[31.963,0.029],[31.961,0.029]],[[31.961,0.029],[31.961,0.029]],[[31.961,0.029],[31.956,0.026]],[[31.956,0.026],[31.953,0.026]],[[31.991,0.04],[31.987,0.027],[31.983,0.026]],[[31.961,0.029],[31.959,0.025]],[[32.0,0.033],[32.0,0.023]],[[31.956,0.026],[31.96,0.02]],[[31.915,0.022],[31.92,0.014]],[[31.92,0.014],[31.89,0.025],[31.887,0.034]],[[31.927,0.012],[31.92,0.014]],[[31.953,0.026],[31.94,0.021],[31.932,0.01]],[[31.932,0.01],[31.927,0.012]],[[31.96,0.02],[31.96,0.013],[31.953,0.005]],[[31.953,0.005],[31.932,0.01]],[[31.762,0.02],[31.766,0.013],[31.769,0.001]],[[32.081,0.497],[32.076,0.493]],[[32.01,0.495],[32.009,0.492]],[[32.009,0.492],[32.009,0.492]],[[32.011,0.497],[32.011,0.492]],[[32.009,0.492],[32.011,0.492]],[[32.146,0.497],[32.153,0.491]],[[32.118,0.49],[32.115,0.489]],[[32.011,0.492],[32.021,0.489]],[[32.011,0.492],[32.01,0.488]],[[32.153,0.491],[32.156,0.484]],[[32.021,0.489],[32.022,0.482],[32.027,0.481]],[[32.027,0.481],[32.027,0.48]],[[32.115,0.489],[32.112,0.487],[32.108,0.479]],[[32.051,0.485],[32.049,0.48],[32.044,0.476]],[[32.044,0.476],[32.04,0.475]],[[32.04,0.475],[32.031,0.475],[32.027,0.472]],[[32.027,0.48],[32.027,0.472]],[[32.156,0.484],[32.161,0.474],[32.165,0.471]],[[32.108,0.479],[32.098,0.469]],[[32.165,0.471],[32.169,0.465]],[[32.245,0.47],[32.243,0.461]],[[32.027,0.472],[32.022,0.468],[32.019,0.461]],[[32.098,0.469],[32.095,0.463],[32.087,0.456]],[[32.036,0.46],[32.028,0.453]],[[32.019,0.461],[32.028,0.453]],[[32.169,0.465],[32.174,0.458],[32.173,0.45]],[[32.243,0.461],[32.238,0.449]],[[32.079,0.448],[32.079,0.448]],[[32.087,0.456],[32.083,0.449],[32.079,0.448]],[[32.238,0.449],[32.238,0.446]],[[32.028,0.453],[32.034,0.443]],[[32.173,0.45],[32.177,0.44]],[[32.238,0.446],[32.235,0.442],[32.237,0.439]],[[32.237,0.439],[32.236,0.439]],[[32.236,0.439],[32.232,0.437]],[[32.236,0.435],[32.232,0.437]],[[32.079,0.448],[32.06,0.448],[32.057,0.441],[32.057,0.434]],[[32.034,0.443],[32.046,0.428]],[[32.177,0.44],[32.183,0.433],[32.185,0.427]],[[32.046,0.428],[32.046,0.425]],[[32.057,0.434],[32.056,0.431],[32.05,0.425],[32.046,0.425]],[[32.185,0.427],[32.185,0.421]],[[32.046,0.425],[32.046,0.421]],[[32.232,0.437],[32.233,0.431],[32.251,0.414]],[[32.046,0.421],[32.05,0.417],[32.049,0.414]],[[32.185,0.421],[32.187,0.416],[32.196,0.413]],[[32.052,0.413],[32.048,0.412]],[[32.049,0.414],[32.048,0.412]],[[32.048,0.412],[32.046,0.41]],[[32.049,0.414],[32.046,0.41]],[[32.046,0.41],[32.045,0.408]],[[32.045,0.408],[32.045,0.407]],[[32.251,0.407],[32.249,0.406]],[[32.045,0.407],[32.047,0.401]],[[32.045,0.407],[32.042,0.4]],[[32.042,0.4],[32.042,0.4]],[[32.047,0.401],[32.048,0.4]],[[32.046,0.4],[32.047,0.401]],[[32.048,0.4],[32.048,0.399]],[[32.048,0.399],[32.046,0.4]],[[32.043,0.399],[32.039,0.395],[32.039,0.393]],[[32.039,0.393],[32.04,0.39]],[[32.064,0.394],[32.062,0.388]],[[32.039,0.393],[32.042,0.39],[32.042,0.387]],[[32.04,0.39],[32.041,0.387]],[[32.042,0.387],[32.041,0.386]],[[32.041,0.387],[32.041,0.386]],[[32.373,0.48],[32.38,0.473],[32.38,0.467]],[[32.38,0.467],[32.382,0.464]],[[32.158,0.39],[32.162,0.388],[32.162,0.384]],[[32.249,0.406],[32.245,0.399],[32.246,0.391],[32.243,0.384]],[[32.162,0.384],[32.161,0.383]],[[32.196,0.413],[32.198,0.409],[32.193,0.396],[32.198,0.381]],[[32.198,0.381],[32.198,0.381]],[[32.243,0.384],[32.246,0.38]],[[32.041,0.386],[32.038,0.379]],[[32.062,0.388],[32.062,0.379]],[[32.166,0.379],[32.166,0.379]],[[32.183,0.401],[32.182,0.396],[32.185,0.378]],[[32.232,0.382],[32.23,0.377],[32.233,0.369]],[[32.038,0.379],[32.035,0.367]],[[32.035,0.367],[32.024,0.367],[32.027,0.37]],[[32.062,0.379],[32.06,0.37],[32.069,0.36]],[[32.166,0.379],[32.161,0.367],[32.146,0.355]],[[32.035,0.367],[32.028,0.353]],[[32.233,0.369],[32.237,0.363],[32.237,0.353]],[[32.069,0.36],[32.073,0.346],[32.077,0.347],[32.086,0.344]],[[32.146,0.355],[32.15,0.345],[32.149,0.339]],[[32.086,0.344],[32.091,0.343],[32.097,0.337]],[[32.237,0.353],[32.235,0.335]],[[32.097,0.337],[32.1,0.334]],[[32.149,0.339],[32.147,0.332]],[[32.1,0.334],[32.11,0.329]],[[32.147,0.332],[32.145,0.327]],[[32.11,0.329],[32.119,0.321]],[[32.235,0.335],[32.212,0.32]],[[32.212,0.32],[32.212,0.319]],[[32.028,0.353],[32.019,0.34],[32.012,0.336],[32.003,0.326],[32.002,0.318]],[[32.119,0.321],[32.123,0.317]],[[32.123,0.317],[32.13,0.313]],[[32.145,0.327],[32.15,0.31]],[[32.13,0.313],[32.142,0.309],[32.15,0.31]],[[32.123,0.317],[32.117,0.314],[32.115,0.308]],[[32.212,0.319],[32.213,0.302]],[[32.15,0.31],[32.161,0.31],[32.172,0.301]],[[32.15,0.31],[32.147,0.301]],[[32.172,0.301],[32.174,0.3]],[[32.174,0.3],[32.183,0.293]],[[32.183,0.293],[32.188,0.293]],[[32.206,0.294],[32.204,0.293]],[[32.213,0.302],[32.212,0.297],[32.206,0.294]],[[32.196,0.294],[32.199,0.298],[32.204,0.293]],[[32.188,0.293],[32.196,0.294]],[[32.147,0.301],[32.151,0.292]],[[32.204,0.293],[32.204,0.292]],[[32.1,0.334],[32.095,0.33],[32.095,0.324],[32.088,0.32],[32.074,0.305],[32.062,0.3],[32.061,0.291]],[[32.061,0.291],[32.056,0.287]],[[32.151,0.292],[32.154,0.288],[32.151,0.277]],[[32.061,0.291],[32.063,0.276]],[[32.204,0.292],[32.21,0.283],[32.219,0.279],[32.224,0.272]],[[32.063,0.276],[32.064,0.271]],[[32.224,0.272],[32.225,0.27]],[[32.151,0.277],[32.152,0.274],[32.16,0.269]],[[32.056,0.287],[32.035,0.277],[32.025,0.267]],[[32.16,0.269],[32.163,0.265]],[[32.225,0.27],[32.226,0.264]],[[32.025,0.267],[32.01,0.261]],[[32.226,0.264],[32.229,0.259]],[[32.226,0.264],[32.222,0.259],[32.214,0.258],[32.208,0.26]],[[32.229,0.259],[32.241,0.257]],[[32.241,0.257],[32.247,0.254],[32.251,0.256]],[[32.208,0.26],[32.199,0.25],[32.193,0.25]],[[32.168,0.251],[32.168,0.249]],[[32.163,0.265],[32.168,0.251]],[[32.168,0.249],[32.16,0.247]],[[32.478,0.493],[32.483,0.49]],[[32.314,0.49],[32.313,0.49]],[[32.314,0.49],[32.314,0.489]],[[32.314,0.489],[32.314,0.489]],[[32.483,0.49],[32.486,0.488]],[[32.486,0.488],[32.495,0.48]],[[32.371,0.484],[32.373,0.48]],[[32.495,0.48],[32.497,0.476]],[[32.328,0.478],[32.327,0.474]],[[32.382,0.464],[32.389,0.453]],[[32.389,0.453],[32.391,0.438]],[[32.501,0.438],[32.5,0.437]],[[32.391,0.438],[32.392,0.42]],[[32.5,0.437],[32.497,0.432],[32.497,0.416]],[[32.383,0.415],[32.383,0.416]],[[32.388,0.42],[32.384,0.414]],[[32.384,0.414],[32.383,0.415]],[[32.497,0.416],[32.495,0.412]],[[32.384,0.414],[32.382,0.411]],[[32.251,0.414],[32.252,0.408]],[[32.252,0.408],[32.252,0.407]],[[32.252,0.407],[32.251,0.407]],[[32.392,0.42],[32.401,0.41],[32.401,0.404]],[[32.46,0.411],[32.458,0.404]],[[32.418,0.396],[32.418,0.396]],[[32.408,0.398],[32.418,0.396]],[[32.478,0.398],[32.479,0.395]],[[32.462,0.398],[32.467,0.395]],[[32.418,0.396],[32.422,0.385]],[[32.404,0.386],[32.406,0.383]],[[32.472,0.396],[32.474,0.387],[32.473,0.379]],[[32.407,0.38],[32.405,0.377]],[[32.473,0.379],[32.473,0.37]],[[32.422,0.385],[32.422,0.374],[32.419,0.37]],[[32.419,0.37],[32.418,0.372]],[[32.419,0.37],[32.417,0.369]],[[32.417,0.369],[32.416,0.368]],[[32.42,0.368],[32.419,0.37]],[[32.422,0.385],[32.425,0.378],[32.423,0.366]],[[32.423,0.366],[32.42,0.368]],[[32.473,0.37],[32.47,0.364]],[[32.44,0.363],[32.438,0.363]],[[32.441,0.363],[32.44,0.363]],[[32.438,0.363],[32.432,0.362],[32.423,0.366]],[[32.47,0.364],[32.469,0.36]],[[32.449,0.359],[32.441,0.363]],[[32.378,0.36],[32.379,0.357]],[[32.423,0.366],[32.428,0.356]],[[32.469,0.36],[32.469,0.353]],[[32.469,0.353],[32.449,0.359]],[[32.469,0.353],[32.47,0.351]],[[32.32,0.354],[32.319,0.349]],[[32.481,0.349],[32.469,0.353]],[[32.319,0.349],[32.32,0.348]],[[32.308,0.348],[32.308,0.349]],[[32.379,0.357],[32.379,0.353],[32.374,0.347]],[[32.489,0.347],[32.481,0.349]],[[32.314,0.344],[32.308,0.348]],[[32.321,0.348],[32.318,0.345],[32.314,0.344]],[[32.374,0.347],[32.374,0.34]],[[32.314,0.344],[32.315,0.34]],[[32.315,0.34],[32.315,0.339]],[[32.315,0.34],[32.315,0.337]],[[32.315,0.339],[32.315,0.337]],[[32.374,0.34],[32.374,0.333]],[[32.374,0.333],[32.374,0.332]],[[32.47,0.351],[32.47,0.341],[32.467,0.335],[32.468,0.327]],[[32.429,0.33],[32.428,0.327]],[[32.498,0.332],[32.498,0.327]],[[32.315,0.337],[32.316,0.329],[32.313,0.325]],[[32.464,0.327],[32.459,0.325]],[[32.469,0.327],[32.464,0.323]],[[32.452,0.334],[32.449,0.33],[32.447,0.323]],[[32.374,0.332],[32.372,0.327],[32.377,0.32]],[[32.428,0.356],[32.428,0.342],[32.436,0.335],[32.441,0.32]],[[32.313,0.325],[32.318,0.304]],[[32.377,0.32],[32.376,0.308],[32.378,0.303]],[[32.378,0.303],[32.375,0.292]],[[32.479,0.292],[32.48,0.289]],[[32.375,0.292],[32.376,0.286]],[[32.444,0.308],[32.447,0.3],[32.452,0.296],[32.455,0.284]],[[32.48,0.289],[32.479,0.279]],[[32.376,0.286],[32.378,0.278]],[[32.459,0.277],[32.458,0.274]],[[32.46,0.273],[32.458,0.274]],[[32.458,0.274],[32.457,0.272]],[[32.318,0.304],[32.318,0.281],[32.323,0.267]],[[32.323,0.267],[32.319,0.268]],[[32.378,0.278],[32.378,0.26]],[[32.487,0.285],[32.491,0.277],[32.485,0.267],[32.485,0.262],[32.49,0.259]],[[32.378,0.26],[32.379,0.259]],[[32.411,0.269],[32.413,0.258]],[[32.49,0.259],[32.489,0.258]],[[32.49,0.259],[32.487,0.256]],[[32.277,0.256],[32.27,0.255]],[[32.255,0.255],[32.251,0.256]],[[32.285,0.254],[32.28,0.254],[32.277,0.256]],[[32.27,0.255],[32.263,0.251],[32.255,0.255]],[[32.379,0.259],[32.379,0.247]],[[32.056,0.247],[32.058,0.247]],[[32.182,0.247],[32.18,0.24],[32.175,0.234]],[[32.169,0.243],[32.175,0.234]],[[32.175,0.234],[32.174,0.233]],[[32.058,0.247],[32.058,0.243],[32.054,0.239],[32.057,0.233]],[[32.174,0.233],[32.171,0.231]],[[32.174,0.233],[32.177,0.228]],[[32.057,0.233],[32.053,0.224]],[[32.171,0.231],[32.163,0.224]],[[32.091,0.235],[32.074,0.235],[32.056,0.224]],[[32.056,0.224],[32.053,0.224]],[[32.053,0.224],[32.051,0.223]],[[32.051,0.223],[32.044,0.217]],[[32.225,0.226],[32.226,0.215]],[[32.044,0.217],[32.034,0.215]],[[32.163,0.224],[32.156,0.213]],[[32.226,0.215],[32.226,0.21]],[[32.058,0.208],[32.06,0.209]],[[32.056,0.224],[32.058,0.208]],[[32.053,0.212],[32.056,0.208]],[[32.056,0.208],[32.058,0.208]],[[32.034,0.215],[32.024,0.208]],[[32.024,0.208],[32.019,0.208]],[[32.156,0.213],[32.159,0.207]],[[32.177,0.228],[32.188,0.219],[32.193,0.206]],[[32.058,0.208],[32.067,0.201]],[[32.193,0.206],[32.19,0.2]],[[32.156,0.213],[32.151,0.209],[32.148,0.198]],[[32.226,0.21],[32.225,0.198]],[[32.148,0.198],[32.134,0.189]],[[32.19,0.2],[32.188,0.197],[32.188,0.188]],[[32.225,0.198],[32.222,0.187]],[[32.134,0.189],[32.131,0.187]],[[32.222,0.187],[32.222,0.187]],[[32.131,0.187],[32.118,0.182]],[[32.118,0.182],[32.114,0.181]],[[32.114,0.181],[32.112,0.18]],[[32.188,0.188],[32.188,0.179]],[[32.188,0.179],[32.189,0.178]],[[32.067,0.201],[32.071,0.191],[32.077,0.183],[32.093,0.176]],[[32.112,0.18],[32.103,0.174]],[[32.093,0.176],[32.103,0.174]],[[32.103,0.174],[32.097,0.168]],[[32.189,0.178],[32.186,0.165]],[[32.222,0.187],[32.223,0.174],[32.229,0.159]],[[32.229,0.159],[32.23,0.157]],[[32.097,0.168],[32.085,0.159],[32.082,0.159],[32.077,0.153]],[[32.097,0.168],[32.095,0.16],[32.101,0.152]],[[32.077,0.153],[32.074,0.147]],[[32.074,0.147],[32.073,0.144]],[[32.186,0.165],[32.177,0.15],[32.182,0.141]],[[32.101,0.152],[32.107,0.138]],[[32.182,0.141],[32.187,0.134],[32.184,0.127]],[[32.107,0.138],[32.11,0.132],[32.109,0.126]],[[32.225,0.148],[32.229,0.124]],[[32.184,0.127],[32.182,0.122]],[[32.184,0.127],[32.19,0.121]],[[32.073,0.144],[32.05,0.127],[32.048,0.12]],[[32.182,0.122],[32.183,0.119]],[[32.229,0.124],[32.226,0.118]],[[32.183,0.119],[32.183,0.117]],[[32.226,0.118],[32.226,0.115]],[[32.226,0.118],[32.226,0.115]],[[32.048,0.12],[32.045,0.114]],[[32.01,0.113],[32.012,0.114]],[[32.041,0.113],[32.045,0.114]],[[32.226,0.115],[32.224,0.111]],[[32.109,0.126],[32.099,0.115],[32.098,0.11]],[[32.073,0.144],[32.089,0.133],[32.095,0.124],[32.098,0.11]],[[32.012,0.114],[32.025,0.109],[32.032,0.11],[32.037,0.114],[32.041,0.113]],[[32.224,0.111],[32.219,0.107]],[[32.219,0.107],[32.213,0.107]],[[32.213,0.107],[32.21,0.107]],[[32.21,0.107],[32.207,0.106]],[[32.098,0.11],[32.1,0.106]],[[32.1,0.106],[32.099,0.106]],[[32.1,0.106],[32.1,0.106]],[[32.207,0.106],[32.199,0.106]],[[32.199,0.106],[32.186,0.105]],[[32.186,0.105],[32.178,0.105],[32.174,0.107],[32.176,0.109]],[[32.219,0.107],[32.216,0.101]],[[32.085,0.1],[32.077,0.099]],[[32.077,0.099],[32.075,0.099]],[[32.045,0.114],[32.057,0.107],[32.06,0.098]],[[32.099,0.106],[32.089,0.098]],[[32.089,0.098],[32.085,0.1]],[[32.075,0.099],[32.071,0.096],[32.06,0.098]],[[32.06,0.098],[32.055,0.099],[32.052,0.096]],[[32.216,0.101],[32.214,0.096]],[[32.095,0.093],[32.089,0.098]],[[32.096,0.092],[32.095,0.093]],[[32.097,0.092],[32.096,0.092]],[[32.1,0.091],[32.097,0.092]],[[32.106,0.089],[32.1,0.091]],[[32.107,0.089],[32.106,0.099],[32.1,0.106]],[[32.107,0.089],[32.106,0.089]],[[32.145,0.089],[32.138,0.088]],[[32.138,0.088],[32.131,0.087]],[[32.131,0.087],[32.124,0.086]],[[32.214,0.096],[32.208,0.086]],[[32.124,0.086],[32.123,0.085]],[[32.123,0.085],[32.123,0.083]],[[32.123,0.083],[32.123,0.082]],[[32.123,0.085],[32.119,0.082]],[[32.119,0.082],[32.107,0.089]],[[32.123,0.082],[32.119,0.082]],[[32.124,0.079],[32.123,0.082]],[[32.126,0.078],[32.124,0.079]],[[32.208,0.086],[32.202,0.077]],[[32.124,0.079],[32.122,0.075]],[[32.052,0.096],[32.043,0.079],[32.038,0.073]],[[32.038,0.073],[32.038,0.073]],[[32.119,0.082],[32.116,0.07]],[[32.038,0.073],[32.028,0.067],[32.023,0.058]],[[32.234,0.086],[32.233,0.066],[32.238,0.058]],[[32.023,0.058],[32.001,0.053]],[[32.105,0.062],[32.11,0.052],[32.109,0.048]],[[32.023,0.058],[32.035,0.051],[32.037,0.044]],[[32.037,0.044],[32.05,0.04]],[[32.05,0.04],[32.056,0.033]],[[32.056,0.033],[32.058,0.031]],[[32.058,0.031],[32.063,0.026]],[[32.109,0.048],[32.105,0.038],[32.106,0.023]],[[32.106,0.023],[32.106,0.023]],[[32.106,0.023],[32.105,0.019]],[[32.003,0.017],[32.003,0.017]],[[32.053,0.014],[32.051,0.013]],[[32.051,0.013],[32.05,0.011]],[[32.003,0.017],[32.007,0.009]],[[32.105,0.019],[32.101,0.008]],[[32.051,0.013],[32.038,0.008]],[[32.101,0.008],[32.1,0.002]],[[32.016,0.001],[32.015,-0.0]],[[32.015,-0.0],[32.013,-0.002]],[[32.007,0.009],[32.01,0.001],[32.013,-0.002]],[[32.013,-0.002],[32.013,-0.002]],[[32.038,0.008],[32.021,-0.002]],[[32.015,-0.0],[32.015,-0.003]],[[32.013,-0.002],[32.015,-0.003]],[[32.013,-0.002],[32.012,-0.003]],[[32.021,-0.002],[32.021,-0.003]],[[32.483,0.247],[32.483,0.246]],[[32.38,0.245],[32.379,0.241]],[[32.379,0.241],[32.371,0.24]],[[32.371,0.24],[32.368,0.24]],[[32.333,0.239],[32.333,0.239]],[[32.333,0.239],[32.325,0.241]],[[32.338,0.239],[32.333,0.239]],[[32.44,0.243],[32.438,0.238]],[[32.348,0.237],[32.348,0.237]],[[32.348,0.236],[32.338,0.239]],[[32.379,0.241],[32.384,0.236]],[[32.356,0.236],[32.348,0.237]],[[32.368,0.24],[32.356,0.236]],[[32.384,0.236],[32.385,0.234]],[[32.303,0.245],[32.306,0.246],[32.313,0.234]],[[32.313,0.234],[32.315,0.232]],[[32.501,0.247],[32.491,0.231]],[[32.325,0.241],[32.324,0.235],[32.322,0.231]],[[32.315,0.232],[32.319,0.231]],[[32.322,0.231],[32.32,0.231]],[[32.319,0.231],[32.32,0.231]],[[32.385,0.234],[32.385,0.23]],[[32.322,0.231],[32.321,0.23]],[[32.32,0.231],[32.321,0.23]],[[32.491,0.231],[32.489,0.226]],[[32.483,0.246],[32.489,0.226]],[[32.344,0.229],[32.34,0.225]],[[32.489,0.226],[32.488,0.225]],[[32.488,0.225],[32.488,0.225]],[[32.394,0.224],[32.399,0.226]],[[32.385,0.23],[32.394,0.224]],[[32.321,0.23],[32.324,0.223]],[[32.438,0.238],[32.434,0.223]],[[32.324,0.223],[32.325,0.222]],[[32.434,0.223],[32.433,0.22]],[[32.423,0.224],[32.433,0.22]],[[32.433,0.22],[32.433,0.22]],[[32.325,0.222],[32.33,0.22]],[[32.33,0.22],[32.336,0.221]],[[32.416,0.219],[32.423,0.224]],[[32.399,0.226],[32.405,0.228],[32.41,0.221]],[[32.41,0.221],[32.416,0.219]],[[32.297,0.219],[32.305,0.216]],[[32.344,0.212],[32.334,0.219]],[[32.344,0.211],[32.344,0.212]],[[32.488,0.225],[32.475,0.209]],[[32.324,0.223],[32.324,0.216],[32.316,0.207]],[[32.305,0.216],[32.313,0.206]],[[32.313,0.206],[32.313,0.206]],[[32.355,0.206],[32.347,0.208],[32.344,0.211]],[[32.356,0.205],[32.355,0.206]],[[32.475,0.209],[32.476,0.203]],[[32.476,0.203],[32.474,0.198]],[[32.307,0.203],[32.302,0.204],[32.297,0.195]],[[32.474,0.198],[32.465,0.191]],[[32.372,0.191],[32.361,0.205],[32.356,0.205]],[[32.465,0.191],[32.462,0.188]],[[32.433,0.22],[32.443,0.195],[32.462,0.188]],[[32.462,0.188],[32.451,0.186]],[[32.373,0.191],[32.372,0.191]],[[32.378,0.181],[32.373,0.191]],[[32.378,0.181],[32.378,0.181]],[[32.462,0.188],[32.467,0.18]],[[32.467,0.18],[32.475,0.179]],[[32.494,0.178],[32.494,0.178]],[[32.475,0.179],[32.48,0.179]],[[32.48,0.179],[32.494,0.178]],[[32.451,0.186],[32.44,0.174]],[[32.44,0.174],[32.439,0.172]],[[32.439,0.172],[32.432,0.173]],[[32.432,0.173],[32.425,0.171]],[[32.425,0.171],[32.419,0.169],[32.419,0.161]],[[32.401,0.154],[32.39,0.16],[32.39,0.165],[32.378,0.181]],[[32.419,0.161],[32.41,0.152],[32.401,0.154]],[[32.389,0.151],[32.382,0.146]],[[32.382,0.146],[32.373,0.144],[32.352,0.13]],[[32.352,0.13],[32.342,0.127]],[[32.41,0.125],[32.4,0.139],[32.397,0.146],[32.399,0.153],[32.389,0.151]],[[32.41,0.125],[32.421,0.106]],[[32.421,0.106],[32.429,0.102]],[[32.429,0.102],[32.439,0.091]],[[32.496,0.092],[32.487,0.095],[32.482,0.094],[32.479,0.09],[32.479,0.083]],[[32.439,0.091],[32.449,0.081]],[[32.466,0.07],[32.46,0.078],[32.455,0.078]],[[32.451,0.08],[32.454,0.066]],[[32.461,0.055],[32.459,0.049]],[[32.505,0.492],[32.501,0.495]],[[32.523,0.49],[32.515,0.487]],[[32.515,0.487],[32.505,0.492]],[[32.54,0.497],[32.534,0.487],[32.523,0.49]],[[32.55,0.487],[32.55,0.481]],[[32.652,0.467],[32.652,0.468]],[[32.609,0.468],[32.609,0.464]],[[32.55,0.481],[32.554,0.464]],[[32.61,0.486],[32.606,0.463]],[[32.609,0.464],[32.606,0.463]],[[32.554,0.464],[32.547,0.463],[32.538,0.467],[32.528,0.461]],[[32.609,0.464],[32.61,0.461]],[[32.634,0.461],[32.634,0.461]],[[32.613,0.46],[32.61,0.461]],[[32.634,0.461],[32.635,0.459]],[[32.519,0.461],[32.517,0.459]],[[32.529,0.46],[32.519,0.461]],[[32.61,0.461],[32.61,0.457]],[[32.61,0.457],[32.609,0.457]],[[32.61,0.461],[32.609,0.457]],[[32.606,0.463],[32.606,0.456]],[[32.609,0.457],[32.606,0.456]],[[32.572,0.453],[32.566,0.455],[32.554,0.464]],[[32.736,0.467],[32.73,0.455],[32.726,0.452]],[[32.61,0.457],[32.611,0.451]],[[32.606,0.456],[32.611,0.451]],[[32.611,0.451],[32.612,0.448]],[[32.612,0.448],[32.612,0.448]],[[32.581,0.447],[32.572,0.453]],[[32.589,0.441],[32.581,0.447]],[[32.594,0.441],[32.589,0.441]],[[32.589,0.441],[32.584,0.44]],[[32.603,0.438],[32.594,0.441]],[[32.517,0.459],[32.512,0.449],[32.5,0.437]],[[32.635,0.459],[32.635,0.452],[32.648,0.43]],[[32.554,0.464],[32.558,0.459],[32.557,0.452],[32.568,0.435],[32.569,0.43]],[[32.726,0.452],[32.723,0.441],[32.713,0.436],[32.703,0.423]],[[32.554,0.426],[32.552,0.422]],[[32.552,0.422],[32.551,0.422]],[[32.553,0.427],[32.551,0.422]],[[32.597,0.42],[32.592,0.419]],[[32.569,0.43],[32.571,0.418]],[[32.571,0.418],[32.567,0.418]],[[32.567,0.418],[32.562,0.418],[32.561,0.423],[32.552,0.422]],[[32.648,0.43],[32.644,0.427],[32.645,0.417]],[[32.551,0.422],[32.546,0.423],[32.537,0.417]],[[32.592,0.419],[32.584,0.416]],[[32.584,0.44],[32.582,0.429],[32.582,0.416]],[[32.582,0.416],[32.573,0.42],[32.571,0.418]],[[32.584,0.416],[32.582,0.416]],[[32.537,0.416],[32.532,0.415]],[[32.529,0.424],[32.532,0.415]],[[32.627,0.415],[32.621,0.426],[32.603,0.438]],[[32.532,0.415],[32.532,0.413]],[[32.703,0.423],[32.699,0.413]],[[32.537,0.413],[32.532,0.413]],[[32.628,0.412],[32.627,0.415]],[[32.645,0.417],[32.644,0.411]],[[32.571,0.418],[32.572,0.41]],[[32.699,0.413],[32.699,0.407]],[[32.532,0.413],[32.531,0.404],[32.528,0.403]],[[32.582,0.403],[32.582,0.4]],[[32.582,0.416],[32.582,0.403]],[[32.541,0.408],[32.546,0.409],[32.55,0.407],[32.551,0.398]],[[32.644,0.411],[32.639,0.397]],[[32.639,0.397],[32.631,0.404],[32.628,0.412]],[[32.699,0.407],[32.701,0.397]],[[32.589,0.404],[32.594,0.397]],[[32.588,0.405],[32.589,0.404]],[[32.675,0.398],[32.672,0.398]],[[32.672,0.398],[32.667,0.396]],[[32.686,0.395],[32.675,0.398]],[[32.701,0.397],[32.686,0.395]],[[32.639,0.397],[32.626,0.391]],[[32.594,0.397],[32.593,0.39]],[[32.686,0.395],[32.685,0.39]],[[32.701,0.397],[32.705,0.388]],[[32.551,0.398],[32.554,0.394],[32.553,0.387]],[[32.572,0.401],[32.576,0.395],[32.577,0.384]],[[32.572,0.41],[32.572,0.401]],[[32.593,0.39],[32.597,0.382]],[[32.597,0.382],[32.598,0.381]],[[32.647,0.381],[32.639,0.397]],[[32.733,0.385],[32.735,0.382],[32.731,0.377]],[[32.705,0.388],[32.709,0.384],[32.71,0.375]],[[32.731,0.377],[32.734,0.372]],[[32.598,0.381],[32.603,0.37]],[[32.71,0.375],[32.714,0.369]],[[32.625,0.376],[32.624,0.363]],[[32.626,0.391],[32.625,0.376]],[[32.714,0.369],[32.715,0.363]],[[32.541,0.359],[32.532,0.359]],[[32.547,0.359],[32.541,0.359]],[[32.698,0.349],[32.692,0.35]],[[32.599,0.349],[32.597,0.348]],[[32.747,0.361],[32.741,0.36],[32.736,0.346]],[[32.649,0.347],[32.648,0.345]],[[32.614,0.356],[32.617,0.345],[32.613,0.355]],[[32.731,0.344],[32.729,0.356],[32.723,0.361],[32.715,0.363]],[[32.736,0.346],[32.731,0.344]],[[32.625,0.344],[32.626,0.344]],[[32.627,0.35],[32.625,0.344]],[[32.715,0.363],[32.717,0.35],[32.719,0.347],[32.718,0.342]],[[32.617,0.345],[32.619,0.342],[32.616,0.343]],[[32.626,0.344],[32.628,0.344],[32.629,0.342]],[[32.632,0.345],[32.634,0.342]],[[32.625,0.344],[32.628,0.348],[32.632,0.347],[32.632,0.345]],[[32.626,0.344],[32.626,0.341]],[[32.625,0.344],[32.626,0.341]],[[32.72,0.34],[32.718,0.342]],[[32.718,0.342],[32.718,0.34]],[[32.718,0.342],[32.715,0.339]],[[32.626,0.341],[32.626,0.339]],[[32.72,0.337],[32.72,0.34]],[[32.554,0.352],[32.554,0.352]],[[32.553,0.348],[32.556,0.332]],[[32.554,0.352],[32.553,0.348]],[[32.556,0.332],[32.556,0.332]],[[32.55,0.329],[32.54,0.325]],[[32.526,0.333],[32.54,0.325]],[[32.502,0.343],[32.526,0.333]],[[32.638,0.338],[32.634,0.334],[32.638,0.329],[32.636,0.321]],[[32.648,0.345],[32.638,0.338]],[[32.54,0.325],[32.551,0.318]],[[32.636,0.321],[32.63,0.318]],[[32.655,0.318],[32.66,0.319],[32.658,0.312]],[[32.658,0.312],[32.655,0.313],[32.653,0.309]],[[32.653,0.309],[32.652,0.309]],[[32.636,0.321],[32.648,0.319],[32.652,0.309]],[[32.597,0.309],[32.597,0.309]],[[32.595,0.313],[32.597,0.309]],[[32.597,0.309],[32.596,0.309]],[[32.596,0.311],[32.596,0.309]],[[32.596,0.309],[32.595,0.309]],[[32.595,0.309],[32.595,0.308]],[[32.652,0.309],[32.64,0.308]],[[32.54,0.325],[32.538,0.321],[32.529,0.318],[32.523,0.311],[32.517,0.314],[32.517,0.308]],[[32.557,0.309],[32.558,0.305]],[[32.658,0.312],[32.651,0.304]],[[32.558,0.305],[32.559,0.302]],[[32.651,0.304],[32.65,0.302]],[[32.653,0.309],[32.65,0.302]],[[32.559,0.302],[32.559,0.301]],[[32.65,0.302],[32.648,0.301]],[[32.678,0.35],[32.663,0.35],[32.661,0.344],[32.675,0.327],[32.672,0.31],[32.666,0.308],[32.67,0.304],[32.675,0.295]],[[32.559,0.302],[32.553,0.295]],[[32.651,0.304],[32.655,0.296],[32.654,0.294]],[[32.553,0.295],[32.55,0.293]],[[32.571,0.291],[32.554,0.289]],[[32.55,0.293],[32.548,0.288]],[[32.548,0.288],[32.548,0.286]],[[32.548,0.288],[32.539,0.284]],[[32.554,0.289],[32.55,0.282]],[[32.55,0.282],[32.548,0.281]],[[32.548,0.286],[32.548,0.281]],[[32.548,0.286],[32.54,0.281]],[[32.574,0.293],[32.588,0.277],[32.593,0.275]],[[32.521,0.295],[32.515,0.275]],[[32.554,0.289],[32.563,0.274]],[[32.563,0.274],[32.566,0.27]],[[32.619,0.271],[32.614,0.268]],[[32.577,0.295],[32.614,0.268]],[[32.548,0.281],[32.547,0.272]],[[32.547,0.272],[32.546,0.265]],[[32.569,0.287],[32.575,0.278]],[[32.575,0.278],[32.585,0.265]],[[32.515,0.275],[32.512,0.263]],[[32.55,0.282],[32.556,0.273]],[[32.556,0.273],[32.557,0.263]],[[32.546,0.265],[32.546,0.263]],[[32.585,0.265],[32.588,0.261]],[[32.512,0.263],[32.508,0.259]],[[32.508,0.259],[32.508,0.259]],[[32.572,0.291],[32.586,0.27],[32.596,0.265],[32.605,0.256]],[[32.557,0.263],[32.562,0.253]],[[32.588,0.261],[32.592,0.25]],[[32.508,0.259],[32.515,0.254],[32.521,0.254],[32.525,0.249]],[[32.508,0.259],[32.502,0.247]],[[32.566,0.27],[32.571,0.247]],[[32.592,0.25],[32.593,0.247]],[[32.605,0.256],[32.612,0.247]],[[32.614,0.268],[32.622,0.251],[32.619,0.247]],[[32.821,0.485],[32.816,0.481]],[[32.821,0.485],[32.836,0.471]],[[32.816,0.481],[32.809,0.471]],[[32.931,0.464],[32.931,0.47]],[[32.928,0.463],[32.931,0.464]],[[32.905,0.469],[32.918,0.463],[32.928,0.463]],[[32.836,0.471],[32.845,0.462],[32.853,0.46]],[[32.809,0.471],[32.802,0.459]],[[32.802,0.459],[32.803,0.457]],[[32.802,0.459],[32.797,0.453]],[[32.853,0.46],[32.871,0.45]],[[32.797,0.453],[32.783,0.452],[32.769,0.446]],[[32.905,0.469],[32.898,0.463],[32.889,0.446],[32.884,0.443]],[[32.871,0.45],[32.882,0.447],[32.884,0.443]],[[32.769,0.446],[32.765,0.443],[32.761,0.444]],[[32.884,0.443],[32.884,0.439]],[[32.931,0.464],[32.944,0.458],[32.945,0.45],[32.948,0.448],[32.947,0.445],[32.952,0.445],[32.957,0.438]],[[32.773,0.429],[32.772,0.426]],[[32.804,0.447],[32.797,0.437],[32.794,0.425]],[[32.923,0.427],[32.921,0.423]],[[32.928,0.425],[32.921,0.423]],[[32.772,0.426],[32.778,0.422]],[[32.884,0.439],[32.889,0.435],[32.893,0.426],[32.9,0.422]],[[32.772,0.426],[32.768,0.42]],[[32.9,0.422],[32.898,0.417]],[[32.921,0.423],[32.916,0.416]],[[32.864,0.419],[32.863,0.416]],[[32.954,0.425],[32.95,0.416]],[[32.863,0.416],[32.863,0.415]],[[32.916,0.416],[32.91,0.414]],[[32.937,0.413],[32.936,0.413]],[[32.77,0.415],[32.772,0.412]],[[32.936,0.413],[32.934,0.411]],[[32.936,0.413],[32.932,0.418],[32.926,0.419],[32.928,0.413],[32.934,0.411]],[[32.898,0.417],[32.899,0.411]],[[32.772,0.412],[32.77,0.41]],[[32.916,0.416],[32.922,0.41]],[[32.941,0.409],[32.937,0.413]],[[32.95,0.416],[32.947,0.409]],[[32.941,0.409],[32.947,0.409]],[[32.782,0.409],[32.778,0.412],[32.772,0.412]],[[32.934,0.411],[32.932,0.409]],[[32.932,0.409],[32.926,0.411],[32.922,0.41]],[[32.794,0.425],[32.788,0.412],[32.782,0.409]],[[32.95,0.416],[32.949,0.408]],[[32.947,0.409],[32.949,0.408]],[[32.941,0.407],[32.941,0.409]],[[32.947,0.409],[32.944,0.406]],[[32.944,0.406],[32.941,0.407]],[[32.934,0.406],[32.941,0.407]],[[32.932,0.409],[32.934,0.406]],[[32.922,0.41],[32.916,0.411],[32.915,0.405],[32.911,0.401]],[[32.911,0.401],[32.908,0.401]],[[32.934,0.406],[32.931,0.401],[32.925,0.4]],[[32.922,0.41],[32.925,0.4]],[[32.949,0.408],[32.95,0.398]],[[32.95,0.398],[32.945,0.397]],[[32.944,0.406],[32.942,0.405],[32.945,0.397]],[[32.945,0.397],[32.943,0.396]],[[32.942,0.397],[32.943,0.396]],[[32.899,0.411],[32.891,0.404],[32.888,0.396]],[[32.908,0.401],[32.9,0.4],[32.896,0.395],[32.888,0.396]],[[32.888,0.396],[32.883,0.393]],[[32.883,0.393],[32.883,0.393]],[[32.883,0.393],[32.883,0.393]],[[32.972,0.392],[32.973,0.397],[32.969,0.407],[32.965,0.404],[32.964,0.397],[32.95,0.398]],[[32.943,0.396],[32.941,0.39]],[[32.939,0.39],[32.942,0.397]],[[32.939,0.39],[32.939,0.39]],[[32.939,0.39],[32.941,0.39]],[[32.972,0.392],[32.975,0.389]],[[32.971,0.389],[32.972,0.392]],[[32.883,0.393],[32.873,0.393],[32.864,0.389]],[[32.863,0.415],[32.861,0.408],[32.864,0.397],[32.864,0.389]],[[32.936,0.389],[32.939,0.39]],[[32.936,0.391],[32.936,0.389]],[[32.897,0.389],[32.883,0.393]],[[32.804,0.395],[32.805,0.388]],[[32.806,0.388],[32.805,0.388]],[[32.95,0.398],[32.952,0.388]],[[32.883,0.393],[32.883,0.387]],[[32.931,0.387],[32.936,0.389]],[[32.942,0.397],[32.94,0.401],[32.936,0.399],[32.931,0.393],[32.931,0.387]],[[32.93,0.387],[32.931,0.387]],[[32.925,0.4],[32.929,0.394],[32.93,0.387]],[[32.805,0.388],[32.79,0.387]],[[32.941,0.39],[32.946,0.386]],[[32.946,0.386],[32.941,0.386],[32.939,0.39]],[[32.864,0.389],[32.863,0.386]],[[32.79,0.387],[32.788,0.385]],[[32.779,0.385],[32.776,0.384]],[[32.788,0.385],[32.779,0.385]],[[32.805,0.388],[32.807,0.384]],[[32.813,0.389],[32.815,0.38]],[[32.807,0.384],[32.815,0.38]],[[32.941,0.39],[32.944,0.391],[32.949,0.385],[32.945,0.38]],[[32.946,0.386],[32.945,0.38]],[[32.945,0.38],[32.949,0.382],[32.952,0.388]],[[32.945,0.38],[32.945,0.38]],[[32.807,0.384],[32.801,0.38]],[[32.801,0.38],[32.79,0.387]],[[32.952,0.388],[32.962,0.379]],[[32.776,0.384],[32.772,0.384],[32.768,0.379]],[[32.767,0.379],[32.768,0.379]],[[32.911,0.401],[32.913,0.4],[32.922,0.403],[32.926,0.394],[32.927,0.387],[32.933,0.378]],[[32.934,0.378],[32.93,0.387]],[[32.934,0.378],[32.933,0.378]],[[32.933,0.378],[32.928,0.382],[32.92,0.378]],[[32.943,0.38],[32.939,0.378]],[[32.936,0.389],[32.939,0.378]],[[32.801,0.38],[32.795,0.378],[32.79,0.381],[32.788,0.385]],[[32.815,0.38],[32.828,0.377]],[[32.935,0.379],[32.936,0.377]],[[32.936,0.377],[32.934,0.378]],[[32.94,0.377],[32.939,0.376]],[[32.939,0.378],[32.939,0.376]],[[32.996,0.379],[32.982,0.376]],[[32.982,0.379],[32.982,0.376]],[[32.954,0.376],[32.95,0.38],[32.945,0.377]],[[32.939,0.376],[32.937,0.376]],[[32.937,0.376],[32.936,0.377]],[[32.954,0.376],[32.96,0.376]],[[32.961,0.377],[32.961,0.376]],[[32.96,0.376],[32.961,0.376]],[[32.939,0.376],[32.939,0.375]],[[32.945,0.38],[32.939,0.375]],[[32.939,0.375],[32.939,0.375]],[[32.92,0.378],[32.916,0.375]],[[32.949,0.374],[32.948,0.376]],[[32.982,0.376],[32.984,0.374]],[[32.945,0.377],[32.939,0.374]],[[32.939,0.375],[32.939,0.374]],[[32.768,0.379],[32.77,0.374]],[[32.916,0.375],[32.914,0.374]],[[32.914,0.374],[32.913,0.374]],[[32.951,0.374],[32.948,0.376]],[[32.951,0.374],[32.949,0.374]],[[32.953,0.373],[32.951,0.377],[32.945,0.377]],[[32.953,0.373],[32.951,0.374]],[[32.996,0.379],[33.0,0.373]],[[32.954,0.373],[32.954,0.376]],[[32.954,0.373],[32.953,0.373]],[[32.913,0.372],[32.915,0.373]],[[32.914,0.374],[32.913,0.372]],[[32.952,0.372],[32.953,0.373]],[[32.952,0.372],[32.951,0.374]],[[32.917,0.372],[32.914,0.374]],[[32.949,0.372],[32.949,0.374]],[[32.873,0.377],[32.876,0.372]],[[32.917,0.372],[32.917,0.372]],[[32.915,0.373],[32.917,0.372]],[[32.948,0.376],[32.94,0.372]],[[32.939,0.374],[32.94,0.372]],[[32.918,0.371],[32.917,0.372]],[[32.949,0.374],[32.94,0.371]],[[32.94,0.372],[32.94,0.371]],[[32.89,0.371],[32.887,0.372]],[[32.894,0.372],[32.89,0.371]],[[32.913,0.372],[32.911,0.371]],[[32.911,0.371],[32.913,0.372]],[[32.948,0.37],[32.952,0.372]],[[32.952,0.37],[32.954,0.373]],[[32.917,0.372],[32.915,0.37]],[[32.915,0.373],[32.915,0.37]],[[32.938,0.37],[32.936,0.371],[32.937,0.376]],[[32.94,0.371],[32.941,0.37]],[[32.911,0.371],[32.909,0.369]],[[32.909,0.369],[32.913,0.374]],[[32.982,0.376],[32.974,0.369]],[[32.961,0.376],[32.964,0.371],[32.974,0.369]],[[32.922,0.371],[32.922,0.369]],[[32.922,0.369],[32.918,0.371]],[[32.915,0.37],[32.911,0.371]],[[32.958,0.373],[32.962,0.369]],[[32.974,0.369],[32.988,0.37]],[[33.0,0.373],[32.995,0.369]],[[32.995,0.369],[32.99,0.371],[32.988,0.37]],[[32.962,0.369],[32.954,0.371]],[[32.92,0.378],[32.926,0.368]],[[32.918,0.371],[32.913,0.368],[32.909,0.369]],[[32.891,0.368],[32.884,0.368]],[[32.89,0.371],[32.884,0.368]],[[32.913,0.374],[32.909,0.374],[32.903,0.367]],[[32.955,0.368],[32.954,0.367]],[[32.955,0.368],[32.945,0.367],[32.943,0.369]],[[32.935,0.368],[32.935,0.367]],[[32.874,0.373],[32.871,0.367]],[[32.935,0.367],[32.938,0.37]],[[32.974,0.369],[32.972,0.367]],[[32.962,0.369],[32.972,0.367]],[[32.944,0.367],[32.94,0.368]],[[32.954,0.367],[32.953,0.367]],[[32.926,0.368],[32.926,0.366]],[[32.926,0.366],[32.922,0.369]],[[32.927,0.366],[32.926,0.366]],[[32.94,0.368],[32.94,0.365]],[[32.922,0.369],[32.92,0.365]],[[32.941,0.364],[32.94,0.368]],[[32.953,0.367],[32.953,0.363]],[[32.918,0.363],[32.918,0.365],[32.92,0.365]],[[32.815,0.366],[32.817,0.363]],[[32.902,0.363],[32.904,0.364]],[[32.909,0.369],[32.902,0.363]],[[32.93,0.363],[32.927,0.366]],[[32.935,0.367],[32.931,0.362]],[[32.931,0.362],[32.93,0.363]],[[32.92,0.365],[32.92,0.362]],[[32.92,0.362],[32.918,0.363]],[[32.972,0.367],[32.972,0.362]],[[32.953,0.367],[32.946,0.362],[32.941,0.364]],[[32.92,0.365],[32.922,0.362]],[[32.894,0.362],[32.891,0.368]],[[32.884,0.368],[32.894,0.362]],[[32.927,0.366],[32.927,0.363],[32.924,0.362]],[[32.922,0.362],[32.92,0.362]],[[32.922,0.362],[32.924,0.362]],[[32.904,0.364],[32.911,0.366],[32.918,0.363]],[[32.969,0.362],[32.955,0.368]],[[32.972,0.362],[32.969,0.362]],[[32.932,0.361],[32.931,0.362]],[[32.93,0.363],[32.927,0.361]],[[32.924,0.362],[32.927,0.361]],[[32.969,0.362],[32.968,0.36]],[[32.933,0.36],[32.932,0.361]],[[32.981,0.36],[32.974,0.36],[32.972,0.362]],[[32.894,0.362],[32.897,0.358]],[[32.897,0.358],[32.894,0.357]],[[32.927,0.361],[32.921,0.355]],[[32.9,0.355],[32.899,0.364],[32.891,0.368]],[[32.897,0.358],[32.9,0.355]],[[32.904,0.364],[32.906,0.356],[32.903,0.351]],[[32.902,0.363],[32.904,0.356],[32.903,0.351]],[[32.899,0.351],[32.903,0.351]],[[32.9,0.355],[32.899,0.351]],[[32.932,0.361],[32.924,0.35]],[[32.871,0.367],[32.867,0.364],[32.866,0.349]],[[32.924,0.35],[32.924,0.349]],[[32.898,0.346],[32.899,0.351]],[[32.911,0.347],[32.905,0.346]],[[32.898,0.346],[32.905,0.346]],[[32.905,0.346],[32.911,0.347]],[[32.924,0.35],[32.913,0.346]],[[32.911,0.347],[32.913,0.346]],[[32.779,0.345],[32.773,0.35]],[[32.941,0.364],[32.941,0.36],[32.945,0.354],[32.943,0.345]],[[32.913,0.346],[32.897,0.341],[32.898,0.346]],[[32.934,0.352],[32.934,0.341]],[[32.924,0.349],[32.917,0.34]],[[32.917,0.34],[32.905,0.338]],[[32.817,0.363],[32.821,0.361],[32.821,0.357],[32.834,0.342],[32.836,0.337]],[[32.934,0.341],[32.93,0.336]],[[32.919,0.336],[32.93,0.336]],[[32.917,0.34],[32.919,0.336]],[[32.789,0.334],[32.779,0.345]],[[32.968,0.36],[32.969,0.349],[32.978,0.334]],[[32.789,0.333],[32.789,0.334]],[[32.93,0.336],[32.933,0.332],[32.928,0.334],[32.922,0.331]],[[32.919,0.336],[32.922,0.331]],[[32.978,0.334],[32.985,0.329]],[[32.922,0.331],[32.922,0.328],[32.92,0.328]],[[32.92,0.328],[32.908,0.33],[32.902,0.337]],[[32.92,0.328],[32.919,0.326]],[[32.918,0.326],[32.919,0.326]],[[32.898,0.337],[32.907,0.328],[32.915,0.325],[32.918,0.326]],[[32.823,0.324],[32.809,0.323]],[[32.809,0.323],[32.807,0.322],[32.792,0.329],[32.789,0.333]],[[32.919,0.326],[32.919,0.321]],[[32.866,0.349],[32.866,0.339],[32.862,0.33],[32.843,0.32]],[[32.836,0.337],[32.835,0.329],[32.84,0.326],[32.843,0.32]],[[32.919,0.326],[32.924,0.324],[32.926,0.319]],[[32.843,0.32],[32.844,0.319]],[[32.919,0.321],[32.922,0.318]],[[32.918,0.326],[32.917,0.323],[32.919,0.318]],[[32.844,0.319],[32.836,0.317],[32.823,0.324]],[[32.926,0.319],[32.924,0.313]],[[32.919,0.321],[32.924,0.313]],[[32.866,0.315],[32.861,0.313]],[[32.861,0.313],[32.858,0.312]],[[32.854,0.311],[32.847,0.314],[32.844,0.319]],[[32.844,0.319],[32.843,0.311]],[[32.858,0.312],[32.854,0.311]],[[32.877,0.311],[32.866,0.315]],[[32.978,0.334],[32.977,0.324],[32.968,0.318],[32.963,0.309]],[[32.89,0.309],[32.888,0.308],[32.877,0.311]],[[32.9,0.307],[32.89,0.309]],[[32.924,0.313],[32.922,0.305]],[[33.001,0.304],[32.998,0.304]],[[32.926,0.319],[32.927,0.31],[32.924,0.303]],[[32.922,0.305],[32.924,0.303]],[[32.922,0.305],[32.922,0.302]],[[32.998,0.304],[32.989,0.301]],[[32.781,0.3],[32.78,0.3]],[[32.773,0.313],[32.777,0.309],[32.777,0.303],[32.78,0.3]],[[32.922,0.302],[32.918,0.298]],[[32.924,0.303],[32.927,0.298]],[[32.922,0.302],[32.927,0.298]],[[32.963,0.309],[32.967,0.297]],[[32.78,0.3],[32.775,0.3],[32.771,0.297]],[[32.989,0.301],[32.984,0.297]],[[32.984,0.297],[32.967,0.297]],[[32.909,0.296],[32.9,0.307]],[[32.78,0.3],[32.785,0.293]],[[32.771,0.297],[32.769,0.293]],[[32.769,0.293],[32.772,0.292]],[[32.769,0.293],[32.769,0.292]],[[32.843,0.311],[32.827,0.3],[32.825,0.291]],[[32.927,0.298],[32.929,0.291]],[[32.769,0.292],[32.768,0.289]],[[32.825,0.291],[32.826,0.287]],[[32.826,0.287],[32.826,0.286]],[[32.793,0.283],[32.793,0.283]],[[32.785,0.293],[32.793,0.283]],[[32.967,0.297],[32.97,0.291],[32.969,0.283]],[[32.969,0.283],[32.967,0.283]],[[32.929,0.281],[32.92,0.282],[32.909,0.296]],[[32.826,0.286],[32.831,0.281]],[[32.967,0.297],[32.958,0.297],[32.933,0.279]],[[32.933,0.279],[32.929,0.281]],[[32.793,0.283],[32.791,0.278]],[[32.785,0.293],[32.791,0.278]],[[32.969,0.283],[32.971,0.277]],[[32.831,0.281],[32.828,0.272]],[[32.846,0.265],[32.841,0.266]],[[32.828,0.272],[32.818,0.272],[32.815,0.262]],[[32.793,0.283],[32.797,0.278],[32.809,0.274],[32.815,0.262]],[[32.971,0.277],[32.98,0.261]],[[32.858,0.26],[32.853,0.264],[32.846,0.265]],[[32.98,0.261],[32.981,0.26]],[[32.86,0.258],[32.858,0.26]],[[32.841,0.266],[32.831,0.259],[32.82,0.258],[32.818,0.253]],[[32.815,0.262],[32.818,0.253]],[[32.791,0.278],[32.784,0.268],[32.769,0.263],[32.761,0.256],[32.758,0.25],[32.751,0.249]],[[32.898,0.25],[32.884,0.249]],[[32.619,0.247],[32.62,0.246]],[[32.641,0.244],[32.638,0.244]],[[32.637,0.247],[32.638,0.244]],[[32.638,0.244],[32.64,0.244]],[[32.557,0.244],[32.563,0.243]],[[32.62,0.246],[32.616,0.243]],[[32.612,0.247],[32.616,0.243]],[[32.522,0.243],[32.522,0.247]],[[32.732,0.243],[32.73,0.247]],[[32.563,0.243],[32.563,0.243]],[[32.623,0.244],[32.622,0.243]],[[32.62,0.246],[32.622,0.243]],[[32.504,0.242],[32.504,0.247]],[[32.505,0.247],[32.508,0.242]],[[32.622,0.243],[32.619,0.241]],[[32.616,0.243],[32.619,0.241]],[[32.616,0.243],[32.617,0.238]],[[32.742,0.238],[32.749,0.247]],[[32.742,0.238],[32.732,0.243]],[[32.732,0.243],[32.727,0.24],[32.724,0.236],[32.716,0.235]],[[32.716,0.235],[32.715,0.234]],[[32.672,0.234],[32.664,0.236],[32.657,0.244]],[[32.593,0.247],[32.594,0.234]],[[32.75,0.233],[32.742,0.238]],[[32.715,0.234],[32.705,0.233]],[[32.563,0.243],[32.565,0.232]],[[32.562,0.232],[32.563,0.243]],[[32.565,0.232],[32.562,0.232]],[[32.562,0.232],[32.561,0.232]],[[32.571,0.247],[32.578,0.232]],[[32.619,0.241],[32.623,0.232]],[[32.541,0.23],[32.541,0.241],[32.537,0.247]],[[32.541,0.23],[32.545,0.229]],[[32.594,0.234],[32.594,0.229]],[[32.705,0.233],[32.699,0.229]],[[32.545,0.229],[32.55,0.229]],[[32.576,0.228],[32.578,0.232]],[[32.691,0.227],[32.684,0.232],[32.672,0.234]],[[32.699,0.229],[32.691,0.227]],[[32.565,0.232],[32.562,0.224]],[[32.542,0.224],[32.534,0.224]],[[32.573,0.223],[32.576,0.228]],[[32.594,0.229],[32.604,0.222]],[[32.534,0.224],[32.533,0.229],[32.531,0.229],[32.522,0.221]],[[32.545,0.229],[32.546,0.221]],[[32.691,0.227],[32.688,0.22]],[[32.522,0.221],[32.521,0.219]],[[32.715,0.234],[32.713,0.224],[32.719,0.219]],[[32.549,0.227],[32.552,0.22],[32.55,0.218]],[[32.522,0.221],[32.524,0.221],[32.525,0.216]],[[32.616,0.216],[32.623,0.216]],[[32.604,0.222],[32.616,0.216]],[[32.501,0.215],[32.503,0.215],[32.504,0.219],[32.501,0.229]],[[32.604,0.222],[32.603,0.215]],[[32.534,0.224],[32.542,0.214]],[[32.558,0.212],[32.55,0.218]],[[32.568,0.211],[32.558,0.212]],[[32.541,0.211],[32.541,0.21]],[[32.537,0.21],[32.532,0.216],[32.525,0.216]],[[32.541,0.211],[32.537,0.21]],[[32.55,0.218],[32.546,0.216],[32.545,0.209]],[[32.541,0.21],[32.545,0.209]],[[32.568,0.211],[32.568,0.208]],[[32.603,0.215],[32.601,0.208]],[[32.572,0.208],[32.568,0.211]],[[32.568,0.208],[32.568,0.208]],[[32.601,0.208],[32.599,0.208]],[[32.57,0.208],[32.568,0.208]],[[32.568,0.208],[32.565,0.207]],[[32.565,0.207],[32.558,0.212]],[[32.524,0.227],[32.518,0.221],[32.519,0.207],[32.521,0.216],[32.524,0.219],[32.525,0.216]],[[32.576,0.228],[32.581,0.216],[32.574,0.207]],[[32.574,0.207],[32.572,0.208]],[[32.599,0.208],[32.597,0.207]],[[32.568,0.208],[32.568,0.207]],[[32.589,0.207],[32.574,0.207]],[[32.597,0.207],[32.593,0.206]],[[32.593,0.206],[32.589,0.207]],[[32.572,0.208],[32.573,0.203]],[[32.545,0.209],[32.545,0.203]],[[32.565,0.207],[32.562,0.2]],[[32.525,0.216],[32.524,0.198]],[[32.526,0.198],[32.524,0.198]],[[32.531,0.196],[32.534,0.208],[32.537,0.21]],[[32.531,0.196],[32.526,0.198]],[[32.535,0.199],[32.532,0.195]],[[32.532,0.195],[32.531,0.196]],[[32.545,0.203],[32.545,0.195]],[[32.524,0.198],[32.511,0.194]],[[32.501,0.207],[32.503,0.198],[32.511,0.194]],[[32.545,0.195],[32.539,0.192]],[[32.539,0.192],[32.538,0.191]],[[32.538,0.191],[32.532,0.195]],[[32.511,0.194],[32.501,0.191]],[[32.526,0.198],[32.527,0.193],[32.525,0.189],[32.519,0.189]],[[32.545,0.195],[32.545,0.186],[32.55,0.179]],[[32.55,0.179],[32.551,0.177]],[[32.538,0.191],[32.535,0.184],[32.521,0.177]],[[32.521,0.177],[32.515,0.176]],[[32.515,0.176],[32.504,0.172]],[[32.551,0.177],[32.554,0.17]],[[32.504,0.172],[32.51,0.162]],[[32.51,0.162],[32.511,0.16]],[[32.554,0.17],[32.556,0.162],[32.546,0.153]],[[32.521,0.151],[32.525,0.152]],[[32.511,0.16],[32.514,0.155],[32.521,0.151]],[[32.525,0.152],[32.528,0.148]],[[32.528,0.148],[32.531,0.143],[32.535,0.142],[32.534,0.139]],[[32.538,0.139],[32.534,0.139]],[[32.539,0.139],[32.538,0.139]],[[32.751,0.141],[32.745,0.138]],[[32.745,0.138],[32.742,0.137]],[[32.566,0.136],[32.575,0.139]],[[32.539,0.139],[32.544,0.139],[32.548,0.136]],[[32.548,0.136],[32.549,0.134]],[[32.563,0.134],[32.566,0.136]],[[32.534,0.139],[32.533,0.131]],[[32.559,0.131],[32.563,0.134]],[[32.549,0.134],[32.555,0.13],[32.559,0.131]],[[32.742,0.137],[32.735,0.135],[32.727,0.126]],[[32.727,0.126],[32.726,0.123]],[[32.538,0.138],[32.537,0.124],[32.534,0.12]],[[32.534,0.12],[32.53,0.115]],[[32.529,0.118],[32.53,0.115]],[[32.53,0.115],[32.53,0.114]],[[32.529,0.115],[32.53,0.114]],[[32.53,0.114],[32.533,0.113]],[[32.528,0.113],[32.527,0.114]],[[32.708,0.113],[32.705,0.112]],[[32.726,0.123],[32.72,0.113],[32.708,0.113]],[[32.533,0.113],[32.543,0.111]],[[32.705,0.112],[32.694,0.111]],[[32.53,0.114],[32.527,0.11]],[[32.679,0.11],[32.676,0.109]],[[32.547,0.109],[32.545,0.114],[32.533,0.113]],[[32.694,0.111],[32.681,0.108],[32.679,0.11]],[[32.527,0.114],[32.516,0.107]],[[32.527,0.11],[32.524,0.107]],[[32.516,0.107],[32.516,0.106]],[[32.524,0.107],[32.519,0.106]],[[32.524,0.107],[32.528,0.103]],[[32.503,0.096],[32.504,0.095]],[[32.528,0.103],[32.529,0.095]],[[32.504,0.095],[32.507,0.097],[32.512,0.092],[32.518,0.09]],[[32.504,0.095],[32.514,0.086],[32.517,0.072]],[[32.528,0.103],[32.531,0.097],[32.542,0.092],[32.551,0.081],[32.556,0.078],[32.559,0.073],[32.559,0.063],[32.563,0.057]],[[32.563,0.057],[32.563,0.051]],[[32.563,0.051],[32.565,0.049]],[[32.563,0.057],[32.571,0.056],[32.577,0.048]],[[32.565,0.049],[32.56,0.047]],[[32.563,0.051],[32.56,0.047]],[[32.56,0.047],[32.559,0.045]],[[32.565,0.049],[32.568,0.044]],[[32.771,0.247],[32.77,0.247]],[[32.784,0.244],[32.771,0.247]],[[32.798,0.247],[32.784,0.244]],[[32.771,0.247],[32.771,0.243]],[[32.836,0.242],[32.833,0.241]],[[32.922,0.24],[32.916,0.244],[32.906,0.247]],[[32.991,0.242],[32.981,0.24]],[[32.837,0.24],[32.836,0.242]],[[32.922,0.24],[32.922,0.24]],[[32.923,0.24],[32.922,0.24]],[[32.936,0.241],[32.923,0.24]],[[32.906,0.247],[32.905,0.242],[32.908,0.239]],[[33.001,0.238],[33.001,0.238]],[[32.784,0.244],[32.786,0.238]],[[32.828,0.237],[32.833,0.241]],[[32.825,0.247],[32.825,0.245],[32.828,0.237]],[[32.952,0.238],[32.945,0.237],[32.936,0.241]],[[32.981,0.24],[32.965,0.236]],[[32.965,0.236],[32.964,0.236]],[[32.823,0.236],[32.828,0.237]],[[32.964,0.236],[32.952,0.238]],[[32.823,0.236],[32.823,0.235]],[[32.873,0.245],[32.878,0.234]],[[32.878,0.234],[32.88,0.234]],[[32.878,0.234],[32.879,0.232]],[[32.807,0.235],[32.806,0.231]],[[32.923,0.24],[32.925,0.23]],[[32.806,0.231],[32.795,0.23],[32.79,0.236],[32.786,0.238]],[[32.833,0.241],[32.838,0.236],[32.832,0.228]],[[32.925,0.23],[32.926,0.228]],[[32.832,0.228],[32.831,0.227]],[[32.831,0.227],[32.828,0.225]],[[32.823,0.235],[32.828,0.225]],[[32.823,0.235],[32.818,0.23],[32.813,0.229],[32.809,0.224]],[[32.806,0.231],[32.809,0.224]],[[32.908,0.239],[32.912,0.224]],[[32.842,0.223],[32.832,0.228]],[[32.831,0.227],[32.841,0.222]],[[32.796,0.213],[32.792,0.215],[32.786,0.213]],[[32.786,0.238],[32.778,0.238],[32.775,0.234],[32.778,0.217],[32.783,0.213]],[[32.786,0.213],[32.783,0.213]],[[32.783,0.213],[32.781,0.213]],[[32.781,0.213],[32.761,0.222]],[[32.809,0.224],[32.802,0.212]],[[32.912,0.224],[32.908,0.219],[32.908,0.212]],[[32.791,0.211],[32.79,0.211]],[[32.828,0.225],[32.83,0.211]],[[32.802,0.212],[32.8,0.211]],[[32.8,0.211],[32.796,0.213]],[[32.796,0.213],[32.795,0.211],[32.791,0.211]],[[32.908,0.212],[32.91,0.21]],[[32.83,0.211],[32.83,0.21]],[[32.83,0.211],[32.837,0.209]],[[32.786,0.207],[32.786,0.213]],[[32.83,0.207],[32.829,0.207]],[[32.83,0.21],[32.829,0.207]],[[32.791,0.211],[32.791,0.206]],[[32.791,0.206],[32.786,0.207]],[[32.829,0.207],[32.829,0.205]],[[32.879,0.232],[32.883,0.229],[32.883,0.22],[32.886,0.214],[32.883,0.205]],[[32.781,0.213],[32.774,0.209],[32.771,0.203]],[[32.791,0.206],[32.79,0.202],[32.788,0.202],[32.786,0.207]],[[32.771,0.203],[32.771,0.202]],[[32.8,0.211],[32.797,0.208],[32.795,0.202]],[[33.001,0.209],[32.987,0.2]],[[32.91,0.21],[32.913,0.202],[32.92,0.2]],[[32.837,0.209],[32.86,0.2]],[[32.795,0.202],[32.796,0.197]],[[32.771,0.202],[32.768,0.196]],[[32.83,0.21],[32.825,0.209],[32.819,0.192],[32.815,0.19]],[[32.802,0.212],[32.809,0.202],[32.807,0.197],[32.815,0.19]],[[32.86,0.2],[32.863,0.194],[32.873,0.189]],[[32.768,0.196],[32.766,0.188]],[[32.766,0.188],[32.764,0.187]],[[32.938,0.18],[32.931,0.203],[32.928,0.224],[32.925,0.227],[32.925,0.23]],[[32.815,0.19],[32.819,0.178]],[[32.86,0.2],[32.86,0.179],[32.866,0.172]],[[32.923,0.172],[32.929,0.172],[32.938,0.18]],[[32.923,0.172],[32.917,0.173]],[[32.987,0.2],[32.985,0.195],[32.966,0.184],[32.96,0.172]],[[32.96,0.172],[32.96,0.171]],[[32.796,0.197],[32.796,0.185],[32.791,0.17]],[[32.96,0.171],[32.957,0.17]],[[32.96,0.172],[32.957,0.17]],[[32.791,0.17],[32.791,0.168]],[[32.96,0.171],[32.97,0.166]],[[32.819,0.178],[32.819,0.165]],[[32.97,0.166],[32.969,0.164]],[[32.957,0.17],[32.947,0.17],[32.936,0.162]],[[32.922,0.161],[32.918,0.165],[32.918,0.169],[32.923,0.172]],[[32.936,0.162],[32.926,0.159],[32.922,0.161]],[[32.819,0.165],[32.819,0.156],[32.811,0.158]],[[32.791,0.168],[32.795,0.155],[32.801,0.152]],[[32.801,0.152],[32.803,0.152]],[[32.791,0.168],[32.788,0.162],[32.775,0.153],[32.769,0.147]],[[32.769,0.147],[32.767,0.144]],[[32.767,0.144],[32.751,0.141]],[[32.969,0.164],[32.961,0.157],[32.962,0.148],[32.959,0.138]],[[32.959,0.138],[32.956,0.134]],[[32.956,0.134],[32.957,0.129],[32.961,0.128]],[[32.961,0.128],[32.958,0.122]],[[32.961,0.128],[32.982,0.12]],[[32.958,0.122],[32.958,0.117]],[[32.982,0.12],[32.987,0.117],[33.001,0.116]],[[32.933,0.111],[32.933,0.111]],[[32.958,0.122],[32.943,0.109]],[[32.943,0.109],[32.943,0.109]],[[32.943,0.109],[32.938,0.106],[32.933,0.111]],[[33.217,0.496],[33.215,0.497]],[[33.224,0.489],[33.216,0.493]],[[33.167,0.486],[33.16,0.482]],[[33.17,0.481],[33.167,0.486]],[[33.226,0.479],[33.224,0.489]],[[33.17,0.481],[33.166,0.478]],[[33.245,0.483],[33.233,0.482],[33.232,0.477],[33.234,0.473]],[[33.226,0.479],[33.234,0.473]],[[33.234,0.473],[33.238,0.469]],[[33.238,0.469],[33.234,0.47]],[[33.242,0.467],[33.251,0.473]],[[33.238,0.469],[33.238,0.466]],[[33.242,0.467],[33.236,0.466]],[[33.185,0.464],[33.174,0.468],[33.173,0.477],[33.17,0.481]],[[33.225,0.46],[33.229,0.469],[33.226,0.479]],[[33.115,0.458],[33.115,0.458]],[[33.115,0.458],[33.118,0.452]],[[33.118,0.452],[33.118,0.45]],[[33.118,0.45],[33.117,0.449]],[[33.118,0.449],[33.118,0.45]],[[33.117,0.449],[33.118,0.449]],[[33.193,0.446],[33.189,0.449]],[[33.117,0.449],[33.117,0.446]],[[33.117,0.446],[33.113,0.446],[33.116,0.452],[33.114,0.453],[33.115,0.458]],[[33.191,0.445],[33.188,0.448]],[[33.191,0.445],[33.188,0.448]],[[33.12,0.445],[33.118,0.449]],[[33.12,0.445],[33.117,0.446]],[[33.118,0.452],[33.121,0.445]],[[33.121,0.445],[33.12,0.445]],[[33.192,0.445],[33.191,0.445]],[[33.223,0.443],[33.221,0.444]],[[33.123,0.442],[33.121,0.445]],[[33.224,0.442],[33.223,0.443]],[[33.222,0.442],[33.223,0.443]],[[33.222,0.442],[33.221,0.442]],[[33.123,0.441],[33.123,0.442]],[[33.123,0.441],[33.126,0.443],[33.123,0.442]],[[33.223,0.441],[33.222,0.442]],[[33.182,0.442],[33.183,0.441]],[[33.209,0.44],[33.21,0.441]],[[33.209,0.439],[33.211,0.441]],[[33.221,0.444],[33.22,0.439]],[[33.221,0.444],[33.219,0.442],[33.22,0.439]],[[33.21,0.439],[33.211,0.44]],[[33.183,0.441],[33.184,0.438]],[[33.18,0.44],[33.184,0.438]],[[33.124,0.437],[33.123,0.441]],[[33.122,0.437],[33.12,0.445]],[[33.124,0.437],[33.122,0.437]],[[33.22,0.439],[33.219,0.436]],[[33.215,0.436],[33.216,0.435]],[[33.216,0.435],[33.216,0.435]],[[33.216,0.435],[33.215,0.435]],[[33.216,0.434],[33.215,0.434]],[[33.216,0.435],[33.218,0.434],[33.216,0.434]],[[33.216,0.434],[33.215,0.433]],[[33.122,0.437],[33.114,0.433]],[[33.114,0.433],[33.113,0.433]],[[33.217,0.433],[33.217,0.432]],[[33.217,0.432],[33.215,0.432]],[[33.188,0.433],[33.186,0.432]],[[33.184,0.438],[33.186,0.432]],[[33.219,0.432],[33.217,0.432]],[[33.217,0.432],[33.216,0.431]],[[33.219,0.431],[33.217,0.43]],[[33.217,0.43],[33.216,0.43]],[[33.189,0.432],[33.188,0.43]],[[33.186,0.432],[33.188,0.43]],[[33.219,0.43],[33.217,0.429]],[[33.192,0.429],[33.192,0.43]],[[33.191,0.428],[33.192,0.429]],[[33.188,0.43],[33.191,0.428]],[[33.07,0.282],[33.058,0.281]],[[33.137,0.286],[33.148,0.279]],[[33.054,0.28],[33.058,0.273]],[[33.054,0.28],[33.051,0.275],[33.042,0.272]],[[33.042,0.272],[33.04,0.271]],[[33.04,0.271],[33.031,0.27]],[[33.032,0.293],[33.031,0.27]],[[33.058,0.273],[33.066,0.264],[33.071,0.263]],[[33.071,0.263],[33.075,0.259]],[[33.031,0.27],[33.023,0.257]],[[33.023,0.257],[33.017,0.253],[33.01,0.254],[33.007,0.248]],[[33.208,0.417],[33.207,0.419]],[[33.208,0.416],[33.208,0.417]],[[33.133,0.411],[33.13,0.42],[33.131,0.426],[33.124,0.437]],[[33.006,0.417],[33.015,0.416],[33.015,0.409]],[[33.006,0.417],[33.015,0.409]],[[33.114,0.433],[33.103,0.415],[33.103,0.408]],[[33.191,0.428],[33.179,0.406]],[[33.133,0.411],[33.139,0.398]],[[33.015,0.409],[33.008,0.397]],[[33.008,0.397],[33.009,0.396]],[[33.179,0.406],[33.174,0.396]],[[33.105,0.405],[33.089,0.396]],[[33.008,0.397],[33.007,0.396]],[[33.007,0.396],[33.007,0.396]],[[33.179,0.395],[33.174,0.396]],[[33.119,0.395],[33.117,0.398]],[[33.139,0.398],[33.142,0.394]],[[33.179,0.395],[33.186,0.396],[33.197,0.403],[33.2,0.401],[33.199,0.392]],[[33.12,0.392],[33.119,0.395]],[[33.142,0.394],[33.146,0.389]],[[33.199,0.392],[33.201,0.387]],[[33.007,0.396],[33.001,0.385]],[[33.009,0.396],[33.015,0.384]],[[33.089,0.396],[33.085,0.383]],[[33.174,0.396],[33.165,0.388],[33.152,0.38]],[[33.146,0.389],[33.151,0.38]],[[33.152,0.38],[33.151,0.38]],[[33.151,0.38],[33.151,0.38]],[[33.152,0.379],[33.152,0.38]],[[33.151,0.38],[33.152,0.379]],[[33.151,0.38],[33.146,0.379]],[[33.152,0.379],[33.154,0.379]],[[33.015,0.384],[33.015,0.376]],[[33.128,0.376],[33.126,0.383],[33.123,0.385],[33.12,0.392]],[[33.146,0.379],[33.141,0.382],[33.128,0.376]],[[33.015,0.376],[33.012,0.377],[33.01,0.375]],[[33.201,0.387],[33.208,0.381],[33.21,0.374]],[[33.105,0.374],[33.099,0.373]],[[33.128,0.376],[33.12,0.372],[33.115,0.376],[33.105,0.374]],[[33.151,0.371],[33.152,0.379]],[[33.01,0.375],[33.01,0.371],[33.007,0.371]],[[33.099,0.373],[33.092,0.373],[33.088,0.366]],[[33.088,0.366],[33.088,0.366]],[[33.085,0.383],[33.085,0.373],[33.088,0.366]],[[33.21,0.374],[33.206,0.365]],[[33.015,0.376],[33.022,0.364]],[[33.206,0.365],[33.198,0.364]],[[33.198,0.364],[33.189,0.364]],[[33.088,0.366],[33.079,0.362],[33.066,0.362]],[[33.146,0.379],[33.142,0.376],[33.143,0.369],[33.14,0.366],[33.14,0.36]],[[33.187,0.359],[33.189,0.364]],[[33.096,0.358],[33.099,0.373]],[[33.095,0.358],[33.096,0.358]],[[33.095,0.358],[33.095,0.357]],[[33.095,0.357],[33.088,0.366]],[[33.157,0.357],[33.153,0.363],[33.151,0.371]],[[33.025,0.363],[33.024,0.357]],[[33.022,0.364],[33.024,0.357]],[[33.185,0.377],[33.174,0.371],[33.163,0.356]],[[33.163,0.356],[33.157,0.357]],[[33.066,0.362],[33.055,0.356]],[[33.189,0.364],[33.175,0.36],[33.17,0.355]],[[33.163,0.356],[33.17,0.355]],[[33.055,0.356],[33.048,0.355]],[[33.17,0.355],[33.187,0.359]],[[33.048,0.355],[33.047,0.355]],[[33.047,0.355],[33.046,0.355]],[[33.046,0.355],[33.044,0.354]],[[33.044,0.354],[33.04,0.364],[33.025,0.374],[33.019,0.373],[33.015,0.376]],[[33.024,0.357],[33.024,0.354]],[[33.14,0.36],[33.141,0.355],[33.138,0.349]],[[33.044,0.354],[33.029,0.344]],[[33.024,0.354],[33.026,0.344]],[[33.098,0.344],[33.1,0.348],[33.095,0.358]],[[33.098,0.344],[33.095,0.357]],[[33.026,0.344],[33.019,0.344],[33.01,0.351]],[[33.029,0.344],[33.026,0.344]],[[33.096,0.358],[33.103,0.345],[33.098,0.344]],[[33.095,0.343],[33.098,0.344]],[[33.095,0.357],[33.092,0.355],[33.095,0.343]],[[33.046,0.355],[33.074,0.342],[33.078,0.341],[33.083,0.345],[33.095,0.343]],[[33.03,0.34],[33.029,0.344]],[[33.076,0.34],[33.075,0.341]],[[33.096,0.34],[33.076,0.34]],[[33.029,0.338],[33.03,0.34]],[[33.032,0.341],[33.045,0.335]],[[33.045,0.335],[33.046,0.335]],[[33.076,0.34],[33.069,0.328]],[[33.046,0.335],[33.063,0.335],[33.069,0.328]],[[33.03,0.328],[33.029,0.338]],[[33.138,0.349],[33.135,0.343],[33.121,0.334],[33.116,0.327]],[[33.069,0.328],[33.077,0.321]],[[33.116,0.327],[33.109,0.316],[33.102,0.312]],[[33.077,0.321],[33.102,0.312]],[[33.004,0.307],[33.009,0.31],[33.019,0.309]],[[33.026,0.307],[33.03,0.328]],[[33.019,0.309],[33.026,0.307]],[[33.102,0.312],[33.115,0.307]],[[33.001,0.304],[33.004,0.307]],[[33.132,0.304],[33.143,0.305]],[[33.115,0.307],[33.128,0.303]],[[33.128,0.303],[33.132,0.304]],[[33.026,0.307],[33.03,0.302]],[[33.03,0.302],[33.033,0.302],[33.035,0.298]],[[33.432,0.495],[33.462,0.471]],[[33.462,0.471],[33.481,0.458]],[[33.481,0.458],[33.501,0.456]],[[33.481,0.458],[33.482,0.448]],[[33.482,0.448],[33.484,0.444]],[[33.484,0.444],[33.476,0.444],[33.471,0.439]],[[33.471,0.439],[33.466,0.427]],[[33.466,0.427],[33.464,0.426]],[[33.457,0.422],[33.464,0.426]],[[33.432,0.495],[33.425,0.487],[33.426,0.478],[33.42,0.464],[33.424,0.451],[33.434,0.431],[33.439,0.427],[33.448,0.426],[33.457,0.422]],[[33.484,0.444],[33.492,0.43],[33.496,0.414]],[[33.496,0.414],[33.501,0.407]],[[33.457,0.422],[33.456,0.417],[33.441,0.405]],[[33.441,0.405],[33.433,0.395],[33.429,0.394]],[[33.397,0.388],[33.397,0.385]],[[33.397,0.385],[33.397,0.384]],[[33.397,0.384],[33.395,0.383]],[[33.395,0.383],[33.387,0.385]],[[33.387,0.385],[33.382,0.382]],[[33.382,0.382],[33.378,0.38]],[[33.378,0.38],[33.378,0.379]],[[33.378,0.379],[33.367,0.361]],[[33.429,0.394],[33.438,0.389],[33.436,0.368],[33.443,0.358]],[[33.501,0.313],[33.495,0.311],[33.492,0.312]],[[33.009,0.247],[33.01,0.242],[33.007,0.24]],[[33.007,0.24],[33.001,0.238]],[[33.683,0.469],[33.692,0.495]],[[33.576,0.457],[33.584,0.459],[33.595,0.456]],[[33.549,0.455],[33.563,0.453],[33.576,0.457]],[[33.501,0.456],[33.527,0.453]],[[33.633,0.455],[33.656,0.452]],[[33.527,0.453],[33.549,0.455]],[[33.713,0.455],[33.734,0.455],[33.751,0.451]],[[33.627,0.454],[33.633,0.455]],[[33.595,0.456],[33.616,0.451]],[[33.616,0.451],[33.627,0.454]],[[33.656,0.452],[33.675,0.449]],[[33.679,0.449],[33.683,0.469]],[[33.675,0.449],[33.679,0.449]],[[33.679,0.449],[33.713,0.455]],[[33.521,0.395],[33.503,0.403],[33.501,0.406]],[[33.529,0.385],[33.526,0.392],[33.521,0.395]],[[33.532,0.337],[33.535,0.346],[33.537,0.364],[33.529,0.385]],[[33.501,0.313],[33.506,0.32],[33.532,0.337]],[[33.823,0.482],[33.821,0.46],[33.828,0.445]],[[33.782,0.431],[33.763,0.446],[33.751,0.451]],[[33.828,0.445],[33.836,0.431],[33.848,0.418],[33.872,0.413]],[[33.797,0.407],[33.792,0.42],[33.782,0.431]],[[33.799,0.406],[33.797,0.407]],[[34.0,0.419],[33.985,0.407],[33.982,0.398]],[[33.982,0.398],[33.98,0.396]],[[33.98,0.396],[33.973,0.388]],[[33.973,0.388],[33.971,0.385]],[[33.971,0.385],[33.969,0.374]],[[33.969,0.374],[33.968,0.37]],[[33.968,0.37],[33.969,0.363],[33.976,0.354],[33.977,0.35]],[[33.872,0.413],[33.876,0.411],[33.878,0.404],[33.888,0.395],[33.899,0.37],[33.88,0.341]],[[33.88,0.341],[33.848,0.367],[33.818,0.399],[33.799,0.406]],[[33.88,0.341],[33.88,0.341]],[[33.887,0.34],[33.88,0.341]],[[33.977,0.35],[33.988,0.339]],[[33.904,0.334],[33.894,0.34],[33.887,0.34]],[[33.88,0.341],[33.879,0.338],[33.882,0.334]],[[33.908,0.331],[33.904,0.334]],[[33.914,0.327],[33.908,0.331]],[[33.988,0.339],[33.994,0.326]],[[33.994,0.326],[33.996,0.325]],[[33.994,0.326],[33.982,0.322]],[[33.944,0.319],[33.935,0.32],[33.924,0.327],[33.914,0.327]],[[33.956,0.318],[33.944,0.319]],[[33.982,0.322],[33.972,0.319],[33.967,0.315],[33.956,0.318]],[[33.882,0.334],[33.883,0.332]],[[33.884,0.331],[33.886,0.323],[33.882,0.304]],[[33.883,0.332],[33.884,0.331]],[[33.996,0.325],[33.992,0.31],[33.994,0.299],[33.991,0.282],[33.993,0.267]],[[33.993,0.267],[33.99,0.263]],[[33.99,0.263],[33.987,0.26]],[[33.882,0.304],[33.891,0.277],[33.885,0.247]],[[33.993,0.247],[33.992,0.241]],[[33.885,0.247],[33.892,0.21],[33.904,0.199]],[[34.091,0.471],[34.088,0.466]],[[34.088,0.466],[34.052,0.436]],[[34.052,0.436],[34.05,0.433]],[[34.05,0.433],[34.048,0.429]],[[34.048,0.429],[34.037,0.416]],[[34.037,0.416],[34.032,0.407]],[[34.013,0.416],[34.032,0.407]],[[34.032,0.407],[34.029,0.401]],[[34.029,0.401],[34.035,0.389]],[[34.035,0.389],[34.029,0.377]],[[34.029,0.401],[34.015,0.372]],[[34.029,0.377],[34.031,0.368]],[[34.015,0.372],[34.007,0.363],[34.003,0.355]],[[34.031,0.368],[34.022,0.338]],[[34.022,0.338],[34.004,0.33]],[[29.835,-0.003],[29.836,-0.004]],[[29.836,-0.004],[29.821,-0.007]],[[29.821,-0.007],[29.776,-0.019]],[[29.776,-0.019],[29.771,-0.019]],[[29.776,-0.019],[29.772,-0.022]],[[29.771,-0.019],[29.772,-0.022]],[[29.772,-0.022],[29.774,-0.024]],[[29.836,-0.004],[29.836,-0.028],[29.83,-0.052],[29.833,-0.068],[29.832,-0.104]],[[29.774,-0.024],[29.819,-0.08],[29.832,-0.104]],[[29.832,-0.104],[29.842,-0.123]],[[29.842,-0.123],[29.843,-0.124]],[[29.843,-0.124],[29.85,-0.128]],[[29.874,-0.137],[29.876,-0.135],[29.876,-0.137]],[[29.876,-0.137],[29.874,-0.137]],[[29.874,-0.137],[29.868,-0.137],[29.862,-0.134]],[[29.85,-0.128],[29.862,-0.138]],[[29.876,-0.137],[29.871,-0.139]],[[29.879,-0.139],[29.876,-0.137]],[[29.871,-0.139],[29.862,-0.138]],[[29.928,-0.136],[29.93,-0.143]],[[29.883,-0.143],[29.879,-0.139]],[[29.883,-0.143],[29.879,-0.139]],[[29.889,-0.144],[29.883,-0.143]],[[29.928,-0.136],[29.915,-0.143],[29.889,-0.144]],[[29.862,-0.138],[29.863,-0.144]],[[29.889,-0.144],[29.883,-0.145],[29.871,-0.139]],[[29.93,-0.143],[29.919,-0.15],[29.914,-0.164],[29.907,-0.171],[29.903,-0.18]],[[29.903,-0.18],[29.899,-0.189]],[[30.001,-0.178],[29.986,-0.187],[29.976,-0.186],[29.966,-0.188],[29.96,-0.194],[29.952,-0.197],[29.95,-0.192],[29.938,-0.191],[29.933,-0.187],[29.918,-0.193]],[[29.918,-0.193],[29.915,-0.205],[29.917,-0.211]],[[29.888,-0.214],[29.898,-0.209]],[[29.989,-0.215],[30.001,-0.202]],[[29.917,-0.211],[29.915,-0.215],[29.906,-0.219],[29.888,-0.214]],[[29.888,-0.214],[29.885,-0.215],[29.885,-0.226],[29.891,-0.245],[29.894,-0.247]],[[29.952,-0.253],[29.989,-0.215]],[[29.894,-0.247],[29.902,-0.245],[29.913,-0.253]],[[29.952,-0.253],[29.941,-0.264],[29.928,-0.268]],[[29.928,-0.268],[29.918,-0.277]],[[29.918,-0.277],[29.907,-0.295],[29.89,-0.305]],[[29.89,-0.305],[29.877,-0.313],[29.873,-0.311],[29.869,-0.317],[29.872,-0.346],[29.87,-0.363],[29.875,-0.383],[29.868,-0.423]],[[29.868,-0.423],[29.855,-0.437],[29.806,-0.455]],[[29.775,-0.406],[29.779,-0.421],[29.788,-0.43],[29.797,-0.449],[29.806,-0.455]],[[29.806,-0.455],[29.802,-0.457],[29.796,-0.473],[29.8,-0.491]],[[29.8,-0.491],[29.802,-0.503]],[[29.8,-0.491],[29.786,-0.503]],[[30.148,-0.028],[30.146,-0.026],[30.144,-0.029]],[[30.144,-0.029],[30.126,-0.034]],[[30.126,-0.034],[30.125,-0.035]],[[30.125,-0.035],[30.118,-0.039],[30.088,-0.044],[30.08,-0.038],[30.072,-0.039]],[[30.072,-0.039],[30.071,-0.045],[30.068,-0.049]],[[30.068,-0.049],[30.052,-0.059],[30.045,-0.07],[30.031,-0.082]],[[30.031,-0.082],[30.03,-0.082]],[[30.03,-0.082],[30.03,-0.083]],[[30.067,-0.149],[30.026,-0.17]],[[30.026,-0.17],[30.001,-0.202]],[[30.501,-0.042],[30.494,-0.047],[30.491,-0.047],[30.487,-0.057]],[[30.487,-0.057],[30.479,-0.047],[30.466,-0.061],[30.458,-0.063],[30.452,-0.061]],[[30.36,-0.003],[30.358,-0.008],[30.362,-0.012],[30.361,-0.024],[30.367,-0.028],[30.368,-0.043],[30.391,-0.082]],[[30.487,-0.057],[30.491,-0.062],[30.492,-0.071],[30.501,-0.083]],[[30.391,-0.082],[30.395,-0.093]],[[30.395,-0.093],[30.394,-0.096],[30.397,-0.095]],[[30.403,-0.096],[30.407,-0.093],[30.408,-0.096]],[[30.397,-0.095],[30.403,-0.096]],[[30.501,-0.087],[30.499,-0.09],[30.5,-0.102]],[[30.5,-0.102],[30.501,-0.104]],[[30.45,-0.129],[30.451,-0.129]],[[30.451,-0.129],[30.451,-0.13]],[[30.451,-0.13],[30.451,-0.131]],[[30.451,-0.13],[30.452,-0.132]],[[30.451,-0.131],[30.452,-0.132]],[[30.451,-0.131],[30.451,-0.132]],[[30.408,-0.096],[30.417,-0.099]],[[30.417,-0.099],[30.423,-0.102],[30.43,-0.115],[30.429,-0.124],[30.436,-0.127],[30.438,-0.133]],[[30.452,-0.132],[30.451,-0.133]],[[30.451,-0.132],[30.451,-0.133]],[[30.452,-0.132],[30.455,-0.133]],[[30.455,-0.133],[30.454,-0.133]],[[30.438,-0.133],[30.451,-0.132]],[[30.454,-0.133],[30.452,-0.134]],[[30.451,-0.133],[30.452,-0.134]],[[30.501,-0.131],[30.492,-0.134]],[[30.454,-0.133],[30.453,-0.135]],[[30.452,-0.134],[30.453,-0.135]],[[30.492,-0.134],[30.488,-0.136]],[[30.488,-0.136],[30.482,-0.138],[30.467,-0.138],[30.455,-0.133]],[[30.492,-0.134],[30.489,-0.139]],[[30.454,-0.139],[30.455,-0.143]],[[30.489,-0.139],[30.479,-0.154]],[[30.479,-0.155],[30.473,-0.16],[30.471,-0.17],[30.464,-0.169],[30.445,-0.182]],[[30.445,-0.182],[30.449,-0.188],[30.45,-0.196],[30.445,-0.204],[30.438,-0.211],[30.431,-0.234]],[[30.431,-0.234],[30.435,-0.243]],[[30.435,-0.243],[30.44,-0.247]],[[30.435,-0.243],[30.435,-0.247],[30.431,-0.253]],[[30.115,-0.397],[30.119,-0.392],[30.127,-0.392],[30.136,-0.398],[30.145,-0.397],[30.152,-0.402],[30.16,-0.398],[30.166,-0.397],[30.175,-0.422],[30.182,-0.428],[30.186,-0.437],[30.186,-0.445],[30.184,-0.454],[30.175,-0.466],[30.152,-0.461],[30.145,-0.466],[30.132,-0.464],[30.127,-0.468],[30.12,-0.469],[30.113,-0.476],[30.106,-0.474]],[[30.356,-0.276],[30.352,-0.274],[30.348,-0.279],[30.344,-0.279],[30.348,-0.293],[30.342,-0.296],[30.346,-0.3],[30.349,-0.309],[30.353,-0.307],[30.357,-0.302],[30.359,-0.308],[30.362,-0.305],[30.363,-0.311],[30.368,-0.314],[30.377,-0.304],[30.379,-0.309],[30.383,-0.307],[30.389,-0.312],[30.391,-0.307],[30.393,-0.309]],[[30.393,-0.309],[30.398,-0.319],[30.403,-0.323],[30.399,-0.324],[30.4,-0.329]],[[30.4,-0.329],[30.405,-0.331]],[[30.404,-0.332],[30.405,-0.331]],[[30.4,-0.329],[30.404,-0.332]],[[30.404,-0.332],[30.407,-0.333]],[[30.472,-0.355],[30.472,-0.357]],[[30.405,-0.331],[30.41,-0.331],[30.414,-0.335],[30.421,-0.331],[30.425,-0.332],[30.432,-0.347],[30.434,-0.363]],[[30.426,-0.363],[30.423,-0.362]],[[30.434,-0.363],[30.432,-0.361],[30.429,-0.365],[30.426,-0.363]],[[30.434,-0.363],[30.439,-0.366]],[[30.439,-0.366],[30.452,-0.382]],[[30.452,-0.382],[30.452,-0.382]],[[30.472,-0.357],[30.471,-0.373],[30.466,-0.386]],[[30.466,-0.386],[30.455,-0.396]],[[30.452,-0.382],[30.455,-0.383],[30.456,-0.387],[30.456,-0.389],[30.454,-0.388],[30.455,-0.396]],[[30.426,-0.363],[30.423,-0.364],[30.421,-0.361],[30.416,-0.361],[30.413,-0.359],[30.409,-0.361],[30.405,-0.36],[30.403,-0.362],[30.399,-0.361],[30.387,-0.368],[30.381,-0.367],[30.371,-0.374],[30.368,-0.38],[30.352,-0.389],[30.343,-0.398]],[[30.343,-0.398],[30.342,-0.401],[30.346,-0.406]],[[30.346,-0.406],[30.348,-0.406]],[[30.346,-0.406],[30.347,-0.407]],[[30.455,-0.396],[30.463,-0.414],[30.468,-0.418]],[[30.482,-0.421],[30.483,-0.421]],[[30.468,-0.418],[30.468,-0.418]],[[30.468,-0.418],[30.482,-0.421]],[[30.343,-0.398],[30.34,-0.406],[30.318,-0.413],[30.317,-0.417],[30.32,-0.422],[30.32,-0.433]],[[30.46,-0.435],[30.456,-0.439]],[[30.482,-0.421],[30.46,-0.435]],[[30.439,-0.366],[30.434,-0.373],[30.433,-0.37],[30.427,-0.369],[30.424,-0.376],[30.432,-0.39],[30.429,-0.404],[30.434,-0.415],[30.446,-0.423],[30.453,-0.425],[30.451,-0.433],[30.456,-0.439]],[[30.456,-0.439],[30.445,-0.447],[30.416,-0.461]],[[30.416,-0.461],[30.405,-0.464]],[[30.404,-0.444],[30.402,-0.449],[30.405,-0.464]],[[30.405,-0.464],[30.404,-0.467]],[[30.404,-0.467],[30.391,-0.495]],[[30.293,-0.486],[30.289,-0.49],[30.279,-0.493],[30.275,-0.501]],[[30.264,-0.497],[30.266,-0.5],[30.27,-0.499],[30.275,-0.501]],[[30.391,-0.495],[30.388,-0.503]],[[30.264,-0.497],[30.258,-0.503]],[[30.533,-0.003],[30.532,-0.006]],[[30.532,-0.003],[30.532,-0.006]],[[30.532,-0.006],[30.531,-0.012],[30.521,-0.02],[30.514,-0.033],[30.505,-0.037],[30.501,-0.042]],[[30.751,-0.064],[30.744,-0.069]],[[30.501,-0.083],[30.501,-0.087]],[[30.744,-0.069],[30.726,-0.081],[30.709,-0.083],[30.703,-0.089]],[[30.681,-0.096],[30.669,-0.095],[30.643,-0.097]],[[30.703,-0.089],[30.691,-0.097],[30.681,-0.096]],[[30.643,-0.097],[30.627,-0.098],[30.62,-0.107],[30.602,-0.109]],[[30.501,-0.104],[30.503,-0.114],[30.502,-0.129]],[[30.502,-0.129],[30.502,-0.13]],[[30.502,-0.13],[30.501,-0.131]],[[30.576,-0.121],[30.568,-0.13],[30.561,-0.134]],[[30.602,-0.109],[30.576,-0.121]],[[30.561,-0.134],[30.547,-0.134],[30.541,-0.137]],[[30.541,-0.137],[30.536,-0.137],[30.53,-0.133],[30.511,-0.134],[30.502,-0.13]],[[30.561,-0.134],[30.564,-0.15],[30.574,-0.16],[30.571,-0.163],[30.572,-0.174],[30.561,-0.183],[30.564,-0.192],[30.568,-0.195],[30.569,-0.2]],[[30.569,-0.2],[30.569,-0.207],[30.566,-0.213],[30.568,-0.221],[30.562,-0.226],[30.549,-0.224]],[[30.751,-0.25],[30.731,-0.246],[30.721,-0.248],[30.704,-0.248]],[[30.704,-0.248],[30.698,-0.253]],[[30.78,-0.003],[30.771,-0.023]],[[30.771,-0.023],[30.761,-0.037],[30.755,-0.057]],[[30.755,-0.057],[30.751,-0.064]],[[30.941,-0.125],[30.947,-0.146],[30.944,-0.156],[30.949,-0.166]],[[31.001,-0.126],[30.981,-0.16],[30.978,-0.163],[30.965,-0.163],[30.953,-0.177]],[[30.949,-0.166],[30.953,-0.177]],[[30.886,-0.206],[30.88,-0.207],[30.871,-0.204]],[[30.755,-0.057],[30.758,-0.058],[30.757,-0.066],[30.764,-0.079],[30.768,-0.081],[30.768,-0.09],[30.776,-0.102],[30.786,-0.126],[30.798,-0.15],[30.809,-0.151],[30.822,-0.17],[30.819,-0.176],[30.817,-0.192],[30.821,-0.198],[30.822,-0.208]],[[30.832,-0.209],[30.831,-0.21]],[[30.831,-0.21],[30.822,-0.208]],[[30.843,-0.208],[30.842,-0.211]],[[30.844,-0.209],[30.843,-0.211]],[[30.843,-0.211],[30.842,-0.211]],[[30.831,-0.21],[30.829,-0.211]],[[30.871,-0.204],[30.858,-0.2],[30.852,-0.21],[30.843,-0.211]],[[30.842,-0.211],[30.831,-0.21]],[[30.953,-0.177],[30.952,-0.184],[30.945,-0.194],[30.938,-0.212]],[[30.938,-0.212],[30.933,-0.213]],[[30.933,-0.213],[30.916,-0.204],[30.897,-0.204],[30.891,-0.207],[30.886,-0.206]],[[30.843,-0.211],[30.842,-0.213]],[[30.933,-0.213],[30.93,-0.217]],[[30.979,-0.226],[30.969,-0.222],[30.956,-0.212],[30.938,-0.212]],[[31.001,-0.224],[30.992,-0.229],[30.979,-0.226]],[[30.822,-0.208],[30.811,-0.209],[30.8,-0.22],[30.791,-0.226],[30.787,-0.235],[30.774,-0.238],[30.768,-0.234],[30.764,-0.235],[30.759,-0.24],[30.755,-0.249],[30.751,-0.25]],[[30.996,-0.253],[30.979,-0.226]],[[30.93,-0.217],[30.94,-0.244],[30.948,-0.253]],[[30.93,-0.217],[30.929,-0.222],[30.91,-0.241],[30.913,-0.253]],[[30.886,-0.206],[30.876,-0.22],[30.883,-0.233],[30.886,-0.253]],[[30.871,-0.204],[30.874,-0.222],[30.873,-0.243],[30.872,-0.247],[30.873,-0.253]],[[30.699,-0.253],[30.69,-0.259]],[[30.69,-0.259],[30.683,-0.271],[30.67,-0.281]],[[30.67,-0.281],[30.652,-0.282]],[[31.846,-0.181],[31.85,-0.184]],[[31.76,-0.185],[31.758,-0.171]],[[31.76,-0.186],[31.76,-0.185]],[[31.642,-0.343],[31.638,-0.344]],[[30.268,-0.872],[30.264,-0.871]],[[30.264,-0.871],[30.261,-0.873],[30.264,-0.871]],[[30.267,-0.874],[30.269,-0.877]],[[30.501,-0.892],[30.501,-0.897]],[[30.501,-0.926],[30.497,-0.929]],[[30.497,-0.929],[30.492,-0.928],[30.489,-0.924]],[[30.501,-0.932],[30.497,-0.929]],[[30.269,-0.877],[30.273,-0.885],[30.282,-0.887],[30.286,-0.891],[30.297,-0.896],[30.299,-0.936]],[[30.497,-0.929],[30.495,-0.937]],[[30.495,-0.937],[30.493,-0.94],[30.494,-0.945],[30.488,-0.95]],[[30.299,-0.936],[30.299,-0.949],[30.292,-0.962]],[[30.488,-0.95],[30.488,-0.957],[30.481,-0.966]],[[30.481,-0.966],[30.475,-0.973]],[[30.292,-0.962],[30.292,-0.971],[30.295,-0.974]],[[30.295,-0.974],[30.285,-0.975]],[[30.659,-0.615],[30.661,-0.618]],[[30.647,-0.616],[30.646,-0.618]],[[30.636,-0.611],[30.632,-0.618],[30.631,-0.61]],[[30.671,-0.637],[30.671,-0.637]],[[30.671,-0.637],[30.672,-0.639]],[[30.614,-0.636],[30.612,-0.639]],[[30.501,-0.822],[30.506,-0.828],[30.516,-0.83]],[[30.516,-0.83],[30.523,-0.833],[30.526,-0.843],[30.525,-0.852],[30.518,-0.862]],[[30.518,-0.862],[30.509,-0.869],[30.506,-0.878]],[[30.506,-0.878],[30.501,-0.892]],[[30.501,-0.896],[30.507,-0.916],[30.505,-0.924],[30.501,-0.926]],[[30.751,-0.948],[30.751,-0.969]],[[30.553,-0.988],[30.538,-0.987]],[[30.508,-0.982],[30.501,-0.98]],[[30.538,-0.987],[30.532,-0.988],[30.508,-0.982]],[[30.585,-1.011],[30.562,-0.99],[30.553,-0.988]],[[30.601,-1.018],[30.585,-1.011]],[[30.607,-1.021],[30.601,-1.018]],[[31.466,-0.87],[31.453,-0.875]],[[31.418,-0.975],[31.414,-0.973]],[[29.992,-1.258],[29.993,-1.259]],[[29.991,-1.259],[29.991,-1.26]],[[29.944,-1.258],[29.944,-1.261],[29.942,-1.261],[29.942,-1.265],[29.938,-1.265],[29.94,-1.267],[29.938,-1.269]],[[29.983,-1.268],[29.985,-1.27]],[[29.983,-1.27],[29.985,-1.27]],[[29.938,-1.269],[29.936,-1.27],[29.938,-1.269]],[[29.985,-1.27],[29.986,-1.271]],[[29.993,-1.265],[29.988,-1.271]],[[29.986,-1.271],[29.988,-1.271]],[[29.986,-1.271],[29.986,-1.274]],[[29.988,-1.271],[29.993,-1.274]],[[29.993,-1.278],[29.989,-1.282]],[[29.991,-1.282],[29.991,-1.282]],[[30.652,-0.282],[30.641,-0.286]],[[30.639,-0.253],[30.636,-0.274],[30.641,-0.286]],[[30.67,-0.281],[30.669,-0.288],[30.675,-0.294]],[[30.612,-0.294],[30.608,-0.293],[30.605,-0.297],[30.597,-0.298]],[[30.641,-0.286],[30.632,-0.293],[30.626,-0.294],[30.618,-0.292],[30.616,-0.297],[30.612,-0.294]],[[30.597,-0.298],[30.594,-0.299]],[[30.675,-0.294],[30.668,-0.315]],[[30.583,-0.32],[30.58,-0.322],[30.58,-0.326]],[[30.577,-0.33],[30.576,-0.33]],[[30.576,-0.33],[30.576,-0.332]],[[30.575,-0.333],[30.565,-0.334],[30.552,-0.35],[30.543,-0.355]],[[30.543,-0.355],[30.542,-0.356]],[[30.542,-0.356],[30.54,-0.357]],[[30.565,-0.383],[30.559,-0.383]],[[30.751,-0.393],[30.739,-0.392]],[[30.739,-0.392],[30.709,-0.391],[30.708,-0.408]],[[30.738,-0.41],[30.739,-0.392]],[[30.708,-0.408],[30.738,-0.41]],[[30.738,-0.418],[30.738,-0.41]],[[30.662,-0.33],[30.662,-0.339],[30.655,-0.367],[30.657,-0.382],[30.653,-0.396],[30.657,-0.42]],[[30.668,-0.315],[30.662,-0.33]],[[30.746,-0.423],[30.751,-0.418]],[[30.738,-0.418],[30.746,-0.423]],[[30.708,-0.408],[30.708,-0.424],[30.737,-0.423],[30.738,-0.418]],[[30.746,-0.423],[30.75,-0.426]],[[30.75,-0.426],[30.751,-0.427]],[[30.557,-0.431],[30.548,-0.432]],[[30.532,-0.433],[30.526,-0.428]],[[30.548,-0.432],[30.532,-0.433]],[[30.584,-0.436],[30.578,-0.432],[30.573,-0.436]],[[30.751,-0.436],[30.746,-0.437]],[[30.602,-0.439],[30.584,-0.436]],[[30.576,-0.438],[30.574,-0.439]],[[30.574,-0.439],[30.557,-0.431]],[[30.71,-0.44],[30.704,-0.443]],[[30.746,-0.437],[30.738,-0.438],[30.727,-0.436],[30.71,-0.44]],[[30.744,-0.446],[30.751,-0.436]],[[30.63,-0.452],[30.613,-0.446],[30.605,-0.439],[30.602,-0.439]],[[30.657,-0.42],[30.655,-0.454]],[[30.659,-0.453],[30.655,-0.454]],[[30.655,-0.454],[30.648,-0.455],[30.63,-0.452]],[[30.667,-0.458],[30.668,-0.454],[30.666,-0.451],[30.659,-0.453]],[[30.704,-0.443],[30.683,-0.451],[30.677,-0.456],[30.667,-0.458]],[[30.724,-0.461],[30.717,-0.454],[30.711,-0.453],[30.709,-0.449],[30.705,-0.447],[30.704,-0.443]],[[30.672,-0.464],[30.667,-0.458]],[[30.74,-0.457],[30.74,-0.457]],[[30.739,-0.464],[30.74,-0.46]],[[30.74,-0.457],[30.744,-0.446]],[[30.74,-0.46],[30.74,-0.457]],[[30.63,-0.452],[30.635,-0.465]],[[30.674,-0.466],[30.672,-0.464]],[[30.738,-0.48],[30.739,-0.464]],[[30.738,-0.48],[30.73,-0.479],[30.715,-0.473],[30.717,-0.466],[30.724,-0.461]],[[30.873,-0.253],[30.873,-0.254]],[[30.873,-0.254],[30.872,-0.256]],[[30.873,-0.254],[30.874,-0.256]],[[30.913,-0.253],[30.914,-0.258]],[[30.996,-0.253],[31.0,-0.259]],[[30.97,-0.262],[30.969,-0.257],[30.952,-0.256],[30.952,-0.253]],[[30.983,-0.253],[30.98,-0.262]],[[30.948,-0.253],[30.957,-0.263]],[[30.98,-0.262],[30.98,-0.274],[30.971,-0.274],[30.97,-0.262]],[[30.957,-0.263],[30.976,-0.283]],[[30.976,-0.283],[30.976,-0.283]],[[30.976,-0.283],[30.907,-0.288]],[[30.886,-0.253],[30.888,-0.262],[30.907,-0.288]],[[30.907,-0.288],[30.911,-0.302]],[[30.911,-0.302],[30.914,-0.316]],[[30.914,-0.316],[30.917,-0.336]],[[30.917,-0.336],[30.919,-0.355]],[[31.001,-0.355],[30.988,-0.356]],[[30.988,-0.356],[30.919,-0.355]],[[30.919,-0.355],[30.922,-0.382]],[[30.935,-0.383],[30.922,-0.382]],[[30.765,-0.383],[30.751,-0.382]],[[30.767,-0.383],[30.765,-0.383]],[[30.97,-0.383],[30.935,-0.383]],[[30.986,-0.384],[30.97,-0.383]],[[30.78,-0.385],[30.767,-0.383]],[[30.844,-0.386],[30.793,-0.387],[30.78,-0.385]],[[30.909,-0.388],[30.844,-0.386]],[[30.922,-0.388],[30.909,-0.388]],[[30.922,-0.382],[30.923,-0.388]],[[30.923,-0.388],[30.922,-0.388]],[[30.986,-0.384],[30.988,-0.409]],[[30.988,-0.409],[30.988,-0.41]],[[30.844,-0.386],[30.844,-0.416]],[[30.844,-0.416],[30.844,-0.417]],[[30.988,-0.41],[30.989,-0.42]],[[30.751,-0.437],[30.751,-0.436]],[[30.759,-0.438],[30.755,-0.439],[30.751,-0.437]],[[30.844,-0.417],[30.844,-0.44]],[[30.78,-0.385],[30.782,-0.406],[30.77,-0.417],[30.771,-0.44]],[[30.771,-0.44],[30.759,-0.438]],[[30.897,-0.442],[30.844,-0.44]],[[30.923,-0.388],[30.928,-0.443]],[[30.928,-0.443],[30.897,-0.442]],[[30.759,-0.438],[30.755,-0.444]],[[30.755,-0.444],[30.751,-0.442]],[[30.756,-0.445],[30.755,-0.444]],[[30.771,-0.44],[30.757,-0.462]],[[30.989,-0.42],[30.993,-0.464]],[[30.844,-0.44],[30.844,-0.47]],[[30.844,-0.47],[30.844,-0.47]],[[30.757,-0.462],[30.751,-0.473]],[[30.757,-0.462],[30.757,-0.462]],[[30.761,-0.465],[30.769,-0.473]],[[30.757,-0.462],[30.761,-0.465]],[[30.769,-0.473],[30.772,-0.473]],[[30.928,-0.443],[30.931,-0.474]],[[30.844,-0.47],[30.844,-0.479]],[[30.993,-0.464],[30.994,-0.485],[30.992,-0.49]],[[30.931,-0.474],[30.932,-0.492]],[[30.844,-0.479],[30.843,-0.49],[30.849,-0.497]],[[30.849,-0.497],[30.852,-0.498]],[[30.774,-0.478],[30.775,-0.478]],[[30.78,-0.483],[30.781,-0.5]],[[30.772,-0.473],[30.774,-0.478]],[[30.775,-0.478],[30.78,-0.483]],[[30.781,-0.5],[30.78,-0.503]],[[31.114,-0.016],[31.111,-0.012],[31.112,-0.003]],[[31.116,-0.018],[31.114,-0.016]],[[31.128,-0.02],[31.121,-0.022],[31.116,-0.018]],[[31.06,-0.081],[31.052,-0.077],[31.05,-0.084],[31.037,-0.098]],[[31.128,-0.02],[31.134,-0.031]],[[31.134,-0.031],[31.136,-0.036],[31.139,-0.069],[31.147,-0.118]],[[31.037,-0.098],[31.03,-0.106],[31.006,-0.119],[31.001,-0.128]],[[31.147,-0.118],[31.149,-0.123],[31.147,-0.155],[31.152,-0.198],[31.158,-0.223]],[[31.399,-0.009],[31.405,-0.006]],[[31.405,-0.006],[31.422,-0.017],[31.427,-0.023],[31.429,-0.034]],[[31.501,-0.007],[31.492,-0.023],[31.49,-0.035]],[[31.429,-0.034],[31.427,-0.054],[31.429,-0.062]],[[31.429,-0.062],[31.428,-0.063]],[[31.418,-0.062],[31.428,-0.063]],[[31.429,-0.062],[31.429,-0.063]],[[31.428,-0.063],[31.429,-0.063]],[[31.429,-0.063],[31.431,-0.065]],[[31.431,-0.065],[31.461,-0.082]],[[31.49,-0.035],[31.481,-0.051],[31.476,-0.071],[31.469,-0.079],[31.462,-0.083]],[[31.461,-0.082],[31.462,-0.083]],[[31.461,-0.082],[31.459,-0.086]],[[31.459,-0.086],[31.459,-0.087]],[[31.459,-0.087],[31.458,-0.089]],[[31.458,-0.089],[31.457,-0.09]],[[31.458,-0.089],[31.458,-0.091]],[[31.418,-0.062],[31.398,-0.102],[31.386,-0.108]],[[31.459,-0.086],[31.46,-0.108],[31.467,-0.131],[31.489,-0.183],[31.49,-0.194]],[[31.49,-0.194],[31.496,-0.209]],[[31.496,-0.209],[31.496,-0.214]],[[31.501,-0.226],[31.495,-0.228]],[[31.496,-0.214],[31.495,-0.228]],[[31.495,-0.228],[31.491,-0.241]],[[31.491,-0.241],[31.488,-0.241]],[[31.488,-0.241],[31.485,-0.242]],[[31.491,-0.241],[31.49,-0.242]],[[31.49,-0.242],[31.488,-0.241]],[[31.293,-0.183],[31.287,-0.198],[31.273,-0.222],[31.257,-0.243]],[[31.485,-0.242],[31.483,-0.243]],[[31.483,-0.243],[31.483,-0.243]],[[31.483,-0.243],[31.482,-0.243]],[[31.124,-0.274],[31.124,-0.276]],[[31.124,-0.276],[31.116,-0.271]],[[31.124,-0.277],[31.124,-0.276]],[[31.154,-0.282],[31.127,-0.279],[31.124,-0.277]],[[31.163,-0.286],[31.154,-0.282]],[[31.163,-0.286],[31.163,-0.286]],[[31.002,-0.261],[31.009,-0.266],[31.024,-0.269],[31.04,-0.298]],[[31.04,-0.298],[31.044,-0.31],[31.054,-0.323]],[[31.163,-0.286],[31.161,-0.305],[31.152,-0.32],[31.149,-0.344]],[[31.147,-0.344],[31.148,-0.344]],[[31.148,-0.344],[31.149,-0.344]],[[31.148,-0.344],[31.148,-0.347]],[[31.054,-0.323],[31.019,-0.342],[31.001,-0.355]],[[31.149,-0.344],[31.153,-0.354],[31.151,-0.377]],[[31.16,-0.376],[31.158,-0.378],[31.151,-0.377]],[[31.25,-0.378],[31.24,-0.38]],[[31.248,-0.379],[31.251,-0.382]],[[31.151,-0.377],[31.154,-0.406]],[[31.154,-0.406],[31.167,-0.431]],[[31.054,-0.323],[31.077,-0.334],[31.08,-0.339],[31.091,-0.358],[31.102,-0.397],[31.08,-0.44]],[[31.167,-0.431],[31.179,-0.446],[31.182,-0.455],[31.192,-0.468],[31.196,-0.469]],[[31.198,-0.469],[31.21,-0.48]],[[31.196,-0.469],[31.198,-0.469]],[[31.486,-0.278],[31.485,-0.279]],[[31.475,-0.317],[31.471,-0.333],[31.473,-0.34]],[[31.485,-0.279],[31.475,-0.317]],[[31.473,-0.34],[31.473,-0.342]],[[31.473,-0.342],[31.476,-0.352],[31.464,-0.369],[31.462,-0.376]],[[31.462,-0.376],[31.461,-0.389]],[[31.461,-0.389],[31.461,-0.39]],[[31.461,-0.39],[31.46,-0.392]],[[31.46,-0.392],[31.453,-0.401],[31.449,-0.409]],[[31.42,-0.409],[31.416,-0.41]],[[31.429,-0.413],[31.42,-0.409]],[[31.449,-0.409],[31.441,-0.415],[31.432,-0.411],[31.429,-0.413]],[[31.449,-0.409],[31.447,-0.416]],[[31.447,-0.416],[31.443,-0.435]],[[31.442,-0.437],[31.442,-0.437]],[[31.443,-0.435],[31.442,-0.437]],[[31.442,-0.437],[31.435,-0.441]],[[31.442,-0.437],[31.468,-0.451]],[[31.435,-0.441],[31.438,-0.449],[31.438,-0.456]],[[31.468,-0.451],[31.482,-0.459]],[[31.741,-0.01],[31.74,-0.027]],[[31.74,-0.027],[31.743,-0.033]],[[31.743,-0.033],[31.748,-0.063]],[[31.63,-0.086],[31.628,-0.087]],[[31.629,-0.085],[31.628,-0.087]],[[31.628,-0.087],[31.62,-0.095],[31.618,-0.107]],[[31.53,-0.107],[31.53,-0.107]],[[31.53,-0.107],[31.53,-0.108]],[[31.53,-0.108],[31.53,-0.107]],[[31.618,-0.107],[31.618,-0.109]],[[31.528,-0.109],[31.53,-0.107]],[[31.618,-0.109],[31.618,-0.109]],[[31.564,-0.131],[31.552,-0.124]],[[31.552,-0.124],[31.53,-0.108]],[[31.572,-0.134],[31.564,-0.131]],[[31.577,-0.136],[31.572,-0.134]],[[31.589,-0.142],[31.577,-0.136]],[[31.618,-0.109],[31.623,-0.121],[31.619,-0.148]],[[31.619,-0.148],[31.619,-0.149]],[[31.598,-0.152],[31.589,-0.142]],[[31.607,-0.156],[31.598,-0.152]],[[31.618,-0.167],[31.607,-0.156]],[[31.619,-0.149],[31.618,-0.167]],[[31.618,-0.167],[31.618,-0.167]],[[31.53,-0.108],[31.532,-0.117],[31.528,-0.125],[31.526,-0.161],[31.522,-0.175]],[[31.625,-0.179],[31.618,-0.167]],[[31.632,-0.184],[31.625,-0.179]],[[31.64,-0.186],[31.632,-0.184]],[[31.657,-0.186],[31.64,-0.186]],[[31.522,-0.175],[31.516,-0.181],[31.512,-0.188]],[[31.671,-0.19],[31.657,-0.186]],[[31.682,-0.196],[31.671,-0.19]],[[31.682,-0.196],[31.674,-0.198]],[[31.671,-0.19],[31.674,-0.198]],[[31.686,-0.197],[31.687,-0.2]],[[31.687,-0.2],[31.682,-0.196]],[[31.692,-0.203],[31.687,-0.2]],[[31.694,-0.205],[31.692,-0.203]],[[31.747,-0.206],[31.744,-0.21]],[[31.744,-0.21],[31.743,-0.21]],[[31.674,-0.198],[31.678,-0.217]],[[31.678,-0.217],[31.678,-0.219]],[[31.743,-0.21],[31.741,-0.222]],[[31.741,-0.222],[31.745,-0.227]],[[31.745,-0.227],[31.742,-0.225],[31.738,-0.227]],[[31.741,-0.222],[31.738,-0.227]],[[31.747,-0.228],[31.745,-0.227]],[[31.714,-0.228],[31.7,-0.218],[31.694,-0.205]],[[31.735,-0.228],[31.735,-0.229]],[[31.738,-0.227],[31.736,-0.229]],[[31.736,-0.229],[31.735,-0.229]],[[31.751,-0.23],[31.75,-0.23]],[[31.75,-0.23],[31.747,-0.228]],[[31.738,-0.227],[31.737,-0.231]],[[31.737,-0.231],[31.736,-0.229]],[[31.716,-0.231],[31.714,-0.228]],[[31.735,-0.229],[31.735,-0.231]],[[31.735,-0.229],[31.725,-0.228],[31.716,-0.231]],[[31.737,-0.232],[31.737,-0.231]],[[31.739,-0.237],[31.737,-0.232]],[[31.678,-0.219],[31.676,-0.227],[31.68,-0.239]],[[31.563,-0.244],[31.556,-0.247]],[[31.556,-0.247],[31.541,-0.246],[31.522,-0.248]],[[31.759,-0.102],[31.754,-0.084]],[[31.759,-0.109],[31.759,-0.102]],[[31.758,-0.115],[31.759,-0.109]],[[31.759,-0.126],[31.758,-0.115]],[[31.759,-0.134],[31.759,-0.126]],[[31.757,-0.144],[31.759,-0.134]],[[31.787,-0.169],[31.793,-0.164],[31.805,-0.166],[31.808,-0.168]],[[31.758,-0.171],[31.755,-0.16],[31.757,-0.144]],[[31.758,-0.171],[31.758,-0.171]],[[31.77,-0.171],[31.779,-0.172],[31.787,-0.169]],[[31.758,-0.171],[31.77,-0.171]],[[31.808,-0.168],[31.813,-0.17],[31.821,-0.167],[31.827,-0.173],[31.836,-0.176]],[[31.836,-0.176],[31.846,-0.181]],[[31.844,-0.204],[31.851,-0.213],[31.855,-0.225]],[[31.761,-0.236],[31.765,-0.236]],[[31.753,-0.235],[31.756,-0.238],[31.761,-0.236]],[[31.855,-0.225],[31.855,-0.247]],[[31.765,-0.236],[31.777,-0.241],[31.781,-0.25]],[[31.781,-0.25],[31.785,-0.253]],[[31.621,-0.253],[31.63,-0.261]],[[31.581,-0.262],[31.581,-0.262]],[[31.63,-0.261],[31.628,-0.262]],[[31.635,-0.253],[31.633,-0.257],[31.638,-0.262]],[[31.63,-0.261],[31.638,-0.262]],[[31.559,-0.253],[31.557,-0.265]],[[31.592,-0.265],[31.587,-0.264]],[[31.587,-0.264],[31.581,-0.262]],[[31.601,-0.264],[31.592,-0.265]],[[31.628,-0.262],[31.623,-0.264],[31.614,-0.263],[31.609,-0.266],[31.601,-0.264]],[[31.653,-0.253],[31.651,-0.264],[31.648,-0.269]],[[31.638,-0.262],[31.643,-0.264],[31.648,-0.269]],[[31.696,-0.253],[31.698,-0.26],[31.695,-0.266],[31.695,-0.276]],[[31.695,-0.276],[31.689,-0.277],[31.681,-0.282]],[[31.648,-0.269],[31.638,-0.285]],[[31.614,-0.288],[31.634,-0.283],[31.638,-0.285]],[[31.614,-0.288],[31.607,-0.285]],[[31.681,-0.282],[31.681,-0.288]],[[31.638,-0.285],[31.641,-0.288]],[[31.648,-0.269],[31.666,-0.292]],[[31.557,-0.265],[31.555,-0.281],[31.562,-0.293]],[[31.608,-0.294],[31.614,-0.288]],[[31.607,-0.285],[31.605,-0.291],[31.608,-0.294]],[[31.681,-0.288],[31.683,-0.292],[31.682,-0.294]],[[31.666,-0.292],[31.667,-0.295]],[[31.562,-0.293],[31.562,-0.295]],[[31.581,-0.262],[31.588,-0.289],[31.586,-0.297]],[[31.723,-0.282],[31.723,-0.286],[31.731,-0.298]],[[31.667,-0.295],[31.662,-0.3]],[[31.641,-0.288],[31.647,-0.291],[31.653,-0.289],[31.662,-0.3]],[[31.662,-0.3],[31.662,-0.303]],[[31.662,-0.303],[31.664,-0.313]],[[31.608,-0.294],[31.61,-0.306],[31.616,-0.313]],[[31.731,-0.298],[31.737,-0.302],[31.74,-0.314]],[[31.74,-0.314],[31.74,-0.314]],[[31.74,-0.314],[31.74,-0.314]],[[31.74,-0.314],[31.74,-0.314]],[[31.74,-0.314],[31.738,-0.315]],[[31.74,-0.314],[31.744,-0.315]],[[31.562,-0.295],[31.559,-0.316]],[[31.682,-0.294],[31.68,-0.299],[31.684,-0.305],[31.682,-0.317]],[[31.667,-0.295],[31.676,-0.312],[31.682,-0.317]],[[31.682,-0.317],[31.684,-0.321]],[[31.616,-0.313],[31.618,-0.315],[31.65,-0.321]],[[31.684,-0.321],[31.691,-0.323]],[[31.586,-0.297],[31.577,-0.315],[31.569,-0.316],[31.561,-0.323]],[[31.559,-0.316],[31.562,-0.319],[31.561,-0.323]],[[31.684,-0.321],[31.675,-0.323],[31.675,-0.326]],[[31.664,-0.313],[31.667,-0.323],[31.675,-0.326]],[[31.675,-0.326],[31.675,-0.326]],[[31.738,-0.33],[31.74,-0.314]],[[31.547,-0.33],[31.547,-0.32]],[[31.547,-0.32],[31.544,-0.309]],[[31.691,-0.323],[31.709,-0.336]],[[31.711,-0.336],[31.71,-0.336]],[[31.71,-0.336],[31.709,-0.336]],[[31.675,-0.326],[31.681,-0.331],[31.686,-0.33],[31.691,-0.337]],[[31.561,-0.324],[31.554,-0.337]],[[31.561,-0.323],[31.561,-0.324]],[[31.71,-0.336],[31.709,-0.338]],[[31.709,-0.336],[31.709,-0.338]],[[31.65,-0.321],[31.65,-0.338]],[[31.709,-0.338],[31.709,-0.339]],[[31.643,-0.341],[31.642,-0.343]],[[31.592,-0.347],[31.589,-0.352]],[[31.554,-0.337],[31.551,-0.347],[31.553,-0.353]],[[31.709,-0.339],[31.707,-0.344],[31.697,-0.353]],[[31.697,-0.353],[31.691,-0.361]],[[31.589,-0.352],[31.591,-0.362]],[[31.658,-0.365],[31.642,-0.363]],[[31.663,-0.366],[31.658,-0.365]],[[31.668,-0.367],[31.663,-0.366]],[[31.691,-0.361],[31.668,-0.367]],[[31.642,-0.363],[31.635,-0.367],[31.624,-0.364],[31.607,-0.367]],[[31.751,-0.368],[31.751,-0.375]],[[31.751,-0.375],[31.75,-0.376]],[[31.547,-0.357],[31.547,-0.365],[31.543,-0.368],[31.538,-0.381]],[[31.53,-0.37],[31.538,-0.381]],[[31.538,-0.381],[31.541,-0.386]],[[31.663,-0.366],[31.657,-0.381],[31.647,-0.387],[31.64,-0.387]],[[31.715,-0.374],[31.718,-0.38],[31.714,-0.388]],[[31.554,-0.353],[31.555,-0.38],[31.554,-0.388]],[[31.554,-0.388],[31.541,-0.386]],[[31.75,-0.376],[31.751,-0.39]],[[31.64,-0.387],[31.634,-0.392]],[[31.634,-0.392],[31.63,-0.393]],[[31.591,-0.362],[31.601,-0.373],[31.613,-0.382],[31.626,-0.388],[31.63,-0.393]],[[31.63,-0.393],[31.632,-0.394]],[[31.632,-0.394],[31.634,-0.392]],[[31.608,-0.395],[31.597,-0.396]],[[31.63,-0.393],[31.618,-0.396],[31.608,-0.395]],[[31.597,-0.396],[31.578,-0.398]],[[31.632,-0.394],[31.636,-0.399]],[[31.541,-0.386],[31.54,-0.398],[31.542,-0.404]],[[31.636,-0.399],[31.664,-0.411]],[[31.714,-0.388],[31.715,-0.413]],[[31.521,-0.373],[31.521,-0.397],[31.513,-0.415]],[[31.578,-0.398],[31.554,-0.415]],[[31.664,-0.411],[31.674,-0.418]],[[31.616,-0.421],[31.615,-0.419]],[[31.554,-0.415],[31.54,-0.425]],[[31.542,-0.404],[31.54,-0.425]],[[31.54,-0.425],[31.536,-0.431]],[[31.751,-0.436],[31.749,-0.436]],[[31.749,-0.436],[31.745,-0.433],[31.73,-0.431]],[[31.662,-0.436],[31.658,-0.437],[31.647,-0.432],[31.634,-0.432],[31.616,-0.421]],[[31.73,-0.431],[31.724,-0.44],[31.714,-0.447]],[[31.715,-0.413],[31.714,-0.424],[31.711,-0.426],[31.706,-0.438],[31.71,-0.448]],[[31.714,-0.447],[31.71,-0.448]],[[31.71,-0.448],[31.71,-0.448]],[[31.536,-0.431],[31.527,-0.449]],[[31.71,-0.448],[31.698,-0.447],[31.689,-0.449]],[[31.527,-0.449],[31.527,-0.451]],[[31.689,-0.449],[31.672,-0.457]],[[31.672,-0.457],[31.667,-0.459]],[[31.668,-0.447],[31.666,-0.452],[31.662,-0.456]],[[31.662,-0.456],[31.656,-0.464]],[[31.668,-0.473],[31.668,-0.474]],[[31.666,-0.471],[31.668,-0.473]],[[31.656,-0.464],[31.663,-0.475]],[[31.535,-0.475],[31.535,-0.475]],[[31.527,-0.451],[31.515,-0.477]],[[31.513,-0.476],[31.515,-0.477]],[[31.535,-0.475],[31.535,-0.477]],[[31.535,-0.477],[31.534,-0.477]],[[31.527,-0.451],[31.532,-0.474],[31.534,-0.477]],[[31.74,-0.475],[31.738,-0.481]],[[31.534,-0.477],[31.531,-0.485]],[[31.515,-0.477],[31.523,-0.483],[31.531,-0.485]],[[31.534,-0.477],[31.541,-0.487]],[[31.531,-0.485],[31.541,-0.487]],[[31.602,-0.481],[31.598,-0.483],[31.592,-0.5]],[[31.668,-0.474],[31.674,-0.495],[31.677,-0.5],[31.689,-0.502]],[[31.785,-0.253],[31.789,-0.256],[31.793,-0.272],[31.798,-0.279]],[[31.798,-0.279],[31.805,-0.284]],[[31.819,-0.285],[31.806,-0.288]],[[31.805,-0.284],[31.806,-0.288]],[[31.806,-0.288],[31.807,-0.29]],[[31.807,-0.29],[31.805,-0.301]],[[31.805,-0.301],[31.805,-0.304]],[[31.805,-0.301],[31.79,-0.3],[31.776,-0.306]],[[31.751,-0.297],[31.757,-0.309]],[[31.764,-0.309],[31.757,-0.309]],[[31.845,-0.309],[31.843,-0.31]],[[31.843,-0.31],[31.839,-0.31]],[[31.882,-0.304],[31.873,-0.313],[31.868,-0.312]],[[31.859,-0.314],[31.85,-0.309],[31.845,-0.309]],[[31.868,-0.312],[31.859,-0.314]],[[31.96,-0.315],[31.924,-0.303],[31.915,-0.297],[31.897,-0.3],[31.887,-0.305],[31.882,-0.304]],[[31.805,-0.304],[31.812,-0.317]],[[31.757,-0.309],[31.76,-0.317]],[[31.976,-0.316],[31.967,-0.317],[31.96,-0.315]],[[31.813,-0.317],[31.812,-0.317]],[[31.76,-0.317],[31.76,-0.319]],[[31.812,-0.317],[31.81,-0.32],[31.804,-0.319],[31.801,-0.322]],[[31.839,-0.31],[31.826,-0.312],[31.815,-0.322]],[[31.815,-0.322],[31.813,-0.317]],[[31.76,-0.319],[31.761,-0.324]],[[31.765,-0.325],[31.761,-0.324]],[[31.761,-0.324],[31.754,-0.325]],[[31.761,-0.324],[31.761,-0.331]],[[31.801,-0.322],[31.787,-0.331]],[[31.76,-0.331],[31.753,-0.33],[31.752,-0.327]],[[31.761,-0.331],[31.76,-0.331]],[[31.787,-0.331],[31.78,-0.332],[31.774,-0.325],[31.765,-0.325]],[[31.815,-0.322],[31.815,-0.333],[31.821,-0.342],[31.821,-0.35]],[[31.76,-0.331],[31.763,-0.339],[31.754,-0.348],[31.753,-0.359],[31.751,-0.362]],[[31.821,-0.35],[31.81,-0.363],[31.796,-0.362]],[[31.751,-0.368],[31.754,-0.37]],[[31.754,-0.37],[31.755,-0.376]],[[31.796,-0.362],[31.792,-0.381],[31.79,-0.381]],[[31.79,-0.381],[31.783,-0.384]],[[31.755,-0.376],[31.758,-0.379],[31.764,-0.379],[31.768,-0.382],[31.78,-0.38],[31.783,-0.384]],[[31.783,-0.384],[31.783,-0.385]],[[31.783,-0.385],[31.79,-0.398],[31.79,-0.406]],[[31.79,-0.406],[31.793,-0.414]],[[31.793,-0.414],[31.781,-0.431]],[[31.781,-0.431],[31.779,-0.433]],[[31.779,-0.433],[31.768,-0.431]],[[31.779,-0.433],[31.774,-0.438]],[[31.774,-0.438],[31.771,-0.444]],[[31.771,-0.444],[31.764,-0.449],[31.756,-0.459]],[[31.756,-0.459],[31.755,-0.46]],[[32.015,-0.003],[32.015,-0.003]],[[32.015,-0.003],[32.014,-0.004]],[[32.021,-0.003],[32.024,-0.007],[32.031,-0.006],[32.031,-0.013]],[[32.097,-0.011],[32.081,-0.027]],[[32.081,-0.027],[32.083,-0.03]],[[29.724,-0.574],[29.735,-0.559],[29.751,-0.547]],[[29.718,-0.587],[29.719,-0.581],[29.724,-0.574]],[[29.718,-0.587],[29.711,-0.599],[29.695,-0.644],[29.67,-0.678]],[[29.751,-0.692],[29.749,-0.693]],[[29.749,-0.69],[29.749,-0.693]],[[29.751,-0.695],[29.751,-0.697]],[[29.67,-0.678],[29.665,-0.707],[29.669,-0.713],[29.671,-0.714]],[[29.671,-0.714],[29.666,-0.726]],[[29.72,-0.702],[29.712,-0.722],[29.697,-0.735]],[[29.671,-0.714],[29.678,-0.715],[29.69,-0.724],[29.697,-0.735]],[[29.697,-0.735],[29.7,-0.746]],[[29.749,-0.693],[29.745,-0.703],[29.747,-0.721],[29.742,-0.744],[29.747,-0.753]],[[29.7,-0.746],[29.705,-0.753]],[[29.7,-0.746],[29.698,-0.753]],[[29.67,-0.678],[29.627,-0.727]],[[29.928,-0.503],[29.92,-0.503]],[[29.785,-0.503],[29.78,-0.506],[29.776,-0.514]],[[29.776,-0.514],[29.761,-0.539],[29.751,-0.547]],[[29.972,-0.565],[29.966,-0.568]],[[29.941,-0.503],[29.945,-0.508],[29.958,-0.513],[29.961,-0.518],[29.952,-0.521],[29.949,-0.526],[29.949,-0.53],[29.953,-0.533],[29.946,-0.544],[29.945,-0.552],[29.951,-0.555],[29.953,-0.559],[29.948,-0.569],[29.951,-0.57],[29.96,-0.567],[29.966,-0.568]],[[29.966,-0.568],[29.959,-0.579],[29.962,-0.587],[29.959,-0.593],[29.963,-0.6]],[[29.963,-0.6],[29.961,-0.605],[29.962,-0.608],[29.959,-0.612]],[[29.998,-0.626],[29.994,-0.625]],[[29.994,-0.625],[29.989,-0.626]],[[29.989,-0.626],[29.977,-0.636]],[[29.959,-0.612],[29.953,-0.611],[29.948,-0.615],[29.945,-0.623],[29.945,-0.628],[29.952,-0.631],[29.954,-0.635],[29.966,-0.631],[29.977,-0.636]],[[29.802,-0.503],[29.803,-0.509],[29.795,-0.532],[29.797,-0.562],[29.795,-0.565],[29.791,-0.567],[29.788,-0.574],[29.794,-0.584],[29.798,-0.583],[29.804,-0.588],[29.803,-0.595],[29.805,-0.598],[29.811,-0.598],[29.833,-0.618],[29.841,-0.644],[29.845,-0.648]],[[29.977,-0.636],[29.974,-0.643],[29.956,-0.654]],[[29.845,-0.648],[29.855,-0.653],[29.86,-0.652],[29.865,-0.665],[29.868,-0.665]],[[29.956,-0.654],[29.948,-0.655]],[[29.948,-0.655],[29.939,-0.663],[29.941,-0.669],[29.939,-0.677]],[[29.939,-0.677],[29.924,-0.678],[29.92,-0.681],[29.914,-0.681],[29.883,-0.671],[29.875,-0.663],[29.871,-0.662],[29.868,-0.665]],[[29.751,-0.692],[29.751,-0.695]],[[29.845,-0.648],[29.835,-0.654],[29.827,-0.656],[29.819,-0.665],[29.814,-0.666],[29.814,-0.676],[29.807,-0.679],[29.806,-0.686],[29.801,-0.684]],[[29.801,-0.684],[29.793,-0.686],[29.791,-0.685],[29.786,-0.69],[29.778,-0.691],[29.767,-0.704]],[[29.751,-0.697],[29.751,-0.699],[29.754,-0.696],[29.755,-0.7],[29.764,-0.699],[29.767,-0.704]],[[29.868,-0.665],[29.853,-0.704],[29.854,-0.719]],[[29.854,-0.719],[29.854,-0.725]],[[30.001,-0.702],[29.989,-0.712]],[[29.989,-0.712],[29.979,-0.728]],[[29.854,-0.725],[29.848,-0.735],[29.85,-0.742],[29.848,-0.743]],[[29.979,-0.728],[29.986,-0.74],[29.99,-0.742],[29.99,-0.753]],[[29.939,-0.677],[29.947,-0.682],[29.951,-0.69],[29.946,-0.694],[29.949,-0.704],[29.946,-0.712],[29.949,-0.716],[29.945,-0.724],[29.947,-0.724],[29.948,-0.727],[29.942,-0.736],[29.931,-0.736],[29.929,-0.753]],[[29.748,-0.757],[29.747,-0.753]],[[29.706,-0.753],[29.715,-0.759],[29.718,-0.765],[29.725,-0.765],[29.733,-0.756],[29.748,-0.757]],[[29.71,-0.828],[29.706,-0.81],[29.699,-0.791],[29.7,-0.78],[29.695,-0.761],[29.696,-0.753]],[[29.727,-0.853],[29.726,-0.844],[29.722,-0.836],[29.715,-0.827],[29.714,-0.83],[29.71,-0.828]],[[29.737,-0.858],[29.727,-0.853]],[[29.639,-0.876],[29.643,-0.861],[29.639,-0.857],[29.642,-0.845],[29.64,-0.84],[29.657,-0.842],[29.661,-0.837],[29.673,-0.835],[29.682,-0.837],[29.701,-0.827],[29.71,-0.828]],[[29.639,-0.876],[29.637,-0.891],[29.639,-0.899],[29.644,-0.906]],[[29.669,-0.93],[29.666,-0.923],[29.674,-0.913],[29.668,-0.894],[29.663,-0.889],[29.659,-0.891],[29.656,-0.889],[29.652,-0.883],[29.65,-0.875],[29.645,-0.877],[29.639,-0.876]],[[29.644,-0.906],[29.649,-0.911],[29.651,-0.924],[29.654,-0.928],[29.658,-0.932],[29.669,-0.93]],[[29.613,-0.971],[29.614,-0.955],[29.618,-0.948],[29.613,-0.938],[29.61,-0.937],[29.608,-0.924],[29.61,-0.916],[29.62,-0.912],[29.626,-0.913],[29.627,-0.917],[29.636,-0.911],[29.637,-0.907],[29.644,-0.906]],[[29.697,-0.987],[29.701,-0.982],[29.701,-0.976],[29.705,-0.976],[29.71,-0.981],[29.712,-0.98]],[[29.697,-0.987],[29.695,-0.99],[29.697,-0.992],[29.691,-0.994],[29.688,-0.981],[29.689,-0.976],[29.685,-0.966],[29.678,-0.962],[29.679,-0.956],[29.675,-0.948],[29.677,-0.945],[29.675,-0.942],[29.676,-0.936],[29.669,-0.93]],[[29.74,-1.003],[29.741,-1.0],[29.74,-1.002],[29.731,-1.003]],[[29.722,-1.003],[29.715,-1.001],[29.712,-0.995],[29.703,-0.994],[29.697,-0.987]],[[29.928,-0.753],[29.93,-0.76],[29.924,-0.774]],[[29.754,-0.781],[29.755,-0.782]],[[29.754,-0.781],[29.753,-0.782]],[[29.753,-0.782],[29.751,-0.783]],[[29.753,-0.782],[29.752,-0.784]],[[29.924,-0.774],[29.922,-0.778],[29.926,-0.792]],[[29.926,-0.792],[29.923,-0.791]],[[29.923,-0.791],[29.921,-0.791],[29.918,-0.795]],[[29.918,-0.795],[29.914,-0.797]],[[29.918,-0.795],[29.914,-0.798],[29.907,-0.796],[29.896,-0.788]],[[29.925,-0.793],[29.923,-0.798]],[[29.896,-0.788],[29.889,-0.797],[29.881,-0.796],[29.878,-0.799]],[[29.928,-0.8],[29.931,-0.8]],[[29.878,-0.799],[29.875,-0.798],[29.872,-0.8],[29.864,-0.797],[29.846,-0.797]],[[29.931,-0.8],[29.93,-0.803]],[[29.846,-0.797],[29.842,-0.797],[29.841,-0.804],[29.836,-0.805],[29.832,-0.809],[29.832,-0.8],[29.83,-0.801],[29.824,-0.794],[29.823,-0.784]],[[29.823,-0.784],[29.819,-0.759],[29.815,-0.764],[29.815,-0.772],[29.811,-0.774]],[[29.811,-0.774],[29.803,-0.787],[29.805,-0.808],[29.799,-0.817]],[[29.755,-0.782],[29.769,-0.791],[29.776,-0.804],[29.783,-0.807],[29.791,-0.807],[29.799,-0.817]],[[29.799,-0.817],[29.802,-0.819]],[[29.802,-0.819],[29.802,-0.822],[29.805,-0.823],[29.804,-0.831],[29.808,-0.837],[29.808,-0.843],[29.812,-0.849],[29.815,-0.85],[29.812,-0.854],[29.814,-0.862],[29.82,-0.869],[29.819,-0.873],[29.822,-0.881],[29.817,-0.882],[29.819,-0.89]],[[29.802,-0.819],[29.797,-0.824],[29.786,-0.825],[29.786,-0.83],[29.778,-0.83],[29.779,-0.836],[29.776,-0.837],[29.775,-0.842],[29.779,-0.847],[29.773,-0.85],[29.776,-0.855],[29.777,-0.866],[29.782,-0.876],[29.777,-0.884],[29.779,-0.889],[29.777,-0.894]],[[29.777,-0.894],[29.775,-0.897]],[[29.777,-0.894],[29.78,-0.897],[29.783,-0.894],[29.793,-0.891],[29.796,-0.892],[29.797,-0.889],[29.817,-0.887],[29.819,-0.89]],[[29.775,-0.897],[29.776,-0.9],[29.774,-0.902]],[[29.911,-0.938],[29.907,-0.937],[29.899,-0.946]],[[29.855,-0.915],[29.857,-0.919],[29.866,-0.922],[29.875,-0.93],[29.874,-0.942],[29.881,-0.937],[29.886,-0.943],[29.897,-0.942],[29.897,-0.947],[29.899,-0.946]],[[29.819,-0.89],[29.832,-0.901],[29.832,-0.909],[29.835,-0.913],[29.833,-0.916],[29.844,-0.916],[29.849,-0.918],[29.851,-0.915],[29.849,-0.914],[29.853,-0.912],[29.855,-0.915]],[[29.899,-0.946],[29.905,-0.96]],[[29.909,-0.959],[29.908,-0.96]],[[29.908,-0.96],[29.908,-0.96]],[[29.908,-0.96],[29.908,-0.96]],[[29.908,-0.96],[29.907,-0.962],[29.905,-0.96]],[[29.908,-0.96],[29.908,-0.966]],[[29.943,-0.903],[29.946,-0.903],[29.947,-0.91],[29.95,-0.909],[29.951,-0.912],[29.96,-0.914],[29.961,-0.921],[29.969,-0.922],[29.977,-0.931],[29.977,-0.936],[29.969,-0.942],[29.969,-0.947],[29.971,-0.95],[29.979,-0.947],[29.984,-0.948],[29.986,-0.953],[29.98,-0.968],[29.986,-0.982],[29.982,-0.992],[29.984,-0.997]],[[29.984,-0.997],[29.985,-0.998]],[[29.985,-0.998],[29.984,-0.999]],[[29.984,-0.997],[29.984,-0.999]],[[29.993,-0.998],[29.985,-0.998]],[[29.984,-0.999],[29.973,-1.0],[29.962,-0.998],[29.952,-1.0],[29.946,-0.999],[29.944,-0.995],[29.941,-1.001]],[[30.034,-0.517],[30.03,-0.525],[30.02,-0.521]],[[30.251,-0.51],[30.244,-0.516],[30.24,-0.524],[30.235,-0.525]],[[30.089,-0.537],[30.076,-0.534],[30.069,-0.539],[30.061,-0.53],[30.043,-0.528],[30.039,-0.519],[30.034,-0.517]],[[30.091,-0.539],[30.089,-0.537]],[[30.2,-0.542],[30.199,-0.543]],[[30.196,-0.542],[30.199,-0.543]],[[30.124,-0.538],[30.114,-0.539],[30.106,-0.544],[30.091,-0.539]],[[30.235,-0.525],[30.229,-0.535],[30.221,-0.542],[30.219,-0.549]],[[30.199,-0.543],[30.198,-0.552],[30.192,-0.564],[30.196,-0.576]],[[30.139,-0.545],[30.134,-0.561],[30.139,-0.575],[30.133,-0.586]],[[30.196,-0.576],[30.198,-0.582],[30.192,-0.586],[30.191,-0.59],[30.185,-0.593]],[[30.185,-0.593],[30.176,-0.593]],[[30.133,-0.586],[30.122,-0.591],[30.118,-0.591],[30.109,-0.599],[30.106,-0.597],[30.103,-0.599]],[[30.133,-0.586],[30.138,-0.597],[30.143,-0.598],[30.147,-0.603]],[[30.176,-0.593],[30.17,-0.596],[30.166,-0.603],[30.15,-0.605]],[[30.147,-0.603],[30.15,-0.605]],[[30.053,-0.611],[30.052,-0.613]],[[30.103,-0.599],[30.095,-0.607],[30.081,-0.615]],[[30.081,-0.615],[30.073,-0.615]],[[30.073,-0.615],[30.065,-0.616],[30.058,-0.613],[30.052,-0.613]],[[30.052,-0.613],[30.045,-0.619],[30.044,-0.627]],[[30.044,-0.627],[30.037,-0.628],[30.029,-0.623]],[[30.251,-0.636],[30.242,-0.633],[30.226,-0.635]],[[30.226,-0.635],[30.223,-0.636]],[[30.223,-0.636],[30.219,-0.637]],[[30.039,-0.641],[30.044,-0.627]],[[30.219,-0.637],[30.187,-0.654],[30.163,-0.661],[30.155,-0.674]],[[30.15,-0.605],[30.149,-0.63],[30.153,-0.634],[30.151,-0.643],[30.153,-0.651],[30.15,-0.662],[30.155,-0.674]],[[30.155,-0.674],[30.155,-0.674]],[[30.155,-0.674],[30.133,-0.675]],[[30.156,-0.676],[30.155,-0.674]],[[30.155,-0.674],[30.152,-0.675],[30.151,-0.679]],[[30.155,-0.674],[30.157,-0.68],[30.161,-0.678]],[[30.133,-0.675],[30.125,-0.675],[30.108,-0.684],[30.094,-0.688]],[[30.094,-0.688],[30.067,-0.682],[30.055,-0.687],[30.042,-0.685],[30.034,-0.691]],[[30.027,-0.692],[30.023,-0.685],[30.031,-0.675],[30.029,-0.657],[30.039,-0.641]],[[30.161,-0.678],[30.169,-0.692]],[[30.029,-0.693],[30.027,-0.692]],[[30.034,-0.691],[30.029,-0.693]],[[30.169,-0.692],[30.166,-0.705],[30.161,-0.707],[30.16,-0.71],[30.159,-0.717],[30.171,-0.732]],[[30.39,-0.503],[30.39,-0.503]],[[30.258,-0.503],[30.256,-0.509],[30.251,-0.51]],[[30.278,-0.557],[30.27,-0.565],[30.264,-0.58]],[[30.383,-0.567],[30.378,-0.58]],[[30.378,-0.58],[30.36,-0.595]],[[30.36,-0.595],[30.364,-0.597]],[[30.364,-0.597],[30.363,-0.598]],[[30.363,-0.598],[30.361,-0.598]],[[30.264,-0.58],[30.26,-0.583],[30.26,-0.594],[30.255,-0.601]],[[30.36,-0.595],[30.348,-0.601]],[[30.363,-0.598],[30.365,-0.609],[30.362,-0.615]],[[30.348,-0.601],[30.338,-0.603],[30.312,-0.62]],[[30.312,-0.62],[30.3,-0.619],[30.29,-0.623],[30.283,-0.622],[30.262,-0.635]],[[30.255,-0.601],[30.261,-0.604],[30.259,-0.615],[30.253,-0.621],[30.256,-0.627],[30.255,-0.635]],[[30.255,-0.635],[30.253,-0.636]],[[30.253,-0.636],[30.251,-0.635]],[[30.262,-0.635],[30.255,-0.635]],[[30.362,-0.615],[30.355,-0.63],[30.343,-0.645]],[[30.343,-0.645],[30.34,-0.647]],[[30.487,-0.649],[30.481,-0.655]],[[30.481,-0.655],[30.475,-0.654],[30.465,-0.659]],[[30.456,-0.661],[30.45,-0.662],[30.447,-0.667]],[[30.253,-0.636],[30.256,-0.644],[30.254,-0.651],[30.257,-0.662],[30.268,-0.668],[30.277,-0.677]],[[30.443,-0.669],[30.431,-0.67],[30.413,-0.679]],[[30.277,-0.677],[30.288,-0.679],[30.3,-0.686],[30.302,-0.689]],[[30.34,-0.647],[30.339,-0.654],[30.334,-0.663],[30.313,-0.682],[30.309,-0.691]],[[30.302,-0.689],[30.309,-0.691]],[[30.309,-0.691],[30.312,-0.697],[30.326,-0.695],[30.349,-0.7],[30.365,-0.698]],[[30.365,-0.698],[30.374,-0.707]],[[30.374,-0.707],[30.374,-0.715],[30.358,-0.719],[30.353,-0.725]],[[30.351,-0.723],[30.353,-0.725]],[[30.353,-0.725],[30.353,-0.73]],[[30.501,-0.734],[30.479,-0.721],[30.468,-0.721],[30.462,-0.717],[30.453,-0.716],[30.45,-0.712],[30.438,-0.707],[30.393,-0.72],[30.385,-0.719],[30.378,-0.716]],[[30.162,-0.765],[30.159,-0.788],[30.163,-0.796],[30.163,-0.808],[30.16,-0.817]],[[30.16,-0.817],[30.159,-0.818]],[[30.16,-0.817],[30.161,-0.818]],[[30.161,-0.818],[30.159,-0.818]],[[30.096,-0.829],[30.094,-0.832],[30.101,-0.833]],[[30.179,-0.832],[30.179,-0.835]],[[30.134,-0.832],[30.134,-0.835]],[[30.134,-0.835],[30.153,-0.851],[30.156,-0.86],[30.155,-0.866]],[[30.251,-0.904],[30.24,-0.909],[30.237,-0.916],[30.228,-0.923]],[[30.22,-0.928],[30.213,-0.932],[30.211,-0.953]],[[30.155,-0.866],[30.156,-0.88],[30.15,-0.914],[30.144,-0.926],[30.137,-0.933],[30.136,-0.939],[30.131,-0.95],[30.128,-0.97]],[[30.204,-0.968],[30.207,-0.983],[30.203,-0.988]],[[30.203,-0.988],[30.2,-0.985]],[[30.251,-0.985],[30.242,-0.984],[30.22,-0.99],[30.203,-0.988]],[[30.203,-0.988],[30.192,-1.0]],[[30.285,-0.975],[30.281,-0.98]],[[30.501,-0.981],[30.475,-0.973]],[[30.312,-0.983],[30.295,-0.974]],[[30.35,-0.985],[30.349,-0.985]],[[30.264,-0.985],[30.251,-0.984]],[[30.281,-0.98],[30.272,-0.985],[30.264,-0.985]],[[30.352,-0.986],[30.35,-0.985]],[[30.349,-0.985],[30.338,-0.987],[30.312,-0.983]],[[30.281,-0.98],[30.281,-0.987],[30.291,-0.991]],[[30.376,-0.995],[30.352,-0.986]],[[30.386,-0.996],[30.388,-1.002]],[[30.388,-1.002],[30.376,-0.995]],[[30.475,-0.973],[30.45,-0.999],[30.444,-1.003]],[[30.389,-1.003],[30.388,-1.002]],[[30.657,-0.516],[30.657,-0.517]],[[30.751,-0.517],[30.742,-0.522]],[[30.657,-0.517],[30.659,-0.531]],[[30.672,-0.639],[30.678,-0.643]],[[30.612,-0.639],[30.607,-0.648]],[[30.607,-0.648],[30.607,-0.652]],[[30.678,-0.643],[30.688,-0.654]],[[30.688,-0.654],[30.691,-0.671]],[[30.607,-0.648],[30.601,-0.648],[30.589,-0.66],[30.567,-0.675]],[[30.686,-0.691],[30.686,-0.691]],[[30.691,-0.671],[30.693,-0.693]],[[30.693,-0.693],[30.686,-0.691]],[[30.693,-0.693],[30.693,-0.696]],[[30.693,-0.696],[30.691,-0.705]],[[30.556,-0.726],[30.562,-0.728]],[[30.567,-0.675],[30.561,-0.691],[30.565,-0.7],[30.564,-0.713],[30.541,-0.707],[30.534,-0.709],[30.527,-0.719],[30.527,-0.723],[30.533,-0.73],[30.532,-0.723],[30.539,-0.718],[30.548,-0.72],[30.556,-0.726]],[[30.562,-0.728],[30.557,-0.73]],[[30.556,-0.726],[30.557,-0.73]],[[30.693,-0.696],[30.704,-0.7],[30.711,-0.71],[30.724,-0.717],[30.733,-0.728],[30.742,-0.732],[30.751,-0.739]],[[30.533,-0.74],[30.529,-0.745]],[[30.529,-0.745],[30.517,-0.745],[30.501,-0.734]],[[30.542,-0.746],[30.54,-0.745],[30.546,-0.741],[30.548,-0.736],[30.542,-0.74],[30.533,-0.74]],[[30.557,-0.73],[30.551,-0.739],[30.542,-0.746]],[[30.691,-0.705],[30.696,-0.717],[30.69,-0.721],[30.688,-0.728],[30.68,-0.735],[30.678,-0.753]],[[30.562,-0.728],[30.592,-0.753]],[[30.716,-0.534],[30.709,-0.541],[30.698,-0.561],[30.698,-0.569]],[[30.659,-0.531],[30.663,-0.563],[30.66,-0.577]],[[30.66,-0.577],[30.654,-0.583]],[[30.654,-0.583],[30.654,-0.584]],[[30.654,-0.584],[30.651,-0.586]],[[30.651,-0.586],[30.647,-0.595]],[[30.647,-0.595],[30.646,-0.597]],[[30.661,-0.597],[30.651,-0.586]],[[30.646,-0.597],[30.642,-0.599]],[[30.664,-0.599],[30.661,-0.597]],[[30.642,-0.599],[30.631,-0.597],[30.629,-0.602]],[[30.646,-0.597],[30.649,-0.602]],[[30.649,-0.602],[30.649,-0.603]],[[30.649,-0.603],[30.648,-0.604]],[[30.649,-0.602],[30.647,-0.604]],[[30.647,-0.604],[30.642,-0.599]],[[30.648,-0.604],[30.647,-0.604]],[[30.647,-0.604],[30.647,-0.604]],[[30.652,-0.602],[30.653,-0.604]],[[30.653,-0.604],[30.649,-0.603]],[[30.629,-0.602],[30.63,-0.605]],[[30.694,-0.604],[30.695,-0.605]],[[30.658,-0.605],[30.653,-0.604]],[[30.695,-0.604],[30.686,-0.603],[30.676,-0.607]],[[30.664,-0.605],[30.664,-0.607]],[[30.661,-0.607],[30.658,-0.605]],[[30.653,-0.604],[30.654,-0.608]],[[30.661,-0.608],[30.66,-0.608]],[[30.647,-0.604],[30.643,-0.609]],[[30.63,-0.605],[30.631,-0.61]],[[30.66,-0.608],[30.657,-0.61]],[[30.654,-0.608],[30.657,-0.61]],[[30.648,-0.604],[30.646,-0.611]],[[30.646,-0.611],[30.643,-0.609]],[[30.676,-0.607],[30.676,-0.611]],[[30.657,-0.61],[30.656,-0.612]],[[30.647,-0.604],[30.641,-0.607],[30.637,-0.612]],[[30.66,-0.608],[30.659,-0.612]],[[30.657,-0.61],[30.659,-0.612]],[[30.659,-0.612],[30.66,-0.613]],[[30.659,-0.612],[30.658,-0.613]],[[30.658,-0.613],[30.658,-0.613]],[[30.658,-0.613],[30.659,-0.614]],[[30.646,-0.611],[30.645,-0.615]],[[30.654,-0.611],[30.654,-0.615]],[[30.654,-0.615],[30.652,-0.615]],[[30.658,-0.613],[30.654,-0.615]],[[30.643,-0.609],[30.643,-0.615]],[[30.529,-0.745],[30.53,-0.753]],[[30.78,-0.503],[30.775,-0.511]],[[30.782,-0.511],[30.775,-0.511]],[[30.784,-0.512],[30.782,-0.511]],[[30.782,-0.511],[30.782,-0.511]],[[30.775,-0.511],[30.762,-0.515],[30.758,-0.513],[30.751,-0.518]],[[30.751,-0.741],[30.76,-0.753]],[[30.53,-0.753],[30.532,-0.757],[30.531,-0.76],[30.52,-0.769],[30.517,-0.781],[30.506,-0.797],[30.503,-0.819],[30.501,-0.822]],[[30.751,-0.991],[30.747,-0.998],[30.739,-0.999],[30.733,-0.995],[30.728,-1.005],[30.697,-1.013],[30.675,-1.031]],[[30.675,-1.031],[30.673,-1.035]],[[30.643,-1.036],[30.632,-1.036],[30.626,-1.029],[30.607,-1.021]],[[30.673,-1.035],[30.67,-1.041]],[[30.66,-1.041],[30.643,-1.036]],[[30.67,-1.041],[30.66,-1.041]],[[30.66,-1.041],[30.651,-1.062]],[[30.651,-1.062],[30.65,-1.064]],[[30.65,-1.064],[30.65,-1.064]],[[30.761,-0.753],[30.766,-0.757]],[[30.789,-0.753],[30.79,-0.757]],[[30.788,-0.758],[30.79,-0.757]],[[30.79,-0.757],[30.79,-0.758]],[[30.79,-0.758],[30.792,-0.761]],[[30.79,-0.757],[30.802,-0.754],[30.804,-0.762]],[[30.79,-0.758],[30.786,-0.767],[30.778,-0.773]],[[30.766,-0.757],[30.778,-0.773]],[[30.917,-0.761],[30.937,-0.774]],[[30.804,-0.762],[30.801,-0.77],[30.801,-0.778]],[[30.937,-0.774],[30.943,-0.78]],[[30.801,-0.778],[30.808,-0.78]],[[30.778,-0.773],[30.785,-0.781],[30.789,-0.778],[30.801,-0.778]],[[30.808,-0.78],[30.811,-0.786]],[[30.811,-0.786],[30.817,-0.795]],[[30.817,-0.795],[30.817,-0.796]],[[30.895,-0.79],[30.897,-0.79],[30.897,-0.801]],[[30.943,-0.78],[30.96,-0.796],[30.966,-0.808]],[[30.817,-0.796],[30.815,-0.803],[30.817,-0.812]],[[30.817,-0.812],[30.815,-0.813]],[[30.966,-0.808],[30.934,-0.819]],[[31.001,-0.823],[30.988,-0.81],[30.966,-0.808]],[[30.934,-0.819],[30.922,-0.824]],[[30.922,-0.824],[30.913,-0.828]],[[30.897,-0.801],[30.898,-0.807],[30.904,-0.812],[30.913,-0.828]],[[30.896,-0.829],[30.889,-0.828]],[[30.817,-0.812],[30.832,-0.83]],[[30.913,-0.828],[30.896,-0.829]],[[30.896,-0.829],[30.887,-0.832]],[[30.889,-0.828],[30.887,-0.832]],[[30.856,-0.821],[30.854,-0.832]],[[30.854,-0.832],[30.853,-0.832]],[[30.874,-0.832],[30.87,-0.834]],[[30.87,-0.834],[30.854,-0.832]],[[30.876,-0.835],[30.874,-0.832]],[[30.876,-0.835],[30.87,-0.834]],[[30.887,-0.832],[30.88,-0.836],[30.876,-0.835]],[[30.854,-0.832],[30.855,-0.837]],[[30.817,-0.796],[30.796,-0.812],[30.781,-0.837]],[[30.815,-0.813],[30.804,-0.819],[30.785,-0.837],[30.781,-0.837]],[[30.832,-0.83],[30.84,-0.841],[30.85,-0.842],[30.855,-0.837]],[[30.855,-0.837],[30.858,-0.848],[30.866,-0.856]],[[30.866,-0.856],[30.873,-0.861],[30.876,-0.869],[30.881,-0.868]],[[30.962,-0.872],[30.948,-0.863],[30.94,-0.863],[30.928,-0.858],[30.889,-0.862],[30.881,-0.868]],[[30.781,-0.837],[30.772,-0.855],[30.766,-0.875]],[[30.969,-0.889],[30.972,-0.882],[30.962,-0.872]],[[30.881,-0.868],[30.879,-0.877],[30.867,-0.896]],[[30.766,-0.875],[30.761,-0.899]],[[30.867,-0.896],[30.864,-0.902],[30.855,-0.906]],[[30.855,-0.906],[30.849,-0.913]],[[30.761,-0.899],[30.751,-0.937]],[[30.751,-0.969],[30.753,-0.988]],[[30.753,-0.988],[30.751,-0.992]],[[30.842,-0.997],[30.816,-0.997],[30.774,-0.982],[30.761,-0.982],[30.753,-0.988]],[[30.872,-0.999],[30.842,-0.997]],[[31.485,-0.503],[31.491,-0.505]],[[31.453,-0.503],[31.452,-0.506]],[[31.491,-0.505],[31.49,-0.507]],[[31.483,-0.506],[31.49,-0.507]],[[31.452,-0.506],[31.442,-0.509]],[[31.49,-0.507],[31.487,-0.51],[31.478,-0.511],[31.465,-0.508],[31.459,-0.505],[31.452,-0.506]],[[31.272,-0.517],[31.276,-0.521]],[[31.276,-0.521],[31.275,-0.524]],[[31.285,-0.525],[31.275,-0.524]],[[31.275,-0.524],[31.272,-0.535],[31.268,-0.538]],[[31.252,-0.525],[31.268,-0.538]],[[31.268,-0.538],[31.268,-0.538]],[[31.268,-0.538],[31.265,-0.546],[31.268,-0.561],[31.264,-0.568]],[[31.264,-0.568],[31.303,-0.595],[31.303,-0.605],[31.308,-0.613],[31.31,-0.626],[31.319,-0.637]],[[31.383,-0.656],[31.389,-0.656]],[[31.378,-0.655],[31.383,-0.656]],[[31.319,-0.637],[31.325,-0.65],[31.335,-0.656],[31.347,-0.658],[31.353,-0.655],[31.361,-0.657],[31.378,-0.655]],[[31.393,-0.659],[31.391,-0.66]],[[31.389,-0.656],[31.391,-0.66]],[[31.482,-0.669],[31.481,-0.671]],[[31.481,-0.671],[31.478,-0.673]],[[31.478,-0.673],[31.478,-0.673]],[[31.478,-0.673],[31.478,-0.673]],[[31.478,-0.673],[31.472,-0.677]],[[31.472,-0.677],[31.468,-0.677]],[[31.478,-0.673],[31.479,-0.678]],[[31.472,-0.677],[31.467,-0.681]],[[31.468,-0.677],[31.467,-0.681]],[[31.467,-0.681],[31.465,-0.682]],[[31.391,-0.66],[31.397,-0.665],[31.412,-0.669],[31.417,-0.675],[31.418,-0.685]],[[31.465,-0.682],[31.449,-0.689],[31.443,-0.688]],[[31.443,-0.688],[31.438,-0.692]],[[31.438,-0.692],[31.418,-0.685]],[[31.479,-0.678],[31.471,-0.692]],[[31.471,-0.692],[31.469,-0.696]],[[31.413,-0.708],[31.41,-0.707]],[[31.418,-0.685],[31.413,-0.708]],[[31.41,-0.707],[31.404,-0.709]],[[31.413,-0.708],[31.413,-0.712]],[[31.404,-0.709],[31.404,-0.713]],[[31.413,-0.712],[31.41,-0.715]],[[31.404,-0.709],[31.41,-0.715]],[[31.41,-0.715],[31.409,-0.723],[31.406,-0.728],[31.407,-0.737]],[[31.407,-0.737],[31.406,-0.744]],[[31.406,-0.744],[31.406,-0.744]],[[31.406,-0.744],[31.407,-0.753]],[[31.001,-0.823],[31.006,-0.834],[31.024,-0.829]],[[31.024,-0.829],[31.025,-0.835]],[[31.025,-0.835],[31.025,-0.836]],[[31.025,-0.836],[31.025,-0.837]],[[31.364,-0.762],[31.356,-0.766]],[[31.356,-0.766],[31.35,-0.77],[31.345,-0.78]],[[31.495,-0.838],[31.492,-0.845]],[[31.492,-0.845],[31.481,-0.853]],[[31.345,-0.78],[31.356,-0.808],[31.363,-0.86]],[[31.38,-0.859],[31.375,-0.861],[31.363,-0.86]],[[31.363,-0.86],[31.353,-0.865]],[[31.444,-0.866],[31.406,-0.865],[31.39,-0.859],[31.38,-0.859]],[[31.448,-0.865],[31.444,-0.866]],[[31.447,-0.868],[31.444,-0.866]],[[31.353,-0.865],[31.345,-0.869]],[[31.466,-0.87],[31.459,-0.865],[31.448,-0.865]],[[31.469,-0.871],[31.466,-0.87]],[[31.453,-0.875],[31.447,-0.868]],[[31.696,-0.503],[31.699,-0.504]],[[31.699,-0.504],[31.707,-0.508]],[[31.716,-0.505],[31.711,-0.511]],[[31.707,-0.508],[31.711,-0.511]],[[31.711,-0.511],[31.711,-0.511]],[[31.711,-0.511],[31.708,-0.517]],[[31.541,-0.517],[31.542,-0.517]],[[31.527,-0.513],[31.527,-0.515],[31.533,-0.517],[31.541,-0.517]],[[31.583,-0.519],[31.587,-0.523],[31.594,-0.521]],[[31.646,-0.526],[31.657,-0.526]],[[31.661,-0.526],[31.659,-0.527]],[[31.657,-0.526],[31.659,-0.527]],[[31.643,-0.527],[31.646,-0.526]],[[31.659,-0.527],[31.661,-0.527]],[[31.626,-0.525],[31.623,-0.531]],[[31.708,-0.517],[31.702,-0.529]],[[31.702,-0.529],[31.7,-0.532]],[[31.625,-0.532],[31.633,-0.532],[31.643,-0.527]],[[31.623,-0.531],[31.62,-0.534]],[[31.608,-0.527],[31.615,-0.532],[31.62,-0.534]],[[31.594,-0.521],[31.612,-0.534]],[[31.685,-0.535],[31.7,-0.532]],[[31.594,-0.535],[31.593,-0.535]],[[31.582,-0.535],[31.572,-0.534]],[[31.661,-0.527],[31.666,-0.531],[31.685,-0.535]],[[31.593,-0.535],[31.589,-0.535]],[[31.589,-0.535],[31.582,-0.535]],[[31.612,-0.534],[31.594,-0.535]],[[31.62,-0.534],[31.622,-0.536]],[[31.62,-0.534],[31.619,-0.536]],[[31.612,-0.534],[31.619,-0.536]],[[31.619,-0.536],[31.621,-0.538]],[[31.661,-0.527],[31.667,-0.541]],[[31.643,-0.527],[31.643,-0.531],[31.648,-0.534],[31.643,-0.541]],[[31.619,-0.536],[31.613,-0.542]],[[31.667,-0.541],[31.671,-0.541],[31.679,-0.548]],[[31.643,-0.541],[31.64,-0.549]],[[31.7,-0.532],[31.679,-0.549]],[[31.679,-0.548],[31.679,-0.549]],[[31.62,-0.541],[31.638,-0.549]],[[31.679,-0.549],[31.683,-0.554]],[[31.69,-0.558],[31.692,-0.56]],[[31.683,-0.554],[31.69,-0.558]],[[31.692,-0.56],[31.706,-0.564],[31.709,-0.567]],[[31.712,-0.567],[31.712,-0.568]],[[31.709,-0.567],[31.712,-0.568]],[[31.712,-0.568],[31.71,-0.57]],[[31.709,-0.567],[31.71,-0.57]],[[31.71,-0.57],[31.712,-0.58]],[[31.537,-0.561],[31.553,-0.58]],[[31.692,-0.56],[31.69,-0.583]],[[31.69,-0.583],[31.686,-0.586]],[[31.686,-0.586],[31.686,-0.59]],[[31.712,-0.58],[31.718,-0.592]],[[31.686,-0.586],[31.68,-0.592]],[[31.68,-0.592],[31.679,-0.593]],[[31.718,-0.592],[31.723,-0.599]],[[31.679,-0.593],[31.672,-0.607]],[[31.553,-0.58],[31.563,-0.612]],[[31.723,-0.599],[31.726,-0.614]],[[31.515,-0.573],[31.522,-0.593],[31.53,-0.605],[31.533,-0.614]],[[31.533,-0.614],[31.519,-0.611],[31.508,-0.612]],[[31.563,-0.612],[31.563,-0.616]],[[31.578,-0.607],[31.564,-0.618]],[[31.563,-0.616],[31.564,-0.618]],[[31.723,-0.599],[31.733,-0.604],[31.746,-0.619]],[[31.563,-0.616],[31.559,-0.621]],[[31.558,-0.619],[31.559,-0.621]],[[31.564,-0.618],[31.559,-0.622]],[[31.559,-0.621],[31.559,-0.622]],[[31.564,-0.618],[31.567,-0.624]],[[31.672,-0.607],[31.663,-0.625]],[[31.559,-0.622],[31.56,-0.626]],[[31.569,-0.623],[31.572,-0.626]],[[31.571,-0.627],[31.572,-0.626]],[[31.567,-0.624],[31.571,-0.627]],[[31.572,-0.628],[31.571,-0.627]],[[31.559,-0.622],[31.548,-0.629]],[[31.533,-0.614],[31.537,-0.619],[31.543,-0.621],[31.548,-0.629]],[[31.548,-0.629],[31.549,-0.63]],[[31.545,-0.633],[31.541,-0.635]],[[31.548,-0.629],[31.541,-0.635]],[[31.541,-0.635],[31.539,-0.636]],[[31.539,-0.636],[31.538,-0.636]],[[31.663,-0.625],[31.655,-0.64]],[[31.655,-0.64],[31.654,-0.64]],[[31.538,-0.636],[31.529,-0.645]],[[31.541,-0.646],[31.541,-0.646]],[[31.618,-0.649],[31.618,-0.649]],[[31.572,-0.626],[31.586,-0.642],[31.618,-0.649]],[[31.529,-0.645],[31.52,-0.651]],[[31.506,-0.636],[31.512,-0.64],[31.52,-0.651]],[[31.52,-0.651],[31.512,-0.654]],[[31.618,-0.649],[31.642,-0.654]],[[31.642,-0.654],[31.643,-0.655]],[[31.654,-0.64],[31.645,-0.655]],[[31.643,-0.655],[31.645,-0.655]],[[31.645,-0.655],[31.645,-0.655]],[[31.645,-0.655],[31.644,-0.656]],[[31.643,-0.655],[31.644,-0.656]],[[31.644,-0.656],[31.643,-0.657]],[[31.618,-0.649],[31.618,-0.66]],[[31.618,-0.66],[31.614,-0.676],[31.61,-0.68]],[[31.61,-0.68],[31.599,-0.694],[31.593,-0.697]],[[31.501,-0.777],[31.511,-0.786]],[[31.529,-0.788],[31.53,-0.787]],[[31.511,-0.786],[31.518,-0.791]],[[31.511,-0.786],[31.513,-0.791]],[[31.525,-0.794],[31.529,-0.788]],[[31.518,-0.791],[31.525,-0.794]],[[31.502,-0.81],[31.51,-0.817]],[[31.51,-0.817],[31.515,-0.822]],[[31.515,-0.822],[31.52,-0.825],[31.523,-0.834]],[[31.523,-0.834],[31.533,-0.855],[31.578,-0.895]],[[31.733,-0.895],[31.725,-0.893],[31.722,-0.895]],[[31.722,-0.895],[31.717,-0.9]],[[31.717,-0.9],[31.713,-0.914]],[[31.764,-0.916],[31.752,-0.911],[31.745,-0.904],[31.744,-0.898],[31.734,-0.897],[31.733,-0.895]],[[31.578,-0.895],[31.599,-0.917],[31.608,-0.918],[31.617,-0.912],[31.639,-0.916]],[[31.713,-0.914],[31.708,-0.924]],[[31.639,-0.916],[31.645,-0.917],[31.653,-0.926]],[[31.653,-0.926],[31.654,-0.927]],[[31.665,-0.93],[31.666,-0.93]],[[31.654,-0.927],[31.665,-0.93]],[[31.666,-0.93],[31.67,-0.931],[31.683,-0.945],[31.686,-0.945]],[[31.708,-0.924],[31.699,-0.938],[31.689,-0.946]],[[31.686,-0.945],[31.689,-0.946]],[[31.689,-0.946],[31.691,-0.947]],[[29.731,-1.003],[29.727,-1.004],[29.722,-1.003]],[[29.742,-1.003],[29.744,-1.008],[29.751,-1.01]],[[29.74,-1.003],[29.739,-1.005],[29.742,-1.003]],[[29.68,-1.131],[29.68,-1.131]],[[29.651,-1.106],[29.65,-1.108],[29.669,-1.123],[29.674,-1.13],[29.68,-1.131]],[[29.68,-1.131],[29.683,-1.125],[29.686,-1.125],[29.694,-1.128],[29.697,-1.133],[29.7,-1.132],[29.699,-1.129],[29.706,-1.126],[29.704,-1.121],[29.707,-1.125],[29.713,-1.127],[29.726,-1.137],[29.731,-1.138],[29.731,-1.134],[29.736,-1.136],[29.737,-1.132],[29.74,-1.132],[29.74,-1.143],[29.743,-1.141],[29.743,-1.144],[29.748,-1.147],[29.748,-1.149],[29.744,-1.15],[29.744,-1.156]],[[29.744,-1.156],[29.747,-1.165],[29.751,-1.168]],[[29.68,-1.131],[29.673,-1.133],[29.672,-1.141],[29.683,-1.159],[29.692,-1.166],[29.695,-1.173],[29.705,-1.181],[29.704,-1.187],[29.708,-1.187],[29.71,-1.193],[29.709,-1.2]],[[29.709,-1.2],[29.707,-1.201]],[[29.725,-1.191],[29.718,-1.194],[29.721,-1.203],[29.714,-1.203],[29.712,-1.2],[29.709,-1.2]],[[29.709,-1.2],[29.71,-1.21],[29.715,-1.217],[29.716,-1.224]],[[29.691,-1.176],[29.684,-1.178],[29.682,-1.185],[29.689,-1.19],[29.691,-1.197],[29.696,-1.202],[29.701,-1.215],[29.714,-1.218],[29.716,-1.224]],[[29.608,-1.198],[29.617,-1.203],[29.624,-1.217],[29.631,-1.221],[29.633,-1.229]],[[29.633,-1.229],[29.638,-1.231],[29.64,-1.236]],[[29.938,-1.019],[29.937,-1.019]],[[29.941,-1.013],[29.938,-1.013],[29.938,-1.019]],[[29.937,-1.019],[29.934,-1.021],[29.918,-1.013]],[[29.776,-1.035],[29.778,-1.037]],[[29.772,-1.032],[29.776,-1.04],[29.775,-1.034],[29.778,-1.033],[29.778,-1.037]],[[29.778,-1.037],[29.776,-1.046]],[[29.751,-1.009],[29.758,-1.016],[29.761,-1.025]],[[29.761,-1.025],[29.763,-1.026]],[[29.763,-1.027],[29.766,-1.03]],[[29.766,-1.03],[29.763,-1.031],[29.766,-1.035],[29.763,-1.04],[29.772,-1.044],[29.772,-1.047],[29.776,-1.046]],[[29.761,-1.025],[29.761,-1.025]],[[29.763,-1.026],[29.763,-1.027]],[[29.766,-1.03],[29.766,-1.03]],[[29.899,-1.049],[29.89,-1.05]],[[29.89,-1.05],[29.896,-1.053]],[[29.918,-1.013],[29.914,-1.016],[29.911,-1.012],[29.905,-1.016],[29.892,-1.007]],[[29.892,-1.007],[29.887,-1.016],[29.883,-1.015],[29.885,-1.021],[29.889,-1.021],[29.894,-1.025],[29.901,-1.042],[29.899,-1.049]],[[29.89,-1.05],[29.89,-1.05]],[[29.896,-1.053],[29.896,-1.053]],[[29.981,-1.048],[29.976,-1.054]],[[29.976,-1.054],[29.97,-1.052],[29.961,-1.045],[29.96,-1.034],[29.949,-1.026],[29.941,-1.014]],[[29.941,-1.014],[29.941,-1.013]],[[29.896,-1.053],[29.903,-1.058],[29.903,-1.06],[29.892,-1.066],[29.889,-1.072]],[[29.896,-1.053],[29.903,-1.057],[29.904,-1.063],[29.911,-1.065],[29.915,-1.071],[29.918,-1.07],[29.918,-1.08]],[[29.776,-1.046],[29.779,-1.05],[29.783,-1.062],[29.787,-1.06],[29.788,-1.066],[29.801,-1.069],[29.802,-1.074],[29.811,-1.081],[29.811,-1.083],[29.808,-1.084],[29.808,-1.087],[29.811,-1.087],[29.811,-1.09],[29.803,-1.094],[29.806,-1.098],[29.813,-1.097],[29.806,-1.103],[29.808,-1.108],[29.811,-1.108],[29.811,-1.113],[29.814,-1.115],[29.814,-1.111],[29.819,-1.107],[29.825,-1.106]],[[29.825,-1.106],[29.83,-1.102],[29.838,-1.1],[29.843,-1.094],[29.869,-1.11],[29.869,-1.116],[29.877,-1.123]],[[29.931,-1.097],[29.932,-1.096],[29.931,-1.099],[29.933,-1.102],[29.925,-1.104],[29.923,-1.112],[29.907,-1.123]],[[29.918,-1.08],[29.919,-1.09],[29.916,-1.1],[29.909,-1.1],[29.913,-1.11],[29.909,-1.111],[29.909,-1.116],[29.905,-1.114],[29.901,-1.116],[29.904,-1.123],[29.907,-1.123]],[[29.868,-1.122],[29.868,-1.124]],[[29.858,-1.117],[29.86,-1.122],[29.868,-1.124]],[[29.868,-1.124],[29.871,-1.124]],[[29.907,-1.123],[29.908,-1.132]],[[29.831,-1.163],[29.828,-1.168]],[[29.828,-1.168],[29.82,-1.169],[29.81,-1.161],[29.809,-1.159],[29.797,-1.165],[29.799,-1.159],[29.793,-1.158]],[[29.842,-1.171],[29.837,-1.175],[29.831,-1.168],[29.828,-1.168]],[[29.811,-1.204],[29.811,-1.204]],[[29.787,-1.192],[29.79,-1.205],[29.797,-1.198],[29.803,-1.205]],[[29.751,-1.168],[29.754,-1.17],[29.758,-1.169],[29.765,-1.173],[29.769,-1.179],[29.775,-1.18],[29.787,-1.192]],[[29.811,-1.204],[29.811,-1.205]],[[29.986,-1.244],[29.984,-1.244]],[[29.976,-1.23],[29.982,-1.237],[29.982,-1.24],[29.986,-1.241],[29.984,-1.244]],[[29.984,-1.244],[29.983,-1.248]],[[29.986,-1.249],[29.993,-1.241]],[[29.973,-1.245],[29.966,-1.252],[29.955,-1.253]],[[29.822,-1.208],[29.821,-1.211],[29.824,-1.212],[29.822,-1.215],[29.827,-1.218],[29.821,-1.22],[29.822,-1.223],[29.825,-1.223],[29.827,-1.234],[29.825,-1.237],[29.831,-1.241],[29.836,-1.247],[29.846,-1.249],[29.846,-1.253]],[[29.643,-1.253],[29.652,-1.26]],[[29.724,-1.259],[29.726,-1.262]],[[29.726,-1.262],[29.714,-1.26]],[[29.748,-1.255],[29.747,-1.259],[29.751,-1.264]],[[29.652,-1.26],[29.658,-1.263],[29.662,-1.269]],[[29.663,-1.269],[29.662,-1.269]],[[29.662,-1.269],[29.65,-1.27]],[[29.726,-1.262],[29.731,-1.271],[29.74,-1.279]],[[29.714,-1.26],[29.704,-1.276],[29.699,-1.281]],[[29.697,-1.274],[29.699,-1.281]],[[29.72,-1.282],[29.719,-1.283]],[[29.699,-1.281],[29.697,-1.283]],[[29.697,-1.283],[29.696,-1.283]],[[29.699,-1.283],[29.697,-1.283]],[[29.697,-1.283],[29.697,-1.283]],[[29.697,-1.283],[29.696,-1.283]],[[29.696,-1.283],[29.69,-1.283]],[[29.696,-1.283],[29.69,-1.283]],[[29.69,-1.283],[29.688,-1.284]],[[29.698,-1.284],[29.699,-1.283]],[[29.698,-1.284],[29.697,-1.283]],[[29.688,-1.284],[29.681,-1.283],[29.668,-1.271],[29.663,-1.269]],[[29.688,-1.284],[29.689,-1.285]],[[29.698,-1.285],[29.698,-1.284]],[[29.69,-1.283],[29.691,-1.287]],[[29.689,-1.285],[29.691,-1.287]],[[29.691,-1.287],[29.69,-1.289]],[[29.689,-1.285],[29.684,-1.292]],[[29.65,-1.27],[29.641,-1.281],[29.636,-1.282],[29.625,-1.291],[29.605,-1.295]],[[29.605,-1.295],[29.599,-1.296]],[[29.684,-1.292],[29.687,-1.303],[29.682,-1.311]],[[29.684,-1.292],[29.679,-1.3],[29.682,-1.311]],[[29.691,-1.287],[29.693,-1.291],[29.701,-1.294],[29.703,-1.302],[29.709,-1.303],[29.722,-1.313]],[[29.722,-1.313],[29.723,-1.314]],[[29.657,-1.315],[29.675,-1.315]],[[29.723,-1.314],[29.724,-1.315]],[[29.682,-1.311],[29.681,-1.316]],[[29.675,-1.315],[29.681,-1.316]],[[29.657,-1.315],[29.649,-1.323],[29.633,-1.328]],[[29.681,-1.316],[29.676,-1.321],[29.669,-1.339]],[[29.633,-1.328],[29.626,-1.333],[29.612,-1.353]],[[29.724,-1.315],[29.728,-1.321],[29.729,-1.33],[29.734,-1.329],[29.74,-1.341]],[[29.985,-1.253],[29.984,-1.254]],[[29.984,-1.253],[29.984,-1.254]],[[29.988,-1.253],[29.985,-1.253]],[[29.991,-1.253],[29.991,-1.254]],[[29.984,-1.254],[29.981,-1.254]],[[29.981,-1.254],[29.98,-1.255]],[[29.993,-1.253],[29.991,-1.254]],[[29.982,-1.255],[29.981,-1.255]],[[29.981,-1.254],[29.981,-1.255]],[[29.984,-1.254],[29.985,-1.255]],[[30.0,-1.255],[30.001,-1.256]],[[29.982,-1.256],[29.981,-1.256]],[[29.981,-1.255],[29.981,-1.256]],[[29.981,-1.256],[29.981,-1.256]],[[29.991,-1.254],[29.991,-1.256]],[[29.944,-1.253],[29.944,-1.256]],[[29.991,-1.256],[29.996,-1.254],[30.0,-1.255]],[[29.955,-1.253],[29.948,-1.257],[29.945,-1.253]],[[29.988,-1.256],[29.989,-1.257]],[[29.944,-1.256],[29.944,-1.258]],[[29.991,-1.256],[29.992,-1.258]],[[29.988,-1.258],[29.989,-1.258]],[[29.989,-1.258],[29.988,-1.258]],[[29.991,-1.258],[29.989,-1.258]],[[29.992,-1.258],[29.992,-1.259]],[[29.989,-1.282],[29.991,-1.282]],[[29.989,-1.282],[29.99,-1.282]],[[29.99,-1.282],[29.991,-1.282]],[[29.992,-1.283],[29.991,-1.283]],[[29.991,-1.282],[29.991,-1.283]],[[29.991,-1.283],[29.99,-1.283]],[[29.99,-1.282],[29.99,-1.283]],[[29.989,-1.283],[29.989,-1.282]],[[29.992,-1.284],[29.991,-1.284]],[[29.991,-1.283],[29.991,-1.284]],[[29.991,-1.284],[29.99,-1.284]],[[29.99,-1.284],[29.99,-1.284]],[[29.99,-1.283],[29.99,-1.284]],[[29.99,-1.284],[29.991,-1.285]],[[29.991,-1.285],[29.991,-1.285]],[[29.991,-1.285],[29.99,-1.284]],[[29.991,-1.285],[29.99,-1.286]],[[29.99,-1.284],[29.99,-1.286]],[[29.99,-1.286],[29.991,-1.285]],[[29.991,-1.285],[29.991,-1.286]],[[29.847,-1.253],[29.851,-1.259],[29.853,-1.266],[29.855,-1.267],[29.859,-1.273],[29.86,-1.279],[29.864,-1.282],[29.865,-1.291]],[[29.866,-1.291],[29.865,-1.291]],[[29.998,-1.292],[29.998,-1.296]],[[29.764,-1.277],[29.767,-1.285],[29.766,-1.291],[29.772,-1.289],[29.773,-1.292],[29.771,-1.294],[29.774,-1.294],[29.773,-1.296]],[[29.773,-1.296],[29.773,-1.298]],[[29.998,-1.296],[29.996,-1.299],[29.996,-1.297]],[[29.865,-1.291],[29.865,-1.295],[29.86,-1.293],[29.859,-1.296],[29.865,-1.3]],[[29.985,-1.412],[29.987,-1.411]],[[30.213,-1.154],[30.232,-1.154]],[[30.213,-1.154],[30.214,-1.155]],[[30.085,-1.155],[30.075,-1.151],[30.065,-1.142],[30.06,-1.142]],[[30.056,-1.147],[30.06,-1.16],[30.058,-1.164]],[[30.036,-1.165],[30.038,-1.165]],[[30.038,-1.165],[30.039,-1.165]],[[30.039,-1.165],[30.047,-1.165]],[[30.053,-1.165],[30.047,-1.165]],[[30.047,-1.165],[30.053,-1.165]],[[30.053,-1.165],[30.058,-1.164]],[[30.124,-1.171],[30.109,-1.166],[30.103,-1.159],[30.092,-1.161],[30.085,-1.155]],[[30.058,-1.164],[30.058,-1.175],[30.054,-1.184]],[[30.038,-1.165],[30.049,-1.176],[30.054,-1.184]],[[30.054,-1.184],[30.054,-1.186]],[[29.954,-1.413],[29.951,-1.417]],[[29.951,-1.417],[29.955,-1.415],[29.966,-1.421],[29.979,-1.415],[29.983,-1.416],[29.985,-1.412]],[[29.987,-1.411],[30.001,-1.426]],[[29.934,-1.459],[29.939,-1.462],[29.937,-1.459],[29.938,-1.454],[29.94,-1.457],[29.945,-1.452],[29.948,-1.456],[29.948,-1.449],[29.953,-1.443],[29.949,-1.425],[29.951,-1.417]],[[29.865,-1.291],[29.862,-1.293],[29.857,-1.289],[29.853,-1.296],[29.854,-1.299],[29.851,-1.297],[29.85,-1.301],[29.863,-1.32],[29.866,-1.332],[29.875,-1.349],[29.884,-1.356],[29.882,-1.36],[29.885,-1.373],[29.883,-1.378],[29.886,-1.38],[29.887,-1.402],[29.892,-1.411],[29.891,-1.42],[29.895,-1.426],[29.896,-1.436],[29.912,-1.461],[29.913,-1.468],[29.918,-1.466],[29.93,-1.468],[29.933,-1.457],[29.934,-1.459]],[[30.067,-1.015],[30.064,-1.015],[30.064,-1.01],[30.052,-1.014]],[[30.052,-1.014],[30.039,-1.016],[30.01,-1.003]],[[30.175,-1.018],[30.174,-1.018]],[[30.19,-1.008],[30.189,-1.018]],[[30.189,-1.018],[30.188,-1.018]],[[30.176,-1.021],[30.175,-1.018]],[[30.188,-1.018],[30.176,-1.021]],[[30.176,-1.021],[30.14,-1.027]],[[30.14,-1.027],[30.119,-1.026]],[[30.119,-1.026],[30.111,-1.03],[30.108,-1.027],[30.087,-1.02],[30.08,-1.016],[30.067,-1.015]],[[30.189,-1.018],[30.186,-1.031]],[[30.032,-1.113],[30.032,-1.114]],[[30.032,-1.113],[30.033,-1.114]],[[30.032,-1.114],[30.033,-1.114]],[[30.032,-1.114],[30.03,-1.115]],[[30.18,-1.119],[30.178,-1.114]],[[30.119,-1.026],[30.117,-1.038],[30.121,-1.042],[30.12,-1.055],[30.124,-1.064],[30.118,-1.078],[30.118,-1.105],[30.122,-1.12]],[[30.18,-1.121],[30.18,-1.119]],[[30.178,-1.12],[30.18,-1.121]],[[30.18,-1.119],[30.189,-1.123]],[[30.033,-1.114],[30.043,-1.126]],[[30.18,-1.121],[30.174,-1.131],[30.162,-1.138]],[[30.161,-1.136],[30.162,-1.138]],[[30.189,-1.123],[30.213,-1.138]],[[30.122,-1.12],[30.123,-1.135],[30.127,-1.139]],[[30.043,-1.126],[30.048,-1.136],[30.054,-1.142]],[[30.054,-1.142],[30.054,-1.144]],[[30.06,-1.142],[30.057,-1.144]],[[30.054,-1.142],[30.057,-1.144]],[[30.054,-1.144],[30.053,-1.145]],[[30.057,-1.144],[30.056,-1.147]],[[30.054,-1.144],[30.056,-1.147]],[[30.213,-1.138],[30.213,-1.154]],[[33.1,1.008],[33.102,0.995]],[[33.478,1.046],[33.498,1.041],[33.517,1.029]],[[33.491,1.018],[33.494,1.021],[33.517,1.029]],[[33.452,1.0],[33.458,0.978],[33.476,0.952],[33.481,0.949]],[[33.395,1.004],[33.398,0.987],[33.391,0.986]],[[33.393,1.011],[33.395,1.004]],[[33.261,1.007],[33.264,0.993],[33.268,0.987],[33.271,0.978],[33.267,0.961]],[[33.773,1.456],[33.721,1.468],[33.694,1.469],[33.683,1.466],[33.678,1.462]],[[33.677,1.462],[33.676,1.46]],[[33.676,1.46],[33.669,1.453],[33.655,1.453],[33.609,1.478]],[[33.678,1.462],[33.677,1.462]],[[33.773,1.456],[33.74,1.405]],[[33.752,1.262],[33.708,1.282]],[[33.707,1.263],[33.71,1.232]],[[33.614,1.255],[33.616,1.243]],[[34.008,1.453],[33.976,1.469]],[[34.024,1.426],[33.995,1.408]],[[34.03,1.43],[34.024,1.426]],[[31.855,-0.247],[31.856,-0.259],[31.873,-0.278],[31.882,-0.304]],[[31.744,-0.315],[31.757,-0.309]],[[31.755,-0.46],[31.752,-0.465],[31.742,-0.47],[31.74,-0.475]],[[31.738,-0.481],[31.716,-0.505]],[[31.689,-0.502],[31.696,-0.503]],[[31.592,-0.5],[31.592,-0.515],[31.594,-0.521]],[[31.541,-0.487],[31.549,-0.491]],[[31.549,-0.491],[31.561,-0.501],[31.57,-0.504],[31.583,-0.519]],[[30.123,-1.2],[30.124,-1.2]],[[30.129,-1.206],[30.124,-1.2]],[[30.121,-1.214],[30.129,-1.206]],[[30.124,-1.2],[30.121,-1.214]],[[30.12,-1.214],[30.121,-1.214]],[[30.132,-1.159],[30.135,-1.157],[30.142,-1.162],[30.151,-1.161],[30.152,-1.168],[30.163,-1.17],[30.178,-1.179],[30.187,-1.194],[30.195,-1.201],[30.211,-1.206],[30.215,-1.218]],[[30.215,-1.218],[30.216,-1.224]],[[30.212,-1.22],[30.216,-1.224]],[[30.216,-1.224],[30.221,-1.228],[30.223,-1.235]],[[30.223,-1.235],[30.229,-1.245]],[[30.054,-1.186],[30.048,-1.184],[30.044,-1.191],[30.035,-1.197],[30.035,-1.203],[30.038,-1.209],[30.037,-1.219],[30.031,-1.229],[30.032,-1.238],[30.019,-1.247]],[[30.229,-1.245],[30.232,-1.252]],[[30.019,-1.247],[30.017,-1.253]],[[30.009,-1.253],[30.005,-1.253]],[[30.4,-1.008],[30.389,-1.003]],[[30.442,-1.003],[30.433,-1.012]],[[30.433,-1.012],[30.427,-1.015]],[[30.427,-1.015],[30.423,-1.018]],[[30.423,-1.018],[30.417,-1.018],[30.4,-1.008]],[[30.427,-1.015],[30.426,-1.023],[30.432,-1.031],[30.443,-1.044],[30.459,-1.052]],[[30.327,-1.124],[30.316,-1.132],[30.309,-1.14],[30.293,-1.147],[30.288,-1.148],[30.282,-1.143],[30.27,-1.142],[30.262,-1.15],[30.254,-1.152]],[[30.254,-1.191],[30.251,-1.193]],[[30.017,-1.253],[30.009,-1.253]],[[30.005,-1.253],[30.003,-1.255]],[[30.081,-1.254],[30.078,-1.256]],[[30.034,-1.264],[30.029,-1.269]],[[30.029,-1.269],[30.027,-1.262]],[[30.08,-1.255],[30.078,-1.261],[30.084,-1.268],[30.084,-1.272],[30.095,-1.287],[30.101,-1.302],[30.098,-1.311]],[[30.098,-1.311],[30.079,-1.318]],[[30.079,-1.318],[30.07,-1.306],[30.063,-1.301],[30.061,-1.296],[30.059,-1.298],[30.052,-1.296],[30.043,-1.283],[30.031,-1.275],[30.029,-1.269]],[[30.098,-1.311],[30.101,-1.318],[30.105,-1.321],[30.106,-1.326]],[[30.014,-1.341],[30.012,-1.343]],[[30.018,-1.344],[30.014,-1.341]],[[30.025,-1.341],[30.027,-1.344],[30.034,-1.346],[30.029,-1.35],[30.03,-1.354]],[[30.03,-1.354],[30.033,-1.359]],[[30.03,-1.354],[30.031,-1.362],[30.041,-1.382],[30.036,-1.385],[30.035,-1.392],[30.043,-1.407]],[[30.001,-1.427],[30.001,-1.426]],[[30.009,-1.424],[30.004,-1.429],[30.001,-1.427]],[[30.052,-1.432],[30.052,-1.432]],[[30.053,-1.432],[30.052,-1.432]],[[30.052,-1.432],[30.052,-1.432]],[[30.052,-1.432],[30.044,-1.429]],[[31.233,3.606],[31.241,3.587],[31.239,3.575],[31.246,3.558],[31.252,3.552],[31.255,3.544],[31.257,3.522],[31.266,3.512],[31.271,3.496]],[[31.584,3.585],[31.575,3.58],[31.556,3.585],[31.551,3.588],[31.54,3.605],[31.534,3.609]],[[31.534,3.609],[31.531,3.607],[31.522,3.585],[31.507,3.575],[31.457,3.578],[31.451,3.573],[31.444,3.563],[31.438,3.56],[31.394,3.554],[31.372,3.558],[31.356,3.556],[31.339,3.549],[31.33,3.542],[31.318,3.527],[31.317,3.517],[31.308,3.509],[31.291,3.505],[31.275,3.497]],[[31.662,3.632],[31.644,3.587],[31.645,3.553],[31.64,3.53],[31.647,3.52],[31.675,3.496]],[[31.701,3.495],[31.697,3.5],[31.691,3.502],[31.675,3.496]],[[31.803,3.523],[31.805,3.483],[31.797,3.453],[31.782,3.435],[31.777,3.423]],[[32.074,3.571],[32.071,3.567],[32.078,3.528],[32.078,3.496],[32.071,3.487],[32.072,3.478],[32.068,3.474]],[[32.901,3.748],[32.91,3.751],[32.912,3.755],[32.915,3.751],[32.923,3.75],[32.933,3.742],[32.931,3.741],[32.93,3.736],[32.927,3.733],[32.924,3.734],[32.924,3.732],[32.92,3.728],[32.913,3.729],[32.904,3.726],[32.907,3.691]],[[32.834,3.469],[32.813,3.491],[32.8,3.511],[32.775,3.53],[32.736,3.58]],[[32.708,3.592],[32.701,3.572],[32.693,3.562],[32.691,3.554],[32.69,3.514],[32.692,3.502],[32.676,3.5],[32.654,3.482],[32.647,3.48],[32.633,3.468],[32.606,3.451]],[[33.088,3.606],[33.076,3.608],[33.069,3.612],[33.046,3.614],[33.031,3.612],[32.996,3.616],[32.944,3.59]],[[32.944,3.59],[32.912,3.572],[32.867,3.522],[32.851,3.51],[32.837,3.466]],[[33.091,3.641],[33.089,3.673],[33.085,3.687],[33.058,3.726],[33.021,3.788],[33.017,3.799]],[[33.07,3.524],[33.062,3.495],[33.038,3.446]],[[33.483,3.549],[33.459,3.53],[33.44,3.511],[33.429,3.504],[33.412,3.489],[33.41,3.485]],[[33.761,3.991],[33.747,3.977],[33.743,3.961]],[[33.656,3.796],[33.656,3.796]],[[33.802,3.774],[33.79,3.772],[33.768,3.757],[33.755,3.752],[33.748,3.746],[33.742,3.744]],[[33.68,3.877],[33.689,3.845],[33.695,3.837],[33.702,3.834],[33.701,3.825],[33.703,3.817],[33.701,3.813],[33.71,3.794],[33.71,3.783],[33.717,3.764],[33.727,3.753],[33.738,3.746]],[[33.7,3.749],[33.702,3.746],[33.709,3.747],[33.716,3.742]],[[33.7,3.749],[33.694,3.743]],[[33.656,3.796],[33.655,3.776],[33.646,3.759],[33.643,3.74],[33.634,3.729]],[[33.822,3.811],[33.825,3.808],[33.825,3.783],[33.842,3.772],[33.848,3.756],[33.84,3.751],[33.825,3.748],[33.816,3.724],[33.815,3.716],[33.803,3.7],[33.804,3.698]],[[33.804,3.698],[33.779,3.693],[33.77,3.697],[33.765,3.711],[33.755,3.713],[33.748,3.717]],[[33.726,3.725],[33.73,3.722],[33.747,3.696],[33.756,3.692],[33.759,3.685],[33.755,3.679],[33.747,3.676],[33.744,3.678],[33.727,3.701],[33.725,3.706],[33.728,3.713],[33.726,3.725]],[[33.737,3.633],[33.75,3.636],[33.789,3.655],[33.811,3.673],[33.82,3.686]],[[33.82,3.686],[33.816,3.676],[33.816,3.662],[33.789,3.628],[33.701,3.589]],[[33.78,3.396],[33.783,3.376]],[[33.707,3.557],[33.712,3.552],[33.741,3.509],[33.781,3.476],[33.783,3.467],[33.787,3.459],[33.779,3.412],[33.78,3.396]],[[33.731,3.437],[33.734,3.432],[33.735,3.418],[33.751,3.397]],[[33.664,3.507],[33.679,3.487],[33.693,3.481],[33.712,3.468],[33.728,3.448],[33.731,3.437]],[[33.941,3.688],[33.95,3.686],[33.964,3.675],[33.982,3.675],[34.004,3.665]],[[34.144,3.505],[34.153,3.506],[34.162,3.503],[34.169,3.496],[34.175,3.495],[34.168,3.477]],[[31.035,3.442],[31.023,3.442],[31.013,3.437],[31.003,3.439],[30.979,3.432],[30.975,3.424],[30.965,3.42],[30.96,3.415]],[[30.975,3.392],[30.981,3.387],[30.981,3.377],[30.985,3.373],[31.001,3.366],[31.01,3.365],[31.023,3.338]],[[31.023,3.338],[31.03,3.326],[31.036,3.301],[31.034,3.293],[31.036,3.279],[31.034,3.271],[31.028,3.264]],[[30.881,3.274],[30.871,3.278]],[[30.871,3.277],[30.865,3.273],[30.842,3.266]],[[30.841,3.264],[30.84,3.263]],[[30.837,3.249],[30.843,3.239],[30.841,3.235],[30.836,3.232],[30.831,3.224],[30.828,3.215],[30.83,3.203]],[[30.881,3.274],[30.888,3.256],[30.901,3.246],[30.902,3.238],[30.909,3.23]],[[30.946,3.264],[30.942,3.253],[30.942,3.244],[30.917,3.234]],[[30.956,3.268],[30.957,3.258],[30.961,3.251],[30.963,3.249],[30.972,3.248],[30.974,3.242]],[[31.028,3.264],[31.015,3.262],[30.995,3.246],[30.974,3.242]],[[31.011,3.156],[31.005,3.14],[30.998,3.131],[30.992,3.114],[30.985,3.105],[30.978,3.101]],[[30.978,3.101],[30.986,3.101],[30.994,3.098],[31.011,3.088],[31.026,3.091],[31.03,3.086],[31.036,3.087],[31.05,3.081],[31.075,3.074],[31.084,3.068]],[[30.956,3.009],[30.962,3.014],[30.991,3.017],[30.997,3.029],[31.003,3.033],[31.011,3.031],[31.021,3.033],[31.025,3.03],[31.028,3.021],[31.033,3.018],[31.044,3.018],[31.054,3.027],[31.067,3.05]],[[31.067,3.05],[31.076,3.062],[31.084,3.068]],[[30.891,2.999],[30.886,2.987]],[[31.261,3.477],[31.247,3.47]],[[31.25,3.454],[31.254,3.448],[31.255,3.44],[31.274,3.426],[31.277,3.413],[31.287,3.408]],[[31.185,3.295],[31.201,3.289],[31.207,3.289],[31.218,3.28],[31.221,3.271],[31.225,3.27],[31.228,3.265],[31.241,3.259],[31.245,3.253],[31.252,3.249],[31.254,3.242],[31.251,3.228]],[[31.115,3.276],[31.115,3.27],[31.12,3.256],[31.125,3.251],[31.119,3.24],[31.122,3.226],[31.115,3.213],[31.115,3.205],[31.083,3.179]],[[31.55,3.242],[31.517,3.251],[31.51,3.25],[31.496,3.253],[31.474,3.253]],[[31.251,3.347],[31.259,3.346],[31.267,3.35],[31.28,3.344],[31.287,3.338],[31.297,3.343],[31.307,3.338],[31.314,3.332],[31.325,3.31],[31.336,3.307],[31.35,3.295],[31.359,3.279],[31.359,3.272],[31.356,3.268],[31.359,3.258],[31.37,3.249],[31.39,3.249],[31.401,3.234],[31.405,3.232],[31.409,3.233],[31.416,3.225],[31.42,3.225]],[[31.474,3.253],[31.464,3.233],[31.456,3.229],[31.446,3.233]],[[31.446,3.233],[31.444,3.234],[31.42,3.225]],[[31.359,2.976],[31.342,2.975],[31.322,2.978],[31.288,2.99],[31.257,2.994],[31.216,3.006],[31.207,3.015],[31.19,3.024],[31.181,3.026],[31.171,3.022],[31.157,3.03]],[[31.157,3.03],[31.143,3.038],[31.115,3.063],[31.106,3.061],[31.084,3.068]],[[31.359,2.976],[31.421,3.046]],[[31.627,3.395],[31.601,3.395],[31.579,3.391],[31.568,3.383],[31.558,3.371],[31.559,3.352],[31.539,3.268],[31.539,3.263],[31.55,3.242]],[[31.985,3.388],[31.991,3.383],[31.994,3.375],[32.006,3.361],[32.017,3.358],[32.024,3.348],[32.032,3.345],[32.041,3.348]],[[32.041,3.348],[32.057,3.34],[32.078,3.302],[32.096,3.28],[32.107,3.268],[32.123,3.26]],[[32.121,3.254],[32.123,3.246],[32.136,3.23],[32.151,3.201],[32.158,3.172],[32.159,3.16],[32.156,3.151],[32.154,3.128],[32.155,3.111],[32.158,3.08],[32.166,3.066],[32.17,3.04],[32.168,3.033],[32.153,3.015]],[[32.121,3.254],[32.136,3.244],[32.162,3.241],[32.18,3.25],[32.185,3.257],[32.195,3.263],[32.205,3.264],[32.212,3.268],[32.218,3.266]],[[32.568,3.436],[32.545,3.436],[32.524,3.431],[32.519,3.421],[32.507,3.413],[32.494,3.409],[32.479,3.411],[32.471,3.403],[32.447,3.397],[32.44,3.393],[32.43,3.379],[32.413,3.369]],[[32.328,3.246],[32.332,3.249],[32.337,3.249],[32.344,3.255],[32.35,3.251],[32.352,3.253],[32.355,3.251],[32.366,3.257],[32.369,3.266],[32.362,3.293],[32.363,3.299]],[[32.363,3.299],[32.367,3.305],[32.372,3.307],[32.394,3.325],[32.397,3.33],[32.412,3.339],[32.413,3.369]],[[32.257,3.273],[32.268,3.266],[32.276,3.255],[32.276,3.247],[32.283,3.243],[32.298,3.241],[32.301,3.246],[32.312,3.243],[32.314,3.245],[32.317,3.24],[32.328,3.246]],[[32.142,2.997],[32.137,2.964],[32.139,2.937],[32.147,2.926],[32.155,2.904]],[[32.322,3.015],[32.318,3.004],[32.287,2.95],[32.293,2.942],[32.3,2.921],[32.298,2.907],[32.289,2.896],[32.287,2.879],[32.28,2.862],[32.287,2.844],[32.294,2.784]],[[32.322,3.015],[32.339,3.007],[32.351,2.992],[32.384,2.981],[32.4,2.967]],[[32.834,3.469],[32.819,3.463],[32.802,3.461],[32.788,3.456],[32.78,3.456],[32.748,3.441],[32.734,3.437],[32.725,3.43]],[[32.88,3.304],[32.88,3.308],[32.86,3.308],[32.788,3.329],[32.767,3.338],[32.751,3.348],[32.718,3.361]],[[33.013,3.398],[33.009,3.394],[32.998,3.393],[32.981,3.379],[32.95,3.363],[32.931,3.349],[32.903,3.324]],[[32.899,3.273],[32.901,3.261],[32.913,3.244]],[[32.914,3.243],[32.917,3.239]],[[32.918,3.234],[32.918,3.23]],[[32.918,3.23],[32.918,3.229]],[[32.92,3.226],[32.923,3.222]],[[32.923,3.221],[32.923,3.22]],[[32.926,3.21],[32.926,3.21]],[[32.913,3.244],[32.914,3.243]],[[32.917,3.239],[32.918,3.234]],[[32.918,3.23],[32.918,3.23]],[[32.918,3.229],[32.92,3.226]],[[32.923,3.222],[32.923,3.221]],[[32.923,3.22],[32.926,3.21]],[[32.926,3.21],[32.926,3.204],[32.919,3.187],[32.92,3.173],[32.914,3.144]],[[32.899,3.273],[32.924,3.263],[32.953,3.238],[32.969,3.232],[32.983,3.23],[33.001,3.234],[33.019,3.245],[33.027,3.256],[33.046,3.267],[33.053,3.268]],[[32.581,2.958],[32.542,2.932],[32.511,2.92],[32.487,2.907],[32.47,2.905],[32.45,2.895]],[[32.914,3.144],[32.905,3.138],[32.877,3.109],[32.843,3.082],[32.835,3.077],[32.82,3.073],[32.804,3.06],[32.79,3.053],[32.784,3.046],[32.778,3.035],[32.767,3.031],[32.756,3.021],[32.745,3.005],[32.732,2.997],[32.709,2.978],[32.7,2.966],[32.674,2.961],[32.625,2.968],[32.602,2.96],[32.581,2.958]],[[32.914,3.144],[32.912,3.134],[32.914,3.099],[32.922,3.069],[32.917,3.043],[32.932,2.997],[32.934,2.976]],[[33.332,3.347],[33.302,3.322],[33.264,3.303],[33.216,3.27],[33.173,3.259],[33.153,3.259],[33.124,3.255]],[[33.056,3.267],[33.067,3.245],[33.096,3.209]],[[33.739,3.361],[33.685,3.349],[33.661,3.341],[33.633,3.336],[33.588,3.323],[33.574,3.322],[33.551,3.312],[33.523,3.317],[33.511,3.322],[33.488,3.353],[33.484,3.37],[33.475,3.381],[33.469,3.399]],[[33.74,3.362],[33.739,3.361]],[[33.396,3.299],[33.353,3.348]],[[33.443,3.071],[33.434,3.1],[33.433,3.118],[33.44,3.18],[33.444,3.195],[33.449,3.205],[33.449,3.233],[33.445,3.242],[33.422,3.263],[33.396,3.299]],[[33.096,3.209],[33.142,3.175]],[[33.142,3.175],[33.179,3.151],[33.191,3.139],[33.23,3.12],[33.242,3.118],[33.286,3.079],[33.306,3.054],[33.315,3.048]],[[33.446,3.066],[33.454,3.033],[33.461,3.015],[33.469,2.958],[33.481,2.908],[33.48,2.889],[33.483,2.867],[33.478,2.823],[33.478,2.792],[33.481,2.742]],[[33.372,3.039],[33.369,3.008],[33.373,2.967],[33.369,2.936],[33.357,2.895],[33.346,2.879],[33.344,2.851],[33.337,2.822],[33.329,2.806],[33.313,2.785]],[[33.985,3.392],[33.991,3.396],[33.998,3.394],[34.007,3.402],[34.007,3.407],[34.013,3.407],[34.052,3.389],[34.068,3.375],[34.087,3.367]],[[34.271,3.331],[34.266,3.33],[34.257,3.322],[34.252,3.315],[34.246,3.316]],[[34.277,3.111],[34.276,3.088],[34.264,3.083],[34.257,3.071]],[[34.271,3.331],[34.278,3.332],[34.291,3.338],[34.294,3.317],[34.279,3.291],[34.278,3.283],[34.285,3.267],[34.286,3.259],[34.282,3.255],[34.283,3.246],[34.277,3.229],[34.279,3.22],[34.274,3.207],[34.275,3.197],[34.282,3.186],[34.284,3.166],[34.284,3.133],[34.282,3.12],[34.277,3.111]],[[34.257,3.071],[34.242,3.048],[34.239,3.025],[34.227,3.019],[34.224,3.014],[34.224,3.002],[34.22,2.995],[34.229,2.978],[34.221,2.971]],[[34.116,2.996],[34.117,3.001],[34.115,3.006]],[[34.085,2.998],[34.077,3.011],[34.057,3.003],[34.045,3.006],[34.042,3.013],[34.038,3.014],[34.027,3.008],[34.02,2.996],[34.012,2.994],[34.001,2.986]],[[30.976,2.946],[30.981,2.94],[30.982,2.926],[30.999,2.923],[31.01,2.917],[31.018,2.915],[31.031,2.917],[31.049,2.912],[31.055,2.908],[31.063,2.909],[31.072,2.903],[31.098,2.898],[31.137,2.896]],[[30.859,2.77],[30.853,2.761],[30.851,2.749],[30.853,2.73],[30.845,2.716],[30.85,2.706]],[[31.396,2.973],[31.375,2.945],[31.369,2.933],[31.354,2.919],[31.282,2.904],[31.239,2.889],[31.233,2.876]],[[31.255,2.859],[31.233,2.876]],[[31.042,2.618],[31.037,2.63],[31.017,2.653],[31.024,2.673],[31.023,2.681],[31.03,2.696],[31.026,2.71],[31.028,2.717],[31.026,2.734],[31.037,2.775]],[[31.255,2.859],[31.252,2.85],[31.243,2.848],[31.238,2.844],[31.227,2.847],[31.222,2.844],[31.19,2.806],[31.189,2.798],[31.183,2.791],[31.179,2.782],[31.174,2.755],[31.169,2.738],[31.164,2.733],[31.152,2.709],[31.143,2.663],[31.139,2.657]],[[31.255,2.859],[31.269,2.853],[31.288,2.841],[31.307,2.818],[31.334,2.8],[31.346,2.779],[31.348,2.766]],[[31.348,2.766],[31.35,2.761],[31.357,2.754],[31.378,2.745],[31.386,2.738]],[[31.386,2.738],[31.386,2.738]],[[31.198,2.504],[31.197,2.499]],[[31.197,2.499],[31.196,2.493]],[[31.196,2.493],[31.189,2.47]],[[32.098,2.841],[32.076,2.836],[32.071,2.832],[32.056,2.827],[32.047,2.82],[32.038,2.821],[32.026,2.814],[32.004,2.815],[31.976,2.808],[31.962,2.813],[31.938,2.814]],[[32.0,2.634],[32.007,2.666],[32.021,2.672],[32.026,2.679]],[[32.173,2.604],[32.156,2.618],[32.138,2.623],[32.123,2.622],[32.106,2.613],[32.099,2.612],[32.083,2.616],[32.058,2.616],[32.023,2.632],[32.0,2.634]],[[31.839,2.534],[31.837,2.529],[31.84,2.523],[31.839,2.514],[31.835,2.509],[31.826,2.479],[31.807,2.459],[31.794,2.45],[31.785,2.435]],[[32.237,2.768],[32.272,2.764]],[[32.14,2.763],[32.134,2.762],[32.122,2.742]],[[32.229,2.762],[32.207,2.753],[32.199,2.751],[32.189,2.754],[32.18,2.751]],[[32.18,2.751],[32.164,2.75],[32.145,2.743],[32.122,2.742]],[[32.274,2.758],[32.259,2.739],[32.25,2.722],[32.249,2.697],[32.222,2.667],[32.189,2.621]],[[32.189,2.621],[32.184,2.612],[32.175,2.605]],[[32.306,2.742],[32.293,2.744],[32.283,2.757]],[[32.37,2.78],[32.375,2.78],[32.383,2.774],[32.391,2.765],[32.402,2.744]],[[32.261,2.595],[32.266,2.593],[32.275,2.579],[32.311,2.561],[32.323,2.557],[32.357,2.556]],[[32.199,2.578],[32.229,2.585],[32.244,2.592],[32.261,2.595]],[[32.518,2.63],[32.494,2.615]],[[32.489,2.615],[32.477,2.615]],[[32.492,2.615],[32.49,2.615]],[[32.494,2.615],[32.492,2.615]],[[32.49,2.615],[32.489,2.615]],[[33.009,2.781],[32.997,2.768],[32.99,2.763],[32.978,2.761],[32.959,2.767]],[[32.959,2.767],[32.951,2.75],[32.945,2.701]],[[32.752,2.682],[32.729,2.679],[32.725,2.684],[32.702,2.693],[32.675,2.688],[32.66,2.688]],[[32.785,2.576],[32.804,2.591],[32.812,2.605],[32.824,2.611],[32.839,2.612]],[[32.72,2.535],[32.732,2.548],[32.745,2.552],[32.785,2.576]],[[32.501,2.499],[32.502,2.493]],[[32.671,2.466],[32.675,2.474],[32.692,2.489],[32.7,2.508]],[[32.646,2.441],[32.661,2.447],[32.671,2.466]],[[32.623,2.434],[32.646,2.441]],[[32.714,2.496],[32.709,2.509]],[[32.848,2.512],[32.846,2.483],[32.841,2.471],[32.828,2.45]],[[32.847,2.605],[32.845,2.583],[32.852,2.574],[32.846,2.548],[32.848,2.512]],[[32.937,2.606],[32.935,2.607],[32.93,2.603],[32.928,2.594],[32.933,2.569],[32.932,2.556],[32.937,2.538],[32.929,2.515],[32.935,2.488]],[[32.944,2.612],[32.946,2.61],[32.943,2.607],[32.939,2.604],[32.937,2.606]],[[33.161,2.786],[33.177,2.78],[33.218,2.775],[33.251,2.764],[33.307,2.766]],[[33.464,2.739],[33.419,2.752],[33.348,2.755],[33.311,2.764]],[[33.27,2.595],[33.264,2.547],[33.268,2.531],[33.263,2.51],[33.266,2.482],[33.272,2.466],[33.262,2.451],[33.256,2.433]],[[33.311,2.764],[33.297,2.737],[33.29,2.704],[33.275,2.669],[33.274,2.629],[33.27,2.595]],[[33.486,2.742],[33.493,2.732],[33.498,2.73],[33.548,2.723]],[[33.548,2.723],[33.555,2.721]],[[33.464,2.739],[33.483,2.716],[33.486,2.707],[33.5,2.689],[33.524,2.66]],[[33.524,2.66],[33.575,2.624]],[[33.725,2.799],[33.693,2.773],[33.666,2.731],[33.657,2.702]],[[33.723,2.595],[33.734,2.593],[33.745,2.587],[33.761,2.589]],[[33.706,2.562],[33.769,2.535]],[[33.615,2.495],[33.614,2.488],[33.604,2.48],[33.575,2.481]],[[33.618,2.517],[33.615,2.495]],[[33.964,2.498],[33.959,2.497]],[[33.959,2.497],[33.915,2.493]],[[33.911,2.493],[33.91,2.493]],[[33.943,2.528],[33.941,2.513],[33.932,2.503],[33.927,2.499],[33.911,2.493]],[[33.89,2.495],[33.888,2.495]],[[33.888,2.495],[33.881,2.498]],[[34.212,2.863],[34.218,2.859],[34.225,2.851],[34.248,2.839],[34.258,2.82],[34.261,2.785],[34.266,2.776]],[[34.266,2.776],[34.27,2.772],[34.281,2.741],[34.291,2.723],[34.302,2.698],[34.299,2.69],[34.302,2.681],[34.299,2.665],[34.307,2.653],[34.302,2.631],[34.304,2.608]],[[34.304,2.608],[34.298,2.596],[34.296,2.582],[34.28,2.562],[34.261,2.551],[34.251,2.534],[34.238,2.523],[34.22,2.515],[34.206,2.504],[34.19,2.496]],[[34.008,2.502],[34.007,2.501]],[[34.003,2.501],[34.001,2.501]],[[34.018,2.5],[34.017,2.5]],[[34.019,2.499],[34.018,2.5]],[[34.021,2.499],[34.02,2.499]],[[34.154,2.497],[34.093,2.493],[34.068,2.498],[34.037,2.498]],[[34.017,2.5],[34.008,2.502]],[[34.007,2.501],[34.003,2.501]],[[34.018,2.5],[34.018,2.5]],[[34.02,2.499],[34.019,2.499]],[[34.037,2.498],[34.021,2.499]],[[34.364,2.549],[34.373,2.544],[34.383,2.544],[34.407,2.534],[34.419,2.525],[34.445,2.518],[34.464,2.523],[34.48,2.534],[34.49,2.534],[34.508,2.519],[34.523,2.519],[34.534,2.514],[34.55,2.499]],[[34.501,2.958],[34.503,2.952],[34.511,2.949],[34.533,2.929],[34.549,2.926],[34.557,2.917],[34.56,2.909],[34.56,2.905],[34.565,2.893],[34.578,2.889],[34.581,2.885],[34.583,2.87],[34.598,2.875],[34.611,2.861],[34.61,2.855],[34.62,2.835],[34.619,2.811],[34.629,2.801],[34.637,2.78],[34.643,2.779],[34.647,2.773],[34.654,2.771],[34.661,2.763],[34.664,2.756],[34.663,2.747]],[[34.663,2.747],[34.669,2.731],[34.674,2.728],[34.678,2.721],[34.688,2.717],[34.691,2.713],[34.692,2.703],[34.698,2.686],[34.704,2.675],[34.709,2.674],[34.723,2.659],[34.734,2.633],[34.736,2.621]],[[34.655,2.521],[34.66,2.499],[34.667,2.495],[34.691,2.466],[34.691,2.449],[34.695,2.446],[34.704,2.447],[34.72,2.439],[34.729,2.424],[34.741,2.412],[34.743,2.405],[34.751,2.399]],[[34.751,2.399],[34.755,2.397],[34.758,2.391],[34.761,2.39],[34.782,2.39],[34.798,2.384],[34.811,2.383],[34.826,2.378],[34.838,2.378],[34.839,2.381],[34.861,2.39],[34.882,2.378],[34.9,2.375],[34.903,2.371],[34.922,2.365]],[[34.565,2.504],[34.564,2.496],[34.575,2.472],[34.571,2.446],[34.574,2.439],[34.58,2.429],[34.579,2.413],[34.573,2.401],[34.575,2.386]],[[34.575,2.386],[34.578,2.378],[34.578,2.36]],[[34.55,2.499],[34.542,2.494],[34.531,2.491]],[[31.254,2.309],[31.257,2.309],[31.262,2.317],[31.272,2.319],[31.287,2.314],[31.31,2.316],[31.316,2.314],[31.317,2.31],[31.323,2.307],[31.328,2.297],[31.332,2.296],[31.336,2.29]],[[31.214,2.313],[31.221,2.316],[31.226,2.316]],[[31.226,2.316],[31.236,2.313]],[[31.236,2.313],[31.254,2.309]],[[31.204,2.305],[31.214,2.313]],[[31.52,2.331],[31.514,2.328],[31.507,2.331],[31.497,2.329]],[[31.321,2.256],[31.316,2.239],[31.312,2.234]],[[31.312,2.234],[31.308,2.231]],[[31.308,2.231],[31.305,2.227]],[[31.412,2.118],[31.416,2.104]],[[31.416,2.104],[31.419,2.091]],[[31.419,2.091],[31.419,2.091]],[[31.419,2.091],[31.423,2.079],[31.436,2.056],[31.442,2.039],[31.453,2.017]],[[31.453,2.017],[31.454,2.014]],[[31.454,2.014],[31.457,2.008],[31.465,2.003],[31.473,1.993],[31.477,1.993],[31.476,1.984],[31.469,1.976],[31.459,1.959],[31.441,1.948],[31.432,1.94],[31.405,1.878],[31.394,1.841]],[[31.394,1.841],[31.395,1.831],[31.385,1.791]],[[31.759,2.414],[31.732,2.405],[31.726,2.398],[31.704,2.395],[31.7,2.391],[31.691,2.388],[31.681,2.375],[31.676,2.377],[31.672,2.374],[31.661,2.371],[31.655,2.366],[31.65,2.365],[31.647,2.358],[31.648,2.349],[31.639,2.343],[31.629,2.341],[31.627,2.343],[31.621,2.344],[31.613,2.355],[31.602,2.349],[31.596,2.349],[31.595,2.345]],[[32.196,2.246],[32.212,2.252],[32.223,2.265],[32.229,2.264],[32.231,2.259],[32.239,2.256],[32.24,2.253]],[[32.502,2.493],[32.506,2.449],[32.504,2.439]],[[32.504,2.439],[32.503,2.432]],[[32.503,2.432],[32.497,2.417],[32.492,2.413]],[[32.492,2.413],[32.507,2.387]],[[32.468,2.396],[32.484,2.39]],[[32.484,2.39],[32.493,2.388]],[[32.493,2.388],[32.507,2.387]],[[32.463,2.377],[32.463,2.377]],[[32.463,2.377],[32.457,2.362]],[[32.457,2.362],[32.457,2.348]],[[32.457,2.348],[32.458,2.327],[32.45,2.315]],[[32.45,2.315],[32.443,2.309]],[[32.443,2.309],[32.42,2.285],[32.401,2.246],[32.387,2.233]],[[32.387,2.233],[32.373,2.218]],[[32.308,2.099],[32.266,2.061],[32.25,2.042],[32.213,2.019],[32.19,1.997],[32.171,1.987]],[[32.509,2.092],[32.485,2.082],[32.455,2.06],[32.432,2.06],[32.397,2.054],[32.386,2.054]],[[32.386,2.054],[32.362,2.006],[32.367,1.98],[32.379,1.957],[32.392,1.946],[32.399,1.942],[32.407,1.932]],[[32.521,2.271],[32.523,2.265]],[[32.523,2.265],[32.53,2.246]],[[32.68,2.277],[32.678,2.258],[32.654,2.232],[32.646,2.228],[32.61,2.217],[32.604,2.212],[32.595,2.209],[32.587,2.199]],[[32.68,2.277],[32.684,2.27],[32.725,2.232]],[[33.038,2.401],[33.008,2.409],[33.001,2.414],[32.935,2.437]],[[33.042,2.4],[33.026,2.388],[33.005,2.376],[32.989,2.363],[32.971,2.333],[32.938,2.3],[32.919,2.277]],[[32.905,2.248],[32.907,2.243]],[[32.72,2.016],[32.727,2.021],[32.755,2.056]],[[32.774,2.005],[32.749,2.002]],[[32.53,2.004],[32.534,1.985]],[[32.715,1.999],[32.713,1.992],[32.701,1.98]],[[32.715,1.999],[32.72,1.995]],[[32.749,2.002],[32.731,1.998],[32.723,1.993]],[[33.005,2.107],[32.996,2.108],[32.929,2.132]],[[32.873,1.994],[32.837,1.996],[32.812,2.001]],[[32.979,1.974],[32.965,1.976],[32.955,1.982],[32.929,1.984],[32.917,1.989],[32.873,1.994]],[[32.965,2.021],[32.979,1.974]],[[33.256,2.433],[33.241,2.441],[33.211,2.462],[33.193,2.468],[33.166,2.464],[33.141,2.444],[33.079,2.427],[33.042,2.4]],[[33.256,2.433],[33.251,2.429],[33.245,2.414],[33.235,2.402],[33.227,2.378],[33.202,2.343],[33.189,2.315],[33.177,2.275]],[[33.177,2.274],[33.199,2.26],[33.206,2.258],[33.261,2.263],[33.275,2.263],[33.287,2.257],[33.321,2.247]],[[33.574,2.481],[33.565,2.479],[33.538,2.465],[33.454,2.418]],[[33.355,2.383],[33.379,2.359],[33.399,2.315],[33.396,2.242]],[[33.208,2.034],[33.197,2.009],[33.196,1.988]],[[33.514,2.053],[33.476,2.045]],[[33.58,2.33],[33.565,2.274],[33.565,2.238],[33.573,2.227]],[[33.574,2.481],[33.597,2.432],[33.601,2.405],[33.601,2.398],[33.594,2.387],[33.592,2.372],[33.58,2.33]],[[33.964,2.497],[33.967,2.471],[33.977,2.434],[33.992,2.407],[34.0,2.399],[34.014,2.391]],[[34.014,2.391],[33.984,2.377],[33.935,2.368],[33.907,2.356]],[[33.861,2.311],[33.852,2.283],[33.848,2.256],[33.838,2.231]],[[33.753,2.227],[33.748,2.218]],[[33.645,2.03],[33.681,1.995]],[[34.011,2.051],[33.986,2.03]],[[33.964,2.012],[33.967,1.971]],[[34.324,2.479],[34.295,2.483],[34.24,2.483],[34.229,2.486],[34.222,2.491],[34.19,2.496]],[[34.531,2.491],[34.517,2.487],[34.496,2.477]],[[34.407,2.405],[34.382,2.374],[34.375,2.351],[34.361,2.337],[34.348,2.32],[34.323,2.303],[34.302,2.281],[34.269,2.242]],[[34.258,2.223],[34.244,2.205],[34.239,2.168],[34.236,2.164]],[[34.12,2.024],[34.085,1.992]],[[34.505,2.084],[34.486,2.092]],[[34.58,2.352],[34.582,2.35],[34.59,2.35],[34.592,2.344],[34.598,2.34],[34.603,2.319],[34.613,2.303],[34.627,2.29],[34.652,2.243],[34.655,2.233]],[[34.926,2.342],[34.918,2.331],[34.912,2.31],[34.911,2.3],[34.915,2.285],[34.914,2.281]],[[34.914,2.281],[34.916,2.277],[34.916,2.271],[34.897,2.225],[34.897,2.208]],[[34.727,2.079],[34.725,2.065],[34.733,2.041],[34.728,2.003],[34.721,1.991],[34.72,1.984],[34.725,1.983],[34.733,1.965],[34.741,1.957],[34.739,1.946],[34.742,1.937],[34.735,1.915],[34.73,1.911],[34.728,1.898]],[[34.572,2.049],[34.569,2.036],[34.574,2.022],[34.573,2.017],[34.566,2.009],[34.562,1.991],[34.564,1.985],[34.559,1.97],[34.559,1.938]],[[31.376,1.709],[31.366,1.698]],[[31.366,1.698],[31.348,1.682],[31.347,1.674],[31.324,1.649],[31.313,1.627]],[[31.313,1.627],[31.312,1.624]],[[31.418,1.761],[31.409,1.754],[31.399,1.752],[31.4,1.748],[31.386,1.723],[31.376,1.709]],[[31.418,1.761],[31.429,1.756],[31.435,1.748],[31.437,1.739]],[[31.437,1.739],[31.46,1.727],[31.467,1.731],[31.47,1.737],[31.474,1.737],[31.475,1.732],[31.471,1.726],[31.47,1.718],[31.481,1.71]],[[31.481,1.71],[31.481,1.71]],[[31.259,1.508],[31.249,1.507],[31.238,1.518],[31.218,1.528],[31.201,1.542]],[[31.303,1.482],[31.268,1.505],[31.259,1.508]],[[31.161,1.553],[31.141,1.551],[31.136,1.548],[31.129,1.537]],[[31.172,1.551],[31.161,1.553]],[[31.177,1.549],[31.172,1.551]],[[31.201,1.542],[31.188,1.542],[31.177,1.549]],[[31.129,1.537],[31.113,1.529],[31.103,1.518],[31.087,1.508],[31.074,1.495],[31.074,1.491],[31.059,1.473],[31.054,1.473],[31.037,1.459],[31.035,1.445]],[[31.35,1.515],[31.35,1.504],[31.344,1.48]],[[31.394,1.521],[31.388,1.511],[31.383,1.493]],[[31.383,1.493],[31.381,1.486]],[[31.381,1.486],[31.381,1.486]],[[31.402,1.512],[31.417,1.509],[31.43,1.496]],[[31.448,1.495],[31.438,1.498],[31.43,1.496]],[[31.448,1.495],[31.448,1.495]],[[31.509,1.498],[31.495,1.497],[31.481,1.49]],[[31.481,1.49],[31.481,1.49]],[[31.714,1.779],[31.715,1.779]],[[31.715,1.779],[31.718,1.774]],[[31.718,1.774],[31.723,1.758],[31.739,1.746]],[[31.739,1.751],[31.738,1.752]],[[31.739,1.746],[31.739,1.751]],[[31.78,1.767],[31.77,1.762]],[[31.77,1.762],[31.756,1.748]],[[31.756,1.748],[31.751,1.742]],[[31.509,1.498],[31.514,1.481],[31.511,1.46]],[[32.029,1.71],[31.996,1.713]],[[32.281,1.806],[32.277,1.806],[32.219,1.777]],[[32.219,1.777],[32.203,1.77],[32.186,1.767],[32.155,1.758],[32.135,1.741],[32.118,1.719]],[[32.534,1.985],[32.499,1.977],[32.437,1.959],[32.407,1.932]],[[32.521,1.854],[32.492,1.833]],[[32.376,1.763],[32.377,1.75],[32.39,1.72]],[[32.286,1.689],[32.275,1.695],[32.256,1.694],[32.236,1.696],[32.214,1.707],[32.181,1.702]],[[32.22,1.492],[32.207,1.504]],[[32.511,1.504],[32.5,1.51],[32.463,1.518]],[[32.29,1.539],[32.287,1.521],[32.273,1.49],[32.27,1.469]],[[32.339,1.503],[32.313,1.502],[32.293,1.49]],[[32.979,1.974],[33.003,1.982]],[[33.005,1.832],[32.985,1.826]],[[32.923,1.763],[32.918,1.734],[32.912,1.721]],[[32.818,1.634],[32.794,1.627],[32.781,1.625],[32.761,1.617],[32.752,1.61],[32.733,1.605],[32.717,1.587]],[[32.773,1.705],[32.763,1.706],[32.757,1.688],[32.743,1.673],[32.724,1.669],[32.705,1.662],[32.694,1.656],[32.683,1.644],[32.652,1.625],[32.648,1.602],[32.639,1.584]],[[32.613,1.494],[32.597,1.499],[32.593,1.499],[32.591,1.496]],[[32.625,1.502],[32.614,1.494]],[[33.206,1.91],[33.231,1.891],[33.259,1.876],[33.27,1.864]],[[33.178,1.916],[33.193,1.917],[33.206,1.91]],[[33.27,1.864],[33.231,1.842],[33.223,1.833]],[[33.027,1.706],[33.017,1.686]],[[33.091,1.788],[33.08,1.77],[33.046,1.742],[33.027,1.706]],[[33.274,1.87],[33.27,1.864]],[[33.503,1.749],[33.472,1.749]],[[33.342,1.808],[33.374,1.741]],[[33.322,1.76],[33.315,1.743],[33.309,1.737]],[[33.276,1.719],[33.258,1.733],[33.22,1.744]],[[33.237,1.525],[33.258,1.524],[33.292,1.527]],[[33.174,1.509],[33.146,1.495],[33.092,1.495]],[[33.477,1.722],[33.503,1.745]],[[33.5,1.681],[33.52,1.687]],[[33.494,1.607],[33.517,1.602]],[[33.515,1.599],[33.486,1.561]],[[33.531,1.501],[33.493,1.513]],[[33.459,1.518],[33.477,1.484],[33.487,1.472],[33.493,1.458]],[[33.455,1.515],[33.388,1.447]],[[33.362,1.529],[33.359,1.495],[33.36,1.472]],[[33.729,1.93],[33.738,1.919],[33.748,1.901],[33.755,1.867]],[[33.755,1.867],[33.723,1.866]],[[33.51,1.749],[33.503,1.745]],[[33.503,1.749],[33.503,1.745]],[[33.97,1.918],[34.0,1.92],[34.037,1.912]],[[34.035,1.754],[34.012,1.753],[33.995,1.754]],[[33.957,1.752],[33.922,1.69]],[[33.61,1.509],[33.608,1.489]],[[33.604,1.481],[33.581,1.492],[33.549,1.5]],[[33.546,1.5],[33.517,1.479]],[[34.052,1.632],[34.049,1.622],[34.035,1.604],[34.01,1.559],[33.996,1.546]],[[33.952,1.502],[33.941,1.493]],[[33.819,1.511],[33.818,1.497],[33.805,1.49]],[[33.819,1.512],[33.805,1.49]],[[33.776,1.505],[33.775,1.484]],[[34.13,1.828],[34.122,1.774],[34.103,1.729]],[[34.103,1.729],[34.08,1.75],[34.052,1.758]],[[34.001,1.542],[34.017,1.532],[34.03,1.512],[34.031,1.494],[34.038,1.471]],[[34.038,1.471],[34.05,1.438]],[[34.517,1.567],[34.501,1.556],[34.495,1.542],[34.492,1.527]],[[34.492,1.527],[34.495,1.514],[34.501,1.504],[34.504,1.504]],[[34.492,1.527],[34.457,1.505],[34.444,1.5]],[[34.444,1.5],[34.434,1.493]],[[34.929,1.942],[34.92,1.94],[34.905,1.958],[34.899,1.958],[34.875,1.94],[34.866,1.938],[34.85,1.941],[34.833,1.938],[34.824,1.945],[34.808,1.946],[34.803,1.945],[34.795,1.936],[34.783,1.935],[34.775,1.92],[34.758,1.902],[34.756,1.888],[34.75,1.888],[34.741,1.894],[34.728,1.898]],[[34.612,1.752],[34.601,1.717],[34.583,1.688]],[[34.932,1.565],[34.919,1.574],[34.864,1.56],[34.852,1.548],[34.841,1.545],[34.835,1.546],[34.83,1.543],[34.822,1.517],[34.825,1.508],[34.824,1.496],[34.819,1.487],[34.822,1.48]],[[31.035,1.445],[31.015,1.431],[31.004,1.419],[31.002,1.412]],[[31.002,1.412],[30.992,1.379],[30.992,1.366],[30.986,1.345],[30.991,1.334],[30.991,1.325],[30.996,1.318],[30.997,1.293],[30.992,1.281],[30.981,1.271],[30.978,1.261]],[[31.006,1.239],[30.984,1.253],[30.978,1.261]],[[31.015,1.234],[31.006,1.239]],[[31.018,1.232],[31.015,1.234]],[[31.032,1.186],[31.025,1.163],[31.018,1.162],[31.016,1.156],[31.003,1.142],[30.996,1.129]],[[30.996,1.129],[30.989,1.121],[30.988,1.113]],[[30.988,1.113],[31.001,1.112],[31.029,1.103],[31.054,1.086],[31.06,1.086],[31.065,1.083]],[[30.882,1.001],[30.871,0.997],[30.862,0.988],[30.857,0.988],[30.848,0.978]],[[30.882,1.001],[30.885,0.992],[30.888,0.966],[30.894,0.958],[30.893,0.948],[30.896,0.944]],[[31.191,1.447],[31.202,1.443],[31.21,1.437],[31.22,1.435]],[[31.22,1.435],[31.238,1.437]],[[31.238,1.437],[31.244,1.433]],[[31.244,1.433],[31.254,1.42]],[[31.254,1.42],[31.248,1.406],[31.245,1.407],[31.242,1.403]],[[31.242,1.403],[31.244,1.391],[31.252,1.376],[31.25,1.366]],[[31.25,1.366],[31.247,1.363]],[[31.274,1.366],[31.247,1.363]],[[31.274,1.366],[31.274,1.366]],[[31.085,1.248],[31.083,1.246]],[[31.511,1.46],[31.51,1.458]],[[31.51,1.458],[31.501,1.444],[31.49,1.438]],[[31.49,1.438],[31.479,1.442],[31.468,1.441]],[[31.468,1.441],[31.468,1.441]],[[31.312,1.335],[31.304,1.312],[31.301,1.292]],[[31.301,1.292],[31.304,1.285]],[[31.304,1.285],[31.306,1.283],[31.303,1.276]],[[31.303,1.276],[31.296,1.245]],[[31.253,1.123],[31.239,1.124]],[[31.075,1.018],[31.081,1.002],[31.071,0.986],[31.069,0.976],[31.076,0.96],[31.075,0.954],[31.079,0.946],[31.083,0.919]],[[31.205,0.889],[31.203,0.892],[31.196,0.894],[31.189,0.9],[31.163,0.926],[31.162,0.936],[31.155,0.944],[31.153,0.953],[31.15,0.958],[31.151,0.978],[31.145,1.011]],[[31.265,1.117],[31.286,1.115],[31.301,1.11],[31.317,1.11],[31.333,1.115],[31.355,1.115],[31.374,1.112],[31.386,1.114],[31.394,1.112],[31.399,1.108],[31.409,1.076],[31.413,1.052],[31.417,1.044],[31.419,1.027],[31.432,1.0],[31.436,0.985],[31.435,0.968],[31.43,0.962]],[[31.801,1.195],[31.783,1.199],[31.738,1.203],[31.702,1.193]],[[31.76,1.074],[31.746,1.101]],[[31.585,1.027],[31.586,0.995]],[[32.239,1.479],[32.259,1.47]],[[32.474,1.31],[32.511,1.302]],[[32.468,1.051],[32.471,1.043],[32.491,1.034],[32.508,1.018],[32.534,1.004]],[[32.989,1.336],[32.997,1.336],[33.018,1.327],[33.03,1.329],[33.064,1.329]],[[32.993,1.326],[32.999,1.295],[33.014,1.28],[33.027,1.275]],[[32.862,1.243],[32.859,1.253]],[[32.534,1.004],[32.543,0.997],[32.552,0.983]],[[33.086,1.266],[33.092,1.25],[33.108,1.23]],[[33.027,1.275],[33.032,1.265],[33.043,1.251],[33.062,1.213],[33.071,1.203]],[[33.493,1.458],[33.501,1.463],[33.502,1.47],[33.506,1.476],[33.513,1.476]],[[33.498,1.446],[33.513,1.419]],[[33.332,1.254],[33.354,1.228]],[[33.264,1.112],[33.245,1.096]],[[33.181,1.022],[33.177,1.013],[33.157,0.988]],[[34.008,1.286],[33.978,1.259]],[[33.988,1.255],[34.006,1.251]],[[34.023,1.212],[34.056,1.179]],[[33.989,1.248],[34.003,1.229],[34.023,1.212]],[[33.976,1.258],[33.933,1.241]],[[33.873,1.263],[33.873,1.251],[33.889,1.229],[33.895,1.225]],[[33.866,1.253],[33.855,1.239],[33.842,1.229]],[[33.765,1.202],[33.748,1.189]],[[33.783,1.158],[33.742,1.161],[33.713,1.166]],[[33.738,1.123],[33.749,1.089],[33.753,1.08]],[[33.642,1.008],[33.638,0.999],[33.637,0.983],[33.629,0.95],[33.625,0.944]],[[33.527,1.023],[33.526,1.016],[33.516,0.99],[33.518,0.969]],[[34.008,1.191],[33.998,1.195]],[[34.012,1.101],[33.989,1.102]],[[34.012,1.101],[34.0,1.077]],[[34.02,1.039],[34.014,1.05],[34.006,1.057],[34.0,1.077]],[[34.137,1.272],[34.134,1.253],[34.112,1.225]],[[34.061,1.239],[34.045,1.245],[34.006,1.251]],[[34.751,1.292],[34.74,1.288],[34.736,1.291],[34.73,1.29],[34.727,1.298],[34.732,1.302],[34.73,1.31],[34.721,1.308],[34.714,1.309],[34.711,1.307],[34.706,1.308],[34.709,1.313],[34.707,1.318],[34.717,1.324],[34.711,1.324],[34.707,1.329],[34.713,1.336],[34.71,1.343]],[[34.633,1.348],[34.639,1.354],[34.635,1.357],[34.637,1.36],[34.635,1.362],[34.631,1.364],[34.634,1.367],[34.63,1.368],[34.634,1.376],[34.628,1.378],[34.633,1.389],[34.628,1.388],[34.627,1.39]],[[34.71,1.343],[34.71,1.347],[34.707,1.344],[34.7,1.345],[34.697,1.341],[34.693,1.343],[34.689,1.335],[34.685,1.342],[34.68,1.339],[34.677,1.341],[34.673,1.339],[34.668,1.342],[34.662,1.336],[34.662,1.345],[34.652,1.341],[34.646,1.347],[34.633,1.348]],[[34.627,1.39],[34.627,1.393],[34.622,1.394],[34.629,1.4],[34.629,1.406],[34.622,1.411],[34.622,1.417],[34.613,1.422],[34.602,1.422],[34.591,1.414],[34.569,1.416],[34.563,1.418],[34.56,1.412],[34.556,1.419],[34.55,1.415],[34.543,1.414],[34.54,1.416],[34.525,1.418],[34.507,1.411],[34.508,1.406],[34.503,1.403],[34.486,1.408],[34.476,1.405]],[[34.362,1.226],[34.346,1.235],[34.338,1.248],[34.323,1.262],[34.315,1.279],[34.299,1.282],[34.277,1.28]],[[34.273,1.248],[34.275,1.245]],[[34.254,1.145],[34.245,1.144]],[[34.253,1.0],[34.251,0.999],[34.248,1.001]],[[34.248,1.001],[34.244,0.999],[34.241,1.002],[34.237,1.0],[34.237,0.997],[34.23,0.99]],[[34.178,1.021],[34.183,1.021],[34.203,0.981]],[[34.047,1.012],[34.056,0.992],[34.058,0.978]],[[34.335,1.003],[34.33,0.993],[34.31,0.976]],[[34.751,1.277],[34.744,1.268],[34.742,1.255],[34.736,1.242],[34.742,1.237],[34.74,1.233],[34.743,1.229],[34.733,1.218],[34.734,1.216]],[[30.186,0.717],[30.19,0.723],[30.189,0.728],[30.191,0.729],[30.19,0.732],[30.193,0.733],[30.194,0.738],[30.193,0.739],[30.196,0.741],[30.199,0.749],[30.196,0.751],[30.201,0.752],[30.208,0.762],[30.216,0.763],[30.226,0.789]],[[30.189,0.714],[30.186,0.717]],[[30.495,0.881],[30.492,0.881],[30.487,0.874],[30.482,0.874],[30.472,0.867],[30.467,0.869],[30.456,0.863],[30.45,0.861],[30.442,0.864],[30.44,0.861]],[[30.567,0.779],[30.569,0.787],[30.568,0.791],[30.575,0.811],[30.571,0.825],[30.559,0.827],[30.548,0.844],[30.546,0.851],[30.541,0.857],[30.532,0.86],[30.53,0.867],[30.526,0.871],[30.52,0.874],[30.506,0.876],[30.5,0.874],[30.495,0.877],[30.495,0.881]],[[30.227,0.721],[30.221,0.727],[30.217,0.728],[30.201,0.713]],[[30.239,0.716],[30.227,0.721]],[[30.253,0.722],[30.239,0.716]],[[30.254,0.691],[30.246,0.712],[30.239,0.716]],[[30.243,0.655],[30.252,0.654]],[[30.255,0.591],[30.25,0.591],[30.245,0.586],[30.241,0.586],[30.238,0.59],[30.226,0.587],[30.213,0.589]],[[30.759,0.916],[30.738,0.925],[30.732,0.925],[30.726,0.92],[30.715,0.924],[30.709,0.928],[30.705,0.94]],[[30.759,0.916],[30.752,0.906],[30.739,0.901],[30.731,0.892],[30.737,0.881],[30.732,0.879],[30.733,0.876],[30.729,0.871]],[[30.729,0.871],[30.736,0.858],[30.736,0.845],[30.743,0.839],[30.74,0.823],[30.734,0.817],[30.739,0.808],[30.746,0.803],[30.748,0.792],[30.746,0.786],[30.733,0.781],[30.736,0.773],[30.728,0.763],[30.73,0.754],[30.729,0.75]],[[30.551,0.768],[30.551,0.759],[30.546,0.753],[30.538,0.748],[30.532,0.749],[30.519,0.737],[30.513,0.712]],[[30.7,0.736],[30.689,0.746],[30.682,0.747],[30.683,0.755],[30.68,0.76]],[[30.729,0.75],[30.724,0.749],[30.71,0.738],[30.702,0.736]],[[31.06,0.781],[31.052,0.788],[31.048,0.786],[31.037,0.786],[31.031,0.781],[31.029,0.804],[31.023,0.815],[31.011,0.826],[31.005,0.846],[30.991,0.863]],[[30.683,0.517],[30.678,0.515],[30.687,0.497],[30.687,0.489]],[[30.714,0.514],[30.704,0.513],[30.703,0.502],[30.7,0.498],[30.699,0.494],[30.687,0.489]],[[31.205,0.889],[31.218,0.891],[31.231,0.899],[31.244,0.911],[31.249,0.909],[31.252,0.905],[31.256,0.904]],[[31.254,0.777],[31.24,0.771],[31.235,0.773],[31.224,0.771],[31.198,0.777]],[[31.098,0.764],[31.1,0.757],[31.111,0.751],[31.113,0.737],[31.118,0.733],[31.121,0.724],[31.134,0.715],[31.135,0.711],[31.149,0.709],[31.165,0.699],[31.18,0.699]],[[31.198,0.777],[31.198,0.76],[31.194,0.734]],[[31.518,0.939],[31.499,0.937]],[[31.538,0.808],[31.523,0.815],[31.515,0.826],[31.509,0.827],[31.503,0.832],[31.496,0.832]],[[31.324,0.78],[31.323,0.775],[31.316,0.761],[31.327,0.742],[31.328,0.728],[31.336,0.722]],[[31.399,0.749],[31.406,0.745]],[[31.26,0.676],[31.269,0.667]],[[31.207,0.696],[31.213,0.687],[31.221,0.683],[31.241,0.681],[31.244,0.679],[31.26,0.676]],[[31.049,0.499],[31.053,0.483]],[[31.059,0.482],[31.062,0.488],[31.059,0.493],[31.049,0.499]],[[31.171,0.531],[31.165,0.53],[31.149,0.521],[31.127,0.502],[31.122,0.494],[31.113,0.493],[31.105,0.485]],[[31.177,0.508],[31.179,0.507],[31.177,0.5],[31.181,0.495],[31.182,0.487]],[[31.178,0.518],[31.177,0.508]],[[31.538,0.785],[31.534,0.783],[31.532,0.778],[31.527,0.781],[31.524,0.78],[31.51,0.758],[31.504,0.747],[31.505,0.737],[31.497,0.732],[31.495,0.721],[31.489,0.71],[31.484,0.708],[31.478,0.693],[31.479,0.686]],[[31.479,0.518],[31.476,0.511],[31.482,0.503],[31.49,0.499],[31.502,0.497]],[[31.282,0.482],[31.281,0.49],[31.286,0.497]],[[31.751,0.943],[31.74,0.936]],[[31.783,0.805],[31.78,0.796],[31.786,0.788],[31.789,0.777]],[[31.789,0.777],[31.792,0.754],[31.825,0.717]],[[31.75,0.545],[31.753,0.544],[31.761,0.548]],[[32.011,0.689],[31.999,0.678]],[[32.02,0.582],[32.007,0.566],[31.999,0.562]],[[31.997,0.526],[32.0,0.511],[32.007,0.506]],[[31.765,0.501],[31.751,0.49],[31.726,0.48],[31.713,0.472],[31.705,0.463]],[[31.873,0.501],[31.876,0.483],[31.897,0.464],[31.905,0.453],[31.911,0.45],[31.912,0.438]],[[32.306,0.926],[32.292,0.922],[32.268,0.907],[32.247,0.905]],[[32.284,0.843],[32.272,0.838],[32.259,0.827],[32.243,0.823]],[[32.251,0.769],[32.245,0.766],[32.23,0.764]],[[32.062,0.749],[32.043,0.716]],[[32.23,0.764],[32.232,0.746],[32.24,0.729],[32.238,0.707],[32.246,0.682]],[[32.473,0.958],[32.496,0.965],[32.502,0.964],[32.509,0.961],[32.509,0.956],[32.512,0.951],[32.521,0.953],[32.526,0.948]],[[32.492,0.943],[32.492,0.94],[32.501,0.938],[32.513,0.928],[32.522,0.925]],[[32.498,0.893],[32.51,0.907],[32.517,0.912],[32.522,0.912]],[[32.494,0.841],[32.504,0.85]],[[32.496,0.772],[32.512,0.775]],[[32.296,0.767],[32.283,0.746]],[[32.351,0.751],[32.362,0.746],[32.367,0.74]],[[32.416,0.73],[32.408,0.743],[32.408,0.75]],[[32.268,0.693],[32.256,0.693],[32.252,0.684],[32.246,0.682]],[[32.25,0.673],[32.251,0.666],[32.248,0.653]],[[32.248,0.646],[32.249,0.638],[32.253,0.633]],[[32.235,0.578],[32.234,0.576]],[[32.26,0.592],[32.235,0.578]],[[32.012,0.502],[32.021,0.489]],[[32.018,0.502],[32.023,0.486],[32.027,0.481]],[[32.051,0.485],[32.054,0.49],[32.053,0.492],[32.061,0.494],[32.066,0.507],[32.069,0.509],[32.082,0.501]],[[32.138,0.501],[32.118,0.49]],[[32.502,0.735],[32.495,0.725]],[[32.509,0.703],[32.5,0.685]],[[32.508,0.648],[32.488,0.654]],[[32.508,0.648],[32.5,0.639],[32.5,0.631],[32.496,0.628],[32.491,0.619],[32.49,0.606],[32.495,0.603]],[[32.507,0.595],[32.495,0.603]],[[32.483,0.589],[32.495,0.588],[32.507,0.595]],[[32.504,0.546],[32.498,0.546],[32.49,0.538]],[[32.525,0.509],[32.521,0.512],[32.495,0.515]],[[32.264,0.523],[32.265,0.519],[32.259,0.517],[32.257,0.504],[32.247,0.488],[32.249,0.473],[32.245,0.47]],[[32.287,0.504],[32.279,0.492]],[[32.327,0.497],[32.315,0.495],[32.314,0.49]],[[32.358,0.509],[32.353,0.498],[32.341,0.495],[32.33,0.498]],[[32.368,0.499],[32.371,0.484]],[[32.474,0.498],[32.478,0.493]],[[32.501,0.495],[32.482,0.511]],[[32.734,0.86],[32.771,0.867]],[[32.617,0.736],[32.616,0.754]],[[32.627,0.746],[32.636,0.749],[32.646,0.761]],[[32.678,0.756],[32.683,0.741]],[[32.714,0.765],[32.711,0.759],[32.683,0.741]],[[32.741,0.764],[32.743,0.745],[32.738,0.729]],[[32.973,0.997],[33.021,0.963]],[[32.988,0.773],[32.993,0.782],[33.005,0.789]],[[32.824,0.733],[32.822,0.74],[32.81,0.756]],[[32.891,0.756],[32.891,0.747]],[[32.96,0.741],[32.97,0.754]],[[32.759,0.717],[32.756,0.717],[32.743,0.705]],[[32.782,0.713],[32.759,0.717]],[[32.754,0.622],[32.749,0.612]],[[32.749,0.612],[32.761,0.609],[32.763,0.604]],[[32.736,0.538],[32.754,0.531],[32.757,0.531]],[[32.547,0.499],[32.55,0.487]],[[32.615,0.505],[32.61,0.486]],[[32.68,0.505],[32.682,0.497],[32.679,0.479]],[[32.908,0.504],[32.903,0.472],[32.905,0.469]],[[32.82,0.502],[32.821,0.485]],[[32.9,0.508],[32.897,0.505],[32.899,0.479]],[[33.125,0.944],[33.13,0.943]],[[33.23,0.743],[33.241,0.736],[33.251,0.737],[33.259,0.747]],[[33.224,0.743],[33.23,0.743]],[[33.231,0.72],[33.24,0.704],[33.261,0.686]],[[33.208,0.5],[33.205,0.494],[33.199,0.491]],[[33.17,0.502],[33.167,0.486]],[[33.056,0.506],[33.056,0.502],[33.061,0.497],[33.059,0.492],[33.071,0.479],[33.084,0.478],[33.103,0.463],[33.115,0.458]],[[33.053,0.517],[33.056,0.506]],[[33.506,0.715],[33.495,0.72]],[[33.479,0.609],[33.485,0.604],[33.505,0.603],[33.527,0.582]],[[33.47,0.523],[33.465,0.493],[33.469,0.479],[33.482,0.465],[33.481,0.458]],[[33.403,0.521],[33.432,0.495]],[[33.389,0.504],[33.387,0.489]],[[33.28,0.5],[33.269,0.488]],[[33.266,0.497],[33.262,0.501],[33.259,0.498],[33.269,0.488]],[[33.682,0.776],[33.684,0.742]],[[33.64,0.75],[33.627,0.754]],[[33.683,0.741],[33.667,0.745],[33.645,0.747],[33.64,0.75]],[[33.627,0.754],[33.624,0.728],[33.642,0.684]],[[33.598,0.761],[33.598,0.743]],[[34.038,0.958],[33.994,0.93],[33.982,0.925]],[[33.982,0.925],[33.997,0.91],[34.01,0.887]],[[33.993,0.789],[34.01,0.781]],[[33.891,0.722],[33.904,0.72]],[[33.881,0.785],[33.875,0.768],[33.882,0.758],[33.883,0.748],[33.89,0.734],[33.891,0.722]],[[33.752,0.548],[33.75,0.547]],[[33.69,0.513],[33.694,0.502],[33.692,0.495]],[[33.813,0.498],[33.816,0.49],[33.823,0.482]],[[34.229,0.944],[34.249,0.949]],[[34.249,0.949],[34.255,0.95]],[[34.191,0.835],[34.182,0.837]],[[34.182,0.837],[34.175,0.839]],[[34.259,0.831],[34.253,0.826],[34.243,0.823],[34.223,0.826],[34.191,0.835]],[[34.249,0.775],[34.248,0.771]],[[34.254,0.8],[34.249,0.775]],[[34.291,0.734],[34.29,0.751],[34.284,0.756],[34.275,0.759]],[[34.246,0.747],[34.252,0.74]],[[34.261,0.704],[34.256,0.71],[34.245,0.71]],[[34.106,0.504],[34.098,0.494],[34.096,0.48],[34.091,0.471]],[[29.999,-0.0],[29.992,-0.003],[29.981,0.008],[29.976,0.004],[29.968,0.004],[29.958,0.011],[29.946,0.011]],[[29.76,0.015],[29.764,-0.003],[29.763,-0.01],[29.771,-0.019]],[[29.886,0.007],[29.836,-0.004]],[[30.448,0.262],[30.445,0.245],[30.452,0.226],[30.456,0.203]],[[31.039,0.464],[31.034,0.46],[31.025,0.445],[31.017,0.438],[31.014,0.426],[30.987,0.408]],[[30.965,0.299],[30.954,0.295],[30.95,0.28],[30.925,0.266],[30.925,0.261],[30.919,0.255],[30.919,0.248],[30.915,0.24],[30.907,0.234],[30.897,0.215]],[[30.91,0.131],[30.898,0.126],[30.892,0.128],[30.882,0.126],[30.874,0.13],[30.863,0.129],[30.844,0.136],[30.825,0.134],[30.821,0.138],[30.816,0.136],[30.805,0.137],[30.797,0.133],[30.781,0.133],[30.773,0.125],[30.761,0.122],[30.75,0.122],[30.732,0.116],[30.723,0.117],[30.711,0.111]],[[31.288,0.423],[31.26,0.406],[31.227,0.38]],[[31.213,0.046],[31.216,0.047],[31.228,0.042],[31.234,0.036],[31.254,0.026]],[[31.17,0.007],[31.165,0.01],[31.156,0.006],[31.151,-0.003],[31.143,-0.008],[31.14,-0.016],[31.128,-0.02]],[[31.099,0.083],[31.098,0.067],[31.101,0.059],[31.101,0.051],[31.104,0.031],[31.111,0.015],[31.113,0.004],[31.112,-0.003]],[[31.418,-0.062],[31.341,-0.035],[31.285,0.009]],[[31.609,0.267],[31.61,0.262],[31.627,0.244],[31.641,0.238],[31.65,0.23]],[[32.002,0.318],[31.993,0.31],[31.988,0.308]],[[31.968,0.264],[31.977,0.26],[31.997,0.259],[32.006,0.256],[32.01,0.261]],[[31.893,0.252],[31.894,0.248],[31.89,0.235]],[[31.992,0.24],[31.998,0.238],[32.001,0.234]],[[31.968,0.263],[31.971,0.252],[31.981,0.246],[31.988,0.245],[31.992,0.24]],[[31.713,0.182],[31.747,0.187],[31.765,0.192],[31.776,0.192]],[[31.759,0.124],[31.743,0.119]],[[31.749,0.069],[31.749,0.032]],[[31.757,0.099],[31.75,0.077],[31.749,0.069]],[[31.749,0.032],[31.762,0.02]],[[31.749,0.032],[31.744,-0.001],[31.741,-0.01]],[[32.019,0.208],[32.007,0.204],[32.0,0.196]],[[32.01,0.113],[32.006,0.116],[32.0,0.115]],[[32.0,0.033],[32.005,0.049],[32.001,0.053]],[[32.0,0.023],[32.0,0.019],[32.003,0.017]],[[31.762,0.02],[31.772,0.02],[31.789,0.015],[31.794,0.007],[31.8,-0.014]],[[32.064,0.269],[32.063,0.255],[32.058,0.247]],[[32.064,0.271],[32.064,0.269]],[[32.168,0.249],[32.169,0.243]],[[32.182,0.247],[32.168,0.249]],[[32.193,0.25],[32.187,0.251],[32.182,0.247]],[[32.229,0.259],[32.225,0.226]],[[32.497,0.476],[32.512,0.473],[32.519,0.466],[32.522,0.466]],[[32.502,0.343],[32.489,0.347]],[[32.303,0.245],[32.299,0.246],[32.289,0.254],[32.285,0.254]],[[32.323,0.267],[32.325,0.241]],[[32.436,0.268],[32.442,0.257],[32.44,0.243]],[[32.483,0.247],[32.482,0.253],[32.474,0.259],[32.467,0.274]],[[32.489,0.258],[32.487,0.248],[32.483,0.246]],[[32.021,-0.002],[32.015,-0.003]],[[32.1,0.002],[32.097,-0.011]],[[32.494,0.178],[32.499,0.178],[32.504,0.172]],[[32.752,0.473],[32.736,0.467]],[[32.525,0.249],[32.53,0.234],[32.541,0.23]],[[32.546,0.263],[32.545,0.229]],[[32.957,0.438],[32.961,0.432],[32.971,0.427],[32.977,0.437],[32.982,0.439],[32.982,0.434],[32.987,0.424],[33.0,0.421],[33.006,0.417]],[[33.001,0.385],[32.996,0.379]],[[33.0,0.373],[33.008,0.372],[33.01,0.375]],[[33.007,0.371],[33.005,0.371],[33.001,0.366],[32.995,0.369]],[[32.988,0.37],[33.002,0.364],[33.005,0.365],[33.007,0.371]],[[33.01,0.351],[32.999,0.361],[32.981,0.36]],[[32.794,0.259],[32.802,0.248],[32.803,0.241],[32.807,0.235]],[[32.818,0.253],[32.807,0.235]],[[32.818,0.253],[32.823,0.236]],[[32.873,0.245],[32.86,0.258]],[[32.884,0.249],[32.878,0.244],[32.873,0.245]],[[32.906,0.247],[32.898,0.25]],[[32.981,0.26],[32.991,0.242]],[[32.761,0.222],[32.75,0.227],[32.75,0.233]],[[33.007,0.248],[32.991,0.242]],[[33.001,0.238],[33.003,0.214],[33.001,0.209]],[[33.429,0.394],[33.406,0.387],[33.397,0.388]],[[34.013,0.416],[34.0,0.419]],[[34.003,0.355],[34.001,0.34],[33.996,0.325]],[[33.996,0.325],[34.004,0.33]],[[30.03,-0.083],[29.987,-0.098],[29.97,-0.094],[29.94,-0.118],[29.935,-0.128],[29.928,-0.136]],[[30.436,-0.289],[30.44,-0.297],[30.451,-0.293],[30.459,-0.309],[30.459,-0.317],[30.451,-0.326],[30.447,-0.323],[30.441,-0.321],[30.437,-0.336],[30.44,-0.348],[30.439,-0.353],[30.442,-0.358],[30.449,-0.363],[30.452,-0.369],[30.452,-0.382]],[[30.43,-0.253],[30.424,-0.257],[30.423,-0.264],[30.43,-0.272],[30.431,-0.284],[30.435,-0.285],[30.436,-0.289]],[[30.483,-0.421],[30.505,-0.419],[30.526,-0.428]],[[30.733,-0.524],[30.728,-0.508],[30.738,-0.497],[30.738,-0.48]],[[30.659,-0.453],[30.663,-0.472],[30.658,-0.492],[30.659,-0.496],[30.656,-0.508],[30.657,-0.516]],[[31.0,-0.259],[31.002,-0.261]],[[31.04,-0.298],[31.017,-0.299],[30.976,-0.283]],[[31.001,-0.355],[31.014,-0.369],[31.03,-0.37],[31.033,-0.384],[30.986,-0.384]],[[31.257,-0.243],[31.24,-0.253]],[[31.158,-0.223],[31.161,-0.254],[31.165,-0.268],[31.163,-0.286]],[[31.462,-0.083],[31.468,-0.087],[31.506,-0.096],[31.53,-0.107]],[[31.512,-0.188],[31.504,-0.205],[31.496,-0.214]],[[31.522,-0.248],[31.49,-0.242]],[[31.49,-0.242],[31.486,-0.278]],[[31.21,-0.48],[31.227,-0.495],[31.232,-0.509]],[[31.482,-0.459],[31.488,-0.464],[31.513,-0.476]],[[31.515,-0.477],[31.508,-0.492],[31.491,-0.505]],[[31.438,-0.456],[31.43,-0.472],[31.43,-0.489],[31.426,-0.5],[31.433,-0.508],[31.442,-0.509]],[[31.748,-0.063],[31.754,-0.084]],[[31.76,-0.186],[31.754,-0.2],[31.747,-0.206]],[[31.753,-0.235],[31.75,-0.23]],[[31.751,-0.296],[31.746,-0.282],[31.748,-0.273],[31.738,-0.269],[31.732,-0.258],[31.734,-0.246],[31.739,-0.237]],[[31.68,-0.239],[31.678,-0.247],[31.682,-0.267],[31.681,-0.282]],[[31.581,-0.262],[31.576,-0.25],[31.563,-0.244]],[[31.531,-0.485],[31.53,-0.498]],[[31.53,-0.498],[31.527,-0.513]],[[32.038,-0.307],[32.038,-0.304],[32.029,-0.298],[32.002,-0.306],[31.996,-0.305],[31.991,-0.311],[31.976,-0.316]],[[30.02,-0.521],[30.012,-0.524],[30.003,-0.533],[29.998,-0.541],[29.99,-0.547],[29.99,-0.553],[29.986,-0.558],[29.972,-0.565]],[[30.029,-0.623],[30.012,-0.619],[30.003,-0.621],[29.998,-0.626]],[[29.848,-0.743],[29.846,-0.748],[29.843,-0.749],[29.842,-0.754],[29.846,-0.757],[29.843,-0.772],[29.848,-0.786],[29.846,-0.797]],[[29.767,-0.704],[29.766,-0.709],[29.774,-0.717],[29.787,-0.711],[29.792,-0.715],[29.792,-0.719],[29.797,-0.717],[29.794,-0.728],[29.796,-0.729],[29.795,-0.733],[29.797,-0.737],[29.796,-0.756],[29.798,-0.758],[29.806,-0.761],[29.811,-0.768],[29.811,-0.774]],[[29.754,-0.781],[29.75,-0.775],[29.748,-0.757]],[[29.737,-0.858],[29.738,-0.853],[29.745,-0.852],[29.753,-0.845],[29.746,-0.839],[29.751,-0.837],[29.748,-0.833],[29.748,-0.827],[29.744,-0.826],[29.745,-0.822],[29.75,-0.819],[29.747,-0.815],[29.75,-0.803],[29.747,-0.794],[29.75,-0.79],[29.753,-0.789],[29.755,-0.782]],[[29.775,-0.897],[29.768,-0.895],[29.762,-0.887],[29.755,-0.884],[29.754,-0.881],[29.749,-0.877],[29.75,-0.873],[29.747,-0.866],[29.737,-0.858]],[[30.013,-0.858],[30.021,-0.87],[30.022,-0.877],[30.017,-0.882],[30.017,-0.893],[30.011,-0.906],[30.012,-0.908],[30.022,-0.911],[30.029,-0.927],[30.039,-0.934],[30.041,-0.951],[30.031,-0.977],[30.003,-0.997],[29.993,-0.998]],[[30.01,-1.003],[29.993,-0.998]],[[29.941,-1.001],[29.943,-1.012],[29.941,-1.013]],[[29.941,-1.001],[29.936,-1.003],[29.937,-0.996]],[[29.905,-0.96],[29.903,-0.966],[29.905,-0.971],[29.902,-0.973],[29.907,-0.983],[29.906,-0.988],[29.903,-0.989],[29.912,-0.999],[29.911,-1.004],[29.918,-1.013]],[[29.775,-0.897],[29.778,-0.901],[29.783,-0.901],[29.781,-0.906],[29.784,-0.909],[29.783,-0.914],[29.792,-0.923],[29.795,-0.93],[29.799,-0.928],[29.797,-0.931],[29.806,-0.937],[29.805,-0.94],[29.826,-0.948],[29.826,-0.95],[29.832,-0.952],[29.833,-0.958],[29.839,-0.959],[29.836,-0.96],[29.836,-0.964],[29.853,-0.991],[29.85,-0.993],[29.85,-0.995],[29.848,-0.995],[29.847,-1.003]],[[29.888,-1.052],[29.896,-1.053]],[[29.847,-1.003],[29.845,-1.007],[29.849,-1.01],[29.849,-1.016],[29.852,-1.016],[29.852,-1.013],[29.862,-1.013],[29.866,-1.018],[29.867,-1.023],[29.882,-1.03],[29.885,-1.039],[29.883,-1.047],[29.888,-1.052]],[[30.171,-0.732],[30.174,-0.734],[30.173,-0.736]],[[30.173,-0.736],[30.171,-0.746],[30.168,-0.748],[30.162,-0.765]],[[30.128,-0.97],[30.12,-0.987],[30.119,-1.026]],[[31.025,-0.836],[31.015,-0.851],[31.009,-0.856],[31.002,-0.865],[30.998,-0.866],[30.991,-0.874],[30.978,-0.88],[30.969,-0.889]],[[30.751,-0.937],[30.751,-0.948]],[[31.232,-0.509],[31.241,-0.516],[31.246,-0.514],[31.247,-0.521],[31.252,-0.525]],[[31.512,-0.654],[31.493,-0.655],[31.482,-0.669]],[[31.406,-0.744],[31.393,-0.752],[31.386,-0.76],[31.369,-0.76],[31.364,-0.762]],[[29.716,-1.224],[29.711,-1.23],[29.714,-1.24],[29.714,-1.26]],[[29.64,-1.236],[29.652,-1.26]],[[30.032,-1.113],[30.03,-1.107],[30.018,-1.094],[30.003,-1.085],[29.992,-1.073],[29.988,-1.071],[29.976,-1.054]],[[29.669,-1.339],[29.664,-1.345],[29.659,-1.359]],[[30.232,-1.154],[30.251,-1.154],[30.254,-1.152]],[[30.229,-1.245],[30.209,-1.242],[30.198,-1.25],[30.195,-1.256],[30.19,-1.256]],[[30.123,-1.171],[30.134,-1.179],[30.138,-1.185],[30.143,-1.187],[30.146,-1.184],[30.16,-1.195],[30.175,-1.226],[30.175,-1.244],[30.177,-1.253],[30.185,-1.257],[30.19,-1.256]],[[32.293,2.31],[32.292,2.326],[32.288,2.335]],[[32.297,2.298],[32.293,2.31]],[[32.316,2.246],[32.303,2.253],[32.311,2.263],[32.302,2.277],[32.297,2.298]],[[32.392,2.237],[32.412,2.237],[32.422,2.234],[32.428,2.227]],[[32.428,2.227],[32.429,2.224]],[[32.716,2.368],[32.71,2.376]],[[31.358,1.366],[31.365,1.368],[31.37,1.372],[31.383,1.367]],[[31.383,1.367],[31.383,1.367]],[[31.357,1.366],[31.358,1.366]],[[31.383,1.367],[31.39,1.362],[31.394,1.356]],[[31.394,1.356],[31.396,1.342],[31.391,1.335],[31.389,1.293]],[[31.403,1.36],[31.403,1.36]],[[31.394,1.356],[31.403,1.36]],[[31.357,1.366],[31.351,1.359],[31.345,1.36],[31.333,1.352],[31.316,1.347]],[[31.336,1.399],[31.334,1.403]],[[31.342,1.385],[31.336,1.399]],[[31.358,1.366],[31.348,1.375],[31.342,1.385]],[[31.383,1.367],[31.377,1.363],[31.373,1.355],[31.363,1.349]],[[31.313,1.348],[31.306,1.353]],[[31.314,1.347],[31.313,1.348]],[[31.313,1.348],[31.312,1.356]],[[31.319,1.355],[31.316,1.359]],[[31.312,1.337],[31.298,1.336],[31.295,1.332]],[[31.295,1.332],[31.286,1.324],[31.286,1.316]],[[31.286,1.316],[31.291,1.31]],[[31.286,1.316],[31.284,1.311],[31.284,1.299]],[[31.284,1.299],[31.285,1.288]],[[31.284,1.299],[31.261,1.313],[31.257,1.319]],[[31.257,1.319],[31.244,1.315]],[[31.295,1.332],[31.274,1.341],[31.262,1.341],[31.242,1.358]],[[31.312,1.335],[31.318,1.33],[31.326,1.328],[31.335,1.315]],[[31.335,1.315],[31.341,1.307],[31.342,1.288]],[[31.342,1.288],[31.346,1.283]],[[31.346,1.283],[31.35,1.277],[31.365,1.272]],[[31.335,1.315],[31.346,1.315],[31.355,1.301]],[[31.342,1.288],[31.326,1.283],[31.304,1.285]],[[31.303,1.276],[31.311,1.27],[31.315,1.261],[31.329,1.252]],[[31.329,1.252],[31.333,1.252]],[[31.329,1.252],[31.334,1.257],[31.347,1.26]],[[31.295,1.227],[31.28,1.237]],[[31.296,1.244],[31.289,1.243],[31.28,1.237]],[[31.28,1.237],[31.272,1.233],[31.272,1.222]],[[31.509,1.337],[31.509,1.337]],[[31.487,1.351],[31.491,1.346],[31.509,1.337]],[[31.438,1.389],[31.405,1.404]],[[31.455,1.383],[31.438,1.389]],[[31.487,1.351],[31.461,1.379],[31.455,1.383]],[[31.405,1.405],[31.412,1.409],[31.419,1.421],[31.42,1.445]],[[31.405,1.404],[31.405,1.405]],[[31.405,1.404],[31.4,1.382],[31.401,1.366]],[[31.394,1.433],[31.396,1.449]],[[31.396,1.449],[31.398,1.464]],[[31.405,1.404],[31.405,1.405]],[[31.38,1.427],[31.38,1.427]],[[31.405,1.404],[31.398,1.407],[31.389,1.42],[31.38,1.427]],[[31.49,1.438],[31.49,1.438]],[[31.49,1.438],[31.492,1.437]],[[31.492,1.437],[31.504,1.426],[31.532,1.412],[31.553,1.384],[31.551,1.381]],[[31.44,1.57],[31.44,1.57]],[[31.458,1.508],[31.458,1.512],[31.452,1.521],[31.446,1.556],[31.439,1.566],[31.44,1.57]],[[31.448,1.495],[31.451,1.504],[31.458,1.508]],[[31.476,1.556],[31.477,1.573],[31.471,1.576],[31.462,1.591],[31.451,1.597]],[[31.463,1.54],[31.468,1.543],[31.476,1.556]],[[31.45,1.532],[31.463,1.54]],[[31.476,1.556],[31.482,1.56]],[[31.482,1.56],[31.482,1.56]],[[31.402,1.512],[31.401,1.51]],[[31.402,1.512],[31.416,1.533],[31.415,1.543],[31.426,1.558],[31.43,1.559],[31.43,1.563],[31.437,1.566],[31.44,1.57]],[[31.386,1.487],[31.391,1.484],[31.39,1.479],[31.398,1.478],[31.403,1.496]],[[31.383,1.493],[31.386,1.487]],[[31.381,1.486],[31.386,1.487]],[[31.43,1.589],[31.425,1.589],[31.414,1.594],[31.407,1.589]],[[31.354,1.533],[31.348,1.568]],[[31.329,1.558],[31.332,1.566],[31.322,1.573],[31.314,1.574]],[[31.317,1.565],[31.311,1.565],[31.304,1.558],[31.291,1.554],[31.285,1.55],[31.285,1.548],[31.289,1.541],[31.303,1.536],[31.306,1.532],[31.318,1.532]],[[31.318,1.532],[31.324,1.53]],[[31.324,1.53],[31.329,1.528],[31.338,1.532],[31.346,1.531]],[[31.318,1.532],[31.314,1.542],[31.316,1.546]],[[31.302,1.469],[31.303,1.482]],[[31.27,1.535],[31.265,1.537],[31.255,1.535],[31.254,1.527],[31.259,1.508]],[[31.303,1.482],[31.299,1.504],[31.29,1.508],[31.289,1.513],[31.28,1.518],[31.27,1.535]],[[31.394,1.521],[31.394,1.522]],[[31.309,1.631],[31.293,1.63]],[[31.312,1.623],[31.309,1.631]],[[31.293,1.63],[31.293,1.63]],[[31.309,1.631],[31.309,1.645],[31.311,1.648],[31.293,1.674],[31.294,1.683]],[[31.33,1.616],[31.337,1.616],[31.343,1.619],[31.349,1.629],[31.364,1.631],[31.369,1.636],[31.374,1.636]],[[31.308,1.616],[31.308,1.616]],[[31.308,1.616],[31.316,1.614]],[[31.324,1.615],[31.33,1.616]],[[31.32,1.614],[31.324,1.615]],[[31.316,1.614],[31.32,1.614]],[[31.32,1.614],[31.323,1.613]],[[31.323,1.613],[31.327,1.61]],[[31.327,1.61],[31.331,1.605]],[[31.331,1.605],[31.338,1.587],[31.345,1.581],[31.35,1.582],[31.366,1.597]],[[31.366,1.597],[31.368,1.597]],[[31.366,1.597],[31.366,1.597]],[[31.331,1.605],[31.34,1.603],[31.345,1.605],[31.351,1.6],[31.356,1.601],[31.366,1.597]],[[31.366,1.597],[31.368,1.596]],[[31.308,1.598],[31.304,1.595],[31.297,1.597]],[[31.297,1.597],[31.286,1.58],[31.279,1.575],[31.271,1.575],[31.261,1.571],[31.244,1.576],[31.221,1.573],[31.211,1.569]],[[31.211,1.569],[31.21,1.569]],[[31.308,1.598],[31.31,1.603],[31.308,1.614]],[[31.293,1.63],[31.293,1.63]],[[31.305,1.617],[31.295,1.625],[31.293,1.63]],[[31.308,1.615],[31.305,1.617]],[[31.366,1.698],[31.351,1.709],[31.332,1.713],[31.32,1.723]],[[31.366,1.698],[31.366,1.698]],[[31.292,1.464],[31.294,1.469],[31.302,1.469]],[[31.284,1.429],[31.292,1.464]],[[31.292,1.464],[31.275,1.454]],[[31.275,1.454],[31.272,1.438],[31.282,1.428]],[[31.275,1.454],[31.267,1.455],[31.263,1.449]],[[31.263,1.449],[31.258,1.448]],[[31.263,1.449],[31.264,1.444]],[[31.302,1.469],[31.302,1.469]],[[31.302,1.469],[31.297,1.436],[31.301,1.43]],[[31.231,1.421],[31.231,1.421]],[[31.231,1.421],[31.218,1.407],[31.195,1.398],[31.18,1.375]],[[31.22,1.435],[31.216,1.43],[31.209,1.427],[31.198,1.429],[31.184,1.421],[31.172,1.423]],[[31.172,1.423],[31.164,1.408],[31.156,1.404]],[[31.172,1.423],[31.17,1.424],[31.178,1.429],[31.178,1.437]],[[31.188,1.448],[31.175,1.474],[31.16,1.483],[31.148,1.509]],[[31.234,1.425],[31.238,1.437]],[[31.231,1.421],[31.234,1.425]],[[31.231,1.421],[31.242,1.403]],[[31.25,1.366],[31.271,1.384]],[[31.271,1.384],[31.278,1.389]],[[31.313,1.463],[31.309,1.464]],[[31.322,1.459],[31.313,1.463]],[[31.329,1.447],[31.322,1.459]],[[31.313,1.463],[31.316,1.465],[31.317,1.47]],[[31.342,1.385],[31.336,1.384],[31.332,1.387]],[[31.347,1.419],[31.348,1.429]],[[31.346,1.416],[31.347,1.419]],[[31.336,1.399],[31.347,1.4],[31.35,1.404],[31.346,1.416]],[[31.324,1.425],[31.317,1.428],[31.313,1.433]],[[31.339,1.419],[31.324,1.425]],[[31.333,1.43],[31.342,1.436]],[[31.333,1.43],[31.333,1.43]],[[31.324,1.425],[31.333,1.43]],[[31.324,1.425],[31.32,1.422]],[[31.32,1.422],[31.309,1.418],[31.289,1.399]],[[31.289,1.399],[31.278,1.389]],[[31.32,1.422],[31.315,1.41],[31.326,1.399],[31.333,1.398]],[[31.334,1.405],[31.327,1.41]],[[31.378,1.401],[31.372,1.398]],[[31.177,1.549],[31.185,1.556],[31.189,1.556],[31.205,1.564]],[[31.311,1.622],[31.315,1.615]],[[31.315,1.615],[31.316,1.614]],[[31.205,1.331],[31.208,1.324],[31.212,1.322],[31.212,1.311],[31.219,1.305],[31.222,1.291],[31.236,1.273]],[[31.236,1.273],[31.235,1.267],[31.247,1.259],[31.261,1.24]],[[31.213,1.272],[31.201,1.273],[31.186,1.279],[31.175,1.299],[31.173,1.314]],[[31.236,1.273],[31.226,1.27],[31.213,1.272]],[[31.236,1.273],[31.239,1.275]],[[31.213,1.272],[31.205,1.29],[31.21,1.301],[31.21,1.309]],[[31.166,1.309],[31.165,1.303],[31.171,1.287],[31.169,1.279],[31.169,1.254]],[[31.219,1.338],[31.227,1.332],[31.232,1.321]],[[31.232,1.321],[31.244,1.315]],[[31.015,1.234],[31.012,1.22]],[[31.006,1.239],[31.005,1.231]],[[30.993,1.381],[30.969,1.374]],[[30.969,1.374],[30.961,1.372],[30.939,1.35],[30.932,1.332],[30.916,1.326],[30.888,1.32]],[[30.969,1.374],[30.974,1.4],[30.963,1.401],[30.961,1.406],[30.912,1.444]],[[31.363,1.422],[31.36,1.42]],[[31.36,1.42],[31.353,1.415],[31.346,1.416]],[[31.375,1.413],[31.372,1.414]],[[31.358,1.422],[31.356,1.422]],[[31.333,1.43],[31.341,1.429]],[[31.341,1.429],[31.345,1.428]],[[31.344,1.432],[31.344,1.435]],[[31.341,1.429],[31.344,1.432]],[[31.344,1.432],[31.35,1.432]],[[31.35,1.432],[31.349,1.43]],[[31.35,1.432],[31.35,1.434]],[[31.341,1.439],[31.34,1.444],[31.337,1.445],[31.334,1.438]],[[31.375,1.798],[31.374,1.799]],[[31.437,1.739],[31.43,1.731],[31.423,1.73],[31.391,1.733]],[[31.415,2.119],[31.414,2.119]],[[31.414,2.119],[31.414,2.119]],[[31.501,2.071],[31.5,2.071]],[[31.491,2.148],[31.49,2.154]],[[31.489,2.14],[31.491,2.148]],[[31.451,2.015],[31.421,2.018]],[[31.454,2.014],[31.451,2.015]],[[31.422,2.004],[31.417,2.002]],[[31.422,2.004],[31.444,2.01],[31.451,2.015]],[[31.451,2.015],[31.453,2.017]],[[31.538,2.192],[31.571,2.216]],[[31.527,2.179],[31.538,2.192]],[[31.501,2.162],[31.527,2.179]],[[31.501,2.162],[31.501,2.162]],[[31.571,2.216],[31.572,2.216]],[[31.569,2.218],[31.568,2.218]],[[31.686,2.184],[31.685,2.184]],[[31.415,2.119],[31.415,2.119]],[[31.405,1.635],[31.399,1.64],[31.375,1.64]],[[31.412,1.631],[31.407,1.631],[31.405,1.635]],[[31.374,1.636],[31.375,1.635]],[[31.375,1.635],[31.378,1.631],[31.385,1.634],[31.405,1.635]],[[31.469,1.641],[31.48,1.631],[31.48,1.622],[31.483,1.614]],[[31.483,1.614],[31.488,1.603],[31.488,1.598],[31.516,1.586]],[[31.527,1.591],[31.532,1.597],[31.543,1.601],[31.55,1.61],[31.554,1.61]],[[31.516,1.586],[31.527,1.591]],[[31.527,1.591],[31.535,1.585],[31.541,1.585],[31.551,1.594],[31.559,1.589]],[[31.566,1.606],[31.566,1.606]],[[31.557,1.603],[31.566,1.606]],[[31.603,1.661],[31.594,1.657],[31.602,1.671],[31.609,1.677]],[[31.604,1.658],[31.603,1.661]],[[31.603,1.661],[31.602,1.668],[31.607,1.67]],[[31.604,1.658],[31.604,1.658]],[[31.604,1.658],[31.608,1.654],[31.605,1.646],[31.6,1.649],[31.604,1.653],[31.602,1.656]],[[31.611,1.665],[31.614,1.654]],[[31.609,1.643],[31.612,1.645],[31.616,1.646],[31.639,1.632],[31.646,1.634],[31.65,1.632]],[[31.569,1.646],[31.574,1.643],[31.573,1.64]],[[31.573,1.64],[31.573,1.64]],[[31.573,1.64],[31.571,1.636]],[[31.566,1.642],[31.573,1.64]],[[31.563,1.649],[31.559,1.654],[31.559,1.667],[31.551,1.675],[31.544,1.676]],[[31.566,1.642],[31.562,1.635],[31.556,1.631]],[[31.556,1.631],[31.556,1.631]],[[31.528,1.657],[31.529,1.658]],[[31.556,1.631],[31.541,1.63],[31.531,1.633],[31.53,1.644],[31.532,1.653],[31.528,1.657]],[[31.501,1.678],[31.502,1.678]],[[31.503,1.678],[31.513,1.672]],[[31.502,1.678],[31.503,1.678]],[[31.513,1.672],[31.513,1.672]],[[31.513,1.672],[31.517,1.663],[31.523,1.663],[31.525,1.656],[31.528,1.657]],[[31.495,1.687],[31.489,1.689],[31.49,1.694]],[[31.495,1.687],[31.495,1.687]],[[31.49,1.694],[31.49,1.699],[31.481,1.71]],[[31.495,1.687],[31.503,1.678]],[[31.555,1.559],[31.555,1.56]],[[31.555,1.56],[31.555,1.559]],[[31.555,1.56],[31.554,1.575]],[[31.554,1.575],[31.553,1.575]],[[31.554,1.575],[31.554,1.576]],[[31.554,1.575],[31.554,1.575]],[[31.529,1.658],[31.535,1.669]],[[31.536,1.673],[31.539,1.677]],[[31.535,1.669],[31.536,1.673]],[[31.538,1.701],[31.538,1.7]],[[31.503,1.7],[31.511,1.698],[31.526,1.698],[31.538,1.701]],[[31.481,1.71],[31.489,1.711],[31.503,1.7]],[[31.538,1.701],[31.54,1.702],[31.54,1.718],[31.541,1.721],[31.544,1.721]],[[31.544,1.721],[31.546,1.724]],[[31.554,1.575],[31.576,1.592]],[[31.576,1.592],[31.587,1.606]],[[31.587,1.606],[31.601,1.627]],[[31.61,1.618],[31.602,1.627]],[[31.602,1.627],[31.601,1.627]],[[31.602,1.627],[31.601,1.629]],[[31.566,1.646],[31.569,1.646]],[[31.569,1.646],[31.587,1.647]],[[31.586,1.653],[31.586,1.653]],[[31.587,1.649],[31.586,1.653]],[[31.602,1.656],[31.602,1.656]],[[31.586,1.653],[31.587,1.656],[31.596,1.652],[31.602,1.656]],[[31.602,1.656],[31.604,1.658]],[[31.604,1.658],[31.607,1.661]],[[31.611,1.666],[31.611,1.667]],[[31.607,1.661],[31.611,1.666]],[[31.611,1.666],[31.619,1.664]],[[31.689,1.677],[31.698,1.677],[31.703,1.681]],[[31.677,1.675],[31.689,1.677]],[[31.669,1.676],[31.67,1.676]],[[31.648,1.658],[31.651,1.668],[31.655,1.674],[31.669,1.676]],[[31.67,1.676],[31.677,1.675]],[[31.638,1.656],[31.643,1.653],[31.648,1.658]],[[31.638,1.656],[31.638,1.656]],[[31.652,1.655],[31.666,1.65],[31.683,1.649],[31.703,1.662],[31.705,1.668]],[[31.648,1.658],[31.652,1.655]],[[31.645,1.667],[31.645,1.667]],[[31.638,1.656],[31.645,1.667]],[[31.645,1.667],[31.648,1.658]],[[31.689,1.721],[31.694,1.727],[31.699,1.728]],[[31.668,1.699],[31.673,1.71],[31.686,1.711],[31.689,1.721]],[[31.646,1.67],[31.652,1.686],[31.668,1.699]],[[31.645,1.667],[31.646,1.67]],[[31.684,1.746],[31.689,1.747],[31.693,1.746]],[[31.693,1.746],[31.71,1.743]],[[31.71,1.743],[31.716,1.74]],[[31.716,1.74],[31.717,1.74]],[[31.717,1.74],[31.72,1.74],[31.726,1.732],[31.732,1.717]],[[31.717,1.74],[31.711,1.735]],[[31.711,1.735],[31.699,1.728]],[[31.699,1.728],[31.693,1.738],[31.693,1.746]],[[31.711,1.735],[31.71,1.743]],[[31.711,1.735],[31.719,1.706],[31.725,1.701]],[[31.703,1.722],[31.699,1.728]],[[31.711,1.695],[31.703,1.722]],[[31.703,1.722],[31.699,1.713],[31.699,1.706]],[[31.726,1.701],[31.725,1.701]],[[31.726,1.699],[31.726,1.701]],[[31.711,1.695],[31.717,1.7],[31.726,1.699]],[[31.726,1.699],[31.718,1.694]],[[31.732,1.716],[31.732,1.717]],[[31.73,1.71],[31.732,1.716]],[[31.726,1.701],[31.73,1.71]],[[31.743,1.733],[31.751,1.742]],[[31.732,1.716],[31.743,1.733]],[[31.743,1.733],[31.738,1.742],[31.739,1.746]],[[31.628,1.671],[31.62,1.671],[31.621,1.664]],[[31.642,1.671],[31.632,1.668],[31.628,1.671]],[[31.645,1.667],[31.642,1.671]],[[31.628,1.671],[31.626,1.678]],[[31.642,1.671],[31.646,1.67]],[[31.703,1.678],[31.703,1.681]],[[31.705,1.668],[31.703,1.678]],[[31.705,1.668],[31.705,1.668]],[[31.705,1.668],[31.706,1.656]],[[31.706,1.656],[31.708,1.649],[31.701,1.636]],[[31.701,1.636],[31.701,1.636]],[[31.715,1.66],[31.715,1.66]],[[31.706,1.656],[31.715,1.66]],[[31.701,1.636],[31.708,1.633],[31.712,1.629]],[[31.712,1.629],[31.712,1.613]],[[31.712,1.613],[31.701,1.601],[31.693,1.604],[31.683,1.604]],[[31.712,1.629],[31.736,1.621]],[[31.736,1.621],[31.745,1.618],[31.751,1.621]],[[31.736,1.621],[31.742,1.624],[31.751,1.625]],[[31.751,1.621],[31.751,1.613],[31.759,1.578],[31.766,1.568],[31.769,1.551]],[[31.769,1.551],[31.767,1.507]],[[31.767,1.507],[31.769,1.497]],[[31.769,1.497],[31.771,1.474]],[[31.771,1.474],[31.774,1.463],[31.77,1.452],[31.769,1.436],[31.778,1.42],[31.791,1.409],[31.802,1.395]],[[31.751,1.621],[31.751,1.625]],[[31.744,1.642],[31.736,1.645],[31.735,1.654]],[[31.751,1.633],[31.744,1.642]],[[31.751,1.625],[31.751,1.633]],[[31.715,1.66],[31.725,1.659]],[[31.725,1.659],[31.735,1.655]],[[31.735,1.655],[31.735,1.654]],[[31.735,1.655],[31.735,1.666]],[[31.732,1.672],[31.732,1.672]],[[31.732,1.671],[31.732,1.672]],[[31.725,1.659],[31.729,1.663],[31.732,1.671]],[[31.732,1.672],[31.734,1.669]],[[31.734,1.669],[31.735,1.666]],[[31.732,1.672],[31.731,1.675]],[[31.732,1.671],[31.728,1.67],[31.725,1.674],[31.717,1.674],[31.714,1.676]],[[31.714,1.676],[31.719,1.683]],[[31.714,1.676],[31.709,1.68],[31.703,1.678]],[[31.714,1.676],[31.713,1.671]],[[31.713,1.671],[31.711,1.664]],[[31.713,1.671],[31.715,1.66]],[[31.757,1.67],[31.757,1.655]],[[31.757,1.655],[31.744,1.642]],[[31.759,1.641],[31.757,1.655]],[[31.751,1.633],[31.759,1.641]],[[31.787,1.653],[31.787,1.653]],[[31.768,1.643],[31.774,1.645],[31.777,1.65],[31.787,1.653]],[[31.759,1.641],[31.768,1.643]],[[31.768,1.643],[31.775,1.635],[31.779,1.623],[31.787,1.624],[31.793,1.62],[31.801,1.623],[31.805,1.64]],[[31.804,1.641],[31.811,1.66],[31.826,1.67],[31.831,1.682],[31.835,1.685],[31.837,1.71]],[[31.836,1.71],[31.837,1.71]],[[31.8,1.701],[31.836,1.71]],[[31.781,1.685],[31.791,1.688],[31.8,1.701]],[[31.753,1.672],[31.771,1.676],[31.781,1.685]],[[31.883,1.73],[31.9,1.746],[31.941,1.736],[31.947,1.736],[31.951,1.739]],[[31.838,1.711],[31.854,1.711],[31.864,1.707],[31.883,1.73]],[[31.836,1.71],[31.838,1.711]],[[31.852,1.779],[31.853,1.771],[31.86,1.757],[31.858,1.752],[31.859,1.747],[31.87,1.742],[31.874,1.735],[31.883,1.73]],[[31.838,1.711],[31.832,1.735]],[[31.788,1.745],[31.79,1.748],[31.787,1.764]],[[31.789,1.735],[31.788,1.745]],[[31.8,1.701],[31.789,1.735]],[[31.788,1.764],[31.819,1.772]],[[31.78,1.767],[31.781,1.767]],[[31.781,1.767],[31.788,1.764]],[[31.82,1.772],[31.829,1.777],[31.842,1.774],[31.852,1.779]],[[31.819,1.772],[31.82,1.772]],[[31.787,1.764],[31.788,1.764]],[[31.756,1.748],[31.762,1.745]],[[31.762,1.745],[31.765,1.725]],[[31.762,1.745],[31.769,1.745]],[[31.774,1.746],[31.788,1.745]],[[31.781,1.685],[31.776,1.701],[31.754,1.69]],[[31.738,1.707],[31.734,1.71],[31.73,1.71]],[[31.753,1.672],[31.744,1.68],[31.743,1.687],[31.747,1.699],[31.738,1.707]],[[31.729,1.678],[31.734,1.685],[31.738,1.707]],[[31.82,1.772],[31.816,1.806],[31.82,1.819],[31.812,1.826]],[[31.812,1.826],[31.803,1.812]],[[31.803,1.812],[31.782,1.778]],[[31.782,1.778],[31.779,1.773]],[[31.779,1.773],[31.781,1.767]],[[31.749,1.788],[31.748,1.789]],[[31.779,1.773],[31.77,1.78],[31.753,1.783],[31.749,1.788]],[[31.749,1.788],[31.753,1.8]],[[31.784,1.823],[31.803,1.812]],[[31.762,1.8],[31.761,1.806],[31.764,1.81],[31.781,1.818],[31.784,1.823]],[[31.753,1.8],[31.762,1.8]],[[31.761,1.849],[31.754,1.856],[31.745,1.858],[31.725,1.843],[31.707,1.843]],[[31.783,1.832],[31.761,1.849]],[[31.784,1.823],[31.783,1.832]],[[31.782,1.778],[31.777,1.785],[31.769,1.787],[31.769,1.794],[31.764,1.799]],[[31.764,1.799],[31.762,1.8]],[[31.77,1.762],[31.762,1.767],[31.749,1.765],[31.744,1.771],[31.744,1.777],[31.737,1.78],[31.731,1.78],[31.718,1.774]],[[31.738,1.752],[31.737,1.754]],[[31.737,1.754],[31.736,1.748]],[[31.736,1.748],[31.736,1.761],[31.737,1.755]],[[31.739,1.751],[31.74,1.757],[31.738,1.761]],[[31.698,1.805],[31.707,1.808]],[[31.678,1.794],[31.669,1.782],[31.662,1.779],[31.669,1.775],[31.672,1.77]],[[31.672,1.77],[31.672,1.759]],[[31.672,1.77],[31.685,1.779],[31.692,1.77],[31.706,1.783]],[[31.832,1.853],[31.828,1.856],[31.827,1.861],[31.83,1.872],[31.829,1.883],[31.824,1.886],[31.818,1.894],[31.813,1.894]],[[31.812,1.826],[31.826,1.848],[31.832,1.853]],[[31.861,1.878],[31.86,1.887],[31.855,1.888],[31.847,1.896]],[[31.838,1.859],[31.861,1.878]],[[31.833,1.854],[31.838,1.859]],[[31.832,1.853],[31.833,1.854]],[[31.861,1.878],[31.876,1.89],[31.881,1.89]],[[31.881,1.89],[31.898,1.903]],[[31.842,1.854],[31.864,1.862]],[[31.833,1.854],[31.842,1.854]],[[31.882,1.834],[31.882,1.833]],[[31.882,1.833],[31.886,1.832],[31.88,1.806],[31.884,1.793]],[[31.866,1.823],[31.865,1.829]],[[31.879,1.789],[31.866,1.823]],[[31.866,1.823],[31.87,1.825],[31.873,1.834],[31.882,1.833]],[[31.879,1.789],[31.899,1.782],[31.902,1.778]],[[31.597,1.634],[31.594,1.642],[31.587,1.647]],[[31.598,1.634],[31.597,1.634]],[[31.599,1.633],[31.598,1.634]],[[31.598,1.634],[31.606,1.637]],[[31.593,1.629],[31.597,1.634]],[[31.599,1.633],[31.599,1.633]],[[31.566,1.646],[31.566,1.646]],[[31.566,1.642],[31.566,1.646]],[[31.566,1.646],[31.563,1.649]],[[31.802,1.395],[31.808,1.39],[31.839,1.377],[31.843,1.37]],[[31.901,1.589],[31.887,1.559]],[[31.957,1.569],[31.958,1.562],[31.953,1.549],[31.955,1.536],[31.95,1.527],[31.949,1.517],[31.938,1.497]],[[31.938,1.497],[31.933,1.468],[31.941,1.456]],[[31.769,1.497],[31.776,1.496],[31.794,1.503],[31.811,1.499],[31.819,1.501],[31.845,1.513],[31.853,1.522]],[[31.886,1.549],[31.887,1.559]],[[31.878,1.53],[31.886,1.549]],[[31.908,1.552],[31.912,1.56],[31.908,1.568],[31.908,1.586]],[[31.908,1.552],[31.886,1.549]],[[31.878,1.53],[31.873,1.512],[31.876,1.502]],[[31.539,2.062],[31.597,2.078],[31.622,2.113],[31.635,2.116],[31.649,2.123],[31.659,2.122],[31.668,2.126],[31.683,2.122],[31.693,2.132],[31.709,2.138]],[[31.705,2.158],[31.705,2.158]],[[31.708,2.138],[31.705,2.144],[31.707,2.148],[31.705,2.158]],[[31.705,2.158],[31.721,2.164],[31.737,2.162],[31.751,2.166]],[[31.708,2.138],[31.709,2.138]],[[31.709,2.138],[31.72,2.12],[31.715,2.096],[31.718,2.089],[31.716,2.087],[31.719,2.07],[31.717,2.062],[31.721,2.054],[31.718,2.041],[31.712,2.035],[31.711,2.032],[31.717,2.031],[31.723,2.022],[31.724,2.004],[31.718,1.997]],[[31.862,2.241],[31.86,2.25],[31.865,2.25],[31.876,2.255],[31.888,2.254],[31.924,2.277],[31.932,2.275],[31.945,2.266],[31.951,2.249],[31.971,2.255],[31.982,2.247]],[[32.063,1.875],[32.084,1.832]],[[32.084,1.832],[32.086,1.83]],[[32.086,1.83],[32.091,1.823],[32.097,1.804]],[[32.097,1.804],[32.102,1.79],[32.11,1.782],[32.115,1.766],[32.129,1.77],[32.146,1.769],[32.156,1.778],[32.169,1.785],[32.172,1.788]],[[30.825,1.226],[30.82,1.227],[30.808,1.214]],[[30.855,1.227],[30.837,1.224],[30.825,1.226]],[[30.855,1.227],[30.855,1.227]],[[30.808,1.214],[30.801,1.213],[30.796,1.215]],[[30.978,1.261],[30.968,1.262],[30.961,1.252],[30.939,1.242],[30.929,1.231],[30.911,1.23],[30.904,1.227],[30.9,1.221],[30.894,1.221],[30.885,1.227],[30.872,1.229],[30.865,1.228],[30.86,1.225]],[[30.86,1.225],[30.855,1.227]],[[31.65,1.632],[31.65,1.632]],[[31.636,1.601],[31.642,1.605],[31.643,1.623],[31.65,1.632]],[[31.65,1.632],[31.656,1.634],[31.678,1.635],[31.691,1.628]],[[31.607,1.635],[31.606,1.637]],[[31.606,1.637],[31.607,1.64]],[[31.466,2.136],[31.475,2.143],[31.491,2.148]],[[31.491,2.148],[31.501,2.162]],[[31.279,2.197],[31.276,2.202],[31.281,2.208]],[[31.312,2.234],[31.291,2.245],[31.288,2.244],[31.286,2.247],[31.279,2.244],[31.264,2.247]],[[31.332,2.271],[31.333,2.283],[31.336,2.29]],[[31.321,2.256],[31.332,2.271]],[[31.204,2.305],[31.204,2.304]],[[31.204,2.304],[31.203,2.304]],[[31.203,2.304],[31.203,2.303]],[[31.207,2.302],[31.204,2.304]],[[31.207,2.302],[31.207,2.302]],[[31.336,2.29],[31.339,2.285]],[[31.198,2.408],[31.202,2.412],[31.203,2.42],[31.21,2.429],[31.209,2.438]],[[31.198,2.408],[31.198,2.408]],[[31.195,2.404],[31.198,2.408]],[[31.195,2.403],[31.195,2.404]],[[31.192,2.395],[31.195,2.403]],[[31.189,2.39],[31.192,2.395]],[[31.192,2.351],[31.184,2.377],[31.185,2.384],[31.189,2.39]],[[31.195,2.403],[31.194,2.407]],[[31.194,2.407],[31.194,2.407]],[[31.194,2.407],[31.191,2.406]],[[31.191,2.406],[31.19,2.406]],[[31.194,2.407],[31.198,2.408]],[[31.194,2.407],[31.191,2.404]],[[31.2,2.453],[31.192,2.445]],[[31.192,2.445],[31.183,2.442]],[[31.183,2.442],[31.178,2.433]],[[31.178,2.433],[31.177,2.432]],[[31.177,2.432],[31.172,2.422],[31.163,2.42],[31.161,2.415],[31.166,2.402],[31.166,2.397],[31.158,2.382],[31.154,2.368],[31.143,2.365],[31.139,2.367],[31.126,2.36]],[[31.168,2.484],[31.163,2.465],[31.151,2.451],[31.147,2.421],[31.143,2.413],[31.128,2.394]],[[31.092,2.353],[31.1,2.376],[31.099,2.382],[31.101,2.386],[31.098,2.387],[31.102,2.394],[31.101,2.399],[31.104,2.403]],[[31.095,2.346],[31.091,2.349],[31.092,2.353]],[[31.097,2.325],[31.091,2.329],[31.093,2.335],[31.097,2.338],[31.094,2.343],[31.095,2.346]],[[31.113,2.326],[31.099,2.324]],[[31.099,2.324],[31.097,2.325]],[[31.104,2.403],[31.104,2.404]],[[31.108,2.435],[31.122,2.458],[31.123,2.475],[31.131,2.482],[31.136,2.492]],[[31.104,2.404],[31.1,2.413],[31.108,2.435]],[[31.207,2.302],[31.208,2.3]],[[31.208,2.3],[31.208,2.292],[31.215,2.273]],[[31.215,2.273],[31.215,2.263],[31.21,2.256],[31.212,2.253]],[[31.212,2.253],[31.221,2.247]],[[31.225,2.247],[31.231,2.244],[31.246,2.251],[31.259,2.25]],[[31.259,2.25],[31.264,2.247]],[[31.221,2.247],[31.225,2.247]],[[31.212,2.253],[31.21,2.249],[31.21,2.239],[31.206,2.236]],[[31.264,2.254],[31.266,2.26],[31.262,2.266],[31.263,2.275]],[[31.226,2.316],[31.234,2.326],[31.248,2.336],[31.259,2.348]],[[31.346,2.472],[31.35,2.474]],[[31.334,2.466],[31.346,2.472]],[[31.333,2.465],[31.334,2.466]],[[31.346,2.472],[31.347,2.464]],[[31.347,2.464],[31.351,2.44]],[[31.351,2.44],[31.35,2.44]],[[31.333,2.465],[31.329,2.458],[31.323,2.434],[31.318,2.427]],[[31.318,2.427],[31.309,2.417],[31.3,2.394],[31.29,2.389]],[[31.377,2.495],[31.394,2.495],[31.397,2.499],[31.412,2.504]],[[31.349,2.484],[31.377,2.495]],[[31.436,2.536],[31.419,2.555]],[[31.441,2.53],[31.436,2.536]],[[31.446,2.52],[31.441,2.53]],[[31.447,2.519],[31.446,2.52]],[[31.46,2.491],[31.448,2.51],[31.447,2.519]],[[31.464,2.485],[31.46,2.491]],[[31.464,2.485],[31.464,2.485]],[[31.471,2.481],[31.464,2.485]],[[31.477,2.475],[31.471,2.481]],[[31.493,2.463],[31.477,2.475]],[[31.495,2.461],[31.493,2.463]],[[31.397,2.703],[31.393,2.717]],[[31.397,2.697],[31.397,2.703]],[[31.398,2.683],[31.397,2.697]],[[31.399,2.68],[31.398,2.683]],[[31.399,2.671],[31.399,2.68]],[[31.397,2.659],[31.399,2.671]],[[31.393,2.648],[31.397,2.659]],[[31.389,2.637],[31.393,2.648]],[[31.389,2.596],[31.382,2.61],[31.384,2.628],[31.389,2.637]],[[31.398,2.584],[31.389,2.596]],[[31.417,2.558],[31.398,2.584]],[[31.418,2.557],[31.417,2.558]],[[31.419,2.555],[31.418,2.557]],[[31.419,2.555],[31.419,2.555]],[[31.459,2.505],[31.46,2.514],[31.465,2.517]],[[31.46,2.491],[31.459,2.505]],[[31.419,2.555],[31.409,2.553],[31.402,2.546],[31.4,2.539]],[[31.327,2.551],[31.323,2.549],[31.297,2.564],[31.287,2.558]],[[31.417,2.558],[31.407,2.556],[31.367,2.558],[31.352,2.555],[31.343,2.55],[31.334,2.553],[31.327,2.551]],[[31.287,2.558],[31.279,2.557]],[[31.158,2.318],[31.151,2.32],[31.146,2.315],[31.14,2.314],[31.137,2.317],[31.134,2.31],[31.131,2.309],[31.127,2.315],[31.125,2.311],[31.121,2.31],[31.117,2.313],[31.113,2.326]],[[31.169,2.315],[31.158,2.318]],[[31.203,2.303],[31.169,2.315]],[[31.128,2.305],[31.129,2.308]],[[31.144,2.302],[31.128,2.305]],[[31.128,2.305],[31.131,2.299],[31.125,2.299],[31.123,2.297]],[[31.115,2.3],[31.114,2.295]],[[31.114,2.295],[31.113,2.29]],[[31.113,2.29],[31.108,2.288]],[[31.099,2.324],[31.099,2.32]],[[31.099,2.32],[31.098,2.305],[31.101,2.299]],[[31.101,2.299],[31.102,2.297]],[[31.102,2.297],[31.103,2.294]],[[31.101,2.299],[31.099,2.297]],[[31.099,2.297],[31.096,2.29]],[[31.096,2.29],[31.096,2.29]],[[31.096,2.29],[31.098,2.29]],[[31.099,2.32],[31.09,2.31],[31.086,2.309]],[[31.097,2.325],[31.088,2.323],[31.073,2.328]],[[31.055,2.38],[31.062,2.399]],[[31.071,2.36],[31.066,2.375],[31.055,2.38]],[[31.07,2.353],[31.071,2.36]],[[31.07,2.346],[31.07,2.353]],[[31.055,2.38],[31.05,2.374]],[[31.05,2.374],[31.041,2.379]],[[31.05,2.374],[31.062,2.359]],[[31.108,2.435],[31.109,2.436]],[[31.108,2.435],[31.105,2.437],[31.106,2.443]],[[31.128,2.394],[31.119,2.387],[31.119,2.38],[31.115,2.371],[31.116,2.367]],[[31.118,2.362],[31.12,2.361]],[[31.12,2.361],[31.125,2.357]],[[31.125,2.284],[31.128,2.277],[31.137,2.285],[31.134,2.289],[31.139,2.285],[31.144,2.285],[31.15,2.294]],[[31.125,2.285],[31.125,2.291],[31.127,2.292],[31.125,2.284]],[[31.123,2.286],[31.125,2.285]],[[31.125,2.284],[31.125,2.285]],[[31.029,2.389],[31.028,2.389]],[[31.03,2.387],[31.029,2.389]],[[31.029,2.389],[31.028,2.391]],[[31.03,2.387],[31.034,2.387],[31.044,2.395],[31.05,2.407],[31.057,2.415],[31.057,2.423],[31.067,2.438],[31.072,2.441]],[[31.386,2.738],[31.391,2.73]],[[31.391,2.73],[31.393,2.724]],[[31.393,2.724],[31.393,2.717]],[[31.398,2.739],[31.405,2.742],[31.41,2.747]],[[31.386,2.738],[31.398,2.739]],[[31.397,2.703],[31.388,2.7],[31.383,2.693],[31.367,2.683],[31.362,2.677],[31.326,2.667],[31.304,2.658],[31.295,2.658]],[[31.48,2.477],[31.48,2.481]],[[31.492,2.461],[31.493,2.46]],[[31.493,2.46],[31.494,2.461]],[[31.493,2.46],[31.493,2.46]],[[31.493,2.463],[31.495,2.463]],[[31.495,2.463],[31.496,2.462]],[[31.496,2.462],[31.497,2.461]],[[30.906,2.362],[30.92,2.369],[30.921,2.374]],[[30.92,2.391],[30.918,2.394]],[[31.0,2.449],[31.003,2.464],[31.011,2.482],[31.003,2.51],[31.007,2.517]],[[30.987,2.431],[30.991,2.442],[31.0,2.449]],[[31.007,2.517],[31.007,2.528]],[[30.905,2.362],[30.906,2.362]],[[30.903,2.358],[30.905,2.362]],[[30.893,2.337],[30.903,2.358]],[[30.927,2.429],[30.938,2.44],[30.939,2.445],[30.936,2.445]],[[30.903,2.42],[30.905,2.424],[30.917,2.426],[30.926,2.425],[30.927,2.429]],[[30.897,2.409],[30.902,2.412],[30.903,2.42]],[[30.877,2.397],[30.883,2.401],[30.887,2.408],[30.897,2.409]],[[30.866,2.404],[30.875,2.397]],[[30.875,2.397],[30.877,2.397]],[[30.927,2.429],[30.926,2.437],[30.93,2.441]],[[30.897,2.409],[30.899,2.404],[30.911,2.403]],[[30.874,2.409],[30.866,2.404]],[[30.875,2.397],[30.88,2.408],[30.874,2.409]],[[30.866,2.404],[30.862,2.403],[30.858,2.407]],[[30.874,2.411],[30.863,2.424],[30.865,2.429],[30.859,2.441]],[[30.874,2.409],[30.874,2.411]],[[30.86,2.455],[30.861,2.458],[30.867,2.458],[30.874,2.465]],[[30.87,2.482],[30.874,2.49]],[[30.873,2.491],[30.879,2.49],[30.89,2.495],[30.894,2.501],[30.909,2.513]],[[30.804,2.508],[30.807,2.506],[30.811,2.508],[30.814,2.505],[30.837,2.51]],[[30.837,2.51],[30.844,2.504],[30.847,2.505]],[[30.804,2.508],[30.804,2.508]],[[30.847,2.505],[30.853,2.5],[30.864,2.498],[30.865,2.493],[30.873,2.491]],[[30.931,2.571],[30.927,2.567]],[[30.927,2.567],[30.918,2.539],[30.919,2.534],[30.917,2.529],[30.91,2.526]],[[30.91,2.526],[30.906,2.52],[30.909,2.513]],[[30.956,2.459],[30.951,2.461],[30.949,2.46]],[[30.949,2.46],[30.939,2.453],[30.936,2.447]],[[30.949,2.46],[30.947,2.461]],[[30.91,2.511],[30.909,2.513]],[[30.914,2.498],[30.91,2.511]],[[30.924,2.487],[30.914,2.498]],[[30.927,2.473],[30.924,2.479],[30.924,2.487]],[[30.94,2.471],[30.927,2.473]],[[30.946,2.47],[30.94,2.471]],[[30.955,2.463],[30.946,2.47]],[[30.956,2.459],[30.955,2.463]],[[31.082,2.476],[31.085,2.478]],[[30.982,2.614],[30.986,2.613],[30.989,2.616],[30.998,2.616]],[[30.968,2.597],[30.974,2.611],[30.982,2.614]],[[30.949,2.57],[30.953,2.566],[30.96,2.573],[30.966,2.582],[30.968,2.597]],[[30.931,2.571],[30.936,2.564],[30.943,2.572],[30.949,2.57]],[[30.998,2.616],[31.001,2.614]],[[30.92,2.587],[30.917,2.584],[30.907,2.584],[30.901,2.598],[30.887,2.601]],[[30.933,2.585],[30.92,2.587]],[[30.931,2.571],[30.933,2.574],[30.933,2.585]],[[30.887,2.601],[30.886,2.601]],[[30.886,2.601],[30.891,2.594],[30.89,2.584]],[[30.89,2.584],[30.888,2.582]],[[30.888,2.582],[30.888,2.581]],[[30.888,2.582],[30.879,2.574]],[[30.879,2.574],[30.874,2.577],[30.867,2.575]],[[30.867,2.575],[30.866,2.573]],[[30.838,2.647],[30.847,2.644],[30.85,2.646],[30.854,2.645]],[[30.854,2.645],[30.867,2.638]],[[30.867,2.638],[30.871,2.636]],[[30.871,2.636],[30.875,2.634],[30.874,2.627]],[[30.874,2.627],[30.884,2.605],[30.883,2.602]],[[30.883,2.602],[30.883,2.6]],[[30.883,2.6],[30.886,2.601]],[[30.859,2.673],[30.854,2.694],[30.855,2.699],[30.851,2.701],[30.85,2.706]],[[30.837,2.647],[30.841,2.656],[30.852,2.662],[30.859,2.673]],[[30.838,2.647],[30.837,2.647]],[[30.835,2.647],[30.818,2.65],[30.809,2.647],[30.8,2.648],[30.79,2.644]],[[30.837,2.647],[30.835,2.647]],[[30.835,2.647],[30.826,2.633],[30.823,2.624],[30.817,2.619]],[[30.817,2.619],[30.817,2.617]],[[30.817,2.617],[30.817,2.606]],[[30.817,2.606],[30.815,2.602]],[[30.815,2.602],[30.813,2.596]],[[30.813,2.596],[30.816,2.593],[30.817,2.585]],[[30.817,2.585],[30.817,2.585]],[[30.817,2.585],[30.827,2.585]],[[30.827,2.585],[30.835,2.574],[30.841,2.577],[30.846,2.575],[30.859,2.577]],[[30.859,2.577],[30.867,2.575]],[[30.817,2.585],[30.81,2.585]],[[30.81,2.585],[30.803,2.582]],[[30.803,2.582],[30.801,2.577]],[[30.801,2.577],[30.794,2.574]],[[30.794,2.574],[30.795,2.563]],[[30.795,2.563],[30.798,2.557]],[[30.803,2.557],[30.808,2.555]],[[30.798,2.557],[30.803,2.557]],[[30.798,2.557],[30.798,2.557]],[[30.794,2.574],[30.778,2.586],[30.761,2.581]],[[30.761,2.581],[30.756,2.577]],[[30.751,2.582],[30.751,2.583]],[[30.752,2.58],[30.751,2.582]],[[30.755,2.575],[30.755,2.576]],[[30.754,2.57],[30.754,2.57]],[[30.757,2.565],[30.756,2.566]],[[30.758,2.56],[30.757,2.565]],[[30.757,2.554],[30.757,2.557]],[[30.759,2.55],[30.759,2.551]],[[30.759,2.547],[30.759,2.547]],[[30.759,2.545],[30.759,2.545]],[[30.757,2.54],[30.758,2.541]],[[30.757,2.537],[30.757,2.539]],[[30.761,2.498],[30.761,2.499]],[[30.757,2.495],[30.757,2.494]],[[30.756,2.577],[30.755,2.577]],[[30.866,2.573],[30.86,2.559]],[[30.86,2.559],[30.849,2.557]],[[30.849,2.557],[30.844,2.557],[30.834,2.552],[30.827,2.554],[30.824,2.551]],[[30.824,2.551],[30.825,2.538],[30.819,2.524],[30.805,2.515],[30.804,2.509]],[[30.804,2.509],[30.804,2.508]],[[30.804,2.509],[30.799,2.509]],[[30.799,2.509],[30.78,2.492]],[[30.78,2.492],[30.765,2.498],[30.759,2.493]],[[30.759,2.493],[30.759,2.495]],[[30.815,2.49],[30.808,2.498],[30.804,2.508]],[[30.815,2.455],[30.81,2.46],[30.815,2.481],[30.815,2.49]],[[31.192,2.351],[31.196,2.342]],[[31.196,2.342],[31.201,2.329],[31.203,2.304]],[[31.203,2.304],[31.204,2.295]],[[31.204,2.295],[31.204,2.295]],[[31.169,2.315],[31.157,2.297],[31.157,2.291],[31.163,2.291]],[[31.163,2.291],[31.168,2.286]],[[30.986,2.417],[30.986,2.422]],[[30.985,2.417],[30.987,2.404]],[[30.996,1.129],[30.996,1.129]],[[30.996,1.129],[30.996,1.129]],[[30.729,0.871],[30.729,0.871]],[[30.729,0.871],[30.729,0.871]],[[32.619,0.334],[32.624,0.326],[32.623,0.322]],[[32.626,0.325],[32.624,0.326]]]}}]}